cell_id,LST_Celsius,NDVI,NDBI,Elevation,lon,lat,road_length_m,distance_to_coast_m
0,25.25935639252789,0.2235680603574929,0.1872880166535758,0.0,66.90250842394018,24.74779484755205,0.0,8435.28673143774
1,25.593446319969736,0.2746737074163913,0.2202032566542557,0.0,66.90243265080301,24.75230750534918,0.0,8065.569223227442
2,25.858869876098588,0.3278958203494423,0.209120749630699,0.0,66.90235685924681,24.75682016021145,0.0,7710.561039734999
3,25.600510806945227,0.2402924576312728,0.1331005351057759,0.0,66.90228104926867,24.76133281213848,0.0,7366.646713692226
4,25.400387913186147,0.2197160240351989,0.1362149961918113,0.0,66.90220522086565,24.765845461129803,0.0,6990.616739047345
5,26.352522820423797,0.1336803972767382,0.1025499827505964,0.0,66.90212937403484,24.770358107185025,0.0,6617.387801959325
6,26.2790167801651,0.1418313271838146,0.1099617320853878,0.0,66.9020535087733,24.77487075030371,0.0,6261.862362785776
7,26.201391425278597,0.1058042031130717,0.0717209711985185,0.0,66.90197762507815,24.779383390485428,0.0,5895.288646921567
8,26.076519432125483,0.1376980183528416,0.0673145746115945,0.0,66.90190172294645,24.78389602772977,0.0,5532.6944050602015
9,25.98840949324753,0.1050569147825501,0.059294363096983,0.0,66.90182580237523,24.78840866203632,0.0,5151.045031728299
10,25.9521040213661,0.1020464549002937,0.061769466700737,0.0,66.9017498633616,24.792921293404618,0.0,4780.233845699603
11,25.979126710646963,0.1251377356654519,0.057571270710837,0.0,66.90167390590265,24.79743392183428,0.0,4409.822560818191
12,25.88670763507712,0.1044003395204788,0.0532389917004895,0.0,66.9015979299954,24.801946547324857,0.0,4031.013118623011
13,25.79676701801185,0.0947707261175639,0.0438063542787962,0.0,66.90152193563696,24.80645916987594,0.0,3632.761342870645
14,25.791085890539662,0.0865328672304046,0.0329509093770827,0.0,66.90144592282441,24.8109717894871,0.0,3230.5567863702418
15,25.953970658624986,0.0827706876091294,0.0319774005802964,0.0,66.90136989155478,24.81548440615792,0.0,2833.462328583374
16,26.22610353589768,0.0817389854924485,0.0220760209031367,0.0,66.90129384182515,24.81999701988796,0.0,2395.3699819240383
17,26.345480552889,0.0682627702242534,0.0141846395338829,0.0,66.90121777363261,24.82450963067681,0.0,1966.4274745099199
18,26.458103567684383,0.0179402003438096,-0.0048479166139675,0.0,66.90114168697423,24.82902223852405,0.0,1550.0130460159148
19,26.646069620404205,-0.0147243786391747,-0.0337236652506452,0.0,66.90106558184704,24.83353484342926,0.0,1104.9359399140703
20,27.079273347143264,-0.100435744156631,-0.0791581545143208,0.0,66.9009894582481,24.838047445392,0.0,622.6142043719274
21,30.338207536000848,-0.075377871451032,-0.0744225956528068,1.2893107717705323,66.90091331617451,24.84256004441185,75.72680788257783,168.81477128053444
22,37.04060734624486,0.3570374933189809,-0.1483015630853678,4.904951856946356,66.90083715562332,24.847072640488413,4259.236503768671,11.19001871217969
23,31.920553257077056,0.6655819961527447,-0.4154969662482502,6.13053645116919,66.90076097659158,24.85158523362124,16.491540733670018,295.99817217334726
24,31.023222629185724,0.5372035103112933,-0.3629706842337218,4.288033012379644,66.90068477907637,24.85609782380992,0.0,277.63652699576704
25,33.03319104970557,0.2703942274035591,-0.2134357475288505,1.8450742982938917,66.90060856307471,24.860610411054022,0.0,169.62706756967398
26,36.23716554338241,0.1558787166238303,-0.1054048624868524,0.0,66.9005323285837,24.86512299535312,0.0,118.87466937851912
27,38.70722002870016,0.1520916451538451,0.0380661971653638,0.2881705639614856,66.90045607560039,24.86963557670681,0.0,32.95301002913538
28,41.31169855627786,0.1216681668573949,0.0589542103156241,5.0954932673811495,66.90037980412183,24.874148155114657,730.5424562176979,420.59830458509856
29,41.660738028750536,0.1248596683778477,0.096948813277056,7.44701030927835,66.90030351414505,24.87866073057624,322.6857858733385,919.9844016432157
30,38.74459518451135,0.1291049032201394,0.1078604513741308,9.102268041237114,66.90022720566712,24.883173303091137,585.9002979944455,1419.8026850200713
31,34.34016421469985,0.134422781598697,0.0521714713861197,9.86646517378761,66.90015087868515,24.887685872658924,7995.232303632633,1919.715611541001
32,34.96914352180659,0.149564633383269,0.0405855749981539,10.936529743096582,66.90007453319609,24.89219843927918,7077.915175962953,2419.664520893768
33,39.4140029484216,0.1317511266851237,0.0956647935990741,13.09212154544205,66.89999816919709,24.896711002951488,424.86691463638334,2919.630928359358
34,40.44517059680333,0.155069651311786,0.0951168251523765,17.46409903713893,66.89992178668513,24.90122356367541,0.0,3419.6071589661256
35,44.78137455177233,0.1887912815811717,0.103398145296267,20.767771208579685,66.8998453856573,24.905736121450552,0.0,3919.589453651784
36,43.62248051428514,0.1671054042514958,0.1053532064823328,22.449546329392348,66.89976896611064,24.910248676276467,0.0,4419.575754341715
37,40.42757771396344,0.1621167939731942,0.1077829304060507,25.60613142700027,66.89969252804217,24.91476122815273,0.0,4919.5648396189345
38,40.99286866652372,0.1737564945124434,0.1044221211756105,28.649759450171818,66.89961607144896,24.91927377707896,0.0,5419.55593880017
39,41.620526139299,0.1827841434891239,0.1052286637283668,32.10611683848798,66.89953959632808,24.92378632305468,0.0,5919.548541569017
40,42.57745717774971,0.1587047817733527,0.1335484586741057,35.63374089847507,66.89946310267655,24.9282988660795,0.0,6419.542296604367
41,42.84482289087914,0.174446098023789,0.1348732966580774,38.20728021978023,66.89938659049139,24.932811406153,0.0,6919.5369541227765
42,42.40090369584973,0.1744343692835802,0.139281609276074,42.66520126390988,66.89931005976968,24.937323943274745,0.0,7419.532331671576
43,39.88743296653986,0.1594280059294074,0.1335768756427941,49.59134615384615,66.89923351050845,24.941836477444312,0.0,7919.528292874429
44,37.85670277305635,0.1501089396116138,0.1426677524449374,61.84340659340661,66.89915694270474,24.946349008661304,0.0,8419.524733752625
45,37.14548731227408,0.1474738382287066,0.1210633942129456,72.15531710001378,66.89908035635558,24.950861536925267,0.0,8919.5215736348
46,38.07795105224517,0.1662585872564278,0.1359768687423661,90.21309671206492,66.89900375145803,24.9553740622358,0.0,9419.518748986657
47,39.54022464856122,0.1440723260531848,0.1448117306433661,98.81966987620358,66.8989271280091,24.959886584592475,0.0,9919.516209076763
48,39.9017756045031,0.1279135362919184,0.13813644606704,99.19532646048108,66.89885048600587,24.964399103994875,0.0,10419.513912916816
49,40.4832974042663,0.1280844611783891,0.1257845982164429,75.02404506732618,66.89877382544533,24.968911620442565,0.0,10919.51182702027
50,41.04626028853414,0.1337277008074452,0.1091338328938245,56.967303200989136,66.89869714632455,24.97342413393514,0.0,11419.509923771288
51,41.97289913510991,0.1275651120780795,0.1371309187931667,56.11332417582418,66.89862044864053,24.977936644472177,0.0,11919.508180183146
52,41.53325474500414,0.1315039883993771,0.129342329002569,36.89758374519495,66.89854373239034,24.982449152053253,0.0,12419.506576973776
53,41.4388066029819,0.129900551875675,0.1061918695913804,30.008374519494783,66.89846699757099,24.98696165667793,790.7874593154684,12919.505097842079
54,40.19825804113722,0.1528589101915461,0.050662318893221,26.279357231149568,66.89839024417954,24.991474158345817,1608.8362009461048,13419.503728922507
55,40.87330166963757,0.155095610417344,0.0651638520389418,24.978995057660622,66.89831347221295,24.99598665705647,164.47572040757183,13919.502458335759
56,42.08032097754535,0.1519655865154255,0.0876561596953484,26.62348901098901,66.89823668166834,25.00049915280948,0.0,14419.501275853094
57,38.34644030184769,0.1596519625733871,0.0887915411893557,26.215837228485015,66.89815987254268,25.00501164560442,0.0,14919.500172618395
58,34.30101324218069,0.1355424697249618,0.0650011484452755,25.66492506531005,66.89808304483302,25.00952413544088,119.26729904526935,15419.499140920756
59,32.96640731607591,0.1173303816919155,0.07975869038984,21.73174755946652,66.89800619853634,25.01403662231841,275.12028139778886,15919.498174018232
60,39.04848911023926,0.1338055981503146,0.1142744418944693,21.61226454007975,66.89792933364973,25.01854910623663,0.0,16419.49726599552
61,41.77002151530659,0.1486133289167572,0.0902952770367534,24.15122353588122,66.89785245017022,25.02306158719509,0.0,16919.49641162958
62,40.23832774802172,0.1615900336624402,0.0525122311003985,27.394284929248524,66.89777554809476,25.027574065193388,0.0,17419.49560630132
63,40.34322974552417,0.1732678804922451,0.0435471985785497,27.328759604829862,66.89769862742044,25.032086540231084,147.4888589819037,17919.494845905498
64,40.71413251829996,0.198635225809374,0.0412177320470068,28.66602634467618,66.89762168814424,25.036599012307764,0.0,18419.494126781618
65,40.21039505109482,0.2213067540365313,0.0344559067282061,30.848401701193577,66.89754473026319,25.041111481423023,0.0,18706.44375597496
66,41.63304392881484,0.2812825704531554,-0.0046387386954839,33.08271604938271,66.89746775377434,25.045623947576416,0.0,18616.44318273493
67,42.20853183020991,0.2406071322748973,0.0153021439017193,34.90836762688615,66.89739075867469,25.050136410767543,0.0,18375.975101270247
68,25.766636663805727,0.3509639145871279,0.2292663299420042,0.0,66.90744998328564,24.747863954342897,0.0,8095.554947414709
69,26.320337251687995,0.4926050933752723,0.26165012614299,0.0,66.90737438834728,24.752376626401773,0.0,7729.911955722248
70,26.48945148570171,0.5905200932884875,0.2601157461450677,0.0,66.90729877503315,24.75688929552681,0.0,7358.728388519172
71,25.83454873256507,0.3860876531363919,0.1758087016787857,0.0,66.9072231433404,24.76140196171759,0.0,7003.58680594591
72,25.393575669885763,0.2394961176563719,0.1296364568597149,0.0,66.90714749326604,24.76591462497368,0.0,6660.122045631851
73,26.32958073115916,0.1847303686828208,0.1358085809740573,0.0,66.90707182480722,24.77042728529465,0.0,6286.117497790797
74,26.2757685665479,0.2042726129932822,0.1092973469764817,0.0,66.90699613796096,24.7749399426801,0.0,5910.699799936062
75,26.128813168481777,0.1707377589771421,0.095453619385399,0.0,66.9069204327244,24.779452597129584,0.0,5554.950139611452
76,26.056007379286918,0.1842114721167675,0.0843783278171893,0.0,66.9068447090946,24.78396524864269,0.0,5188.419201779176
77,26.031687630568577,0.1869710498978099,0.0940602531621352,0.0,66.90676896706864,24.788477897219,0.0,4825.824959918898
78,26.052504043541965,0.168672206031893,0.0838470894410075,0.0,66.90669320664362,24.792990542858075,0.0,4445.480292211519
79,25.93343774815932,0.1426844464778059,0.0812351907090067,0.0,66.90661742781658,24.797503185559503,0.0,4073.972177674715
80,25.890501147913007,0.175733113890817,0.0808378573923663,0.0,66.90654163058464,24.80201582532285,0.0,3703.5608927945405
81,25.798774860462263,0.1769381636404084,0.0772206784252017,0.0,66.90646581494484,24.80652846214771,0.0,3326.2312296964255
82,25.83537914212106,0.1862604644805572,0.0832987001636776,0.0,66.90638998089429,24.81104109603365,0.0,2934.1625206535014
83,26.071839858946145,0.2032269496337847,0.0907694539170805,0.0,66.90631412843004,24.81555372698025,0.0,2529.8887316048726
84,26.2463224747386,0.1744214765254789,0.1037178707663032,0.0,66.90623825754918,24.820066354987087,0.0,2132.883660983404
85,26.36523876455197,0.1092923270595362,0.093016342050447,0.0,66.90616236824879,24.82457898005374,0.0,1720.4222883592308
86,26.499460496524996,0.0093053699391231,0.0468418330378785,0.0,66.90608646052593,24.82909160217978,0.0,1279.0501755615117
87,26.749988807684723,-0.0187941809288029,0.0194953039859149,0.0,66.90601053437766,24.833604221364784,0.0,857.1973853442639
88,27.27089351071451,-0.0534089904494865,-0.0426778325081381,0.0,66.90593458980106,24.838116837608336,0.0,444.0324113631989
89,32.659505811238155,0.0916312705390516,-0.1072706632223399,1.5190535149263995,66.9058586267932,24.84262945091001,1191.4055550257915,7.930730863774101
90,38.83956534002612,0.2458588142114766,-0.042035854773267,4.522958482265604,66.9057826453512,24.847142061269377,3837.562366844647,38.494307144895956
91,37.58860148578734,0.2599952375141542,-0.0669924871052888,4.66199505358615,66.90570664547205,24.851654668686027,6793.019729462032,30.60004881999268
92,31.122187896245556,0.2943055289627052,-0.1947525082224633,1.913115204839153,66.90563062715287,24.85616727315953,47.22264815607572,277.65667950691545
93,31.397823125253637,0.2940621811602836,-0.1923009285715159,2.0582817869415813,66.9055545903907,24.86067987468948,0.0,60.47024068012029
94,35.26255457589862,0.0976574759553676,0.0009219443072012,1.263671338279747,66.9054785351826,24.865192473275428,0.0,225.2146344569034
95,39.11122176500416,0.1016463395711085,0.0676415545480778,0.1173314993122421,66.90540246152564,24.869705068916964,0.0,437.3575522207166
96,40.78059601794472,0.1396685920460525,0.0543098293405547,4.392488650433349,66.90532636941688,24.874217661613667,1956.7595540746563,626.7836071799434
97,39.74930491356616,0.1590585960989954,0.0764614347906052,5.979791036568602,66.90525025885344,24.87873025136512,3037.204948807816,1046.1518779102453
98,36.776859382608,0.152326059569226,0.0623295707546609,7.4240715268225586,66.9051741298323,24.88324283817089,5221.528755650923,1514.510084776633
99,33.95187525568917,0.1318519722939583,0.0344134040268699,8.985969738651999,66.90509798235055,24.88775542203056,12566.819668176664,1991.5113625979695
100,37.94371376347679,0.1795041737763209,0.0541519222222765,12.374484465218584,66.90502181640528,24.892268002943723,6837.502330118997,2477.011479953849
101,41.10935079456083,0.1624858033326282,0.0991076736732338,13.624329896907213,66.90494563199348,24.89678058090993,584.2446276172731,2967.331163851146
102,40.27899440160436,0.1726042252747547,0.0962225384227808,16.423975804234257,66.9048694291123,24.90129315592877,8.646369066103015,3460.4223152353325
103,42.542042236220645,0.1836523492490954,0.0990389434421852,20.367358153592523,66.9047932077587,24.90580572799981,0.0,3955.2485336909886
104,43.126112299851606,0.14669920057966,0.0961500204946271,22.823028304479248,66.9047169679298,24.910318297122668,0.0,4451.23121466877
105,39.9709217967299,0.1885598628047369,0.0995443688469689,26.149553264604805,66.90464070962261,24.914830863296874,0.0,4948.022603958052
106,39.1777705930817,0.1682681025313422,0.0908131745949386,29.13242574257426,66.90456443283426,24.919343426522047,0.0,5445.401367376401
107,41.11375116558811,0.1820916727483228,0.0912859016473332,31.836978951712744,66.90448813756171,24.92385598679773,0.0,5943.220037489134
108,42.815149499781285,0.1705112874635057,0.1315934840209347,36.01499518503233,66.90441182380208,24.92836854412353,0.0,6441.3766211813945
109,42.79535775802725,0.1581263090386701,0.1368154939042741,38.712202503783175,66.90433549155239,24.932881098499006,0.0,6939.798349913579
110,42.65851781730824,0.152959260033264,0.1370060274496741,43.43084960131977,66.90425914080967,24.93739364992373,0.0,7438.431924718611
111,41.03156977520496,0.1617673355441463,0.1305051440398988,51.76657496561212,66.90418277157102,24.94190619839732,0.0,7937.237419883266
112,39.07459165611227,0.1428323025710898,0.1499366845264493,61.1379832163984,66.90410638383345,24.94641874391932,0.0,8436.184340102747
113,37.838707594919605,0.1557792823606752,0.121267599810703,71.82501718213057,66.90402997759404,24.95093128648932,0.0,8935.248993757874
114,40.2568847258314,0.1706299457029683,0.1380707037220636,83.83482081559795,66.90395355284977,24.955443826106897,0.0,9434.412697163756
115,40.38207727603324,0.1265043846462569,0.1161927703270301,86.76397089111629,66.90387710959777,24.95995636277162,0.0,9933.660518661047
116,36.24451523217996,0.1300647513358463,0.1047692288217085,87.66799450549443,66.90380064783503,24.96446889648309,1218.748106881702,10432.980382388672
117,40.185052832465686,0.1657600814557423,0.068242787085801,63.095604395604376,66.90372416755861,24.96898142724087,701.6466128398547,10932.362417075597
118,36.12486166210159,0.1262968579827758,0.107213600692881,53.86204529855869,66.90364766876554,24.97349395504454,0.0,11431.79847517106
119,40.71174764757832,0.1284624601425301,0.133739636716456,62.14574175824176,66.90357115145287,24.97800647989369,0.0,11931.28177251955
120,41.62093726443607,0.1206655319137103,0.1302939821723399,46.02445390850391,66.90349461561763,24.98251900178788,0.0,12430.806614748199
121,40.6305581696264,0.1723406449858535,0.0687338276820885,30.89217032967034,66.9034180612569,24.98703152072671,4981.707384724514,12930.368186983213
122,41.681346830020665,0.1641306538148786,0.0787979068776034,27.28361084353929,66.90334148836767,24.99154403670974,3101.446533507996,13429.9623904277
123,40.93410213645405,0.1707569147692851,0.0842577867938881,26.652688024199097,66.903264896947,24.99605654973657,1792.4192896490135,13929.585714060082
124,40.87675172731752,0.1906914704068447,0.1146275099444821,25.214079472019804,66.9031882869919,25.00056905980676,0.0,14429.235132952856
125,43.26655530342269,0.1963984686281245,0.1070542219330566,26.146941580756007,66.90311165849945,25.005081566919905,0.0,14928.908026994308
126,37.442334069503104,0.1721117094556719,0.0758265237559386,25.86231983527797,66.90303501146666,25.00959407107557,1718.700899482047,15428.602115372876
127,34.36096092724878,0.1506258442373182,0.0588182339833751,22.815074135090608,66.90295834589055,25.014106572273352,1330.889536666013,15928.315403402577
128,39.39496955436749,0.1232643394237404,0.1162849198797338,22.461855104281007,66.90288166176819,25.018619070512813,0.0,16428.046139017584
129,40.69089274356704,0.1267506405335013,0.1056406872629221,24.925092605295653,66.90280495909658,25.023131565793538,539.7702218545392,16927.792776991613
130,40.13213714083244,0.1653259366805594,0.0469374037237408,27.267994505494507,66.90272823787275,25.027644058115115,5892.516027027973,17427.553949293128
131,39.90828852263877,0.1822370854872008,0.0597378098035109,27.08461538461539,66.90265149809373,25.032156547477115,4342.182049141943,17927.32844040072
132,39.89645832347121,0.201628106700714,0.0446487228816768,26.94244505494507,66.9025747397566,25.036669033879125,731.3645071015482,18427.115166626823
133,40.84860577873904,0.262400209535147,0.0196820605097115,27.91098901098901,66.90249796285829,25.04118151732071,1317.6772153233394,18926.913158724776
134,41.558375238298105,0.3002946471937174,-0.0098197502520818,30.03695054945056,66.9024211673959,25.045693997801465,1051.7074745036412,19053.53328388084
135,42.1873525137315,0.2760966043106198,0.035174022513103,34.05216913783635,66.90234435336646,25.05020647532097,0.0,18818.651246738908
136,25.882954818875916,0.5310806991623449,0.2473307695065703,0.0,66.91239156100394,24.74793289838107,0.0,7751.8493886213555
137,26.02547955865337,0.6026490183609362,0.2757913080849991,0.0,66.9123161442673,24.752445584668138,0.0,7388.465807037734
138,26.16564498884301,0.3948781353143033,0.2771976369120783,0.0,66.91224070919817,24.75695826802236,0.0,7024.885439930887
139,26.172686281241237,0.2033504771606769,0.269935861487119,0.0,66.9121652557937,24.76147094844332,0.0,6651.944083993035
140,25.99102688535244,0.2335911915752849,0.2261891725548956,0.0,66.91208978405093,24.765983625930588,0.0,6296.642339269139
141,26.158435616417083,0.2116825091543203,0.1932105777514947,0.0,66.91201429396699,24.77049630048373,0.0,5953.73559375583
142,26.17137402405013,0.2879193276539902,0.1502245493620523,0.0,66.91193878553894,24.77500897210236,0.0,5582.277671266379
143,26.11210182439952,0.2354202634364853,0.1211323449953841,0.0,66.91186325876389,24.77952164078601,0.0,5204.125568019554
144,26.122378667822023,0.2331509430716267,0.1120781366041862,0.0,66.91178771363893,24.784034306534306,0.0,4848.094662437976
145,26.10190633367683,0.2767504649467534,0.1133454190302056,0.0,66.91171215016114,24.78854696934678,0.0,4481.5497566384865
146,26.099675139727093,0.2833792851368852,0.1157545191871412,0.0,66.91163656832762,24.79305962922303,0.0,4118.955514778619
147,26.036468942004987,0.2642874927624717,0.1215770603284169,0.0,66.91156096813543,24.79757228616264,0.0,3740.4979798530135
148,25.91297350996283,0.2817675262355574,0.131189738685127,0.0,66.9114853495817,24.80208494016517,0.0,3367.7105096512996
149,25.818916103023565,0.3144867338425899,0.1522544640024327,0.0,66.91140971266346,24.8065975912302,0.0,2997.2992247709885
150,25.90622643967925,0.2740187159170968,0.1756007918200363,0.0,66.91133405737784,24.811110239357323,0.0,2621.4493407691307
151,26.084484508220164,0.2641299657792126,0.201852667577296,0.0,66.9112583837219,24.81562288454609,0.0,2236.7163789793362
152,26.23933453318934,0.1794127228003718,0.2375155199536501,0.0,66.91118269169273,24.82013552679612,0.0,1832.6755590682048
153,26.420065716102407,0.059475687551408,0.219100607442415,0.0,66.91110698128739,24.82464816610694,0.0,1431.9560952771617
154,26.56283112001101,0.0889768182057899,0.0870096756585002,0.0,66.911031252503,24.82916080247817,0.0,1033.0756304369622
155,26.88841233486385,-0.037898697026622,0.030324554620535,0.0,66.91095550533657,24.833673435909365,0.0,604.683661547872
156,29.345001137812957,-0.0414816591408558,-0.0697097385898392,0.313617606602476,66.91087973978527,24.838186066400105,486.6891092884125,164.46558249014174
157,32.757481428211754,0.4384250839684129,-0.2725006268225542,3.709801762114538,66.91080395584612,24.84269869394997,662.1759951649287,21.10279452275332
158,33.10760214731693,0.5393241227469922,-0.3294628829149156,5.355313876651985,66.91072815351619,24.847211318558543,48.59319425547703,247.21902724747463
159,39.03813271824919,0.2149486840051825,-0.0300291887493813,6.041569167240195,66.91065233279258,24.8517239402254,12755.776945618294,95.01492833177616
160,36.68896694217238,0.2610787874295632,-0.0870265396184064,4.255093612334802,66.91057649367235,24.856236558950105,12566.46467780801,66.25943544551363
161,30.36806899870736,0.4230084832962397,-0.2723948592928792,1.8264041850220272,66.91050063615256,24.860749174732256,0.0,242.41985919928263
162,37.47342056052033,0.1061367014018135,0.0390861077467839,2.6060564349621487,66.91042476023033,24.86526178757142,0.0,252.98078597636166
163,39.78675580176643,0.10490586974904,0.0597758903140311,1.6009079653322331,66.91034886590269,24.86977439746717,1944.2410773444788,749.473389389389
164,39.076800243351705,0.1450890515422852,0.0288607832953023,7.575574198872233,66.91027295316671,24.874287004419102,7817.783666981039,1038.039615132945
165,38.04289022937554,0.1222364784392049,0.048595877755745,8.110041265474557,66.91019702201949,24.87879960842678,12664.992900544408,1333.829938182935
166,34.76657735890722,0.136322806105517,0.0568620337584534,7.72549828178694,66.91012107245807,24.8833122094898,7665.374072689351,1726.4641221530228
167,34.36220860563119,0.1395547475692003,0.0603333230474183,9.832370737073706,66.91004510447952,24.887824807607704,9039.777437447574,2163.8517569002256
168,40.39170518525434,0.1854142197693399,0.0602000419841641,12.394693428649983,66.90996911808092,24.892337402780107,1789.096783886772,2623.7054877175283
169,41.27570442447992,0.1764022549711215,0.0901864693813007,14.741882223445238,66.90989311325932,24.89684999500657,0.0,3095.648712254354
170,40.12318751916725,0.2002690674701603,0.1004148513295077,16.06565726083964,66.90981709001181,24.90136258428668,0.0,3571.460776427244
171,39.80636415821296,0.1779678523265636,0.0841782206126234,19.814279818406938,66.9097410483354,24.905875170619986,0.0,4052.752205725292
172,44.084183350974016,0.1852744691611815,0.0976055581541141,21.680286146650158,66.90966498822723,24.910387754006106,0.0,4538.090876587425
173,43.473392919815694,0.1943855974778503,0.100760501836519,24.927097661623108,66.90958890968429,24.914900334444603,0.0,5026.304523901914
174,40.57760830451884,0.1876254208315169,0.1103290327603508,28.48336541105306,66.90951281270368,24.91941291193505,0.0,5516.629906881316
175,43.126100979747065,0.1822293509994857,0.1191769249610261,31.739895518284303,66.90943669728246,24.923925486477053,0.0,6008.550065672844
176,41.94295624699177,0.1834659410699079,0.10322118276934,36.013186813186806,66.90936056341766,24.92843805807015,0.0,6501.703027172873
177,41.33935643396951,0.2055779397415041,0.083577384466629,40.92017037647704,66.90928441110638,24.932950626713943,0.0,6995.82808644465
178,41.74381952089847,0.172141048692488,0.1217353920601561,44.39057562852038,66.90920824034562,24.937463192408007,0.0,7490.7328731111165
179,39.4378454486578,0.1461650146831784,0.1104121561981074,51.39455969226541,66.90913205113252,24.94197575515193,0.0,7986.272430690759
180,36.545911830557465,0.1297114273477986,0.1019313809647757,59.6056570094741,66.90905584346403,24.94648831494527,0.0,8482.335509620842
181,35.752175809026674,0.1232299795928115,0.1047499074969894,64.20346439373108,66.90897961733727,24.951000871787617,0.0,8978.83533973072
182,39.99870783358951,0.1576349388629584,0.1362164238763623,76.92493813582624,66.90890337274931,24.95551342567856,0.0,9475.703267723607
183,39.181838410283234,0.1183588518719436,0.1030755719040913,74.40596645587026,66.90882710969714,24.960025976617665,2125.3986927240485,9972.884275751727
184,34.66669290574199,0.1009580695933204,0.0529021290154768,62.67078867820832,66.90875082817784,24.96453852460451,11747.481837933625,10470.333764345683
185,38.70541668818559,0.1562011911574579,0.0565233402821103,53.83230240549829,66.9086745281885,24.96905106963869,5423.801256715046,10968.015203115945
186,33.26375152253508,0.0981454559973506,0.0355405766460306,47.766565850976086,66.90859820972611,24.973563611719776,0.0,11465.898388456968
187,40.569047513018965,0.1347989266634906,0.0801455008406974,47.45875721748693,66.90852187278774,24.978076150847343,2775.881414805696,11963.958133190124
188,40.36518822476717,0.1361524411635922,0.0845882538383445,53.27242753125429,66.90844551737044,24.982588687020964,6860.223786456212,12462.17326836237
189,39.64860448748594,0.1569282869677496,0.0802919835920667,38.22709163346614,66.90836914347126,24.987101220240245,11151.99163381239,12960.525873912993
190,41.30282554677482,0.1884196887711721,0.0776451954767749,31.54151773439647,66.90829275108726,24.991613750504737,10971.782553642117,13459.000679312541
191,41.03228300530067,0.1425772383505898,0.0956614085912073,32.65060406370126,66.90821634021543,24.996126277814028,4354.580073424479,13957.584591996341
192,41.05627859436164,0.2111948070225709,0.0624163599146863,27.341570565623293,66.90813991085287,25.0006388021677,1751.1605439873174,14456.266322927688
193,45.31823292092447,0.1957866431771746,0.1031112821233557,27.461675824175828,66.90806346299658,25.00515132356534,2221.927516146299,14955.036086742857
194,42.44268909600361,0.1761501233264492,0.0880434277896834,28.67784036268719,66.90798699664363,25.00966384200652,4620.909998499561,15453.885359735656
195,36.68838879344643,0.159142281360855,0.0660433015734745,22.402609890109904,66.90791051179104,25.01417635749081,1840.025223583,15952.806683073959
196,35.37761193813439,0.1176869093158959,0.0779816537286021,22.48440719879105,66.90783400843587,25.01868887001781,0.0,16451.79350171099
197,39.58486190145057,0.1402091215840308,0.1007465842761992,25.63763736263737,66.90775748657515,25.023201379587096,2092.681494069393,16950.84003163405
198,40.63763127832811,0.1745956869424508,0.0768477444629058,26.515867564225868,66.90768094620591,25.027713886198235,3521.004526152794,17449.941149837217
199,41.385514510897,0.2049757180742345,0.0514940305550204,25.680219780219783,66.90760438732521,25.03222638985082,2996.7186221312627,17949.092302599216
200,40.51513673521956,0.2574515238442022,0.0330882725780574,25.760839736553244,66.90752780993007,25.036738890544417,551.0801327486672,18448.28942859749
201,40.48599888051175,0.2660917686617194,0.0231575764385366,28.78872273288517,66.9074512140175,25.04125138827863,1631.0323546311013,18947.5288941623
202,41.45603402091834,0.3438921424557696,-0.0202856072263533,29.460535346602605,66.90737459958456,25.04576388305301,0.0,19446.807438460266
203,40.79575924903588,0.3659688907979627,-0.0329787353065252,33.66254635352287,66.90729796662829,25.05027637486716,0.0,19264.132697062007
204,26.06104773185472,0.536914206800935,0.3090517281461035,0.0,66.9173331570518,24.74800167966421,0.0,7425.899042282455
205,26.12304402128097,0.6103127840137246,0.3041937697841884,0.0,66.91725791851975,24.75251438014588,0.0,7045.73798183575
206,25.74950052950579,0.5499046910109211,0.3223465173934087,0.0,66.91718266169855,24.75702707769571,0.0,6681.376666661068
207,25.885122142457337,0.5783951722234226,0.3103760386959715,0.0,66.91710738658526,24.761539772313263,0.0,6319.478896135094
208,26.054762960557877,0.3372787600855392,0.247133614659206,0.0,66.917032093177,24.766052463998136,0.0,5945.236471030547
209,26.14869887746593,0.2742619843414832,0.1700965757739502,0.0,66.91695678147084,24.770565152749885,0.0,5589.738933818616
210,26.16690523864823,0.2822530059836945,0.1425718099276408,0.0,66.91688145146391,24.7750778385681,0.0,5247.543175362636
211,26.235630717708755,0.3020469242111564,0.1464401065902459,0.0,66.91680610315329,24.779590521452345,0.0,4879.382625034754
212,26.236257056452214,0.3498615185439857,0.1445456127435551,0.0,66.91673073653607,24.784103201402218,0.0,4497.718725058744
213,26.161787428445788,0.3521142865914465,0.1680359494257843,0.0,66.91665535160936,24.788615878417275,0.0,4141.324988172953
214,26.11751169096989,0.4445251565068177,0.1622770524360309,0.0,66.91657994837027,24.793128552497105,0.0,3774.6880932506288
215,25.998225078717475,0.3368241056202921,0.159298416373034,0.0,66.91650452681586,24.79764122364129,0.0,3412.086069637951
216,25.8590288315351,0.3638263309269589,0.1777496826540292,0.0,66.91642908694324,24.8021538918494,0.0,3036.503786498744
217,25.93490624127529,0.3770141586826401,0.198152418989793,0.0,66.9163536287495,24.80666655712102,0.0,2661.44884162494
218,25.98943144370138,0.3455985620405088,0.2123013472977368,0.0,66.91627815223173,24.8111792194557,0.0,2291.037556746894
219,26.104971080437785,0.347428299706941,0.216794728097457,0.0,66.91620265738699,24.81569187885306,0.0,1916.6674518428151
220,26.27543865068512,0.246302668707655,0.2303899094351748,0.0,66.91612714421241,24.82020453531264,0.0,1535.006873983995
221,26.47663751741641,0.0923452768395115,0.1341263982939792,0.0,66.91605161270509,24.824717188834047,0.0,1132.7856124507884
222,26.67951924153943,-0.0555825917932074,0.054442236730296,0.0,66.91597606286204,24.829229839416843,0.0,730.6752859251833
223,27.42439777086169,-0.0970111837047103,-0.0607530967004778,0.0148657949070887,66.91590049468044,24.83374248706062,0.0,333.6356306633063
224,31.65305040805781,0.1102718513596253,-0.1152144995391351,2.485969738651995,66.9158249081573,24.83825513176492,1219.590217357683,19.12707590263035
225,33.46781600092101,0.3242815562460566,-0.1813933493666323,3.3467786343612334,66.91574930328976,24.842767773529367,0.0,0.0
226,31.761192221878204,0.4134840512879886,-0.2912862675526256,3.610064622576655,66.91567368007485,24.84728041235352,0.0,200.8993417359249
227,35.55165071597198,0.2452414916434955,-0.1017458660112973,3.598157822381085,66.91559803850969,24.85179304823694,4221.657538403721,43.09859957981194
228,35.23583558276742,0.1790255348302068,-0.0454001718838249,2.933874072037394,66.91552237859136,24.85630568117924,2915.021226172382,1.9259000892953317
229,28.29005923774816,0.1742610862662084,-0.0921401298478344,1.4536706076436627,66.91544670031692,24.860818311179965,1007.1657349975636,84.65912723804789
230,36.311298847486974,0.1226498932016677,0.0031503702341882,1.223123453395656,66.91537100368345,24.865330938238703,1422.5377613561122,203.57287806565643
231,38.946651859546094,0.1104358470003635,0.0454185316458416,4.7035763411279214,66.91529528868807,24.86984356235505,8081.75315464708,691.8030078615234
232,37.80378279665203,0.1228705816045822,0.0409786875287392,7.609239653512993,66.9152195553278,24.87435618352856,10335.623700541417,1189.8491023495699
233,39.66253499161349,0.1426388607427395,0.0774023383933122,6.753645116918845,66.91514380359975,24.87886880175884,3738.998866044391,1689.050138606251
234,33.898960944083605,0.0970982190218987,0.0280274900295901,10.055685411797054,66.91506803350094,24.883381417045435,18.865448834072872,2040.918155401995
235,35.90662772937552,0.1634779934950138,0.0454647725378457,11.300962861072898,66.91499224502854,24.88789402938795,2870.5203157307856,2422.1731931879654
236,41.66422399004402,0.2219308631108133,0.0780106424072402,13.005088708568286,66.91491643817956,24.892406638785943,263.48157830491533,2840.5103481966585
237,40.56738126351116,0.1990170275750235,0.0857720255770327,14.591421501237278,66.91484061295108,24.89691924523901,0.0,3281.779258010907
238,38.7257403995464,0.1648905927547988,0.0914077155819888,16.967972508591064,66.91476476934018,24.90143184874672,0.0,3737.8671937465942
239,40.585493677470815,0.2324944276584602,0.0452434500518991,18.645693089710115,66.91468890734394,24.905944449308663,0.0,4203.953760158395
240,43.786419632760015,0.2356891415860694,0.0792771024504328,21.9116636900673,66.91461302695939,24.910457046924403,112.87692613755831,4676.787339730438
241,42.30300865287423,0.2401369070216936,0.0926396654333231,24.070652920962196,66.91453712818362,24.91496964159353,2134.0105755813,5152.140006285182
242,42.78922908498559,0.1835640875650211,0.1093908228763279,27.737326555845573,66.91446121101373,24.91948223331561,3166.94826734888,5631.519777719405
243,42.74561663708867,0.1684318391567352,0.1274651392374269,31.57003436426116,66.91438527544675,24.92399482209024,0.0,6114.203412466624
244,39.91686143221477,0.1788290029825556,0.105235743829301,35.509210888094586,66.91430932147975,24.92850740791697,0.0,6599.466018615156
245,39.62929806220376,0.2275386650772012,0.062255264138047,41.40362936486115,66.9142333491098,24.93301999079541,0.0,7086.7778356851
246,41.34190418348868,0.1839100440483233,0.1168518928081181,43.991202749140896,66.91415735833397,24.937532570725143,0.0,7575.743425802361
247,33.52355698954224,0.1268021819711363,0.0736495473427278,49.23439648061589,66.91408134914931,24.94204514770572,0.0,8066.062038842239
248,27.069844920503115,0.0660821826663793,0.0002366113863657,56.48082474226805,66.91400532155289,24.94655772173674,0.0,8557.501105756055
249,32.937243211968664,0.1255924685299238,0.0866591314597664,66.04385482540553,66.91392927554178,24.951070292817764,0.0,9049.878095048984
250,40.68563035100374,0.1568328887548974,0.1300488998209162,75.7779761087464,66.913853211113,24.955582860948383,0.0,9543.04783049609
251,39.81754760457733,0.1172288801698018,0.0959548924867684,70.13374570446736,66.91377712826365,24.96009542612819,1969.5383096882888,10036.893456380045
252,35.00204933755877,0.1087072122524316,0.0396203035270645,58.31601374570446,66.91370102699076,24.964607988356736,2139.798026147261,10531.319889451981
253,34.996511876158294,0.1429625346621846,0.0445677425450376,51.68494091783456,66.91362490729142,24.969120547633626,3596.819482343792,11026.248998318046
254,32.27527038225737,0.1119881037930013,0.0148159616434777,47.25323068463018,66.91354876916266,24.973633103958424,3497.7390610897414,11521.616003474383
255,40.52958353129198,0.1570705704107795,0.0378721318116133,42.778343423225095,66.91347261260157,24.978145657330725,3366.690520589631,12017.366753571077
256,38.37951512096033,0.1402089102360193,0.0715869256162925,47.00013738150846,66.91339643760514,24.98265820775009,5429.671484430659,12513.455639742173
257,39.865999058752585,0.1540230848903586,0.1007130959675578,44.82607501030363,66.91332024417048,24.98717075521612,10630.398014218244,13009.843980827005
258,42.33264699729486,0.1657032286016612,0.1249730127471177,34.24,66.91324403229463,24.99168329972836,5288.172574823701,13506.498760329056
259,44.12087446282871,0.1534236896212442,0.1167994949673552,33.156202775106486,66.91316780197464,24.996195841286426,1859.2677509037208,14003.39162916557
260,42.991356413131896,0.1469628290829774,0.111499790480743,35.9309065934066,66.91309155320752,25.000708379889883,4070.649684757052,14500.498111321536
261,44.86809312589644,0.1775716826659875,0.0833677181902205,31.436323670833907,66.91301528599035,25.00522091553831,7899.292484685789,14997.796965981353
262,41.20987324080853,0.1970099497754154,0.085147893048572,29.757584076870284,66.91293900032021,25.00973344823129,0.0,15495.2696713807
263,38.90020316884681,0.1321585124226128,0.1093242165237633,23.06878088962109,66.91286269619411,25.0142459779684,0.0,15992.900004205896
264,38.79867267206591,0.1865503803600657,0.0864186046074928,23.84845573095401,66.91278637360911,25.018758504749226,96.88828845575136,16490.673694543486
265,41.951956798624416,0.1995384830858356,0.08013110612247,27.355161998901707,66.91271003256226,25.02327102857334,4204.463740653057,16988.57814106161
266,41.78305845605573,0.2204566330217916,0.0663158999804752,26.76718342708191,66.91263367305056,25.02778354944034,3024.707722162448,17486.60217451343
267,37.1612358281897,0.2202763306389675,0.0371443104792846,25.29965635738832,66.91255729507114,25.03229606734978,1811.125855627975,17984.735860282137
268,39.3779354429214,0.3196072653002349,0.0104452369451621,28.16648336541107,66.91248089862094,25.03680858230126,2401.235922528248,18482.970332665587
269,39.36389013660209,0.3364051592661337,-0.0168058336414349,29.1298969072165,66.91240448369709,25.04132109429436,1396.845419670764,18981.297655113067
270,41.65415624903012,0.3434292362170726,-0.0349793966002323,30.62192608874847,66.91232805029657,25.04583360332864,2517.959290333496,19479.710701789292
271,40.431694047216695,0.3419714597584523,-0.0307899143859042,34.3394697073774,66.91225159841646,25.05034610940369,0.0,19712.229259862244
272,25.47144018845489,0.1862257411707964,0.2841767118356218,0.0,66.92227477138594,24.748070298189905,0.0,7108.1182060677575
273,25.552474333255287,0.1802494861112792,0.3242428861416773,0.0,66.92219971106142,24.75258301283263,0.0,6722.449391496188
274,25.641843355596343,0.1543951589404688,0.3358012386262989,0.0,66.92212463249102,24.757095724544484,0.0,6339.848458186916
275,25.60825151875226,0.1345623322585782,0.3538329657725867,0.0,66.9220495356718,24.76160843332507,0.0,5974.287526284945
276,25.410016966557397,0.2400924317040236,0.3103450051027994,0.0,66.92197442060093,24.76612113917396,0.0,5612.766151556888
277,25.948537396020686,0.2465673576999388,0.2193511367795357,0.0,66.92189928727548,24.77063384209072,0.0,5238.636587478806
278,25.98784277926636,0.2569562815836063,0.1339285249212218,0.0,66.92182413569256,24.77514654207494,0.0,4882.867679065913
279,26.2117684903579,0.3118134571997473,0.1773711742272603,0.0,66.92174896584929,24.7796592391262,0.0,4541.6353038864045
280,26.22661464728976,0.3265885024369384,0.1739613151291308,0.0,66.92167377774271,24.784171933244053,0.0,4177.909238262986
281,26.26498812440284,0.3140817640577023,0.1476182853703428,0.0,66.92159857137001,24.78868462442811,0.0,3791.5728307731524
282,26.200136881688017,0.3291962195972231,0.2147269998213547,0.0,66.92152334672824,24.793197312677925,0.0,3434.6940851625404
283,26.18850341434061,0.3181909429787714,0.1700546737173064,0.0,66.92144810381451,24.79770999799309,0.0,3067.920902722802
284,26.13220179453572,0.2627985299142051,0.1501125626748165,0.0,66.92137284262591,24.802222680373173,0.0,2705.2166244956807
285,26.02410742776159,0.2474238749535551,0.1464183201354632,0.0,66.92129756315956,24.80673535981776,0.0,2333.8482942704336
286,26.02736864308298,0.21812432576865,0.1387306209107598,0.0,66.92122226541252,24.81124803632642,0.0,1955.187173603543
287,26.075975237010343,0.1629785100655163,0.1209110377843514,0.0,66.92114694938195,24.81576070989874,0.0,1584.7758887228736
288,26.3072189511976,0.0587260140074829,0.088258275733148,0.0,66.9210716150649,24.82027338053429,0.0,1211.8855629153784
289,26.59022324289939,-0.01699778665043,0.0269005886439518,0.0,66.92099626245844,24.824786048232657,0.0,830.8481147786122
290,26.919226228772363,-0.0687562513525922,-0.0510082940078923,0.0,66.9209208915597,24.82929871299341,0.0,435.66536501263533
291,29.901320321671967,-0.0292192933392895,-0.0846437173647655,0.4596452633026262,66.9208455023658,24.833811374816133,1142.039617561907,30.277221511269435
292,30.350665882198555,0.0866256681933299,-0.075353915483759,0.1665062560153994,66.92077009487377,24.83832403370041,110.490316661889,301.32132593583026
293,37.20565250501446,0.1718763545157236,0.0065687165760232,6.146375017196314,66.92069466908076,24.842836689645804,0.0,0.0
294,34.12051127467257,0.4267474021982423,-0.225461330758668,3.731150247660981,66.9206192249838,24.847349342651896,0.0,113.57867452831046
295,32.5114600280644,0.194404216739317,-0.1026777525509842,1.4933278305131374,66.92054376258,24.85186199271828,0.0,337.0010799903489
296,32.41500170742882,0.3599980124865649,-0.237544472293386,2.747558123538313,66.9204682818665,24.85637463984452,0.0,121.9488317348144
297,32.71288833380523,0.056569351691325,-0.1070237486693794,0.0680973999174577,66.92039278284031,24.8608872840302,547.4762126629626,376.300098642751
298,36.11073172186437,0.1085450541590109,-0.0218119884916063,2.23569069895432,66.92031726549855,24.865399925274893,6282.250809130974,596.9271400677142
299,39.37822129903426,0.107388404358371,0.0614560016657106,6.572293300316411,66.92024172983831,24.86991256357819,10129.50537483046,899.2760972115083
300,39.098066142126754,0.1580513667363496,0.0767374434951671,7.99450096233159,66.92016617585668,24.87442519893966,7494.806346734844,1321.305030520682
301,39.79427053600413,0.1599488334460011,0.1139715517816478,7.532508591065292,66.9200906035507,24.87893783135888,0.0,1784.0954200984374
302,39.88637807042061,0.1505709723019173,0.090779969981435,10.34501718213058,66.92001501291749,24.88345046083543,0.0,2262.773950713348
303,39.059038574014856,0.1994382227485022,0.0829978255890761,12.452047265732345,66.91993940395413,24.88796308736889,0.0,2748.0159259738443
304,41.90573110015124,0.2151245083071024,0.0839684162065453,13.343552378333788,66.9198637766577,24.892475710958845,0.0,3123.006178317866
305,40.74485257759555,0.21133000954932,0.0830264177246909,15.051965905966457,66.91978813102529,24.89698833160487,0.0,3529.1278880056916
306,36.62074624238549,0.1820634612613719,0.0762622537198684,16.960929976613013,66.91971246705393,24.90150094930654,0.0,3956.8067566728523
307,38.461504087305485,0.2096578138373469,0.0565504215941378,19.237008523508383,66.91963678474073,24.90601356406344,0.0,4399.760876352773
308,41.52324106805775,0.2459378503738001,0.0788325587338743,22.072577319587637,66.91956108408277,24.91052617587514,3921.91058742106,4853.810032149735
309,41.75052626740413,0.195481320878376,0.0706843110379421,24.582290664100096,66.91948536507714,24.91503878474123,3248.284396614163,5316.112102559853
310,42.92440608179959,0.174374411080776,0.0737185317541932,27.237420951333515,66.91940962772087,24.919551390661287,3441.543749005023,5784.688750957098
311,42.71615807485218,0.1625248346993433,0.1088531672804624,31.32567734837024,66.91933387201107,24.92406399363489,1266.759488854057,6257.925967207516
312,38.945309981741765,0.1964400070034936,0.0995959431197479,34.714972527472526,66.9192580979448,24.9285765936616,0.0,6733.035066581826
313,36.97149162330816,0.2149198295127735,0.0613563139367435,39.2834180519302,66.91918230551913,24.93308919074103,0.0,7211.326477793759
314,36.17813592220606,0.180168113671321,0.066863388218813,42.49052197802198,66.91910649473114,24.937601784872736,274.577248059914,7692.379211304967
315,37.77642382877595,0.164014023198726,0.1058431631320502,49.08187937903558,66.91903066557788,24.942114376056303,0.0,8175.705858906791
316,39.70233075075139,0.1402431865322046,0.1297364976770459,54.32623626373626,66.91895481805646,24.94662696429132,0.0,8660.925738737462
317,40.97823016528207,0.1419254503091235,0.1366588375368151,62.34603742432581,66.9188789521639,24.95113954957735,0.0,9147.737589815839
318,41.41054879357737,0.1531200427711387,0.1308119135408169,74.51829939460653,66.91880306789729,24.95565213191398,0.0,9635.900132941255
319,40.30669756178034,0.1233571990646168,0.0846489308183062,75.08523508386034,66.91872716525369,24.960164711300784,1005.9660781933806,10125.218009088547
320,38.82491846177346,0.1330373041535721,0.0390891954105363,58.27577673907067,66.91865124423016,24.96467728773736,3071.209986942947,10615.531455881863
321,35.46263625241552,0.1111823088516191,0.0556866520419098,54.32508931025008,66.91857530482376,24.969189861223267,10833.990792060094,11106.708623607052
322,36.37806964272879,0.2124660865202161,0.039406483137106,44.97732893652104,66.9184993470316,24.973702431758102,7746.38033899664,11598.639782678229
323,39.86858087487426,0.1672432547334573,0.0378751983590116,40.9194501718213,66.91842337085068,24.97821499934144,4679.0524931784375,12091.232905151295
324,39.40871951667218,0.2020664688761806,0.0708893072227188,39.48270181219111,66.91834737627809,24.982727563972844,2577.372786924961,12584.410257320813
325,35.19645710279396,0.1713048708894762,0.0756035105918554,35.99423076923077,66.9182713633109,24.987240125651915,0.0,13078.105745182476
326,42.08868049474302,0.1792882525692132,0.1018013824638309,34.206019791094015,66.91819533194614,24.991752684378223,1409.0293404419767,13572.262826790284
327,42.362066535063214,0.1570925830883077,0.1131925782154253,33.86181318681319,66.91811928218088,24.996265240151352,595.2066569580589,14066.832855922003
328,43.35499500670196,0.1324595835989854,0.1234782750185367,41.80508241758244,66.91804321401223,25.00077779297089,1748.2151275412218,14561.77375710453
329,45.02895380336316,0.1493828074202763,0.1219960384351265,36.31141678129299,66.91796712743714,25.005290342836407,1162.0355205047456,15057.048957530193
330,43.239573617983545,0.1546475439387337,0.1137223870983175,37.65608247422683,66.91789102245276,25.00980288974748,265.43307744176144,15552.626519834543
331,37.58513954779492,0.1536083349152826,0.1141521229702941,21.976079186142428,66.91781489905608,25.014315433703697,0.0,16048.478433208906
332,36.82412308053068,0.2007865210121383,0.0667398653407651,25.29653560626891,66.91773875724422,25.018827974704628,67.32455531471619,16544.580030224366
333,38.84983960553345,0.2678508641421437,0.0245100512616953,28.540005499037687,66.91766259701414,25.02334051274988,1975.053170799946,17040.90950423633
334,40.00736871283477,0.2976703416949174,0.0149977697229933,26.8988177069013,66.91758641836299,25.027853047839,1379.5197939643538,17537.447507726778
335,39.43187937016911,0.287783129831219,0.0090686406594233,28.872852233676987,66.91751022128777,25.03236557997159,2850.213823961423,18034.17681627545
336,40.78043323813969,0.283753358791978,0.0341836723869296,29.599396350665398,66.91743400578552,25.036878109147217,1685.2427068303764,18531.08204597724
337,42.071505379802325,0.2643520605012034,0.0371907853339835,31.997940691927518,66.91735777185332,25.04139063536548,7874.334434743473,19028.14941471044
338,41.48638753794864,0.3044501060969432,0.0212272614673653,31.860359741864603,66.91728151948818,25.04590315862593,1146.0703179460122,19525.36653950173
339,38.71630029729283,0.3964313283402477,-0.0554265105191747,34.818605927552134,66.91720524868717,25.050415678928186,0.0,20022.722263843712
340,25.623182858730917,0.2340212522260112,0.2783142965296297,0.0,66.92721640396307,24.748138753955825,0.0,6802.101810408685
341,25.47062949355973,0.2540700227261048,0.2621794556952898,0.0,66.92714152184898,24.752651482726005,0.0,6405.321315411115
342,25.25112578088384,0.229150976741146,0.2665920311527812,0.0,66.92706662153225,24.757164208566323,0.0,6019.0056739257825
343,25.461754911061423,0.1943156250501278,0.2307227737601767,0.0,66.92699170301005,24.76167693147635,0.0,5634.264214268196
344,25.377799102740067,0.2172108824862076,0.2588540893306544,0.0,66.92691676627945,24.766189651455672,0.0,5267.198530305819
345,26.039205015965056,0.370898116539833,0.2215075281876642,0.0,66.92684181133761,24.770702368503866,0.0,4906.053406979535
346,25.65956458406941,0.3484288411090679,0.1970067011334709,0.0,66.92676683818158,24.7752150826205,0.0,4532.194820852486
347,26.266770844460986,0.2713147632773521,0.165628126575919,0.0,66.92669184680852,24.779727793805176,0.0,4175.996820088588
348,26.310699511510222,0.3342079990255704,0.159198809174499,0.0,66.92661683721552,24.78424050205744,0.0,3836.1690641908435
349,26.230993628411365,0.2809319784392727,0.1741387516914442,0.0,66.92654180939971,24.78875320737689,0.0,3478.7176378817107
350,26.18266219812658,0.3003372088573937,0.1639847797785076,0.0,66.92646676335816,24.7932659097631,0.0,3085.867030784554
351,26.14329541096492,0.2250137346704899,0.1295558849146695,0.0,66.92639169908801,24.797778609215644,0.0,2728.309780601553
352,26.16639357253992,0.1545939927764078,0.1195564572831414,0.0,66.92631661658635,24.802291305734112,0.0,2361.3570523544468
353,26.2012703341495,0.1403333566787131,0.1097868654693636,0.0,66.92624151585028,24.80680399931806,0.0,1998.3471793558494
354,26.156266413953794,0.1438028275429458,0.1102971376756439,0.0,66.92616639687692,24.81131668996709,0.0,1631.3425930535025
355,26.216547025831407,0.1301513141685399,0.1292312676414136,0.0,66.92609125966338,24.81582937768077,0.0,1248.9255055782114
356,26.524298627805805,0.0675927672872585,0.1563167396783138,0.0,66.92601610420674,24.82034206245868,0.0,878.5142206983305
357,26.830382066942484,-0.0256357812188643,-0.0136482890971025,0.0,66.9259409305041,24.824854744300392,0.0,507.10367399008084
358,28.867735486627662,0.0180413998631998,-0.1411934766084981,0.7549249207879877,66.92586573855257,24.829367423205493,672.9946502622646,126.06622585201094
359,30.91640978812252,0.4891884731459772,-0.3431323825319207,5.353750860289054,66.92579052834927,24.83388009917357,555.4448424853554,67.95636332976183
360,30.12453864114465,0.0745637123987352,-0.1726416419012548,0.6858126721763085,66.92571529989127,24.83839277220417,0.0,263.80073258692425
361,31.9827695039901,0.1143219544635875,-0.0617187235460586,1.0418559823764284,66.92564005317566,24.84290544229689,0.0,162.68180724694454
362,34.27962166431696,0.2447693899008464,-0.1429768685851646,2.44394001925987,66.92556478819958,24.84741810945132,0.0,29.357008597403205
363,34.50733754855552,0.2091630300475945,-0.0830585595065079,3.0902462512037405,66.92548950496007,24.851930773667025,0.0,500.1315704547971
364,33.290310432378284,0.3981097437609233,-0.2407578613140575,2.779917469050894,66.92541420345427,24.85644343494359,203.8148734883968,163.75796013436405
365,36.37413908527447,0.1243436038036128,0.0206701389320178,2.980327417801622,66.92533888367926,24.86095609328059,5071.880718665801,334.49097024347554
366,38.51225771940854,0.0986882789876859,0.0683557212022588,4.295873452544703,66.92526354563212,24.8654687486776,13353.740341393132,833.6805466960606
367,40.454125006827766,0.1148033910689059,0.077633773115105,5.739776951672862,66.92518818930995,24.869981401134204,7074.045583892129,1280.1576449788404
368,38.90732182302961,0.1826566381914532,0.0850673711842026,7.097453544390915,66.92511281470983,24.87449405064999,478.4419262908235,1604.9775950586447
369,35.41981180623402,0.1464022589841829,0.0757055520420226,9.678871300757056,66.9250374218289,24.87900669722452,0.0,2003.2729631685436
370,38.89946343513422,0.1658554557311673,0.0885414582606713,10.208534067446658,66.92496201066419,24.883519340857383,0.0,2439.3138479831605
371,39.95039985417862,0.1291287506284427,0.0869984316488628,14.49821133736929,66.92488658121279,24.88803198154816,0.0,2896.101091577244
372,41.9661896063808,0.1786942927191233,0.0940050257815571,14.774504405286342,66.92481113347183,24.892544619296416,0.0,3365.1970248392768
373,40.80108403641719,0.1723453162344571,0.0978025270290984,16.239818381948265,66.92473566743837,24.897057254101743,0.0,3826.148481321835
374,35.24720322044986,0.2058854245839375,0.058955246240963,17.89682212133718,66.9246601831095,24.90156988596372,0.0,4223.859403538803
375,37.32377101868868,0.1897728022790386,0.051239839980133,20.35285223367697,66.92458468048228,24.906082514881927,0.0,4641.396807026464
376,39.27356227130658,0.2002232287993837,0.0623919589358008,23.19694677485902,66.92450915955385,24.91059514085594,2910.458613374164,5073.868384119999
377,39.78411608016084,0.2027907621113653,0.0516624342393367,26.141030927835043,66.92443362032125,24.91510776388533,5499.213100987464,5517.763717136241
378,40.91446394934563,0.2304172585192076,0.0305391305777119,29.53780588397031,66.92435806278154,24.919620383969697,1344.031531074968,5970.535360969989
379,41.669171892088336,0.2199082318332594,0.0851919264844118,32.34997936442426,66.92428248693186,24.92413300110861,4982.7884482227,6430.308589385687
380,40.69281064680563,0.2337885929914417,0.082605302913498,35.50584674645757,66.92420689276925,24.928645615301644,1244.5354247685898,6895.6830417683805
381,39.84373101389098,0.2303921485722303,0.0629531094293858,38.87401900041307,66.92413128029078,24.93315822654838,1061.3404666030751,7365.597102068839
382,34.13344434909545,0.1525544403121717,0.0499008041999903,42.21974390747625,66.92405564949355,24.9376708348484,184.49418567338887,7839.064594683229
383,37.99758537365553,0.1383192427627553,0.0934246871042249,46.73330579650284,66.92398000037464,24.942183440201287,0.0,8314.02283903122
384,38.81316762972742,0.1545891414045426,0.1085150209135934,51.212722015696,66.92390433293113,24.94669604260661,0.0,8791.612146157138
385,40.79720132242677,0.1446502534674249,0.1221810238236788,58.63681386710689,66.92382864716008,24.951208642063964,0.0,9271.564727091269
386,41.6395472444124,0.1461730364431784,0.1111957568695814,66.76329896907217,66.92375294305855,24.955721238572924,1645.2349756673386,9753.53171156602
387,38.25901693346806,0.0958084154474187,0.0448955308547196,71.32082474226806,66.92367722062362,24.960233832133067,9028.474652997638,10237.228590203216
388,38.39964805656543,0.0974522689099695,0.0614466405483202,73.96069268829027,66.9236014798524,24.96474642274397,0.0,10722.421254889186
389,38.34375296937862,0.1086189248029077,0.0783956971625206,58.23040967830632,66.9235257207419,24.969259010405217,446.1999430688309,11208.91546610191
390,40.03549450336541,0.1962468934971095,0.0349180389223018,46.452197802197816,66.92344994328924,24.97377159511639,322.1062114614982,11696.548819407468
391,40.62940563603578,0.1851246268164392,0.0490770716339722,42.47276478679505,66.92337414749147,24.978284176877057,1839.3125614795565,12185.184555147318
392,38.19681382143803,0.2068392574087694,0.0451127196019405,39.100082485565046,66.92329833334566,24.982796755686824,3878.4162488516354,12674.706742206568
393,37.33858419461235,0.2078338753658929,0.0679508291947662,35.66950783612869,66.92322250084887,24.98730933154525,0.0,13165.016496707083
394,41.71474582590874,0.1722948567454983,0.0912231460173332,33.61630464668684,66.92314664999816,24.99182190445193,2924.657754915946,13656.02898780828
395,39.8776885577363,0.1736700174177876,0.1052573505761796,32.9401098901099,66.92307078079062,24.996334474406424,2361.8451598183765,14147.67104766051
396,41.71325291794618,0.1386113612125604,0.1116122380881182,38.36570957549116,66.92299489322329,25.000847041408324,2026.970947850978,14639.879249141379
397,44.41573854451791,0.1467296643641911,0.1205929904944548,46.267170329670336,66.92291898729327,25.00535960545721,0.0,15132.59834878834
398,45.076792106041225,0.1508780560016397,0.1180814696883996,38.99121482498286,66.92284306299757,25.00987216655268,0.0,15625.780017066716
399,39.19838341593495,0.1698052083831367,0.0864914970116852,25.402114222954435,66.92276712033328,25.01438472469428,0.0,16119.381796378751
400,39.89473718425043,0.2786589589602002,0.0149597186663827,27.24601867105986,66.92269115929746,25.01889727988162,1061.9079653172744,16613.36624085417
401,38.36849552716642,0.36593692626503,-0.0516275480675935,30.507413509060967,66.92261517988717,25.023409832114268,1870.341486239156,17107.700202184085
402,38.87870704210464,0.3365174472948245,-0.0104359148932021,27.609417902251504,66.92253918209947,25.027922381391804,282.3666924479295,17602.354233524893
403,39.411751291301,0.3293777469082117,0.0150834697273094,29.636763291660927,66.92246316593143,25.03243492771381,21.53976112936159,18097.30208945135
404,42.09074805133243,0.2865308007791899,0.0516768826304063,29.391483516483508,66.92238713138006,25.03694747107988,0.0,18592.52030443794
405,43.00381420971582,0.2618789542818851,0.0356709568118064,32.676963207029104,66.92231107844245,25.041460011489573,6632.462864409021,19087.987835931428
406,41.62863949421841,0.2557968887146944,0.0418246002723254,31.288598901098894,66.92223500711563,25.04597254894248,0.0,19583.68576080714
407,36.83638788567584,0.3532340574377694,-0.0308445201729263,33.136538461538464,66.9221589173967,25.050485083438183,0.0,20079.597016153173
408,25.43782044087905,0.1889854152691854,0.193137068445684,0.0,66.93215805473994,24.748207046959585,0.0,6518.527611622851
409,25.24329184620612,0.2602555991760228,0.2343066510878869,0.0,66.93208335083912,24.752719789823644,0.0,6104.058380748649
410,25.18918604429282,0.2241973651783862,0.2462938173069077,0.0,66.932008628779,24.757232529758845,0.0,5703.3056794412205
411,25.3342578410773,0.2982130987532477,0.1907799886622667,0.0,66.93193388855666,24.761745266764738,0.0,5315.56195635443
412,25.31706094142328,0.3150430077595216,0.1865441070127761,0.0,66.93185913016924,24.76625800084092,0.0,4929.116350713317
413,25.865609454906423,0.316521145714818,0.2495853467739649,0.0,66.93178435361388,24.77077073198696,0.0,4560.113498587508
414,25.502328841204577,0.2401954612037447,0.1355786914293328,0.0,66.93170955888765,24.775283460202434,0.0,4199.340662402765
415,25.684965981428785,0.2224128716989741,0.1202988464150957,0.0,66.93163474598771,24.779796185486923,0.0,3825.9987574405254
416,26.21651550927866,0.2120186080696576,0.1240511373773287,0.0,66.93155991491115,24.78430890784,0.0,3469.1259611135315
417,26.176690059180352,0.1611486786469092,0.102080534044647,0.0,66.93148506565511,24.788821627261253,0.0,3131.4429491660644
418,26.2004090781677,0.1934026113951786,0.1335588994489504,0.0,66.93141019821668,24.79333434375026,0.0,2783.5278343106165
419,26.300543620547867,0.1763659670997961,0.1157585170063542,0.0,66.931335312593,24.79784705730659,0.0,2380.992677772887
420,26.35943547013908,0.1962078040502796,0.1127420057101037,0.0,66.93126040878118,24.80235976792984,0.0,2022.4304829840635
421,26.349775940462585,0.2396554182462775,0.1337260157704456,0.0,66.93118548677832,24.80687247561956,0.0,1655.2567668933007
422,26.24845444312838,0.271369169492722,0.1615037513642005,0.0,66.93111054658151,24.811385180375343,0.0,1291.4777342142547
423,26.27683554693051,0.2175722082893998,0.1186631928189187,0.0,66.9310355881879,24.81589788219678,0.0,928.8368918334452
424,26.59414139033431,0.0102223894012685,0.031933799664013,0.0,66.93096061159456,24.82041058108344,0.0,542.6638375538457
425,28.42642463997526,-0.0398330615205318,-0.1038309006599883,0.6472772277227721,66.93088561679863,24.82492327703488,439.7812940386352,172.25255267526654
426,31.579376224832853,0.5032739731691074,-0.3363379384370476,4.504195900398954,66.93081060379721,24.82943597005072,908.446080375002,198.1587322054744
427,30.903178969533915,0.7255139550188229,-0.4617135714094505,6.679774508455932,66.93073557258741,24.833948660130503,0.0,371.73727157431676
428,30.61816389647876,0.38731222409412,-0.2968873310640741,3.368348686924239,66.93066052316632,24.838461347273824,0.0,8.815039949498688
429,29.993788801252588,0.1226163879782521,-0.0872968257361358,0.0,66.93058545553107,24.842974031480264,0.0,470.37949684116916
430,30.347457443887745,0.0574109066508668,-0.1208410225825806,0.0103177878662814,66.93051036967876,24.8474867127494,0.0,500.6787757416046
431,30.73682314108009,0.0713902149295667,-0.0994389602085505,0.5661805173362685,66.93043526560645,24.8519993910808,0.0,286.70253728456294
432,36.77520129977575,0.2512930490288592,-0.0509648988866765,4.4087782058337925,66.93036014331126,24.856512066474053,2612.1831105801293,88.09399185271407
433,40.39682558500208,0.1359041506849644,0.073680114031511,8.267024349979366,66.93028500279031,24.861024738928744,2550.4437993574634,455.3578247287316
434,41.60496046711517,0.1144967944006063,0.0766735866396857,4.143073325079103,66.93020984404072,24.86553740844444,1114.4924352372002,903.6031458297824
435,39.22494203938225,0.1250303240164532,0.0773102355204578,7.380434782608698,66.93013466705952,24.87005007502073,7316.759775093532,1386.147451197376
436,36.59396136899686,0.1579135548003807,0.0768951083264317,7.537721588566717,66.93005947184386,24.87456273865718,1745.1859544588242,1875.3932331125795
437,32.5504080701306,0.1399821224472771,0.0487540753205366,8.964668682980477,66.92998425839085,24.87907539935338,0.0,2311.538159226355
438,35.03541006269216,0.1482732032803712,0.0519558214988147,12.2036298638801,66.92990902669756,24.88358805710891,0.0,2698.213880615562
439,38.6630302927619,0.1368561931896599,0.0824928226126281,13.566813307671154,66.92983377676106,24.88810071192335,0.0,3117.2917138441553
440,42.5588792809196,0.1327285148167492,0.095855147973432,15.114501718213052,66.92975850857847,24.892613363796265,0.0,3557.3384872027723
441,42.07964765463981,0.1490112121637873,0.1089920111386013,18.700302447071756,66.92968322214689,24.897126012727256,0.0,4011.45940968479
442,34.97026021006742,0.1703303718856885,0.0646907792870489,20.1162310866575,66.9296079174634,24.90163865871588,0.0,4475.372172035071
443,33.91389087236218,0.1844788054122769,0.042210204317507,21.044410834593705,66.9295325945251,24.906151301761746,0.0,4922.116706369986
444,35.23661423764651,0.1654130273491024,0.0322282887693239,23.356671251719398,66.92945725332909,24.91066394186441,694.4216205334284,5331.867302382854
445,30.895786461892808,0.1261446520110517,0.0115112103217939,26.807147766323027,66.92938189387243,24.91517657902345,3957.52711757586,5755.900015545602
446,36.11483496519208,0.1949543442937963,0.0252695480972231,29.084538069668188,66.92930651615221,24.919689213238463,3437.324201419808,6191.281050589215
447,38.04270968200194,0.132278451448226,0.0240092493509988,31.232113373692897,66.92923112016557,24.924201844509017,2718.805179952504,6635.777053631382
448,37.21553979439953,0.1534196633940907,0.0310183186114059,34.94455908653185,66.92915570590952,24.92871447283469,1242.496241592836,7087.6733250965335
449,41.772913252326106,0.250552981237902,0.0432545699414985,37.66483365411053,66.92908027338122,24.93322709821508,1220.596273218692,7545.640411573277
450,40.21615357324537,0.2056193047162639,0.0622362536979714,41.70378006872852,66.92900482257765,24.937739720649738,5223.987899757376,8008.636917595455
451,39.00640356792995,0.2041612197107971,0.0694152986094059,46.010989010989015,66.92892935349602,24.94225234013827,1217.024279230875,8475.838680313673
452,38.98507378312545,0.2295843550614471,0.0770571966565645,50.74172276411594,66.92885386613335,24.94676495668024,943.045717542774,8946.586912962914
453,38.43689230761685,0.1810284734440271,0.0651910680731447,56.23254535459043,66.9287783604867,24.95127757027524,5287.553881917939,9420.203222159462
454,39.89622005616573,0.1097494823968588,0.0651785218512646,62.50666300315977,66.9287028365532,24.95579018092284,18072.76946049392,9895.058884346965
455,38.87703324068868,0.1241626653453402,0.066629491895767,75.32962199312716,66.92862729432991,24.960302788622624,13553.892836289528,10372.157860552636
456,39.73521274697279,0.1171172306430076,0.0832729499642458,82.83090459169651,66.9285517338139,24.96481539337417,7054.650323111033,10851.319138400684
457,39.96429386056918,0.0988845098009399,0.0814328636943105,56.006186417376966,66.92847615500222,24.96932799517707,0.0,11332.281120864607
458,39.4401608450186,0.1785924539224065,0.0482033827852384,47.72206185567011,66.928400557892,24.97384059403089,345.2676916101195,11814.82389885061
459,39.146270608817744,0.1956630581119041,0.0458678495733418,45.85248831454496,66.92832494248032,24.978353189935223,3225.9445971284,12298.761405894813
460,38.63676303532768,0.1906047917453163,0.0632323447595342,41.77716719329579,66.9282493087642,24.98286578288964,1331.046077964012,12783.935250032435
461,37.10474871426064,0.1654476109658462,0.0938890516724592,35.11657284086228,66.92817365674074,24.98737837289373,2557.304472986001,13270.209826322525
462,40.5680253059231,0.1641499153959511,0.0928800940611284,31.350961538461547,66.92809798640702,24.99189095994706,41.99545115826335,13757.468415078922
463,37.85845450698478,0.1938686417380014,0.0941231792566588,32.04764520115338,66.92802229776012,24.99640354404922,1148.6511374358863,14245.610044810968
464,40.32752581268959,0.1780496762337361,0.1136731713567217,33.11153846153847,66.9279465907971,25.00091612519979,2101.934056115807,14734.546952838995
465,42.42571803269409,0.1517582290945621,0.1153340857971012,50.25072125291937,66.92787086551505,25.00542870339836,722.4281563708911,15224.202516446336
466,43.45945143572748,0.1579182157799742,0.1270676017816202,36.461876631405424,66.92779512191098,25.00994127864449,0.0,15714.50955702193
467,38.3335432450117,0.1747910803089941,0.0403989993855791,25.44154416815497,66.927719359982,25.01445385093778,0.0,16205.408941874415
468,38.90082703285344,0.1828529637559852,0.0740748121663653,24.94683335623024,66.9276435797252,25.018966420277792,1080.9504173538926,16696.84842503758
469,37.58550659622254,0.3299874945420736,-0.011231262313408,29.39793956043956,66.92756778113763,25.02347898666413,339.31805708917165,17188.781681192173
470,36.78209908345515,0.3465438364208725,-0.0440123895427053,28.397169940925952,66.92749196421632,25.027991550096367,2957.553618216868,17681.167496474878
471,34.72768240828962,0.3288945247392987,-0.0315515124666114,27.617529880478084,66.92741612895836,25.03250411057408,2426.4645566589315,18173.969087482386
472,37.45265175570429,0.3650010742272647,-0.0305464047248383,29.561092806150462,66.92734027536083,25.03701666809684,1549.1075075704662,18667.153525558497
473,38.59414655359557,0.4269733504796321,-0.0851697976577498,29.24423393739703,66.92726440342078,25.04152922266425,1245.447785306112,19160.691247982217
474,39.98510279731378,0.3560918218132976,-0.0288817996002184,31.35848538894224,66.92718851313526,25.046041774275874,0.0,19654.555641221083
475,40.40228519852025,0.3373291470520745,-0.0258662812646309,33.03143445435826,66.92711260450133,25.05055432293131,0.0,20148.7226842532
476,25.384764763429256,0.2246380230225957,0.2092379327418321,0.0,66.93709972367326,24.748275177198817,0.0,6219.910969103891
477,25.22200321750244,0.1771947438047191,0.3280321266934405,0.0,66.93702519798862,24.752787934123205,0.0,5829.420374234958
478,25.173109577090003,0.2728095121362024,0.2360764715991648,0.0,66.93695065418794,24.75730068811969,0.0,5408.370215813348
479,25.3334420648478,0.3121666091328601,0.182848005145547,0.0,66.93687609226838,24.76181343918788,0.0,5001.879135155376
480,25.3573597641116,0.3168262773568868,0.1874531091945175,0.0,66.93680151222699,24.76632618732732,0.0,4610.765013137928
481,25.593148658203244,0.2369359498885941,0.1805481129651693,0.0,66.93672691406098,24.77083893253762,0.0,4224.623386866852
482,25.481218662202675,0.2319593615576295,0.1738988100874699,0.0,66.93665229776744,24.775351674818346,0.0,3853.0364495629324
483,25.903498332763352,0.2263187014263311,0.1431101786171885,0.0,66.93657766334351,24.779864414169065,0.0,3492.627917825729
484,26.237897426517097,0.1275649399829741,0.0734906402292823,0.0,66.93650301078627,24.78437715058937,0.0,3120.215231201748
485,26.268337495786906,0.1062069806128084,0.0716226504040869,0.0,66.93642834009289,24.788889884078834,0.0,2762.2551021376494
486,26.227415623995075,0.1525349605181584,0.0985727308920225,0.0,66.93635365126049,24.79340261463704,0.0,2428.1014801700053
487,26.245036484687702,0.1581114964256196,0.0966819451535967,0.0,66.93627894428616,24.797915342263565,0.0,2077.3646786472564
488,26.449577277875843,0.1615496262956011,0.0805816953674209,0.0,66.93620421916705,24.80242806695798,0.0,1677.9978935684599
489,26.460014131227823,0.1895433671192097,0.0975902764880458,0.0,66.93612947590026,24.806940788719874,0.0,1317.8679210688244
490,26.37482408295915,0.1380609122156711,0.082088688445584,0.0,66.9360547144829,24.81145350754881,0.0,949.5649398711732
491,26.61473468190911,0.0532616447275243,0.0277668347837239,0.0,66.93597993491213,24.81596622344439,0.0,584.6082890721842
492,27.810764008360664,-0.037684710795327,-0.0766866655550614,0.0917481746797079,66.93590513718502,24.820478936406182,267.252372871184,222.65044238911423
493,31.73661851509226,0.4038757296657906,-0.2954862932107468,4.458700440528634,66.93583032129867,24.824991646433748,1061.2991948256397,163.5978304689194
494,30.552628616679076,0.7032550702270052,-0.4447286710906089,7.747487264215888,66.93575548725025,24.829504353526698,0.0,454.580231051235
495,30.835939947735557,0.7152578304742987,-0.4552783195077423,6.437741046831954,66.93568063503685,24.8340170576846,0.0,456.54873006880837
496,30.6871527410504,0.5739190239226409,-0.3833654267854084,5.800936123348018,66.93560576465559,24.83852975890702,0.0,142.30920502607034
497,29.47663916786866,0.1819401249376734,-0.0138354888733154,0.0,66.93553087610356,24.843042457193537,0.0,351.87696651935113
498,29.898745464028934,0.0992136743270548,0.0274856225013755,0.0,66.93545596937787,24.847555152543748,0.0,850.9518794671611
499,29.94379793391251,0.0531237013032032,0.0131080827306448,0.0,66.93538104447568,24.852067844957222,0.0,461.0948562287811
500,32.71931152175403,0.2379962251291208,-0.0783503625404165,1.5418902187371022,66.93530610139402,24.856580534433547,0.0,25.693065789017147
501,39.42218016789104,0.1229237045104452,0.0058165647722393,4.195762828449579,66.93523114013006,24.861093220972297,718.7266874693235,307.33501088935253
502,40.354890537589775,0.1000230022160513,0.0504380407598276,6.2689503370477375,66.93515616068089,24.86560590457304,10410.20863787863,791.2349612588562
503,39.1568465519053,0.1366316862598048,0.0702359901222848,7.462004405286343,66.93508116304359,24.870118585235367,4855.373947016687,1286.8725824827634
504,38.477314206013794,0.1895779477945771,0.0797637945880557,10.120027529249828,66.93500614721529,24.874631262958857,5084.720093701295,1784.9451876321505
505,35.106108654035,0.1689915141413518,0.0935612103853944,9.645374449339208,66.93493111319309,24.879143937743088,412.78817079520377,2283.8602413095055
506,38.22316729416839,0.1645395517531336,0.093638426695282,13.250240748383549,66.93485606097408,24.883656609587646,36.67367795581628,2783.164723924484
507,41.54160672869221,0.1396610341195128,0.0887162034276622,13.857378854625551,66.93478099055541,24.888169278492096,0.0,3282.6809407605847
508,43.274533739910574,0.1536553484273811,0.1111725422501538,17.296490020646942,66.93470590193411,24.89268194445603,0.0,3782.325004127192
509,42.12924854672773,0.1560005786437157,0.1087170725927146,18.55217511013216,66.93463079510732,24.897194607479022,0.0,4233.428007152021
510,37.94641944475411,0.207626738734003,0.0824334261333309,20.91086926573908,66.93455567007213,24.901707267560656,0.0,4675.367597784203
511,39.054469233613496,0.1994200139358349,0.0875426438127811,22.878954607978,66.93448052682564,24.906219924700505,0.0,5127.983195833595
512,34.53225490470129,0.1695918286104162,-0.0030837266308252,24.60118392070484,66.93440536536494,24.91073257889816,3837.5210051079935,5588.681520607525
513,27.89037480926538,0.0756767445311396,-0.0502617229173977,24.64121612326317,66.93433018568716,24.9152452301532,8385.932584246802,6026.197270205565
514,34.41311105594633,0.1307676197971665,0.0477782297694461,29.843771507226425,66.93425498778934,24.919757878465187,8657.742090596454,6443.3399411980345
515,40.22040686732877,0.1664568142020221,0.0317914314362798,30.989958734525448,66.93417977166864,24.924270523833723,6885.648993969453,6871.550455024058
516,39.26138134723898,0.1593999266327388,0.0430928604151772,33.324941532535426,66.9341045373221,24.928783166258377,525.5782844804265,7308.88375292015
517,41.81817777671716,0.1221967510483673,0.0762757289409688,35.50151348376445,66.93402928474681,24.933295805738734,0.0,7753.796345735615
518,38.77659499855142,0.1293779846074805,0.0736177173659714,41.906727197688845,66.93395401393991,24.937808442274363,7859.990471021743,8205.055382400396
519,37.91373750700607,0.1328542571840095,0.0591522309403068,46.74917446340123,66.93387872489845,24.942321075864864,11244.79240353766,8661.669001125636
520,38.25028411718573,0.1502618898199634,0.0547969274084895,50.70646492434665,66.93380341761952,24.946833706509807,12791.105234376304,9122.833218991576
521,41.20047995522496,0.182668891754603,0.0827090442464558,53.38849910579172,66.93372809210024,24.951346334208765,8906.303034083376,9587.891426048513
522,40.19061732265571,0.1311490004887761,0.0701950578137176,60.48893470790377,66.93365274833768,24.955858958961336,21333.356315266425,10056.303399040227
523,38.23135224191925,0.1224441641447483,0.0658114050618191,70.13394697073775,66.93357738632889,24.96037158076708,18665.75861403847,10527.621483935884
524,37.88538905624743,0.1108025781442693,0.0709760165800987,79.3433676975945,66.93350200607102,24.9648841996256,15078.632591408032,11001.341849637682
525,38.440395931515326,0.1434701520065506,0.0825921375751565,63.73196867701608,66.93342660756112,24.96939681553645,0.0,11476.123251258741
526,39.59997766586452,0.1985937427212489,0.0629363390632224,49.82476635514018,66.93335119079626,24.97390942849924,896.2980198735884,11952.860462527768
527,40.71843555456487,0.2068597317105551,0.0599242718711566,44.11480819469271,66.93327575577356,24.978422038513525,3956.650085120246,12431.425565673613
528,42.03904218894349,0.1435536573860982,0.0989395224901228,38.07346264960793,66.93320030249008,24.9829346455789,908.2810983996084,12911.615311523412
529,42.10809019541385,0.196325161674589,0.0885879726678195,37.15136101182295,66.93312483094289,24.98744724969493,1063.4438467891996,13393.254955770697
530,39.59748729710457,0.1937334377986886,0.0793533551911548,31.536863823933984,66.93304934112908,24.99195985086123,664.8847380703608,13876.193522272732
531,32.694331890163646,0.1418364826756533,0.0714071490945663,31.477794582703165,66.93297383304575,24.99647244907736,90.04313147013066,14360.299962901527
532,38.8244341368432,0.1515946594488085,0.114351992894125,29.49064649243466,66.93289830668996,25.00098504434289,1057.7371483378788,14845.460025917064
533,41.78280760730686,0.1639934316560185,0.1095327185286301,31.233159197140505,66.93282276205876,25.00549763665742,1579.6174032072308,15331.573687569506
534,40.62135197457732,0.198030783329726,0.0944578971707145,31.4747766323024,66.93274719914929,25.01001022602052,1355.8362660710372,15818.553034121745
535,40.331788947524736,0.2214399837823484,0.0854161257597525,25.066208791208787,66.93267161795858,25.01452281243177,1081.2160989340057,16306.320506140173
536,37.20403748815522,0.1908107394179997,0.0568471269719113,24.36304945054943,66.93259601848371,25.019035395890764,2179.1585294743504,16794.807435760926
537,37.59316555245775,0.2638420419327602,0.0299328082901878,29.128314328891328,66.93252040072177,25.02354797639707,2114.765022824977,17283.95282217782
538,36.653600110765126,0.2750760454584124,0.0017220978171248,29.927472527472524,66.93244476466981,25.02806055395028,4367.203066645932,17773.702301825455
539,31.38068846339841,0.3492203489372423,-0.0690407000009254,29.409678306296392,66.93236911032491,25.032573128549966,3203.35710289735,18264.007278477828
540,34.885062884602824,0.4008449615997974,-0.0672726549685403,29.670148433205053,66.93229343768414,25.03708570019572,1285.6666227776982,18754.824185320904
541,36.87641069463919,0.4208726231599357,-0.0828528804224968,28.781443298969076,66.93221774674457,25.04159826888712,1119.1028810969217,19246.113856465294
542,39.989382757029176,0.3370534189782482,-0.019417437399362,30.56970030244708,66.93214203750325,25.046110834623725,1443.7511650030076,19737.840989564356
543,41.555554425202665,0.3385518862282872,-0.0181288464299464,32.79186701469982,66.93206630995732,25.05062339740515,0.0,20229.973684668807
544,25.946526263176192,0.2356029829469441,0.1531784683291342,0.0,66.94204141071972,24.74834314467119,0.0,5888.2005612062285
545,25.282071703734516,0.2319704239285517,0.1624989009964156,0.0,66.94196706325413,24.752855915622305,0.0,5513.1518931967785
546,25.21338433930553,0.2735298490643357,0.1823172579828829,0.0,66.94189269771579,24.75736868364651,0.0,5145.199857625111
547,25.280083236440305,0.3076462991929418,0.2053460463850185,0.0,66.94181831410184,24.76188144874341,0.0,4716.079734938436
548,25.32128711674475,0.253175938431104,0.1587494886817781,0.0,66.9417439124094,24.766394210912548,0.0,4302.294104009878
549,25.19678660334528,0.1393822448663915,0.0826137281032572,0.0,66.94166949263563,24.77090697015352,0.0,3906.6546719855764
550,25.380478950078544,0.1534972096441329,0.0612206087879046,0.0,66.94159505477764,24.7754197264659,0.0,3521.0119617500745
551,25.99113181630785,0.1587988569111127,0.0779974833431987,0.0,66.94152059883257,24.779932479849265,0.0,3145.9727657125973
552,26.298664297644898,0.1464225747745979,0.0781112448899519,0.0,66.94144612479755,24.7844452303032,0.0,2785.915173250955
553,26.32007083396616,0.0855282261676832,0.0286124508694781,0.0,66.94137163266973,24.788957977827284,0.0,2415.205930223979
554,26.37621503435599,0.101947869995883,0.0457462014703418,0.0,66.9412971224462,24.79347072242109,0.0,2055.3842431599433
555,26.327763812154583,0.0955885850535179,0.0493873314518174,0.0,66.94122259412413,24.7979834640842,0.0,1725.6839012088412
556,26.590018094730706,0.0848173799317043,0.0263944449513615,0.0,66.94114804770058,24.802496202816187,0.0,1370.795290428964
557,26.58736311391101,0.0506864105464646,0.004972690066953,0.0,66.94107348317276,24.80700893861664,0.0,980.932071720945
558,26.59859271069955,0.0146656712742536,-0.0232020762217973,0.0,66.94099890053775,24.81152167148513,0.0,619.0743664470745
559,27.58212700487121,-0.0388334177065565,-0.0887473556915428,0.0874776139964182,66.94092429979266,24.816034401421245,62.14278255430697,243.87311284737544
560,31.461499196161903,0.3239168361194754,-0.2569848373850818,3.800247797356828,66.94084968093465,24.82054712842456,1261.2631081588445,90.24477315036667
561,30.293311521200994,0.6829469175709024,-0.4506647582200471,8.264960792406109,66.94077504396081,24.825059852494647,0.0,140.16241751471387
562,30.24143633971815,0.707988663575988,-0.4668180095397887,7.397222604152343,66.94070038886827,24.82957257363109,0.0,76.7690020000157
563,30.52139676225756,0.7062748987234208,-0.4619512791542881,7.115696794607234,66.94062571565415,24.83408529183348,0.0,267.7115288681127
564,29.61639238587702,0.3477450028745051,-0.2551239843700956,3.51616453432384,66.9405510243156,24.838598007101364,0.0,44.09583470637596
565,29.285908104804797,0.1501633320274563,0.0362940014502579,0.0,66.94047631484969,24.84311071943436,0.0,492.46977825268146
566,29.275983173776336,0.0270491840453709,0.0656245183172259,0.0,66.94040158725355,24.847623428832023,0.0,960.7379568631698
567,29.53752406280662,0.0344326361624078,-0.0028564086182085,0.0,66.94032684152432,24.852136135293943,0.0,641.7461666516322
568,30.36071232606468,0.1080503738675655,-0.1017415252527875,0.0891334250343879,66.9402520776591,24.8566488388197,0.0,155.21295922008693
569,33.039061908749495,0.1156432542723038,-0.1167529153501466,0.7553996423166873,66.940177295655,24.861161539408865,0.0,331.32024821232756
570,42.1886048067593,0.1064885910297563,0.0198627760807721,3.923933975240716,66.94010249550914,24.86567423706101,2321.9552164238103,824.4863442214099
571,41.04207854480399,0.1650346114484377,0.0079373911760572,8.136194799834914,66.94002767721864,24.870186931775763,3547.7999554149874,1319.3409845987526
572,37.79036057044574,0.1842647303235808,0.0352663291154837,12.342412986655662,66.93995284078059,24.874699623552647,6925.411087793464,1814.195624973666
573,36.65251441788013,0.1787374540322127,0.073181346875242,13.415314819906513,66.93987798619212,24.87921231239126,3544.688428993526,2309.050265348027
574,38.32026498100922,0.165242945211404,0.1042399347468672,13.421559191530315,66.93980311345032,24.8837249982912,1395.6968936335334,2804.1172211920716
575,41.61742036261143,0.1338279915275869,0.0971244223261017,14.243258117776552,66.93972822255233,24.888237681252026,0.0,3300.4638565671953
576,42.4643503483982,0.1948747508014639,0.0881406109708277,17.16568128695174,66.93965331349521,24.89275036127332,0.0,3797.769074931119
577,41.12541823289313,0.1518672134425911,0.0856653812626526,19.02985279955978,66.93957838627612,24.897263038354662,0.0,4228.751430638275
578,38.437675567112784,0.2588740022968431,0.0471193647306393,20.936527605672595,66.93950344089214,24.90177571249565,0.0,4606.024606720873
579,36.517946444197165,0.1879038194817287,0.0586965343381747,24.32540555402805,66.93942847734037,24.90628838369584,0.0,5004.85631092396
580,38.603858304638266,0.211305244916171,0.0462812324368075,26.359422283356267,66.93935349561794,24.91080105195483,5106.878009022968,5420.48989556546
581,35.39372317181633,0.1589476199900949,0.0371269041353242,28.302488656675383,66.93927849572191,24.915313717272188,9022.317758221014,5849.34481139197
582,37.97088440400939,0.1098318269777367,0.0536911760942118,30.86525505293552,66.93920347764943,24.919826379647507,22339.48198497205,6288.666917487915
583,39.9573392166135,0.1236770267889946,0.0470047613316947,34.05130674002752,66.93912844139754,24.92433903908035,14847.977013293164,6736.229018962379
584,36.78682465387134,0.1313717135866351,0.0337312693270945,34.39098157822381,66.9390533869634,24.92885169557032,2257.188677275542,7190.704499031038
585,41.0274454368467,0.1753215255482325,0.0581785469042921,36.6095081066227,66.93897831434408,24.93336434911697,3029.633320795041,7650.861454014177
586,36.51345667290192,0.1568971852532541,0.0428750234440231,40.27232756251719,66.9389032235367,24.937876999719908,7761.796965895957,8115.733533350269
587,35.330211621900006,0.1044523622161626,0.0523820154925588,46.020607226267344,66.93882811453831,24.942389647378704,21909.725034347004,8584.554768878406
588,36.47343136216802,0.1108441662494276,0.0514185614809475,49.68091833929064,66.93875298734608,24.946902292092936,14889.69302452806,9056.711896435669
589,40.392613612783535,0.1668374558972697,0.0802391682201298,53.15202749140894,66.93867784195706,24.951414933862186,6861.788812614061,9531.709194571959
590,40.25538328114231,0.1502912460821563,0.0778933469212926,58.62570446735396,66.93860267836831,24.95592757268603,14546.658221733487,10009.14231912234
591,35.7586645985646,0.1182643942201383,0.0566733448597935,63.65090059122786,66.938527496577,24.96044020856405,19888.81611948731,10488.678646933522
592,36.63478126586338,0.1195061767321569,0.0642467466648239,66.08001099807535,66.93845229658015,24.96495284149584,6152.348103084281,10970.04236785546
593,31.605688073501057,0.1482854339215238,0.0371249044073911,58.8244673539519,66.93837707837493,24.96946547148097,8782.031992871935,11453.003071077004
594,37.96849063652374,0.1352271090539772,0.0949966314023436,55.192714776632336,66.93830184195836,24.97397809851902,449.4586590672994,11937.366926561315
595,41.43438094395387,0.1530983034316659,0.0720284447755911,42.92251682923481,66.93822658732758,24.97849072260957,4410.010610629247,12422.96981129196
596,43.60140216128249,0.123166749740275,0.0806141895835837,39.6114089347079,66.93815131447963,24.98300334375221,4180.386086327452,12909.67190616699
597,41.78953864475629,0.1860670290730403,0.0626192595369079,37.41438967458464,66.93807602341164,24.98751596194652,2130.2219737414493,13397.353414654473
598,40.95633358635665,0.1875280103595673,0.0624983275962248,32.9787058661904,66.93800071412065,24.992028577192062,2109.7821774281697,13885.911144360818
599,39.953625764687,0.1454482987503386,0.0722910427420545,28.358731466227344,66.93792538660384,24.99654118948845,1517.672707300232,14375.25575774957
600,40.265127907998384,0.158705695043592,0.0968149609476941,29.643494985574936,66.9378500408582,25.001053798835247,2049.450102492436,14865.30954578602
601,37.45838019714287,0.2035671641334636,0.0407179407641515,29.54601648351648,66.93777467688084,25.005566405232024,459.12995301062097,15356.004613277735
602,36.23629425726063,0.190685075111209,0.048869765155763,26.45432064844071,66.93769929466886,25.01007900867837,0.0,15847.281390624412
603,40.16330669344144,0.1556714228176867,0.1262286932015039,29.56353894765765,66.93762389421931,25.01459160917389,0.0,16339.087406095112
604,39.09104813381235,0.1984500967683343,0.0787672797897722,24.901085313916735,66.93754847552933,25.019104206718133,314.4360556667675,16831.37626737626
605,37.5585927405261,0.2252045612834171,0.0389418930230959,24.92362637362637,66.93747303859594,25.0236168013107,1348.9896846432987,17324.106812291415
606,35.032242818400675,0.315123252425991,-0.0223488696668179,28.953283869194838,66.93739758341623,25.02812939295116,1713.464108877074,17817.24239698986
607,34.25737008770988,0.3488693822986585,-0.0487248439871896,30.585519989009487,66.93732210998732,25.032641981639102,681.0804935353897,18310.750296536316
608,35.58227714373766,0.3880755084285146,-0.0627919852443122,31.42046703296704,66.93724661830623,25.037154567374102,708.3886182839669,18804.601197865846
609,37.13798251839376,0.3543287461871194,-0.0327075025919121,30.58511806699615,66.93717110837008,25.04166715015576,730.5276770723735,19298.76876899698
610,40.40597079865167,0.2780505021155,0.0222658701162786,30.04915556776053,66.93709558017594,25.046179729983628,0.0,19793.2292915342
611,39.88625806393329,0.4206944623811871,-0.0844045307900747,32.75260845689182,66.93702003372087,25.05069230685732,0.0,20287.961345956024
612,26.07264222951405,0.27018233149612,0.1846357500199971,0.0,66.94698311583609,24.74841094937433,0.0,5578.736369637085
613,25.590929274708813,0.2137193490569324,0.1092177563629051,0.0,66.94690894659237,24.75292373431861,0.0,5184.443767898866
614,25.13603119907027,0.1162505478213872,0.1211599081148587,0.0,66.94683475931924,24.757436516336966,0.0,4806.495098366373
615,25.16705196601876,0.1086054511457563,0.0768368992826124,0.0,66.94676055401378,24.76194929542898,0.0,4452.677068733786
616,25.21310181808935,0.1584991883975636,0.0466587911680453,0.0,66.94668633067313,24.76646207159423,0.0,4028.9387859111134
617,25.23682527705018,0.0858006794345318,0.0398703462545416,0.0,66.94661208929446,24.770974844832285,0.0,3605.6447733194645
618,26.09893355089209,0.1147754200844739,0.0276453117931939,0.0,66.9465378298749,24.775487615142744,0.0,3203.8616787827827
619,26.40677904812312,0.0500296445141877,0.0220246802480666,0.0,66.94646355241157,24.78000038252516,0.0,2817.5682441794997
620,26.393493359467172,0.1156938236694495,0.0242690880682945,0.0,66.94638925690165,24.784513146979133,0.0,2438.9340710335186
621,26.427861735834725,0.0568225724111804,0.0070563221746764,0.0,66.94631494334223,24.78902590850424,0.0,2079.202428673231
622,26.450309912394,0.0437134640707888,-0.0031332048241267,0.0,66.94624061173046,24.79353866710004,0.0,1711.457720977923
623,26.575157014151888,0.0368919306392232,-0.0094098012214422,0.0,66.9461662620635,24.79805142276614,0.0,1348.5133841834866
624,26.713488870368764,0.0222811959074299,-0.0200529580245499,0.0,66.94609189433845,24.80256417550211,0.0,1020.9056245558279
625,26.76509787614528,0.0087372400130994,-0.043730213143323,0.0,66.94601750855246,24.80707692530752,0.0,665.3686554990668
626,27.506295489071803,-0.0311514880616679,-0.0901598524000766,0.2498624862486248,66.94594310470264,24.811589672181945,0.0,294.4484238656838
627,31.622085252286432,0.2810751259373815,-0.2333004194286016,4.227404044572844,66.94586868278614,24.816102416124984,1248.7211994838,86.6174605757519
628,30.291086910562985,0.6232950883938108,-0.4055118416373847,7.869236063317273,66.94579424280009,24.820615157136206,0.0,136.62593250548514
629,29.985621317330228,0.6314271869631216,-0.4258272484453929,7.689351150296184,66.94571978474163,24.8251278952152,0.0,93.64192586378309
630,30.19594107604709,0.6596669965944437,-0.4403716663654425,6.747624948368443,66.94564530860785,24.829640630361524,0.0,170.46198916478426
631,29.529364122654933,0.4211627443820496,-0.3088786649221404,2.8800605893693203,66.94557081439592,24.83415336257476,0.0,7.12446887495852
632,28.34713181744733,0.1186584319671089,-0.0620509325944339,0.0308582449373191,66.94549630210294,24.83866609185452,0.0,324.4296886043133
633,28.789906584512416,0.1168288776509314,0.0664208739360957,0.0,66.94542177172605,24.84317881820035,0.0,721.6509748769329
634,29.16485490680481,-5.016687194392902e-05,0.0597058797114449,0.0,66.94534722326235,24.84769154161185,0.0,1087.937776273431
635,30.049743264250356,0.0674088404126471,-0.0212379502539893,0.0,66.94527265670898,24.852204262088584,0.0,596.8159606353499
636,30.36553954287151,0.1462018817496922,-0.0686221948820902,0.0,66.94519807206306,24.85671697963016,0.0,110.33867935665918
637,31.56091780257951,0.0989395736902718,-0.1501617635265424,0.0,66.94512346932173,24.861229694236105,0.0,376.1386019187659
638,40.762975746318624,0.0938777756898686,0.0374350749071601,3.852937130279267,66.94504884848207,24.86574240590604,1943.365893405132,862.6158831945405
639,40.494812351642615,0.1172490545681222,0.0372862717783698,3.634200027514101,66.94497420954123,24.87025511463954,259.7552299434791,1349.0931644715936
640,35.73148459311796,0.1951324397132537,0.0308137364719974,11.56379167814825,66.94489955249632,24.87476782043619,2065.6202554031006,1793.0130866634984
641,36.360495636723655,0.2008721412395659,0.0458944039338608,13.061173877101131,66.94482487734446,24.879280523295545,5067.430926541503,2230.5566180998285
642,37.67554539559522,0.1673020200047802,0.0714859633002511,13.369523284651422,66.94475018408278,24.88379322321721,1313.2123780941372,2689.8766838446168
643,39.58867283451365,0.1428253389338198,0.0777453211678105,16.826398456875175,66.94467547270837,24.888305920200764,0.0,3161.5645370162733
644,41.19460621787044,0.1708034833498191,0.0907534766972366,16.226028339524007,66.94460074321834,24.892818614245773,0.0,3522.0681877596908
645,41.30157787403637,0.1497739382172429,0.0956781543956036,20.05988436123349,66.94452599560984,24.897331305351827,0.0,3903.5994076142138
646,38.95186016619908,0.2273914995914443,0.057236955155852,22.169052863436125,66.94445122987995,24.901843993518497,0.0,4309.432950017717
647,38.35738651794612,0.2132865434903846,0.0604623303603092,24.459857025020614,66.94437644602579,24.906356678745382,0.0,4733.321916578275
648,38.84433575810869,0.2617108717776097,0.0403802168555617,26.90082530949105,66.9443016440445,24.91086936103205,0.0,5170.80390558187
649,38.91757001014857,0.2345315653504387,0.0416064200025779,30.05185694635488,66.94422682393312,24.91538204037807,1809.524406299602,5618.421738122623
650,39.07272679135553,0.1455526213465151,0.041153672316248,32.54522958482265,66.94415198568883,24.91989471678304,12930.722658105671,6074.217037981721
651,37.31900951715054,0.1280277415548295,0.0386072149962565,35.22804123711341,66.94407712930871,24.924407390246536,11402.47488023978,6536.479359814579
652,33.86470068555129,0.18430801703484,0.025798252312504,36.50695113558156,66.94400225478988,24.928920060768142,4771.938863727746,7003.92834184729
653,38.85277807058479,0.2082980961724535,0.0510086498992833,37.38126031920749,66.94392736212941,24.933432728347444,1438.2402444401366,7475.591081237596
654,35.100742309529544,0.1583584537815285,0.0392232471592062,38.979501994772335,66.94385245132443,24.937945392983995,2460.3018177124222,7950.717691484264
655,34.30614388196454,0.1117461982516422,0.0456458892207898,42.60819920209109,66.94377752237206,24.942458054677413,15577.376349425398,8428.722418325422
656,36.98948378230296,0.0994351538171659,0.0588170546754262,47.57793369101667,66.94370257526941,24.94697071342725,20256.756837117508,8909.142012579736
657,38.88730376823362,0.1293292901585124,0.0546530329831843,50.62099325904529,66.94362761001352,24.951483369233102,16127.619591067838,9391.605890111412
658,38.80492862037143,0.1226866795928704,0.0573567049175836,54.75337001375517,66.94355262660157,24.955996022094546,16017.859993624008,9875.814446904473
659,35.218141197130905,0.1209988963177407,0.0683385530236871,58.357712400329966,66.9434776250306,24.96050867201116,5660.593700404175,10361.523091894338
660,34.82822889226282,0.1034297257684499,0.0648103285403508,62.46890017849789,66.94340260529773,24.96502131898254,6707.449701282592,10848.530341836444
661,35.76814150172828,0.1034396230338916,0.0672187991502567,67.50872372578651,66.94332756740006,24.96953396300824,9842.797099244352,11336.668839270424
662,37.73703418875946,0.0865188126992773,0.0940714614949235,67.8454458029949,66.94325251133469,24.97404660408788,1972.778060997597,11825.798500082868
663,41.27505928807634,0.0983799767452573,0.074597645107726,45.96498695592475,66.94317743709874,24.978559242221,5296.926480057683,12315.801230834633
664,43.44476452350516,0.1203350433727668,0.0697087530027792,39.25099656357387,66.94310234468927,24.983071877407205,6894.592843046651,12806.576816230645
665,41.39852086672301,0.1789199858169913,0.0725244274533673,37.86287441604836,66.94302723410335,24.98758450964607,2374.4170157542976,13298.039687948904
666,40.16784344300618,0.2491479163609573,0.0225727421368741,36.90570446735396,66.94295210533815,24.99209713893718,5595.89755501155,13790.116364055006
667,39.34916521187554,0.2027556854024174,0.0317041334722891,32.1486672162682,66.94287695839071,24.996609765280112,3025.480132822276,14282.743403345597
668,39.42996672238084,0.3083335920527682,0.0078795997995253,30.39483445528232,66.94280179325814,25.001122388674457,2455.311569353691,14775.86575863136
669,34.562141471686616,0.2166566633179341,0.0101204531341182,29.23972508591065,66.94272660993752,25.005635009119786,1897.481814126567,15269.435441694171
670,32.039497488392655,0.1324986621258688,0.0438850790313417,27.37862343728533,66.94265140842595,25.010147626615684,0.0,15763.41043361785
671,36.27998493656595,0.1663504467068225,0.1011101384414213,31.302335164835164,66.94257618872051,25.01466024116173,0.0,16257.753789777069
672,39.518754788767005,0.1933567139204979,0.0969577494842909,33.356858437457085,66.94250095081829,25.01917285275752,0.0,16752.432900299536
673,36.4664399323397,0.1784368494429506,0.0709072213348733,26.13607030070025,66.94242569471638,25.02368546140261,0.0,17247.41887554998
674,34.2223382553295,0.2274001791803976,0.0626734188863022,24.87918725974739,66.9423504204119,25.02819806709661,0.0,17742.68603278568
675,34.08577925067995,0.2522964760242449,-0.0293649772084477,24.61552197802197,66.94227512790187,25.03271066983908,537.1711773130995,18238.21146513555
676,33.77726048196703,0.3146633883013049,-0.0554736984326263,28.59958762886598,66.94219981718341,25.037223269629628,0.0,18733.974677994367
677,35.00620539625792,0.4160954588355433,-0.0839039243264667,30.357987352213364,66.94212448825361,25.041735866467803,883.9442245739589,19229.957280870603
678,37.22842165087013,0.400340745950859,-0.060360609411744,31.211408934707904,66.94204914110954,25.04624846035321,0.0,19726.142725129077
679,39.2285373317336,0.3735286907542352,-0.0428755228469483,34.35262579048667,66.9419737757483,25.05076105128543,0.0,20222.51607985239
680,25.73714182199066,0.2171817791515657,0.1430132774071289,0.0,66.95192483897902,24.74847859130591,0.0,5292.54442202277
681,25.432029228587396,0.1936901563136905,0.1132120487427267,0.0,66.95185084796009,24.75299139020977,0.0,4879.40522102408
682,24.659171281301163,0.0679470197843023,0.046273007943657,0.0,66.95177683895501,24.757504186188694,0.0,4481.741683240672
683,25.343200576803437,0.1023805417052349,0.0366505142441534,0.0,66.9517028119609,24.76201697924225,0.0,4099.993471103361
684,25.491691866555158,0.1595303830160063,0.0320876416115931,0.0,66.9516287669749,24.766529769370024,0.0,3746.1826451153397
685,25.140363976706123,0.1178731420525055,0.0317008014035191,0.0,66.95155470399422,24.771042556571587,0.0,3350.1175224488984
686,26.01242903591412,0.0961331169088973,0.0361927430710128,0.0,66.95148062301593,24.77555534084652,0.0,2914.037389024358
687,25.90141109216944,0.0700124436969281,-0.0088199640635561,0.0,66.95140652403724,24.7800681221944,0.0,2501.987289077906
688,26.48070181261464,0.0716065459524542,0.005129863594338,0.0,66.95133240705523,24.784580900614817,0.0,2114.1245266080964
689,26.55458554584997,0.084672487140988,-0.0069259342123056,0.0,66.9512582720671,24.789093676107345,0.0,1731.9509699703767
690,26.626287139698277,0.02368308803611,-0.0291865689897643,0.0,66.95118411906994,24.79360644867156,0.0,1372.489684097164
691,26.721945312956752,0.0127838769661062,-0.0368482223377228,0.0,66.95110994806096,24.798119218307043,0.0,1005.6165529635916
692,26.86609317184625,-0.00232191607124,-0.0467166623428102,0.0,66.95103575903724,24.802631985013385,0.0,641.642525206026
693,27.58661053397523,-0.0485871164700479,-0.0889417946261418,0.1057851239669421,66.95096155199596,24.80714474879014,0.0,323.3257493893749
694,33.43301774347744,0.125191518162221,-0.1119951825735781,4.186536343612334,66.95088732693424,24.811657509636905,836.2342424036043,36.446412853274865
695,31.74719155613585,0.6036835999231572,-0.3681420233863525,8.345777655324424,66.95081308384918,24.816170267553257,586.572149967794,36.750053342948675
696,30.31545130080167,0.5392257716762355,-0.3691705735750407,5.152203856749311,66.95073882273797,24.820683022538777,0.0,43.26324850561393
697,30.52650203671119,0.6091130546500038,-0.4014958500765646,6.582874449339204,66.95066454359777,24.82519577459305,0.0,0.0
698,29.060565600934638,0.3640829256990689,-0.2766650623270722,3.4737783895388845,66.95059024642562,24.82970852371564,0.0,53.06497682396734
699,28.260634212125463,0.1030402505685877,-0.0878984082695557,0.0063282432246526,66.95051593121872,24.834221269906138,0.0,355.5901820159637
700,28.224504955460176,0.060790870941632,0.0748490003752452,0.0,66.9504415979742,24.838734013164128,0.0,713.1716657154544
701,28.26950955552837,0.0529869667991776,0.1022962588545063,0.0,66.95036724668918,24.84324675348917,0.0,1030.310903124657
702,29.17113714552696,0.0659459396521917,-0.0011621114659275,0.0,66.9502928773608,24.847759490880872,0.0,1198.791530400098
703,30.297002044683857,0.027096672529691,-0.0676360122882046,0.0,66.95021848998618,24.8522722253388,0.0,712.3142491228339
704,30.91836998343616,0.0938102097682882,-0.0573476760152198,0.0,66.95014408456245,24.85678495686253,0.0,225.8369678458613
705,32.50046799928132,0.1718590064286959,-0.098999807067023,0.3760154206250861,66.95006966108676,24.86129768545165,0.0,260.64031343072133
706,38.23302261965306,0.1049102297575045,0.0340409152015551,5.084951122125845,66.94999521955619,24.86581041110573,1839.6099830881733,689.9987761495746
707,39.35470379086742,0.1109436718446434,0.0622688729797927,7.208178438661712,66.94992075996788,24.870323133824364,1625.8375998291183,1112.78337183411
708,35.45984384459253,0.1487584160612765,0.0701775256097677,7.301073788546255,66.94984628231902,24.87483585360712,1526.4280711573433,1580.6139886146286
709,33.78229921718275,0.1818363095923598,0.0437991707242847,13.968238691049086,66.94977178660665,24.879348570453583,5804.535414613287,2062.5256311079415
710,34.95900674092386,0.17386382160368,0.0524403623918769,16.521721198790214,66.94969727282793,24.883861284363345,2532.396108211334,2468.697219017193
711,37.62421056235807,0.1230487186326472,0.0642464833751748,16.20307988450433,66.94962274097999,24.88837399533596,0.0,2815.5976231881286
712,38.983198019825416,0.1553063823832928,0.078147999937831,17.16719373023512,66.94954819105996,24.89288670337104,0.0,3203.23492611797
713,40.74701268729313,0.1213192245435734,0.0711193250996481,20.214737420951334,66.9494736230649,24.897399408468136,0.0,3618.540867226185
714,37.300916234948446,0.1709829989859639,0.0522153291089762,22.37446691429357,66.949399036992,24.901912110626853,0.0,4053.018877743087
715,38.51866687271143,0.1853400569588967,0.0606358074140819,24.85521792932765,66.94932443283835,24.906424809846754,0.0,4500.727080966358
716,37.49949160406851,0.3250445092428169,0.028433488677595,27.10394610202118,66.94924981060109,24.910937506127432,0.0,4958.426570501641
717,36.67597278458325,0.3500903200727866,-0.0234498938723804,30.659422283356264,66.94917517027726,24.915450199468463,843.5787641629599,5423.600635415284
718,38.14650959786111,0.2735631099074568,0.0142622512746407,33.83741403026136,66.94910051186409,24.91996288986943,2691.4649300230512,5894.479930372027
719,35.50164560965497,0.2072474405573854,0.0107826488091459,35.063101457245,66.9490258353586,24.92447557732991,7066.944108692777,6369.799325434835
720,30.649221140853747,0.1417175084815591,0.0233165367235291,35.75886719824031,66.94895114075796,24.92898826184949,11523.87642522849,6848.6344071461135
721,32.4866521763143,0.1717165282286109,0.0319269628109763,38.557052515809744,66.94887642805925,24.93350094342775,995.44340357296,7330.296244959643
722,34.56695932766284,0.1276192207977551,0.0365457347443077,39.70898598516077,66.94880169725961,24.93801362206425,3672.359180718896,7814.262142687859
723,32.26305604954249,0.11185355348735,0.0311158096837889,42.36493542181918,66.94872694835614,24.942526297758608,18065.758501729262,8300.129073099502
724,36.5099078034392,0.1128489090764576,0.0542400661694508,46.322061855670114,66.94865218134593,24.947038970510388,21639.38051664292,8787.581716562825
725,38.0619454223891,0.1118934554710548,0.0563045987707751,49.35554334386594,66.94857739622611,24.95155164031916,20321.122609534388,9276.370099348303
726,38.59834400581936,0.1293092473600166,0.0562572484637295,53.298460269452825,66.9485025929938,24.95606430718452,17775.1674039956,9766.293668254251
727,38.03700584581445,0.1137490582977409,0.0610508327826803,60.19573883161512,66.9484277716461,24.960576971106043,15885.566661321238,10257.189761760063
728,36.82714234422269,0.1343969463662339,0.0450920757645997,63.76137457044674,66.9483529321801,24.96508963208332,20899.87038925164,10748.925137084301
729,34.93997781484524,0.1227846460717557,0.0477715149185813,68.68276241573804,66.9482780745929,24.96960229011591,14766.244963799749,11241.389655916337
730,35.48859964862569,0.1107663812806855,0.0776083083011701,67.58192323565828,66.94820319888163,24.97411494520341,5356.704284497802,11734.49151814085
731,39.222368944387135,0.114969383258597,0.0792977593297475,50.289861053790055,66.9481283050434,24.97862759734542,15487.87257071206,12228.153621141619
732,41.12346094739994,0.1286575869127419,0.0736575071220991,44.246939056266335,66.9480533930753,24.983140246541502,17230.84455950776,12722.310748241245
733,38.052117502620895,0.1627039361567706,0.0354171756817788,40.07060439560439,66.9479784629744,24.98765289279123,14721.73133620923,13216.907375291677
734,39.223537173523496,0.16828267525113,0.0211461688573425,38.19040417926863,66.94790351473785,24.99216553609419,7866.573891434909,13711.895943265388
735,39.6500192858928,0.2492639472598033,-0.0180970211230549,33.730446735395184,66.94782854836272,24.99667817644997,3570.260760562708,14207.235485855086
736,40.715418585940384,0.267284659495492,0.0313823897824881,35.62302514081605,66.94775356384612,25.00119081385816,1676.7678367837527,14702.890530158415
737,34.65930045570096,0.1814650028296493,0.0501139991572881,28.49285321605277,66.94767856118516,25.00570344831832,1379.532458223419,15198.830209353602
738,32.311755654722326,0.2468702190637716,0.025338669763904,27.259692053890568,66.9476035403769,25.01021607983006,396.7543260763678,15695.027541339143
739,32.88077093363351,0.229280035756295,0.0131823416570826,28.69741545229585,66.94752850141847,25.01472870839293,0.0,16191.4588383407
740,38.91691508554611,0.1635139136753355,0.0971618562169904,35.693672627235216,66.94745344430694,25.019241334006534,0.0,16688.10322066717
741,37.50951009907481,0.1789902473119186,0.0907811063581837,35.179543579873524,66.94737836903946,25.02375395667045,1080.1234484970978,17184.942213847862
742,31.634861057880148,0.1765884599651527,0.0671340440590406,25.82788012097883,66.94730327561305,25.02826657638426,712.3788878140099,17681.959412990596
743,34.283644960734044,0.2306419269459905,0.0199473646708978,25.778419243986257,66.94722816402486,25.032779193147547,765.4092207146136,18179.14020166092
744,32.853603971336724,0.2638805037381974,-0.058891841046376,24.869624948481928,66.94715303427193,25.03729180695989,0.0,18676.471515259404
745,34.20471069033633,0.270101301767056,-0.0376274201622937,30.217982155113248,66.94707788635141,25.04180441782088,0.0,19173.941640901176
746,34.43384560509474,0.2947627312390806,-0.0250155524016854,29.66378363536517,66.94700272026033,25.04631702573008,0.0,19671.540047406066
747,37.44965394944813,0.347456812379239,-0.0115411948219285,32.12877539813289,66.94692753599581,25.05082963068709,0.0,20169.25724027568
748,25.93987031484166,0.188302503750481,0.2304819330042418,0.0,66.95686658010531,24.7485460704636,0.0,5039.816805785503
749,24.796592323887584,0.1339662868663464,0.0568983534954385,0.0,66.95679276731398,24.75305888329346,0.0,4604.054983134986
750,24.476983204262304,0.0672390457430486,0.0286646375485744,0.0,66.9567189365798,24.757571693199363,0.0,4182.689462444534
751,25.232761622997657,0.0701510641111203,0.014859904414336,0.0,66.95664508789989,24.762084500180883,0.0,3780.30366351402
752,25.86759054636704,0.1309099781812496,0.0208335208950664,0.0,66.95657122127139,24.766597304237592,0.0,3393.743920047771
753,25.763313380582822,0.045923321145104,0.0014653531088497,0.0,66.95649733669151,24.771110105369072,0.0,3039.972983758978
754,25.34181901550353,0.0388333978928188,-0.0122699659672375,0.0,66.95642343415739,24.7756229035749,0.0,2685.9313258387197
755,26.21667290383165,0.0700587227810475,-0.0166361611887089,0.0,66.95634951366614,24.78013569885465,0.0,2232.163429767704
756,26.644229191522264,0.0390659123193866,-0.0273366326918967,0.0,66.95627557521495,24.78464849120792,0.0,1803.0197078619499
757,26.64472363253101,0.0574118748341596,-0.0034594804843294,0.0,66.95620161880095,24.78916128063427,0.0,1410.680809036683
758,26.719913449227185,0.0093066861261212,-0.0455987969075871,0.0,66.9561276444213,24.79367406713329,0.0,1025.1384887979184
759,26.874673356439104,-0.006325292604347,-0.0535071517853487,0.0,66.95605365207314,24.798186850704568,0.0,665.7769395194656
760,27.63018510121284,-0.0655017010471066,-0.0801523315065471,0.0235407488986784,66.95597964175363,24.80269963134766,0.0,299.521548660553
761,33.897090247682044,0.1370318383036325,-0.1217399545235076,3.4481761871988987,66.9559056134599,24.80721240906217,933.138881559933,65.22833377091192
762,31.752570951832457,0.5874497301831668,-0.3519314301437187,8.267024349979364,66.95583156718911,24.811725183847663,496.9038554973675,211.53256640547542
763,30.842311745028915,0.6196222354481052,-0.3910268429887688,8.522439427312772,66.9557575029384,24.81623795570372,0.0,277.789842261189
764,30.753273576861844,0.4789754042004437,-0.3202779415807114,4.462598154015704,66.95568342070489,24.820750724629924,0.0,0.0
765,30.00722250084529,0.5883029965455885,-0.3895626386079492,7.92180616740088,66.95560932048576,24.82526349062586,0.0,0.0
766,28.07182674569996,0.1216404064348573,-0.1135547803302712,0.5808671713695801,66.95553520227814,24.829776253691108,0.0,219.5629828435912
767,27.812204249960114,-0.0128482513618992,-0.0063294918035969,0.0,66.95546106607914,24.834289013825234,0.0,673.1843143814843
768,27.668352442246725,0.0190636343103054,0.100956561137222,0.0,66.95538691188598,24.838801771027835,0.0,1049.5167799425603
769,27.814259876810315,0.1031812646112436,0.0412228113879638,0.0,66.95531273969571,24.843314525298474,0.0,1411.489939880489
770,29.046961629033472,0.0607118507888121,-0.0341177052683316,0.0,66.95523854950548,24.84782727663675,0.0,1314.289818887672
771,30.656765381220428,0.1305939911228677,-0.0970205163504008,0.0,66.95516434131247,24.852340025042228,0.0,827.8125376100314
772,31.59191813409824,0.1144174610978333,-0.0296836786450778,0.0,66.95509011511382,24.856852770514504,0.0,341.3393134010002
773,35.57934236092539,0.1385824689897186,0.0071822200394618,3.26452767832553,66.95501587090662,24.86136551305314,0.0,23.749678862068215
774,38.36928981854256,0.1066360749399125,0.0422701446309214,5.256262042389211,66.95494160868803,24.865878252657733,2866.0416784676418,510.9335499535445
775,39.87518067038797,0.1108344078941816,0.0526912732985475,8.778511487137159,66.95486732845517,24.87039098932785,3798.248999345948,955.5670079048137
776,37.59189640173184,0.1814194304426942,0.0860248444802238,8.583287444933921,66.95479303020518,24.87490372306308,144.08913637543114,1369.2801583783323
777,33.62296582932273,0.1924621429783224,0.0493981121685249,12.923182819383262,66.95471871393521,24.879416453863005,4596.361784941973,1765.5287068494708
778,33.14417458488301,0.1690816449725112,0.048264810905224,15.218061674008815,66.95464437964235,24.883929181727204,1995.5869537582803,2109.5534199310764
779,35.584938063483314,0.1633865963471961,0.0494696432736477,17.405695418902194,66.95457002732374,24.888441906655256,674.645027294195,2506.659060992133
780,33.55465474954993,0.132828396792507,0.0401005109538165,20.2388162422574,66.95449565697655,24.89295462864673,0.0,2935.381349029434
781,32.90895642668275,0.1108505711252187,0.0392224558713273,22.070337233310397,66.95442126859787,24.89746734770124,0.0,3383.256668612122
782,34.71259922014457,0.1834635232357681,0.0328799366490047,25.081360132158597,66.95434686218482,24.901980063818343,0.0,3843.940098918277
783,37.21072514950628,0.1930997678080232,0.0733514791959482,27.668683812405455,66.95427243773456,24.906492776997613,0.0,4313.38907149458
784,37.54211510770112,0.2122154244529946,0.0490853996826524,31.344699573765997,66.95419799524419,24.911005487238647,4517.481512560011,4789.02652736459
785,35.28950974066447,0.1989484571231618,0.0156544515709878,33.42440500756638,66.95412353471083,24.91551819454102,8626.743578317815,5269.176869036417
786,38.825092352524095,0.2643786795570143,0.0220004850994402,33.410316368638235,66.95404905613162,24.92003089890431,0.0,5752.710202526024
787,39.23483467821712,0.2364827199194307,0.0325109842403254,34.2210758013482,66.95397455950365,24.92454360032811,1129.780296509425,6238.839994021141
788,34.49812760926127,0.2202837047813002,0.0170914737673927,38.12656486449306,66.95390004482408,24.929056298811982,9992.483478276969,6727.00336460528
789,31.34742480844252,0.1293093772468298,0.025730417909881,39.89969730324712,66.95382551209003,24.933568994355536,14462.71433388138,7216.787655426304
790,33.22857527260119,0.0937169769158883,0.0448245594542878,43.527663088356746,66.95375096129861,24.93808168695832,20860.989642387787,7707.883876866964
791,35.369423415035094,0.1020655138030861,0.0537902104319465,44.63516302104827,66.95367639244691,24.94259437661994,22293.05923987849,8200.056320217163
792,36.72344906784979,0.1027106582260865,0.0523427756708035,49.507772733525904,66.95360180553207,24.94710706333997,24047.19737408073,8693.122192276976
793,38.21089599578622,0.0893340597869695,0.0627953801572864,54.42165359746871,66.95352720055122,24.951619747117988,20173.38219408273,9186.937642362447
794,37.94511802076353,0.0902301425707548,0.062549584190416,55.65043334709037,66.95345257750145,24.956132427953584,19181.750012738004,9681.387970697238
795,38.74472327324993,0.092523043382218,0.0671457725196573,68.09802034643936,66.95337793637988,24.96064510584633,18662.77728005559,10176.380635241496
796,39.22670984195464,0.1132491501748782,0.0536610714582743,72.10982817869413,66.95330327718364,24.96515778079581,18744.63374729124,10671.840170614887
797,33.68459323797911,0.0995931554988636,0.0305535387530635,72.73797085510031,66.95322859990982,24.969670452801605,21214.13106538149,11167.704438274659
798,29.91527225088613,0.0881381282522223,0.0302866045578616,72.04890781700782,66.95315390455556,24.9741831218633,19011.49896329665,11663.921819603933
799,36.75635380909267,0.1136252801405597,0.0841189906247702,62.180368435523775,66.95307919111795,24.978695787980488,18711.93510436541,12160.449087378169
800,39.642863090717945,0.1399888309369414,0.0787831739975136,47.76399394856279,66.9530044595941,24.983208451152727,16994.788640594445,12657.249772333813
801,39.4944873874856,0.1311959872987405,0.0774151847713879,45.82788012097884,66.95292970998112,24.987721111379617,21293.48260339776,13154.292895913626
802,36.820365146425935,0.1238240225367,0.0204318916367366,39.61879213096712,66.9528549422761,24.99223376866073,8335.58423738848,13651.55197709529
803,38.88747427352546,0.133714582132067,0.0441381863046956,36.899174690508936,66.9527801564762,24.996746422995656,2882.9159342686226,14149.004246763321
804,40.36268349315002,0.1545714641457389,0.078841377539858,37.65475044685823,66.95270535257849,25.00125907438398,2002.0061417365148,14646.630020798932
805,39.210790560626826,0.2130617973987128,0.0604062980968929,33.02419243986254,66.95263053058007,25.00577172282528,2443.054369727107,15144.412195827768
806,33.57682936749521,0.2058448203781678,0.018584953881129,27.93452544704264,66.95255569047804,25.010284368319127,1657.3048178542986,15642.335840523565
807,29.6681102894766,0.1970943167317164,0.0065956051380462,27.73773870037093,66.95248083226953,25.01479701086511,945.8062663534984,16140.387862067957
808,33.5694882800165,0.2614573506635702,0.0406897665057001,28.627696112103308,66.95240595595163,25.019309650462823,23.182366912820893,16638.55673211893
809,31.136579980548465,0.1735349444553346,0.0688054478872373,31.778831615120264,66.95233106152143,25.02382228711184,5753.830016806459,17136.832260298466
810,35.336478780487646,0.144544841989343,0.0949072680385495,31.65851648351648,66.95225614897603,25.028334920811734,2682.8659497931903,17635.20540586034
811,37.735745211578525,0.2151374834726566,0.0402018770707601,26.059760956175296,66.95218121831257,25.032847551562103,0.0,18133.668120263115
812,35.01639329692119,0.210362244388313,0.003122240001341,25.212133718530755,66.95210626952809,25.037360179362526,0.0,18632.213214874573
813,32.70431177914984,0.2191277922154576,-0.0209982863402005,28.220387948823777,66.95203130261972,25.04187280421258,0.0,19130.834249266005
814,31.020303176125516,0.2075197100245521,0.0313927755035747,30.369565217391305,66.95195631758455,25.04638542611185,0.0,19629.525436466523
815,38.420764492748674,0.3156364464715927,0.0329639791675869,30.760077039482734,66.95188131441968,25.050898045059927,0.0,20128.2815622347
816,25.382022468688834,0.0725685772963403,0.0199948370484379,0.0,66.9618083391716,24.74861338684504,0.0,4824.63272619495
817,25.372640281104232,0.0525613997543708,-0.008348416032802,0.0,66.96173470461073,24.75312621356734,0.0,4368.758320642074
818,25.39532247668736,0.0302764210287827,-0.0165423426485855,0.0,66.96166105215029,24.75763903736664,0.0,3922.1955733602485
819,25.366393806624423,0.0280190233235938,-0.0210930549308222,0.0,66.96158738178742,24.762151858242536,0.0,3490.155722437298
820,25.83258880026593,0.1191004952814112,0.0194002587776567,0.0,66.96151369351928,24.7666646761946,0.0,3078.7588112296385
821,25.845493879219333,0.0283284107089996,-0.0208299653340204,0.0,66.96143998734308,24.771177491222403,0.0,2687.9451493502434
822,25.45310137130113,0.0385362813332253,-0.0344205623985608,0.0,66.96136626325594,24.775690303325536,0.0,2334.3065507133833
823,26.61040821249071,0.0357015713259219,-0.0244027581528367,0.0,66.96129252125502,24.780203112503568,0.0,2022.9199549720295
824,26.78300432895375,0.001932548969292,-0.0453199615088471,0.0,66.96121876133748,24.78471591875609,0.0,1572.734322462004
825,26.79393149985823,0.0214797430763216,-0.0391359014978342,0.0,66.96114498350045,24.78922872208268,0.0,1114.3696596975153
826,26.871714690960196,-0.0102619761861508,-0.0544951647232212,0.0,66.96107118774115,24.793741522482915,0.0,705.8722275905292
827,27.65546611192039,-0.0656363765435233,-0.0682311348917917,0.0128116820498691,66.96099737405669,24.79825431995636,0.0,319.57453200462334
828,36.48468989913549,0.0511121093969376,-0.006308487117254,3.364124449339208,66.96092354244422,24.802767114502625,1787.6638970489623,40.93580505837354
829,38.589615922135216,0.2979926377684946,-0.0952026226023499,5.9681993392070485,66.96084969290091,24.807279906121263,1021.1320837911346,152.5067136487998
830,30.73131306522292,0.3428894331812414,-0.2511785879534651,3.2605943863511286,66.96077582542391,24.81179269481187,0.0,352.5447855650221
831,32.94265208294719,0.3706741836492107,-0.2292269047914824,5.353742432581178,66.96070194001038,24.816305480574027,0.0,78.98124488318346
832,32.65405173834529,0.2349009674090084,-0.1280246339061552,3.243667400881056,66.96062803665745,24.82081826340731,0.0,107.8403999327949
833,32.51508047723072,0.1536857223249722,-0.0773478025511306,3.2136469940844683,66.96055411536229,24.82533104331129,0.0,2.9360223633163822
834,28.003820454847787,0.0424932142179567,-0.047845699700055,0.0,66.960480176122,24.829843820285564,0.0,436.0188869274129
835,27.728428112536527,-0.0151838736241075,-0.0121962562583911,0.0,66.96040621893381,24.834356594329705,0.0,911.7023551165139
836,27.617161592154588,0.0509927411969538,0.0114093509457267,0.0,66.96033224379482,24.838869365443287,0.0,1102.1550844015908
837,28.12084605337561,0.0316154667284791,0.014986875846703,0.0,66.96025825070215,24.843382133625905,0.0,1269.9172940708074
838,29.371707915222505,0.045743519500311,-0.0360928401282577,0.0,66.96018423965299,24.84789489887712,0.0,1339.6512458177247
839,30.360067761041343,0.0799308348667273,-0.0362000890284383,0.0,66.96011021064444,24.85240766119653,0.0,992.4349636449941
840,31.27904214533869,0.114290050863566,-0.0095218780233595,0.0,66.9600361636737,24.856920420583712,0.0,568.1524032919673
841,29.917100926431743,0.1584343288577078,-0.0385789536707145,0.1024229074889868,66.95996209873789,24.86143317703824,0.0,150.1134949350653
842,34.177001397298675,0.1017790748311749,0.0279847080032481,1.760016522098307,66.95988801583414,24.865945930559704,829.7122301785006,259.750000268545
843,39.27240164890009,0.0961976316967292,0.0409504041226348,6.354625550660795,66.95981391495957,24.870458681147674,6688.750266686983,676.2559353760388
844,34.29836615783455,0.1054752833111405,0.0238360107293325,8.093474669603527,66.95973979611134,24.87497142880174,166.97427309619502,1067.307241009701
845,30.885954292711524,0.1578450434959356,0.0370667709044817,14.285458797633789,66.9596656592866,24.87948417352148,3714.7162653635473,1404.578686564954
846,36.20858825811013,0.1724733675507737,0.065110099159118,14.468823124569855,66.95959150448249,24.88399691530648,3826.515989586356,1818.2313668962997
847,37.709062396751534,0.1805862212636066,0.067015585593071,18.49133186571272,66.9595173316961,24.888509654156305,2110.154986061059,2266.342231993904
848,34.27152191146103,0.1616621021240612,0.0561957616714217,20.205392763791444,66.95944314092463,24.893022390070545,0.0,2732.353731034212
849,30.624919630215988,0.1482900813367435,0.0455383668046542,21.704264099037147,66.95936893216518,24.8975351230488,0.0,3208.614453337382
850,32.911240098005244,0.2481257057538601,-0.0068731878181676,25.498898678414097,66.95929470541488,24.90204785309061,0.0,3691.1592364039034
851,31.07783209767074,0.1230353776658711,-0.0175151320518095,29.38752753303966,66.95922046067086,24.906560580195595,4625.040555812628,4177.811186075562
852,35.31298969723447,0.0965081300460117,0.0334170116822134,34.979911942762804,66.95914619793028,24.911073304363324,18026.443652097703,4667.285732007161
853,33.812810367292634,0.1004669241312448,0.0352670652589847,37.09065896271839,66.95907191719024,24.915586025593377,18830.38513554113,5158.779497280345
854,37.49011266918369,0.2400302021602758,0.0144234287325163,36.14028083700442,66.95899761844788,24.92009874388534,1045.5600828343524,5651.765715120752
855,38.46486242915272,0.2198741393189698,0.0467292801286177,39.42709766162311,66.95892330170034,24.92461145923878,3651.710234641998,6145.885249119008
856,33.03913932486383,0.1424630712095769,0.0346264224283374,42.59064649243466,66.95884896694476,24.92912417165329,12711.494079427615,6640.885128635454
857,28.681440961624087,0.0793890993078982,0.0143189479850668,45.45177246496288,66.9587746141782,24.933636881128454,21695.09384062537,7136.582171307027
858,31.277662434537724,0.0769348445780574,0.028458849621407,49.72551174611895,66.95870024339786,24.938149587663847,21456.880294713388,7632.840551431305
859,35.186104674043705,0.08565361687878,0.0646451017981094,49.63753778510577,66.95862585460084,24.94266229125905,21319.32435422506,8129.557471289204
860,37.43482327548291,0.0923805281845852,0.0568516612723326,50.0045335897788,66.95855144778425,24.947174991913656,19779.052990276825,8626.653724017702
861,35.34850196129091,0.0865244050130886,0.0489541628541505,54.65892218861698,66.95847702294523,24.951687689627235,19233.30389726652,9124.067309532922
862,37.81672802387683,0.0865179136795495,0.0633323912696225,61.16235908715973,66.95840258008089,24.956200384399374,20269.025435577856,9621.749012698181
863,39.97288169644537,0.0839853971577976,0.0572993414276925,70.55972508591064,66.95832811918834,24.96071307622965,18747.012915223087,10119.659275761638
864,39.981264137212,0.0841685135002012,0.0629272037264572,74.5067363211438,66.95825364026476,24.96522576511765,18696.902724351443,10617.765944458735
865,36.2062208374598,0.0924711832292526,0.0524928014713679,85.83505154639175,66.9581791433072,24.96973845106297,18759.026421233964,11116.042616185461
866,31.88890474087012,0.1067705721687778,0.040256472621262,87.06625429553263,66.95810462831282,24.97425113406516,15742.51992566492,11614.467410863368
867,35.68557469784714,0.146507728167109,0.0642277968057045,66.62579048666485,66.95803009527873,24.978763814123823,16560.76203590103,12113.022043686758
868,37.23362928600854,0.1633907921806861,0.0559405684031811,51.68719923002888,66.95795554420202,24.98327649123853,20245.614108039244,12611.691116711574
869,36.96100920347981,0.1133395603613936,0.0756309351799586,48.31323812139522,66.95788097507985,24.987789165408884,14967.060702159391,13110.46157141557
870,37.68925250025969,0.2035859143438613,0.0101150515536074,44.25858752404505,66.95780638790929,24.992301836634454,12364.798005194612,13609.322261136096
871,34.61779088177635,0.1854889781537502,0.0024792367845945,39.84956724824837,66.9577317826875,24.99681450491481,2829.741918495202,14108.263613888765
872,35.93317568858204,0.1356142320490738,0.0808305476697312,41.99683979115141,66.95765715941155,25.00132717024956,2275.535966597997,14607.277364047713
873,39.00990345568174,0.1917595054412375,0.0648626479277909,37.48331731429356,66.95758251807858,25.005839832638262,3143.723339076009,15106.356337022933
874,38.42580870920679,0.2241466618731382,0.051122851948823,29.761616717074507,66.95750785868567,25.01035249208052,2990.091523583134,15605.494275148649
875,37.28293120020209,0.3319578893538248,-0.0227371320474198,27.754639175257736,66.95743318122999,25.01486514857591,4046.429497115539,16104.68569584594
876,35.83993226265872,0.3415114482710428,-0.0420518713474269,29.37771365759824,66.95735848570858,25.019377802124005,6251.3426297801125,16603.92577530665
877,27.86607298149576,0.1663952440333377,0.0133362722664926,30.8274676931537,66.95728377211859,25.0238904527244,1874.1034780792747,17103.21025250929
878,34.698900643065514,0.1524246748183156,0.1283119650887999,38.32897633461751,66.95720904045712,25.028403100376668,3951.746435749383,17602.535349511767
879,38.93006792169098,0.1837919747564434,0.0919048750335773,31.62963981303273,66.95713429072127,25.0329157450804,0.0,18101.897704930754
880,38.08109570647101,0.2098200887738036,0.0762994277165483,27.87022271102557,66.95705952290815,25.03742838683517,0.0,18601.294318095697
881,34.54481529048334,0.1524613951391238,0.0027862607210609,27.17685019909378,66.95698473701484,25.04194102564057,0.0,19100.722501956432
882,35.131716263155305,0.2084033130210923,0.0133867153920503,30.0649457641082,66.95690993303849,25.046453661496173,0.0,19600.17984317388
883,37.87575227880269,0.3049021946262178,0.0381992262664754,31.28120280104352,66.95683511097616,25.05096629440157,0.0,20099.664168149677
884,25.331011881722205,0.1022210482386391,0.0341131722222628,0.0,66.96675011613463,24.74868054044793,0.0,4650.60894771573
885,25.57542477992705,0.065454237893816,0.0078151308267303,0.0,66.96667665980708,24.75319338102908,0.0,4176.474784896691
886,25.566615631733026,0.0829486216628256,0.0143997643126162,0.0,66.9666031856232,24.757706218688213,0.0,3709.14001796426
887,25.745999998220167,0.1375400612572998,0.0393363647476436,0.0,66.96652969358023,24.762219053424896,0.0,3251.038879354448
888,26.366305908449142,0.1030351588836512,0.0496106428649776,0.0,66.96645618367529,24.76673188523872,0.0,2804.903348383317
889,25.58999482444507,0.0558769197447201,-0.0131342326171335,0.0,66.9663826559056,24.77124471412927,0.0,2380.1368961219423
890,25.95227809253105,0.0357945664487887,-0.034890897617412,0.0,66.96630911026828,24.775757540096105,0.0,1983.0785300309146
891,26.68766033650125,0.0441450575962414,-0.0345593495180997,0.0,66.9662355467605,24.78027036313884,0.0,1629.8890768144836
892,26.828118152853623,0.0054970207077939,-0.0472116876052854,0.0,66.96616196537946,24.78478318325701,0.0,1316.8221306231742
893,26.82028594437942,0.0065469770141009,-0.0355904757669392,0.0,66.96608836612228,24.789296000450232,0.0,945.9961661205592
894,26.978431690274093,-0.0496838545044456,-0.0610463298435737,0.0,66.96601474898617,24.79380881471807,0.0,474.4421054785385
895,32.56772202986924,0.0070442104942399,-0.0385699224350585,2.0375825991189425,66.96594111396821,24.7983216260601,859.0261358327646,2.4644498956602696
896,39.78173156569935,0.1594617333812904,0.0516428281439419,5.840033039647577,66.96586746106566,24.80283443447593,7952.999158466505,294.0518260972724
897,38.07741010031247,0.1724896930353618,-0.0052714449286496,4.00412938747419,66.96579379027561,24.807347239965104,8172.009470075156,158.33403787651318
898,30.70720914034555,0.0920857931810728,-0.0878056863559336,0.6676762114537445,66.96572010159525,24.81186004252721,0.0,69.12806614245567
899,30.96648388501104,0.0498678185547722,-0.0370392941429607,0.7981828193832596,66.96564639502176,24.81637284216185,0.0,133.64116106908548
900,30.234738552571336,0.0595733642865462,-0.0342071717158174,0.8597216480639382,66.96557267055225,24.8208856388686,0.0,200.7486757431475
901,29.582557502875478,0.0313399517039902,-0.0329106182334484,0.1248277762469,66.96549892818388,24.825398432647013,0.0,221.1185093552152
902,29.07977255333153,0.0279541211955164,-0.0283494757956728,0.0,66.96542516791384,24.829911223496698,0.0,350.2185273915279
903,28.30630968459729,-0.0097638106310737,-0.0365244930210761,0.0,66.96535138973925,24.834424011417216,0.0,473.1324940351434
904,28.020487115415143,0.0002210065127548,-0.0282904106714657,0.0,66.96527759365728,24.83893679640817,0.0,628.8287921473909
905,28.543245809205697,-0.0144316514572264,-0.0762306649813406,0.0,66.96520377966512,24.843449578469123,0.0,816.6460330305158
906,29.1986357371004,-0.0156553002126547,-0.0725768120356031,0.0,66.96512994775986,24.84796235759966,0.0,842.0057957443717
907,30.555501021931512,0.051734065843592,-0.0721224110051657,0.0,66.96505609793866,24.852475133799373,0.0,1010.2023170164173
908,29.651838813930947,0.1598453750950452,-0.0439710660404883,0.195789763346175,66.96498223019869,24.856987907067825,0.0,836.4471711431142
909,27.231870380123837,0.2593965144740597,-0.0770101641035583,1.8096024212408857,66.96490834453711,24.861500677404617,0.0,433.4897753152743
910,32.560451296613934,0.2105731268051838,-0.0464749720410293,0.3397109428768067,66.96483444095104,24.866013444809298,0.0,17.589415320482853
911,36.7824416017346,0.0965360063389863,0.0385334642873512,3.621420704845816,66.96476051943763,24.870526209281483,1587.581634248591,361.99390093690005
912,28.323166830960208,0.0716875051056041,0.007256480643306,7.41672406667585,66.96468657999402,24.87503897082074,1570.727004289961,703.8941265056513
913,29.195710300865827,0.0916295925434854,0.0251942053085222,11.102959394356509,66.96461262261741,24.87955172942664,2983.3881725176834,1151.602595410316
914,34.84637089564706,0.1186165940659156,0.053040301882201,12.743116740088109,66.96453864730485,24.884064485098783,1821.5122634641425,1629.6129409670123
915,36.16682716758566,0.1601154468247045,0.064676587498765,15.958866419039762,66.96446465405357,24.888577237836746,2679.442449575598,2117.802667070462
916,33.795010942327735,0.1347264961558552,0.0366230230900045,17.762828449580415,66.96439064286068,24.893089987640103,0.0,2610.4669956958046
917,35.234366248927,0.1498286442928224,0.0775351735915269,20.472692254780583,66.96431661372333,24.89760273450844,0.0,3105.4770542149495
918,38.06721854468017,0.1926335496216606,0.0694733240561468,26.95501444490301,66.96424256663862,24.90211547844133,3067.416247046627,3601.8658404471707
919,36.72916868168711,0.1053692523579256,0.0488465649403142,34.42252165543793,66.96416850160375,24.90662821943837,19171.732278606567,4099.132509516652
920,37.13449705858127,0.0852089597074611,0.0565026848360137,38.63651361011822,66.96409441861582,24.911140957499136,19283.465050516526,4596.992182749082
921,35.9741536531451,0.087220558641691,0.0455187776218883,42.40794174223685,66.96402031767197,24.9156536926232,20532.28364569349,5095.271035538314
922,32.48669801863151,0.1226987807450458,0.0279156398437942,44.66817807089858,66.96394619876935,24.92016642481015,13150.125294499494,5593.857052394647
923,32.08610895642436,0.1062406664073163,0.0375083120517404,44.3113920571664,66.96387206190508,24.92467915405957,20087.11715591317,6092.674824683151
924,34.55509126850083,0.1131727907748475,0.0471900575825696,49.180892070484575,66.96379790707631,24.929191880371047,19612.7773990262,6591.671739074911
925,36.59568078740125,0.103292945955797,0.0552823353388541,51.405918788713,66.96372373428017,24.933704603744147,21390.95152192221,7090.809975719503
926,34.509655418520325,0.089936617934896,0.0540658087607065,55.75416379903647,66.9636495435138,24.93821732417848,16815.274157828244,7590.061653736585
927,36.16957141760465,0.0875939421093268,0.0629844565829851,58.0381332599119,66.9635753347743,24.94273004167359,21099.61504625033,8089.405769457196
928,37.29656577119276,0.0909717254007759,0.0576750247851599,53.85610125189157,66.96350110805884,24.947242756229084,18578.31674313985,8588.826200245045
929,36.98848010040861,0.0920202330352059,0.0484854216168279,55.98748108405559,66.96342686336452,24.95175546784454,18994.840391825583,9088.310365122263
930,37.91701586815932,0.0909296725230903,0.0590839679368122,58.173751547668175,66.9633526006885,24.956268176519544,18974.13673992754,9587.848303306751
931,38.93267401650625,0.090187431442005,0.0605609225120416,63.47298226316512,66.96327832002791,24.960780882253665,20548.24670045971,10087.43202610836
932,39.82883036246356,0.1048851145240337,0.0585637410239438,67.62984869325996,66.96320402137982,24.9652935850465,17904.077796719677,10587.055052050326
933,38.40309630933051,0.1048142713650418,0.0574155194301046,77.96136926037941,66.96312970474143,24.969806284897626,19322.42620084112,11086.712067544926
934,34.99055529107369,0.1154613777546651,0.0676490557004778,81.69136651086056,66.96305537010981,24.974318981806626,14886.342968371311,11586.398675248824
935,36.28695027141602,0.1352383851257526,0.0539913572607009,68.98680230959582,66.9629810174821,24.97883167577308,7655.372402273711,12086.111204793582
936,36.930505421654985,0.1774811099821074,0.0606025308540414,51.94167010592928,66.96290664685544,24.98334436679655,13224.295471420555,12585.846568550494
937,38.43321167311016,0.1742791573865401,0.0713555481156611,46.193455245428304,66.96283225822697,24.987857054876667,15032.982299482008,13085.60215042888
938,36.593295107622815,0.2571161758950549,-0.0513899174553553,42.45659650570919,66.96275785159372,24.99236974001297,7102.053075277171,13585.375719175252
939,28.616602021799437,0.1224902288383641,-0.0131570130919086,39.76241573806576,66.96268342695294,24.99688242220507,1483.4713479771042,14085.165360147623
940,32.221807760672654,0.1063171413445897,0.0766481296464987,41.6837689133425,66.96260898430164,25.001395101452527,1266.144638363273,14584.969421081683
941,37.15353539153033,0.1303048452457564,0.0734971608718947,47.05114808194693,66.962534523637,25.00590777775495,577.0652762105836,15084.786468651213
942,38.23682714848123,0.2367257900081434,0.0291497917214578,33.899160819920205,66.96246004495615,25.01042045111189,4507.617227120389,15584.615253362444
943,31.453450872193837,0.1867645420116061,-0.0130701654857141,29.786804123711335,66.96238554825612,25.014933121522965,6021.683212004944,16084.45468101454
944,33.30997302661577,0.2642545438830221,-0.0223053327490862,30.82253404869996,66.96231103353412,25.019445788987724,6480.574274656503,16584.303789291665
945,30.567809941690737,0.2876921122508971,-0.0303729161551682,31.54336769759449,66.96223650078723,25.023958453505777,0.0,17084.16172848773
946,34.70481750268996,0.1451152631420247,0.1327014326628704,39.44085726061272,66.96216195001256,25.02847111507669,2581.5747224545494,17584.02774549669
947,39.29544962726612,0.190720984568981,0.1213603232855878,33.91015249347437,66.96208738120723,25.032983773700053,0.0,18083.901170470577
948,38.45537377995876,0.2518645699792072,0.0803738169445691,30.54594222833563,66.96201279436835,25.03749642937545,0.0,18583.7814056233
949,37.2886357107053,0.2053271379614239,0.0565219561712391,27.72518559252132,66.96193818949303,25.04200908210246,0.0,19083.667915793234
950,34.31249535334621,0.157510456421314,0.0227312250722375,30.908990926587855,66.96186356657837,25.046521731880667,0.0,19583.560220456777
951,32.84195959696911,0.2723742587035167,-0.0209546145372448,32.174432989690736,66.96178892562149,25.051034378709662,0.0,20083.457886925153
952,25.678894213436735,0.0640900875838451,0.0303757806466258,0.0,66.97169191095112,24.74874753126994,0.0,4525.400117793733
953,25.692460023479956,0.0848893048962392,0.0414924008464713,0.0,66.97161863285967,24.753260385676363,0.0,4036.5857194438754
954,25.814024743585616,0.1030287137801467,0.0423412956220893,0.0,66.97154533695523,24.75777323716173,0.0,3550.887538966302
955,25.85418799509996,0.0698088465672749,-0.0123233117611959,0.0,66.97147202323497,24.76228608572563,0.0,3069.7850670736675
956,25.411857051702963,0.0342300774996518,-0.0094020088780352,0.0,66.97139869169608,24.76679893136764,0.0,2595.8348178094907
957,25.98801182278024,0.0535694217061878,-0.0205110664451266,0.0,66.97132534233572,24.77131177408733,0.0,2133.4782774824703
958,26.547656508946737,0.059161214831431,0.0358058425495598,0.0,66.97125197515106,24.7758246138843,0.0,1688.593340667386
959,26.827266174499805,0.0027150905914782,-0.0516030663393539,0.0,66.97117859013929,24.78033745075811,0.0,1280.684108559938
960,26.91593013431069,0.0306815058170389,-0.0386825321517234,0.0,66.97110518729755,24.784850284708355,0.0,929.5642699827611
961,26.97802377240782,0.0012960363669002,-0.0343505574118493,0.0,66.97103176662304,24.78936311573461,0.0,611.7095030640849
962,27.880023292529287,-0.0959322121211462,-0.0655548163919127,0.1777104284336685,66.97095832811293,24.79387594383645,0.0,241.33119642988567
963,36.200730356182696,0.0838512783812234,-0.0039391693928239,5.235431877669102,66.9708848717644,24.798388769013474,2924.443135298511,146.41368743224422
964,34.79943816724165,0.106026221134058,0.0005411001499699,4.234027873602871,66.97081139757456,24.80290159126524,2549.120589138736,11.951310480540197
965,29.691564077590755,0.0235340726325991,-0.0354294680816617,0.922588657375466,66.97073790554064,24.807414410591345,0.0,298.6286510136195
966,29.351439594591227,0.0194798242889224,-0.0401319560476934,1.5814145870674208,66.97066439565978,24.811927226991354,0.0,337.699135581347
967,29.775672992822297,0.0062226793959574,-0.0429733959913818,0.7898800496346342,66.97059086792913,24.81644004046486,0.0,281.0350360237033
968,30.27894407857143,-0.0116846305468188,-0.0537645644194578,0.4222344675575147,66.97051732234587,24.82095285101144,0.0,244.32962183306483
969,31.90392410060712,-0.0109764528765424,-0.0471266226750493,2.038821585903084,66.97044375890718,24.82546565863068,0.0,35.87189234063452
970,37.07026885928554,0.0586039844112454,-0.0395371666326256,4.80203744493392,66.9703701776102,24.82997846332216,0.0,149.6804242658257
971,34.481526904818296,-0.0053335519861634,-0.043215097967429,2.664372246696036,66.97029657845209,24.83449126508545,581.4347914516644,14.420591527568348
972,29.929160222352728,-0.0667085995025436,-0.0773093110791309,0.9266244493392072,66.97022296143001,24.83900406392013,0.0,153.011582590378
973,28.54538960038409,-0.0453352738744154,-0.0752978222030511,0.0,66.97014932654113,24.843516859825808,0.0,353.0287384146398
974,28.91762214538644,0.0615064835724004,-0.0799208516969224,0.0,66.97007567378265,24.84802965280204,0.0,347.34123778992824
975,31.88096448801242,0.3482885073755712,-0.191384170886819,1.5746556473829207,66.97000200315162,24.85254244284841,0.0,565.9794445902668
976,30.55030293711985,0.4941901089348867,-0.2728152604074302,3.6092286501377417,66.96992831464527,24.857055229964505,0.0,421.4091030992406
977,30.275613063443025,0.3784182608464131,-0.1989323427215681,2.639592511013217,66.96985460826077,24.861568014149903,192.0613169013356,231.467717056964
978,33.735864948699984,0.2510852052577043,-0.0883175778480525,3.035218049250241,66.96978088399524,24.86608079540419,1249.1128304477454,10.622734412640465
979,36.80562849120516,0.1268300591285206,0.016263342146362,2.8754986930802056,66.96970714184586,24.870593573726943,0.0,119.13062388422982
980,33.046981641131005,0.0839972832954106,0.0200990245125858,6.281645569620254,66.96963338180973,24.875106349117743,7804.7604242661155,586.8994258703848
981,32.46350084575497,0.0738123899547116,0.0106458133433741,10.103822882288233,66.96955960388408,24.879619121576177,3298.1025320478825,1083.7125607931678
982,36.89736224139836,0.0898369139307532,0.0505883958226023,14.314175718410562,66.969485808066,24.884131891101816,1608.4736805903278,1582.5286801632515
983,35.8687030357426,0.1218075418961595,0.0465884687389744,14.955720572057208,66.96941199435264,24.88864465769426,1308.6693133977165,2081.794696997412
984,31.98948360924064,0.1199674896812001,0.0260154630416523,17.866831751272535,66.9693381627412,24.89315742135308,0.0,2581.340535340837
985,32.00992213686756,0.0859546520436695,0.0280150617227874,24.8797633787316,66.96926431322879,24.89767018207785,1407.2947629880323,3081.0337158203483
986,34.79661129078068,0.0898815462941392,0.0599700012304206,30.244114002478295,66.96919044581257,24.902182939868155,13351.199457502802,3580.8125553173304
987,35.89022686318559,0.0850113247927202,0.0466581688111193,38.275330396475766,66.96911656048968,24.906695694723584,17869.53922533263,4080.6455805784635
988,37.1697434802299,0.0860945583831823,0.0516329160263696,44.22629043358568,66.96904265725726,24.91120844664372,18772.705516823487,4580.515053130586
989,35.986735815419884,0.0906658490062038,0.0426961342118772,47.42731277533038,66.96896873611249,24.915721195628134,21365.607442761066,5080.410214665968
990,34.32065010485546,0.0858722951424888,0.0473244818506925,50.794052863436114,66.96889479705243,24.92023394167642,21737.027624146027,5580.324161399531
991,35.01521234256296,0.0971368625923254,0.0630747548733526,52.32301554546704,66.96882084007433,24.924746684788147,19541.108536440624,6080.252259814939
992,36.3735242237796,0.0926724839610654,0.0573378574572006,56.16937259218489,66.96874686517525,24.929259424962904,22785.169862319748,6580.191284403041
993,37.17491528756497,0.0905932100669279,0.062148139641131,58.64911315825656,66.96867287235237,24.933772162200285,19942.641558597355,7080.138920627522
994,33.57976498053221,0.0782472659272117,0.0471468688009351,70.05376787678767,66.96859886160283,24.93828489649986,22394.58397538972,7580.093464536856
995,34.09626235795848,0.0906638601895651,0.052870752235013,68.98102832004399,66.96852483292376,24.942797627861207,19637.843454843925,8080.053633888055
996,36.45002422176795,0.0932014851077615,0.0617737950434663,63.9921638713225,66.96845078631227,24.94731035628392,21357.558701518275,8580.018445294458
997,37.92831321534252,0.084165508926362,0.0568528303061485,62.73383768913342,66.96837672176557,24.951823081767568,23479.11921410224,9079.987131947526
998,38.10008454739538,0.0918986287753938,0.0691123831808849,60.88119493392071,66.96830263928074,24.956335804311745,22517.64764208157,9579.959087113371
999,39.196326114742085,0.086544229857146,0.0652134353878481,65.51506397028479,66.9682285388549,24.960848523916024,21226.6926181826,10079.933824428039
1000,40.14040026066036,0.0995036908840014,0.0637197239920331,70.22671619204843,66.9681544204852,24.965361240579995,22668.736151968165,10579.910949466215
1001,40.23329737969048,0.1198098387855393,0.0706955875391033,73.46223689640941,66.96808028416883,24.96987395430324,16956.847803752644,11079.890138990564
1002,36.67087320552624,0.1278890782721907,0.0741856042340718,76.82666116384648,66.96800612990286,24.97438666508534,13576.064998750922,11579.871125588239
1003,37.2861821659307,0.1082898007215955,0.0607247176760894,69.48287247214199,66.96793195768446,24.97889937292588,3839.33752527811,12079.853686118946
1004,35.12784759841108,0.1417383040033412,0.0376500025434547,52.239235107992855,66.9678577675107,24.983412077824443,5922.4348218227,12579.837632915884
1005,37.51998780568211,0.162104461099961,0.0668907338967622,48.61629344690204,66.96778355937876,24.98792477978061,4363.528311731146,13079.822807007029
1006,34.55905517053617,0.2433322952149357,-0.0355485171003066,43.33736596095682,66.96770933328575,24.99243747879396,1575.2903063693211,13579.80907283184
1007,30.03545246151033,0.1554953916648205,-0.0109196400554443,41.91114167812927,66.96763508922884,24.99695017486408,3242.9517568481765,14079.796314083194
1008,27.37805380817609,0.1051637323955118,-0.0029785697430725,44.62379642365886,66.9675608272051,25.00146286799056,7712.304902668395,14579.78443041226
1009,33.023461226599274,0.2354790534195968,0.0123296073486222,43.597331132205255,66.96748654721168,25.005975558172963,6805.934534874011,15079.773334773608
1010,37.22308338575167,0.2175348505712397,0.033473674010692,36.369218061674,66.9674122492457,25.01048824541089,3779.2660400451696,15579.762951299437
1011,35.956915160037155,0.281618645140481,-0.0155277851742247,32.284987627165265,66.96733793330426,25.01500092970392,1450.0456192559857,16079.753213557773
1012,33.481887606423975,0.2871340746475703,-0.0226655088033303,32.22722901497458,66.96726359938455,25.01951361105163,2046.0118281271923,16579.744063127382
1013,36.344668829026,0.3723523144568717,-0.0551098408638757,32.63442780601733,66.96718924748365,25.02402628945362,933.4741378485658,17079.73544843179
1014,37.18784235363301,0.1402545465291609,0.0962169125318711,44.005910652920974,66.96711487759866,25.02853896490945,0.0,17579.72732375724
1015,39.5276458357673,0.2030325329661988,0.0955088052597587,33.504464899024605,66.96704048972676,25.033051637418723,0.0,18079.71964845065
1016,37.60775987332604,0.2770454325902022,0.0440235999372307,32.186014562439894,66.966966083865,25.03756430698101,0.0,18579.712386234096
1017,38.21987893629075,0.2690431838634863,0.0708067241415777,28.809039703255944,66.96689166001053,25.042076973595908,0.0,19079.705504631973
1018,39.74908326415983,0.2168249925323822,0.0858588124927962,30.558484349258656,66.96681721816049,25.04658963726299,0.0,19579.69897448493
1019,35.56080226647086,0.1628368401408399,0.0489642614079595,31.360329444063144,66.96674275831197,25.051102297981835,0.0,20079.692769538757
1020,26.22706100414522,0.0243004230898185,-0.0134590519391606,0.0,66.97663372357779,24.74881435930876,0.0,4453.125741243802
1021,26.17526286278691,0.0587926614566071,0.0216205552781072,0.0,66.97656062372529,24.75332722750688,0.0,3955.3896030097935
1022,25.927822135836458,0.0516458432997493,0.0291696392484857,0.0,66.97648750610307,24.757840092784896,0.0,3458.3066601387873
1023,25.85786829509919,0.061462620434374,0.0152692528279192,0.0,66.97641437070837,24.762352955142426,0.0,2962.205765840636
1024,26.332547078773267,0.0777687866158947,0.0254804491799881,0.0,66.97634121753833,24.766865814579024,0.0,2467.6792827440036
1025,26.660315469714668,0.0383168736499786,0.0876353371259237,0.0,66.97626804659014,24.771378671094283,0.0,1975.9096855548134
1026,26.271015760992587,0.0517169111286196,-0.0024576805121986,0.0,66.97619485786096,24.775891524687776,0.0,1489.629862796301
1027,26.775647808029756,0.0426532344368256,-0.0098403738030545,0.0,66.97612165134802,24.780404375359087,0.0,1016.7473483972653
1028,26.985485580564923,-0.0048313912754016,-0.0504135332352825,0.0,66.97604842704845,24.7849172231078,0.0,578.9438331371158
1029,27.752437482046076,-0.0791978323767907,-0.0503374494277801,0.8411691713773612,66.97597518495944,24.78943006793349,0.0,240.73262285652726
1030,34.37564482720393,0.0543035760624723,0.000350639192972,7.093064938646078,66.97590192507819,24.79394290983574,2621.8877954442764,93.33520157371011
1031,32.08197387819673,0.0782780853946329,-0.0173419657393579,3.008678881388621,66.97582864740184,24.79845574881414,3870.45952033449,48.70917890108914
1032,28.803482455199067,0.0076344860141371,-0.0282563774395571,0.957569913211186,66.97575535192757,24.80296858486825,0.0,324.37713800118297
1033,29.966488407661185,-0.0118689507465288,-0.0379094092034079,2.4293388429752065,66.9756820386526,24.807481417997664,0.8694650762886418,253.7569926766384
1034,35.08042056801489,0.0166338146092431,-0.009441197936926,3.170291850220264,66.97560870757405,24.81199424820196,1007.8025843266604,46.43683308052206
1035,39.34621775276709,0.0654734304944006,0.0189058492372688,6.051899779735683,66.9755353586891,24.81650707548073,1811.906825977365,17.831923216398614
1036,41.49402048693443,0.1275427019123205,0.0273845270927142,8.544640396803526,66.97546199199498,24.82101989983354,2649.532977665805,249.59204826074844
1037,38.75286310414303,0.0573153778518279,-0.0106167412634888,3.5020666850372013,66.97538860748875,24.82553272125997,116.78983132822044,55.84232910631534
1038,33.713861953481704,0.007687650023325,-0.0437885950801433,1.5943786166988156,66.97531520516766,24.83004553975962,0.0,195.5272765251284
1039,36.41238249833727,0.047256398445899,-0.0102243725870917,4.430224548835928,66.97524178502887,24.834558355332053,463.78520780333446,32.77786131499165
1040,38.796981173161626,0.0727888247354928,-0.0044038186784823,5.823667171786751,66.97516834706954,24.83907116797687,1175.3119642210372,243.97753731887653
1041,37.12846569306796,0.0662178914679721,-0.0164131427613095,4.7810993249758935,66.97509489128683,24.84358397769362,1544.793792381883,83.18281920148968
1042,35.780415132482446,0.097830131021462,-0.0016137817711129,2.056343849015016,66.9750214176779,24.84809678448192,1374.2511808800791,9.48577509559454
1043,34.36630165804656,0.156098209715947,-0.0640102807288031,0.1613436123348017,66.9749479262399,24.852609588341323,0.0,109.07048812384248
1044,33.598972307029726,0.2514400863506458,-0.0852045885882095,1.352585258525853,66.97487441697005,24.857122389271424,6244.618085960287,10.454550296051995
1045,35.61721253173271,0.2089422578321517,-0.0683210244619052,2.8602860286028604,66.97480088986546,24.8616351872718,10106.059611473243,60.979514439004
1046,36.734164167980495,0.0774468351586357,0.0034699230409715,3.999862524058291,66.97472734492335,24.86614798234205,14526.938786677669,416.2963327004684
1047,31.049079050346705,0.0649875424407957,-0.0370174029711869,5.325216673545192,66.9746537821408,24.870660774481728,4553.782001813113,580.1129581703614
1048,34.561155148421015,0.0807442347381212,0.0360277244956341,7.786618942731279,66.97458020151502,24.87517356369043,5160.119582259893,826.2372410940133
1049,35.61686879395295,0.1179762959081468,0.0424924334559823,8.868236266005788,66.97450660304317,24.879686349967745,1111.9429070059368,1230.5593591001382
1050,34.10885277053285,0.0882584473443073,0.0310964218935971,12.647115517003993,66.97443298672239,24.88419913331325,3728.93633395457,1686.492903710611
1051,36.29858190982379,0.1333479117474138,0.0488274284878501,14.144686123348013,66.97435935254985,24.88871191372652,1676.020977748425,2161.999142446878
1052,37.5949981022429,0.1708019007493194,0.0687424132842223,19.33980448850337,66.97428570052269,24.893224691207124,2183.120667868469,2646.5491246675265
1053,36.0426494278318,0.0999542309607251,0.0461537990343741,23.57406387665198,66.97421203063809,24.89773746575468,6271.5971716822805,3135.9534828037195
1054,36.53787225974261,0.0705295494326235,0.0576960199789923,29.42133516861665,66.97413834289317,24.902250237368744,4281.196552640105,3628.24836842899
1055,38.112025923248055,0.0757607438926732,0.0616395700705527,35.93919383684137,66.97406463728515,24.90676300604889,16218.316492449962,4122.398355251754
1056,37.2408274527528,0.0830909940760216,0.0526453409168433,46.67547117897921,66.97399091381111,24.911275771794745,19939.15239710629,4617.807940512069
1057,37.73255540538515,0.1208462219402789,0.0442160417303789,55.32379642365885,66.97391717246823,24.915788534605845,14099.98901031868,5114.111081233125
1058,36.36920484495668,0.1003516512163942,0.0512039938986914,62.33264548080889,66.97384341325362,24.9203012944818,20013.895268471824,5611.070675602508
1059,34.41018259886093,0.0904665825616429,0.0507632877197098,64.17980464988304,66.97376963616453,24.92481405142217,19784.91951287269,6108.52650822585
1060,37.65884588034279,0.0819923046986281,0.0602903586141998,79.18928964757707,66.97369584119802,24.929326805426548,23756.02164710011,6606.366480635337
1061,37.48694991843613,0.0819254586366658,0.057626282118774,69.30850770925112,66.97362202835126,24.93383955649452,23847.162629740644,7104.509838890781
1062,33.6041494669649,0.0678288488032245,0.0345535358897806,81.61816930488644,66.9735481976214,24.938352304625667,21452.0101923554,7602.896949520384
1063,34.95357127704297,0.0967383474977507,0.0441648252260384,83.75344162995597,66.9734743490056,24.942865049819563,16788.73936106953,8101.482827162845
1064,37.489890329353344,0.088935332628151,0.0621976754203389,81.85112823335169,66.97340048250098,24.947377792075805,22634.68695679574,8600.232902212609
1065,37.32869558238963,0.0945160337982635,0.069168704203871,78.79199339661577,66.97332659810472,24.951890531393964,20985.00512578597,9099.120174250487
1066,37.51926277574084,0.0905165388869185,0.0697404456466672,68.4909891319301,66.97325269581394,24.956403267773634,22313.756425443386,9598.123249796306
1067,39.1546387172866,0.0911715509796153,0.0541207056359627,62.84439862542954,66.97317877562574,24.960916001214382,21652.314499616088,10097.219762292101
1068,40.41218815295476,0.1021634964322134,0.0515723270053386,68.32888766671249,66.97310483753733,24.96542873171581,18504.356142458983,10596.381303152617
1069,40.45264793720942,0.110467233216957,0.0656217507639501,70.90739214069798,66.97303088154585,24.96994145927749,18852.83147592649,11095.61834758449
1070,35.49910757780298,0.1033086167241253,0.0624200116766494,74.445314646881,66.97295690764838,24.974454183898995,7664.4744323662735,11594.921142826088
1071,35.518862274458975,0.1027240779297641,0.0565308311695081,60.379348274439714,66.97288291584209,24.978966905579924,3286.422746282582,12094.28154547162
1072,39.46677171605861,0.1115633280414312,0.0771174695292967,57.31434860365937,66.97280890612413,24.98347962431985,4134.56889986655,12593.69270284052
1073,40.7602234602339,0.1069253958840025,0.0899543338469957,62.95239405613647,66.97273487849164,24.98799234011837,510.8892458393385,13093.148807133746
1074,38.9004258225863,0.1666906255943944,0.0242609907983433,44.4687199230029,66.97266083294174,24.99250505297506,1123.0288200461005,13592.64490368169
1075,33.30835024596648,0.1436031617696459,0.0032437664033371,45.51690954083037,66.97258676947153,24.99701776288949,12330.58211507877,14092.176739917782
1076,28.80878925840828,0.0983405089794879,-0.0134568769461673,47.083848797250894,66.97251268807823,25.001530469861265,13444.237188856516,14591.740645319565
1077,33.71192062500209,0.1689273077989138,0.0546872876190854,42.62268041237114,66.9724385887589,25.00604317388996,10915.437798063542,15091.333435158238
1078,37.815201248853626,0.203599118898656,0.0535673904728109,38.3413058419244,66.97236447151069,25.010555874975147,2122.8115896950203,15590.952332735747
1079,37.59011558760826,0.2900213264114347,-0.0043191598161323,34.26474226804124,66.97229033633073,25.015068573116427,1915.650560194047,16090.594906089536
1080,31.342802504662743,0.346453579032381,-0.0824747446222333,33.640060447863725,66.97221618321616,25.019581268313367,1133.1424936450069,16590.259016113687
1081,35.49710270545682,0.4030554239268712,-0.0854614084415463,33.7171314741036,66.97214201216414,25.02409396056557,513.907782240306,17089.942773786708
1082,42.0584675378596,0.1563035292006064,0.1145790241791108,44.24302788844622,66.97206782317174,25.0286066498726,0.0,17589.64450466694
1083,40.37349097523152,0.2395218701648954,0.0772141826566877,31.799285616156077,66.97199361623609,25.03311933623405,0.0,18089.362719273857
1084,37.87383325076513,0.2390709649077176,0.0674353805935653,32.26346153846154,66.97191939135436,25.037632019649507,0.0,18589.096088246097
1085,37.53404249264926,0.2917201592175796,0.0259589631017008,31.837001375515825,66.97184514852364,25.04214470011856,0.0,19088.843421390124
1086,36.30111762129231,0.2618805911853991,0.0177342501179648,28.529419851526,66.97177088774107,25.046657377640766,0.0,19588.603649935263
1087,37.27596055364126,0.1990634789979008,0.0296023057517951,29.69457044673541,66.97169660900379,25.05117005221573,0.0,20088.375811445774
1088,26.99773921523011,0.0391839086352398,0.0397407343454029,0.0,66.98157555397134,24.74888102456208,0.0,4433.754128087157
1089,26.931386271861065,0.0299689408037563,0.0199566081822686,0.0,66.98150263236059,24.753393906518298,0.0,3933.791340011691
1090,26.254823984130727,0.0226253575218937,0.0128018637017453,0.0,66.98142969302344,24.7579067855554,0.0,3433.839388330511
1091,25.8758457183623,0.094967297974279,0.0714100019018693,0.0,66.98135673595709,24.762419661672965,0.0,2933.9038127759777
1092,26.800054248498768,0.0792013607971697,0.1377129215464815,0.0,66.98128376115872,24.766932534870573,0.0,2433.994704201129
1093,26.90466006230485,0.0438630942811808,0.1171570170613848,0.0,66.9812107686255,24.7714454051478,0.0,1934.1325852195744
1094,26.87833621055527,0.0054441014708841,0.0517452426607185,0.0,66.98113775835466,24.77595827250424,0.0,1434.3665828570972
1095,27.15931935274784,-0.0054682296334245,-0.0251439243745715,0.0,66.98106473034335,24.780471136939447,0.0,934.7787677876047
1096,27.416062591600507,-0.0325178018942875,-0.0368785204558429,0.4265232974910394,66.98099168458876,24.784983998453026,0.0,435.22200962916094
1097,30.31498584932086,0.009250698324244,-0.0162546196791811,6.49841575974652,66.98091862108808,24.78949685704456,520.1284170086738,36.00596260026654
1098,29.26397695367683,0.0207145816326205,-0.0205882237221431,2.4594296735087475,66.9808455398385,24.794009712713613,1118.3220442040003,158.12841317146632
1099,28.61354557337745,-0.0058706392863928,-0.0230421703402733,0.1474438473198291,66.98077244083719,24.79852256545978,0.0,259.71951679225594
1100,33.45289913386419,0.0201791163723294,0.0074549467957163,2.889516462322635,66.98069932408134,24.80303541528263,0.0,42.45456513179449
1101,39.8644840186382,0.0551331400902246,0.0491968327076487,3.254858718125432,66.98062618956813,24.807548262181754,1143.5049596733288,159.89060617747796
1102,43.71833043806284,0.0832733179182096,0.0620885810636387,6.875723339763023,66.98055303729471,24.81206110615673,1806.1201947949608,363.41486867427415
1103,44.0554523824122,0.0936735465732933,0.07013793352351,7.120677779308448,66.98047986725831,24.816573947207136,1012.3885720808456,482.02064172459256
1104,41.864934287892005,0.1130265663345223,0.0467885608249051,9.152796913750343,66.98040667945608,24.821086785332565,5741.068810578172,615.6438102601991
1105,42.80001594877325,0.1034791039682719,0.0425443713125124,6.898113727110011,66.98033347388521,24.82559962053258,6704.2029936274375,398.2120275811188
1106,42.06851537585963,0.0785146904085993,0.0560627297059875,5.925533379215417,66.98026025054286,24.830112452806777,1773.453102261996,228.77282971732978
1107,35.256052166042146,0.021439676846059,0.0219186065977969,2.71875,66.98018700942622,24.834625282154736,0.0,21.85288634813628
1108,32.84641422153277,0.0309389199793576,-0.0191717253311813,2.079113924050633,66.98011375053244,24.83913810857603,0.0,147.4375339809892
1109,41.07566090062744,0.0830421572892425,0.0151263735605498,3.974545954870666,66.98004047385872,24.84365093207025,1913.4523817998097,154.37431589045093
1110,41.27505312524167,0.1032888652470226,0.0276093574169861,4.955252650419938,66.97996717940221,24.84816375263697,4745.203324784883,186.48709347135122
1111,40.39273016742983,0.1262190667271369,0.0168713926948821,2.8939977973568296,66.97989386716011,24.852676570275783,1294.0929467217006,10.822680203387495
1112,39.41107849366056,0.0998276648765476,0.0469724866136875,2.555479074889869,66.97982053712957,24.857189384986263,16950.6261515685,286.61984962290506
1113,36.94547966864172,0.0922105844052562,0.0495243892796663,4.35294117647059,66.97974718930773,24.861702196767983,16165.549236143725,552.7657723886331
1114,38.17916334594851,0.0818422109110423,0.0427879509853364,6.1345915415346495,66.97967382369183,24.866215005620543,22511.538945336528,762.1759680819215
1115,31.16678851188017,0.0605752950020091,0.0009831560185646,9.365840220385673,66.97960044027899,24.87072781154351,20323.96500610011,1074.8079584619325
1116,31.099859830693937,0.0911228512750768,0.0192309499726015,7.706044334297118,66.97952703906638,24.87524061453648,4731.798296925983,1230.5724529500862
1117,36.70939328936031,0.1336680039057764,0.0417361350071893,6.673545191910852,66.97945362005119,24.87975341459902,3351.1652165527294,1533.3440093119887
1118,37.70549549277344,0.1561086931607777,0.0393497486663517,9.558948961342686,66.97938018323055,24.88426621173072,2667.771312832327,1919.4014003712502
1119,37.282927290191246,0.0928535860349491,0.0548278241946108,15.23624105668684,66.97930672860164,24.88877900593117,2881.5130389373803,2348.2086179479757
1120,36.21807184066447,0.1835070444560857,0.0275570687543147,17.63351217498968,66.97923325616163,24.89329179719993,1919.671527357492,2800.725922101362
1121,36.89210594892697,0.1370698974844353,0.0435560497735113,19.834915394139493,66.97915976590768,24.8978045855366,872.9499569650563,3267.116108701505
1122,37.842401412400896,0.0646223005768999,0.0390675811370577,26.003028634361225,66.97908625783694,24.902317370940764,1890.892709212578,3742.1958319179616
1123,37.93176719368031,0.0849195371215688,0.0383522992990499,31.570976180641605,66.9790127319466,24.906830153412,5219.017959496951,4223.033461955188
1124,37.419581421817206,0.0837036692348822,0.0456951868282335,43.87417400881057,66.97893918823375,24.91134293294988,15707.473073808384,4707.86507844244
1125,37.130461113748645,0.0890970314609991,0.0717903740324374,64.73375550660792,66.97886562669564,24.91585570955401,15470.943190287084,5195.572689564313
1126,36.250426129975246,0.1030788289567345,0.0590995766556953,69.88711453744493,66.97879204732935,24.92036848322395,13922.439690479492,5685.416215893552
1127,36.008274423277825,0.083558357175773,0.054677057783455,71.36522577092511,66.9787184501321,24.92488125395929,21657.45006756156,6176.887527145739
1128,38.14597466558372,0.0799866271576608,0.0605492846460866,76.25055066079292,66.97864483510101,24.929394021759617,26515.579149385303,6669.626788491577
1129,36.99005168041268,0.0780924958195402,0.0597549595711938,78.9808803301238,66.97857120223324,24.93390678662451,18493.33810236629,7163.372353311771
1130,35.57732745172534,0.0794612145984019,0.0560265426284977,82.42837503436894,66.97849755152593,24.93841954855355,24144.4323441168,7657.929579612001
1131,37.34785332973326,0.0956569886467663,0.0895274950429536,99.2771896053898,66.97842388297626,24.94293230754633,7076.988161166805,8153.150766426052
1132,39.07529381927169,0.1030802314306459,0.0654435560549164,72.2415830699464,66.97835019658136,24.947445063602416,18080.86670952021,8648.921863072715
1133,32.82197949394257,0.0830510036685592,0.0505734810005602,69.59241445650679,66.9782764923384,24.95195781672141,21558.13246010457,9145.153435929084
1134,35.230986261018714,0.0981128029192718,0.0574823870406838,68.99738795710749,66.9782027702445,24.95647056690288,18311.31050024222,9641.774387502035
1135,38.52404036730412,0.0908611942270066,0.0536465306566501,61.930162221611205,66.97812903029684,24.960983314146407,21314.743585967004,10138.727499640649
1136,40.55550226220282,0.0927835479659979,0.0570869786049755,65.59012107870117,66.97805527249257,24.96549605845159,21927.19768531626,10635.966213002655
1137,40.43019030317561,0.102979532169256,0.063441595717631,70.88855255916347,66.97798149682882,24.970008799818004,18972.00964321992,11133.452261360146
1138,37.62277945631973,0.1178953539510798,0.0737703092284908,70.46936527605675,66.97790770330272,24.974521538245224,4175.361025576239,11631.153907824862
1139,39.554979235684414,0.1041220457348769,0.0882208393890551,66.77196364637842,66.97783389191144,24.979034273732843,4046.293111523906,12129.044611951174
1140,40.26325496823475,0.089885021073238,0.0851561392954064,63.99367088607594,66.97776006265212,24.98354700628045,6396.580658992207,12627.10200994546
1141,40.850678471631376,0.1671216174974193,0.0473012348179623,50.61031636863824,66.97768621552191,24.988059735887614,14212.347371975338,13125.307125553354
1142,39.672450846902585,0.1726100224739271,0.0373675223928217,47.32059914800056,66.97761235051797,24.992572462553927,12061.809263461517,13623.643753061886
1143,35.57592872791429,0.1343011970427728,0.0282778617991137,50.87647705413575,66.9775384676374,24.99708518627898,18378.789445280072,14122.097970212155
1144,32.282216075779075,0.1238465016048351,0.0334331502422896,45.853118988733165,66.97746456687734,25.001597907062333,15026.723169133898,14620.657750245666
1145,38.05803059442644,0.1735054531884541,0.0682887849609355,42.83019645555707,66.977390648235,25.006110624903595,2444.332834237902,15119.312650352374
1146,38.902428902253256,0.2646906835478486,0.0096146587270564,39.68229309870774,66.97731671170743,25.010623339802333,3347.404176393844,15618.053559519576
1147,37.9531498086754,0.3131225824836244,-0.0197123777554646,35.895873452544706,66.97724275729183,25.015136051758144,4084.6498554348777,16116.872493032371
1148,35.58449676319855,0.31222771669677,-0.0353022106170765,34.52840830925852,66.97716878498528,25.0196487607706,756.8593427442647,16615.762423823588
1149,37.83954977477445,0.3168379638946912,-0.0058813089181615,36.25667125171941,66.97709479478497,25.02416146683928,1404.9396246620315,17114.71714323314
1150,41.47396622600498,0.1529823772122401,0.1314685213508608,46.27926812491403,66.97702078668802,25.028674169963782,0.0,17613.731145345166
1151,40.23239979211144,0.2392598685703071,0.0722731559626445,32.68844566712519,66.97694676069153,25.033186870143687,0.0,18112.799530382254
1152,38.8722656313485,0.2121552340064011,0.0910025127497358,34.56659793814434,66.97687271679268,25.037699567378585,0.0,18611.912164003515
1153,40.074349969488615,0.22653956550145,0.0777035883149197,34.40349188891945,66.97679865498861,25.04221226166805,0.0,19111.062874388226
1154,39.63454125339061,0.2008349757392848,0.0877437233332232,32.79365297430968,66.97672457527639,25.046724953011665,0.0,19610.256856471333
1155,36.46501774053719,0.2292318840881661,0.0313755348339439,29.996565462288785,66.97665047765321,25.051237641409017,0.0,20109.49088774719
1156,27.16397399159136,0.0378212687821766,0.1569783687859418,0.0,66.98651740208847,24.748947527027592,0.0,4463.765160065722
1157,27.15682572408241,0.0439810730110856,0.1524620514264986,0.0,66.98644465872229,24.75346042270834,0.0,3967.320276640779
1158,27.162289234557758,0.0755837459901445,0.148551710112011,0.0,66.98637189767304,24.75797331547093,0.0,3471.895872625934
1159,27.165376896190438,0.0550519494125714,0.1178173365573266,0.0,66.98629911893784,24.76248620531496,0.0,2978.0012966619797
1160,27.18358871897891,0.0173044606728743,0.1020136425136133,0.0,66.98622632251396,24.76699909223997,0.0,2486.5483094419646
1161,27.193119269610943,0.0094951571543624,0.0641965137992212,0.0,66.98615350839853,24.771511976245577,0.0,1998.8615717845569
1162,27.231506822983608,-0.0211547683903293,0.0620295763681317,0.0,66.98608067658883,24.77602485733136,0.0,1518.5450299746572
1163,27.201327091804924,-0.0162390441816715,0.0927850694701118,0.0,66.98600782708196,24.78053773549689,0.0,1056.6505726306896
1164,27.27961249086851,-0.016863413377973,-0.0041538830795073,0.0,66.98593495987518,24.78505061074173,0.0,653.484396831389
1165,27.368820698699864,-0.0223014837238987,-0.0306904729102069,0.0,66.98586207496564,24.789563483065503,0.0,457.6098756055097
1166,30.4287868256283,0.0012188325336906,-0.0098404077080479,0.0,66.98578917235055,24.79407635246776,0.0,40.98693616016791
1167,37.75544668131352,0.0509207304736591,0.0224284361268585,0.2870714580751755,66.98571625202709,24.79858921894809,0.0,185.8596575193137
1168,36.73732026858738,0.0441971463412696,0.0265362597626769,0.1259809995869475,66.98564331399245,24.803102082506083,0.0,100.33186577110594
1169,32.56594789978925,0.0236720521417839,-0.0001995162952857,0.0,66.9855703582438,24.807614943141296,0.0,124.96156354746883
1170,42.49386479503442,0.0780057416338325,0.0855235218544159,1.5340033039647578,66.98549738477838,24.812127800853343,1420.1648451502374,188.49352366799332
1171,44.05054563305481,0.0984693172930777,0.0455599319252022,7.991740088105729,66.98542439359338,24.81664065564178,1883.0638023863976,667.1799654152081
1172,42.22858078007027,0.0949796302639321,0.0591592759201139,7.095316804407714,66.98535138468587,24.8211535075062,4782.9734161514525,631.5754567773394
1173,40.65432339376037,0.0802301784652104,0.049325960608623,3.644765840220387,66.98527835805315,24.82566635644618,8308.411396779593,140.913089108929
1174,37.25666734072603,0.0527648935752552,0.0102305264790394,1.5179776828764295,66.98520531369235,24.83017920246132,4153.588199558226,46.43211853818838
1175,38.31293430855887,0.0649755006198737,0.0483467479312118,3.202948470653073,66.98513225160066,24.834692045551165,2065.1461728131894,119.42209274575255
1176,36.31559350639161,0.0554508876961992,0.0173411376527718,4.54615596583081,66.9850591717753,24.83920488571533,510.46520715180617,46.223692903609056
1177,36.63663620548013,0.0472830577704453,-0.0035270026761106,2.9239564678330368,66.98498607421338,24.84371772295338,0.0,22.354114917775576
1178,42.49737433553143,0.1042411543300299,0.0212864610829763,5.218474669603527,66.98491295891213,24.84823055726491,3511.3459392276977,461.58510178615654
1179,42.4808592441065,0.1299527598760345,0.0247836019543629,4.578621543541064,66.98483982586872,24.85274338864948,3130.509911522823,346.0785785865336
1180,41.33157364759802,0.1115658384191736,0.0574803126070452,4.443252166735451,66.98476667508031,24.85725621710669,8960.635522494358,321.23113479603643
1181,39.545558005811785,0.1051115689106604,0.0643189125858118,4.79485415520088,66.9846935065441,24.861769042636126,14742.775237393103,762.9657770878897
1182,37.79467835399917,0.0906566190589646,0.0570797553520372,8.154904388499105,66.98462032025725,24.866281865237347,17126.425132238084,1178.7852613001162
1183,29.65260904289648,0.0508977156477167,-0.0045659912276173,12.627615638766516,66.98454711621694,24.87079468490997,29516.69693551693,1468.8912454860747
1184,31.05511949281031,0.095824779628066,-0.0247251618770708,9.047664967626394,66.98447389442035,24.875307501653552,14428.860054952896,1684.338305200427
1185,34.100850769719,0.0827291363897866,0.0202698701547354,9.808375809340124,66.98440065486464,24.87982031546768,13371.11624940332,1919.6955018272124
1186,35.91557329366792,0.0990684977242676,0.0406377028434899,12.271513148836569,66.98432739754698,24.884333126351933,18811.73710603254,2240.450785558805
1187,35.89290589634501,0.0832393397248671,0.0394176870446199,14.26445484581498,66.98425412246455,24.88884593430591,13579.05168343217,2618.000598648697
1188,32.67012476094578,0.0908912874023214,0.0161703219707831,16.18515969162996,66.98418082961453,24.89335873932917,1300.4981239242295,3030.4965124290834
1189,33.25158106385052,0.1210629318947655,0.0382796889224232,21.665060572687228,66.98410751899407,24.897871541421303,434.7333339531036,3466.1060411981066
1190,36.82075504618394,0.093640754600077,0.0267851099202363,24.72535792951542,66.98403419060034,24.902384340581907,3478.169848931363,3917.125612678843
1191,33.21602355805201,0.090520927871906,0.0230619070392808,31.95405145136882,66.9839608444305,24.90689713681056,7849.056355694104,4378.796072192931
1192,35.07585081046224,0.0949330506001388,0.0505011453243745,49.15586738203328,66.98388748048174,24.911409930106817,5470.273395866224,4848.075599438384
1193,36.93435228114322,0.0922870998205413,0.0563117340458592,57.27046361260145,66.98381409875121,24.9159227204703,8822.423886954177,5322.9520938636715
1194,30.08156506890692,0.0610846187867003,0.0166002936491281,78.74384710573351,66.98374069923608,24.92043550790056,20038.76842357103,5802.05144487111
1195,31.071793143558377,0.0691221381345331,0.0430646665652806,86.92039048535678,66.98366728193353,24.92494829239721,18752.20236787015,6284.407923107264
1196,35.674893258984746,0.0789175687536814,0.0611260307747474,68.81895721557296,66.98359384684068,24.9294610739598,27487.705266316432,6769.3252927246585
1197,37.90678737601186,0.0903680426363387,0.0603639604346947,66.23058920704847,66.98352039395472,24.933973852587947,24355.231607911555,7256.2901604841545
1198,37.68398275044162,0.0908118447417848,0.0581059198283238,65.83312697757603,66.98344692327284,24.9384866282812,20349.573793053725,7744.916324094527
1199,37.98977751553862,0.0911971508654305,0.0645753622616522,72.54354106479572,66.98337343479213,24.94299940103917,16334.240737836037,8234.90806512105
1200,38.56850130903165,0.087115422993573,0.0590582724662156,66.33906464924347,66.98329992850978,24.947512170861422,19302.33731349671,8726.035343408928
1201,37.73200858081027,0.0818071361102363,0.0507747987807484,61.228331266363504,66.98322640442295,24.95202493774756,19415.34680108786,9218.116661636746
1202,36.88368079346606,0.1025942530899873,0.0584978702102046,57.71676539468248,66.98315286252885,24.95653770169714,13544.320116512989,9711.006990026652
1203,38.59696320074943,0.0899902044111972,0.0492344100871994,58.90163934426231,66.98307930282455,24.961050462709764,19109.548640953155,10204.589101615607
1204,40.22825614615861,0.0980393257470346,0.0522994440772287,67.30744871265317,66.98300572530722,24.965563220785008,19538.366643389785,10698.767251648598
1205,37.92624054117884,0.092422005944102,0.0533985248821268,77.08541953232462,66.98293212997409,24.97007597592247,19539.08889295816,11193.462497225764
1206,36.10494916453535,0.0946178221156137,0.0671449502778337,71.79158647236733,66.98285851682225,24.974588728121702,17817.33503578351,11688.609183657953
1207,39.69022964900744,0.0890141609286677,0.0782145226395791,67.85867473192191,66.98278488584882,24.97910147738232,15461.136360765871,12184.152273320928
1208,38.78388272110946,0.106597124153569,0.0749152536218199,59.60021996150674,66.982711237051,24.98361422370389,14932.393957412944,12680.045291335622
1209,39.8587841430252,0.1280288904734566,0.0440153489960948,50.14706286972074,66.98263757042596,24.98812696708601,18253.02395065769,13176.248728711893
1210,40.10296238524972,0.129257439622125,0.0545892902528026,55.010042646856526,66.9825638859708,24.99263970752824,14022.868752018028,13672.728788763145
1211,38.55256934835858,0.1168549826655641,0.0690000719660703,54.67996697853605,66.98249018368271,24.99715244503019,16417.39641445573,14169.456393981924
1212,35.52649716285187,0.1649572142588782,0.0403661225750148,45.10510386573119,66.98241646355882,25.001665179591427,14255.945525106026,14666.406392518902
1213,34.5766791634594,0.1475072004901551,0.007844375812879,41.87914203217379,66.9823427255963,25.00617791121153,3315.4793129002574,15163.556919131717
1214,37.034211105532805,0.2957038493795446,-0.0029505515903771,40.1252578028324,66.98226896979223,25.010690639890104,1671.692834674005,15660.888876710043
1215,38.8593386186072,0.2676768392676186,0.0266059294804624,36.98817544342088,66.9821951961438,25.01520336562672,775.9345583541417,16158.385512707173
1216,36.98804884382937,0.3273766560343812,-0.0402397862668734,35.55702115965926,66.98212140464817,25.019716088420964,843.9708162565714,16656.032070859947
1217,40.13151115087391,0.2997210265051699,-0.0012356664603678,39.021846661170656,66.98204759530246,25.024228808272422,4127.62700667857,17153.81550307374
1218,41.08403226548229,0.1381234730173369,0.1168316310791254,50.05111294311625,66.9819737681038,25.02874152518068,195.005296358002,17651.724229692452
1219,40.45378040120762,0.2037231407006101,0.0864190610917664,34.34372853413931,66.98189992304935,25.03325423914531,904.5908437544804,18149.747938977718
1220,40.44101717925268,0.182435032963172,0.1059820004357829,33.04025278197555,66.98182606013626,25.037766950165903,0.0,18647.87741849952
1221,40.760654693979966,0.2268966927661709,0.0765306305259224,34.758179818531765,66.98175217936168,25.04227965824205,0.0,19146.10441270044
1222,42.14586932518839,0.1902141909222841,0.121883785572471,35.14723673357164,66.9816782807227,25.04679236337334,0.0,19644.421502004338
1223,41.71350351357901,0.2094236835658073,0.100040368587327,36.98020074247216,66.98160436421648,25.05130506555933,0.0,20142.821999769043
1224,27.239958829143237,0.0337762786077202,0.205992135036503,0.0,66.9914592678859,24.749013866703,0.0,4547.100565668867
1225,27.20681469287668,0.0305815171758962,0.1905820647831119,0.0,66.9913867027671,24.7535267760747,0.0,4060.414204421239
1226,27.17478348806709,0.0293169262172274,0.1463685797934927,0.0,66.9913141200085,24.7580396825292,0.0,3577.3586537605133
1227,27.177678996179655,0.0067238726398864,0.1645751904534121,0.0,66.99124151960729,24.76255258606608,0.0,3099.6816551848046
1228,27.22585147488836,-0.051421647561035,0.1376301113381597,0.0,66.99116890156068,24.76706548668493,0.0,2630.315150134026
1229,27.299726698641702,-0.0920129865171348,0.1496198305855376,0.0,66.9910962658659,24.77157838438533,0.0,2174.6469171415947
1230,27.34634413121781,-0.1070990728140232,0.1758761222083237,0.0,66.9910236125201,24.77609127916686,0.0,1743.4507848270866
1231,27.57101899563638,-0.081420932909304,0.1872073161688411,0.0,66.99095094152051,24.7806041710291,0.0,1360.202949445182
1232,27.638638796827777,-0.0417262408973013,0.079980006374118,0.0,66.99087825286433,24.785117059971626,0.0,924.0335602288771
1233,27.668644017517572,-0.0383653369916184,-0.002780577615689,0.0,66.99080554654873,24.78962994599403,0.0,426.3060997802162
1234,29.77422710590572,-0.005421277923118,0.0014430572488199,0.0,66.99073282257095,24.79414282909589,0.0,75.94170236702843
1235,30.96380293782204,-0.0122844084462322,-0.0132907429307705,0.0,66.99066008092814,24.79865570927678,0.0,120.72332504208828
1236,28.51956858814552,-0.0383277415786574,-0.0435431722199622,0.0,66.99058732161755,24.80316858653629,0.0,346.0300954577001
1237,29.02948488698513,-0.0125072859446155,-0.0361571338917214,0.0,66.99051454463633,24.807681460874,0.0,337.7476505394661
1238,39.90833843969559,0.0901198560728003,0.0706806807973508,0.5350599256095883,66.99044174998168,24.81219433228949,789.7231396713555,157.24386458007774
1239,43.5030860678204,0.1002121397697509,0.0433527588976525,6.650868007715626,66.9903689376508,24.816707200782343,2219.293092171988,652.2361212329504
1240,41.50361086950823,0.0826302173854349,0.0528280370467114,7.659043945447033,66.9902961076409,24.82122006635215,4282.309946344103,589.2228488442308
1241,39.99437402161094,0.0751536367383763,0.0590909512765803,4.470329065124608,66.99022325994915,24.825732928998463,8630.082824769594,96.48912376158296
1242,31.28596661951676,0.0123478284455232,-0.0339376587736831,-2.0,66.99015039457272,24.830245788720905,288.0200849341502,209.57664979645332
1243,30.347836616554275,0.1907186784319152,-0.1455727512272517,0.4392896475770926,66.99007751150883,24.83475864551903,0.0,342.8519207600223
1244,31.97647350433096,0.1593339097378986,-0.0977729111081225,-0.1766244493392069,66.99000461075465,24.839271499392435,679.9699579776609,146.97901298246848
1245,36.1138450810683,0.0719524923910634,-0.0144317553558502,2.4936674008810567,66.9899316923074,24.84378435034069,1505.242076460998,78.07853837874183
1246,41.98342188724907,0.111729730160151,0.0278691899231605,7.62081784386617,66.98985875616421,24.848297198363383,5310.0763947597125,412.3543682037955
1247,40.83245779035538,0.1425624913558712,0.0138045562265586,6.987878787878787,66.98978580232233,24.852810043460096,7049.585326176482,770.8263505658533
1248,40.11669004304452,0.0963952691933337,0.0549430138379768,10.90439454470313,66.98971283077888,24.857322885630413,19599.08157972016,759.8868074698618
1249,38.46060779316159,0.086168621509653,0.0538133917745518,12.281581485053032,66.9896398415311,24.86183572487391,16079.099790463091,1028.3310594842858
1250,35.52986246659234,0.0786271712708141,0.0520214044663792,9.99545642296572,66.98956683457615,24.866348561190176,32033.67877631972,1427.0221100624294
1251,32.95461405289965,0.0709480038959684,0.0480016892739434,12.092523750516316,66.9894938099112,24.870861394578792,28032.63062850763,1862.4188378578906
1252,35.90812546432467,0.1104383637391386,0.0261329416312907,11.309376290788924,66.98942076753342,24.87537422503934,19163.15771400553,2157.8165523666958
1253,37.80120279754991,0.1633248586513863,-0.0215395124512658,9.21266345492085,66.98934770744002,24.87988705257141,13099.284425101914,2348.146324126515
1254,36.05992861770821,0.0683858003140242,0.0395512764417389,11.002615278733654,66.98927462962818,24.88439987717457,18764.218105172284,2617.9584968047743
1255,34.57188612036319,0.0705418987749038,0.034092615829369,12.135231806300729,66.98920153409506,24.88891269884841,9152.774661768544,2947.5575640574366
1256,30.03451794018986,0.0978857311867688,0.016952190418013,14.967120649332776,66.98912842083784,24.89342551759252,3822.686532038222,3320.0127252096113
1257,34.666452496953774,0.0982638698552532,0.0280391367545043,18.62685745734727,66.9890552898537,24.89793833340647,2650.7078866489014,3722.0605193327715
1258,36.61587603977565,0.0881712193474575,0.0380168328329812,23.84982794218858,66.98898214113981,24.90245114628985,2733.660068148764,4145.3246538998155
1259,35.25993414084941,0.086548793719973,0.0467924315505768,31.66726321585904,66.98890897469335,24.90696395624224,5571.536697439548,4584.070076096001
1260,36.90093919302742,0.0895697336873584,0.0609645581908804,44.924590615109416,66.98883579051149,24.911476763263227,2877.550674004742,5034.2507325884335
1261,37.04620508563328,0.0767511499302929,0.0546351614855896,55.85999449339207,66.98876258859138,24.915989567352383,11376.803781174474,5493.055835710311
1262,33.95021183542266,0.0750916738005901,0.0446555306728529,76.10861784140971,66.98868936893025,24.92050236850932,23128.377154769187,5958.493466440679
1263,29.28903504600773,0.0640409769871551,0.0115485504588581,71.19493392070484,66.9886161315252,24.925015166733584,17590.54365290051,6429.123296735572
1264,34.84859914918643,0.0749082021157736,0.0424578537784348,64.13601321585904,66.98854287637347,24.92952796202477,22846.00661408187,6903.883569364485
1265,37.89491112056689,0.1076332354656742,0.0469954132945778,61.45115575123832,66.98846960347218,24.934040754382483,19592.36938109868,7381.977398620265
1266,36.71724991816733,0.0856908777591165,0.0501285133741327,57.942074848651615,66.9883963128185,24.93855354380629,23721.42714887715,7862.796721765433
1267,36.19617046254645,0.0775403637752203,0.0498544837894557,55.56225065345989,66.98832300440964,24.94306633029577,18064.69385138241,8345.870491540592
1268,37.65587774502615,0.0788409523912254,0.0532225029104671,56.866299862448415,66.9882496782427,24.94757911385051,20305.246845146896,8830.828739987013
1269,38.29391076272801,0.0804506752956866,0.0564209592996895,56.87577383408997,66.98817633431489,24.952091894470097,20003.10162285748,9317.377217226925
1270,36.74635747331364,0.0849537318771111,0.0525862943879733,54.46445758284064,66.98810297262335,24.956604672154103,21058.31931384414,9805.279199536344
1271,38.53002475361125,0.0988703420916595,0.0438587208558601,55.44325216673545,66.98802959316525,24.96111744690212,20945.971787016897,10294.342239953388
1272,39.76139787993673,0.1039077732797501,0.0488271894006486,64.12052834342326,66.98795619593777,24.965630218713745,19345.74932081257,10784.408380872455
1273,38.87008601397717,0.0976922995984899,0.0549085267369569,64.51927312775332,66.98788278093805,24.97014298758854,19594.07997282245,11275.346828246391
1274,35.21885622459329,0.0906229540892314,0.0571673431022837,66.05574673090162,66.9878093481633,24.974655753526108,21380.21892859116,11767.048400883505
1275,39.17323813488442,0.0915209943825573,0.058408181567651,63.01871731351503,66.98773589761059,24.979168516526013,20384.958348724103,12259.42127671162
1276,38.18747303415249,0.0959914253178002,0.0559527295213255,57.09631260319208,66.98766242927715,24.983681276587856,19430.15149567459,12752.387698417087
1277,39.10930390861331,0.1112452463659031,0.0548327588776386,57.398816893658,66.98758894316009,24.988194033711206,20102.17216178897,13245.881396919096
1278,39.97584233603714,0.1201271865725217,0.0692815140939519,63.70378006872853,66.98751543925661,24.99270678789566,17854.273660423216,13739.845557772878
1279,37.85224271920415,0.1339804242677984,0.0631861409351338,59.814570446735424,66.98744191756384,24.9972195391408,12566.022215589872,14234.231202328108
1280,35.52555985839178,0.2051231822922657,0.0192487905269818,47.55134020618556,66.98736837807895,25.0017322874462,11520.261246315877,14728.995888751657
1281,36.63137789152167,0.2704575215144008,-0.005763313501695,42.33512027491412,66.98729482079908,25.006245032811453,7841.999469824028,15224.102661900502
1282,34.60295286540208,0.2890233744301398,0.0016531979810601,40.01429553264605,66.98722124572139,25.010757775236137,1412.4177327711268,15719.51919840361
1283,38.19540699058607,0.3017178043719006,0.0041591366225814,38.302517540239386,66.98714765284302,25.015270514719845,428.1160117091532,16215.217106087553
1284,38.521397749368674,0.3740781473482844,-0.0372875017385371,38.2308115543329,66.98707404216114,25.019783251262165,0.0,16711.17134631323
1285,41.28584389950072,0.2444162840789303,0.0385336467516627,39.73837689133426,66.98700041367287,25.02429598486265,1665.380909611151,17207.359754875764
1286,38.83990925765478,0.1346404698128582,0.1104871187062076,54.35240715268226,66.98692676737541,25.02880871552093,597.2239592082,17703.762642482434
1287,40.392185644954615,0.1293897055183821,0.0933766466266835,37.23094910591472,66.98685310326586,25.033321443236563,1002.6353731619564,18200.362459814434
1288,39.960016979049534,0.2946448970787589,0.020326361920658,34.361210453920215,66.98677942134137,25.03783416800913,0.0,18697.143515402902
1289,41.44571242785803,0.275882698761221,0.051360405001136,35.524006053102205,66.98670572159911,25.042346889838235,0.0,19194.091736839873
1290,43.03625443060748,0.1784902912128426,0.1256474118872609,35.72773501924132,66.98663200403624,25.046859608723445,0.0,19691.194467795518
1291,44.2396018167762,0.1874476680218828,0.133370102695075,36.00013747594169,66.98655826864986,25.051372324664342,0.0,20188.440294745236
1292,27.28824054015571,0.0243739056430423,0.2029692816342567,0.0,66.99640115132034,24.749080043586005,0.0,4680.819769633539
1293,27.24137580327228,0.0355044752234482,0.2003764993452592,0.0,66.99632876445172,24.75359296661508,0.0,4209.584913296696
1294,27.198665090351295,0.0531631351274881,0.1153633091890557,0.0,66.99625635998657,24.758105886727893,0.0,3745.8158748695255
1295,27.1253930428436,-0.0354718032288671,0.190859606871743,0.0,66.99618393792215,24.762618803924067,0.0,3292.66882547473
1296,27.162896814404483,-0.0338301006093915,0.1497588703450169,0.0,66.99611149825564,24.76713171820316,0.0,2855.205670308955
1297,27.29469306738042,-0.019879356556327,0.1437583496257021,0.0,66.99603904098423,24.771644629564754,0.0,2417.8860111351655
1298,27.407476939987628,-0.0619205015769247,0.1328693869846737,0.0,66.99596656610518,24.77615753800844,0.0,1918.4769122278265
1299,27.54302826664831,-0.1290997988408068,0.1132027199379871,0.0,66.99589407361566,24.78067044353379,0.0,1419.4839070380563
1300,27.66579173674941,-0.131598041165621,0.0456604033611907,0.0,66.99582156351288,24.7851833461404,0.0,921.190680446299
1301,27.80437390244729,-0.0995559346800183,0.0088554162998512,0.0,66.99574903579405,24.78969624582784,0.0,426.5835283577688
1302,28.54332643574444,-0.0939001126347333,-0.0097596209197424,0.0,66.99567649045638,24.794209142595683,0.0,105.78957306994755
1303,28.97047360760845,-0.0812307675961687,-0.0161928210812531,0.0,66.99560392749703,24.798722036443536,0.0,194.46792647669542
1304,28.9192814157682,-0.0918057057020825,-0.0464945219456954,0.0,66.99553134691327,24.80323492737096,0.0,96.40569497891838
1305,30.502499019812674,-0.0628498838005391,-0.0350405981069901,0.0,66.99545874870226,24.80774781537755,0.0,244.0533246728311
1306,42.37339547422555,0.1146058801788254,0.0606609332143588,1.7079719124328792,66.9953861328612,24.812260700462875,3019.586499256723,245.36265167966354
1307,43.69756762348207,0.095180558057293,0.0508194923335061,7.201707283491673,66.99531349938731,24.81677358262653,12813.380607896606,734.7568559990912
1308,41.64498437124005,0.0757578085550273,0.066506325175383,8.562965004133373,66.99524084827779,24.82128646186809,8033.490192367827,667.9119992276331
1309,39.39649312304453,0.068779196012673,0.0454575639836399,3.33489461358314,66.9951681795298,24.825799338187142,10584.872882448506,178.3181548907016
1310,30.49608581793913,0.0508792246616943,-0.07366507418022,-1.3501859760297557,66.99509549314055,24.83031221158327,0.0,284.71705134563535
1311,30.880510333241958,0.2795368115551178,-0.2087691868057884,0.43813722788647,66.99502278910727,24.83482508205604,0.0,784.1940157794303
1312,31.693713002424925,0.3920752186399551,-0.2731685502073052,0.0159823642876826,66.99495006742713,24.83933794960505,0.0,354.41463386390893
1313,38.04174846989807,0.1595869016272686,-0.0258592263859185,4.518049049324882,66.99487732809732,24.84385081422989,4630.635528138808,95.9861211980496
1314,41.39858856756441,0.1211951543755403,0.0341108946755186,10.888689902190382,66.99480457111503,24.84836367593011,8599.620105749827,556.3361178422707
1315,39.95746171158613,0.0951314912915016,0.0393853260643805,14.291752719262012,66.99473179647747,24.85287653470533,15747.262736138828,1015.1969049421847
1316,39.90089076563979,0.0988372631362019,0.0396511290781913,13.896670335718214,66.99465900418183,24.85738939055511,20100.68799864294,1245.3889022149008
1317,37.60183143398403,0.0791565334274091,0.0480464094406854,11.689014317180614,66.99458619422528,24.86190224347904,24430.24504862268,1425.7674278969948
1318,33.4000938916878,0.0803833937841903,0.0389649686455783,9.41905286343612,66.994513366605,24.866415093476697,32961.25937253999,1735.4365713368884
1319,32.23933418904586,0.0839132470973887,0.041091483103784,8.535178300977558,66.99444052131823,24.87092794054768,20036.9371111571,2119.1194934449873
1320,36.28126632683835,0.0832218283545839,0.0497131734659209,9.80253373726246,66.99436765836212,24.87544078469155,22084.2965984686,2543.539809309574
1321,40.03399232296163,0.1839939148072633,-0.0329507852921334,8.01831199228969,66.99429477773387,24.87995362590789,8862.669486022958,2799.5463930292576
1322,35.50165085744733,0.0795393354862711,0.0189365899507106,9.624603939936632,66.99422187943067,24.88446646419632,10142.845799078455,3030.723900859752
1323,34.86947183709604,0.0739273997754035,0.0233781673743539,10.448271111723376,66.99414896344965,24.88897929955638,7297.208910740257,3319.9672530819616
1324,34.89991286260224,0.0828997573716344,0.0247360885245306,14.235026848409747,66.99407602978808,24.893492131987674,6132.035099144727,3654.6643434993584
1325,34.62255086943,0.0970743570603148,0.0284827707400318,18.56161365826793,66.99400307844306,24.89800496148977,2613.58653082763,4023.799245167313
1326,36.42726066965035,0.0869079719979766,0.0505309937829788,23.203193832599126,66.99393010941186,24.90251778806227,3396.782527252761,4418.547262009845
1327,38.46367619477753,0.0928552753531101,0.0467966796224746,28.993938559030155,66.99385712269158,24.907030611704744,5130.489915058009,4832.550246289507
1328,36.010789908121914,0.0935709921092519,0.0278131045259377,38.68340671436434,66.99378411827945,24.91154343241678,3293.0780172889185,5261.51345706765
1329,37.50193684742917,0.0781999472092927,0.0423676479877045,50.44126547455294,66.99371109617262,24.91605625019797,4010.213749948271,5702.061542509372
1330,33.46179631201404,0.0784994572078716,0.0369777594886284,57.5205667904801,66.99363805636828,24.92056906504789,15735.025032771217,6151.706089363669
1331,30.840787095387498,0.0658959361669569,0.0413885089692483,58.44666207845835,66.99356499886363,24.92508187696611,21666.230959951656,6608.5906050330095
1332,33.33731134685255,0.0720602599052307,0.0460316329645016,59.63789067878285,66.99349192365582,24.92959468595223,18920.172803328136,7071.311883918016
1333,38.5374579659081,0.0837736157346736,0.0542548278215489,60.7875619152449,66.99341883074202,24.934107492005825,18808.262785147817,7538.795244201796
1334,38.237914467828624,0.1043445920050831,0.0487340560577652,53.16051253788923,66.99334572011941,24.93862029512649,18558.71211599559,8010.206970363177
1335,36.59076686054931,0.081972834635267,0.0524840848500455,50.9882984581498,66.99327259178519,24.9431330953138,17691.36027012826,8484.892319987755
1336,37.46641114951275,0.0820949004088617,0.0553191601378114,54.37260839642122,66.99319944573648,24.94764589256734,19625.49834953016,8962.331150720667
1337,37.07530295716136,0.094760560778986,0.0447227593642545,53.74573237885464,66.99312628197052,24.9521586868867,18811.92631497176,9442.105783578892
1338,32.01122423246012,0.0860471006925313,0.0314205057346586,53.95913593835997,66.99305310048442,24.95667147827145,20961.79983623744,9923.877447904808
1339,38.189372908642206,0.0879285501394786,0.0536294365625221,58.88086394277068,66.99297990127538,24.961184266721183,20494.69920371231,10407.368811255148
1340,39.50984896641966,0.1046616071354938,0.0513392115651242,62.93812732022549,66.99290668434055,24.96569705223548,17363.080392185486,10892.35087323149
1341,37.50838375951748,0.118646720723439,0.0454723810555132,66.02790761616716,66.99283344967712,24.97020983481393,15294.393257044028,11378.633024989003
1342,33.55401843641053,0.097213248194476,0.0512980125516737,69.08482265603519,66.99276019728227,24.97472261445611,19929.17735881884,11866.0554308851
1343,39.02720677353696,0.1056589945187347,0.0613887654459623,68.15848122162609,66.99268692715312,24.979235391161605,19327.49913027208,12354.48313204414
1344,37.277054195866135,0.1158381419709488,0.0562565808434985,64.00866098432778,66.99261363928686,24.983748164930017,13003.196289101994,12843.801440024941
1345,38.49975912459762,0.1218177257732615,0.070827515146943,62.80602558811393,66.9925403336807,24.988260935760906,15209.659101752612,13333.912306645896
1346,38.2230342214571,0.1393820002366124,0.0445055297865742,58.01733626857459,66.9924670103317,24.99277370365386,17782.027104398825,13824.731439397652
1347,33.86048890146929,0.1613743642190203,0.0094131456355385,52.3974411886092,66.99239366923709,24.997286468608483,15859.877137123798,14316.185991434413
1348,33.06122167206358,0.1827849205565299,0.0135502997058739,47.70050901086808,66.99232031039405,25.001799230624336,14971.595613515012,14808.21269805591
1349,37.44113969432112,0.2590342044320748,0.0145275302581061,44.66006328243226,66.99224693379969,25.00631198970101,11329.769222780267,15300.756363005743
1350,36.018467036330165,0.280091447322092,0.009517543714137,41.879367262723534,66.99217353945122,25.0108247458381,4978.708348486601,15793.768620850085
1351,34.233776277886946,0.4328803777693888,-0.090317606618817,40.58302379969735,66.99210012734575,25.01533749903518,0.0,16287.206918852504
1352,37.26743429687835,0.3677162134647801,-0.0400322803691523,40.33965635738831,66.99202669748047,25.01985024929184,0.0,16781.0336745308
1353,39.6384589480503,0.1733127628380074,0.1060373245460322,46.88252267106349,66.99195324985253,25.024362996607657,0.0,17275.215574737897
1354,39.47806529328479,0.1374304162753278,0.1203272058542086,55.29317213903007,66.99187978445904,25.028875740982222,770.3318065345643,17769.72298943466
1355,42.77728382194147,0.1292200407414256,0.121314819336437,39.47114591920857,66.99180630129725,25.03338848241512,1792.3885730098614,18264.52947897905
1356,40.55209034018551,0.2441970639459861,0.0584043215413078,35.398873316845275,66.99173280036426,25.037901220905944,80.47473114720346,18759.61137805049
1357,44.32367088315748,0.1591748981599227,0.1362246061931222,36.840478153338815,66.99165928165719,25.04241395645426,0.0,19254.947442724526
1358,45.305590642733286,0.1286182605408999,0.1411816799065541,36.75360725573726,66.99158574517325,25.046926689059664,0.0,19750.518549859957
1359,45.022736750766704,0.1447466445534554,0.1412960242270899,37.54341852157185,66.99151219090957,25.05143941872174,0.0,20246.307439983706
1360,27.29030240260549,0.0177402234682024,0.1987486441785979,0.0,67.0013430523485,24.74914605767435,0.0,4862.480369754629
1361,27.23310805291566,0.029267533435801,0.2028773495140396,0.0,67.00127084373284,24.7536589943272,0.0,4410.696857946917
1362,27.176297252754377,0.0027813294485579,0.1854415311271248,0.0,67.00119861756396,24.758171928064755,0.0,3935.524588080971
1363,27.122569864861468,-0.0338042323566976,0.1419760667231026,0.0,67.00112637383909,24.76268485888661,0.0,3438.420376313713
1364,27.10378112947502,-0.0365328726742521,0.0975757611115795,0.0,67.00105411255544,24.76719778679235,0.0,2942.297671001518
1365,27.16685852843094,-0.0319886707425607,0.0868090244600004,0.0,67.00098183371027,24.77171071178155,0.0,2447.7533546076625
1366,27.257115869203773,-0.0483931460621399,0.0702132361119696,0.0,67.00090953730073,24.776223633853803,0.0,1955.985016528582
1367,27.419439956609764,-0.0932947497293136,0.0414521726686497,0.0,67.00083722332407,24.78073655300868,0.0,1469.7817131981346
1368,27.423580835807982,-0.0967133400248216,0.0012142305223679,0.0,67.00076489177746,24.785249469245752,0.0,993.3848784599305
1369,27.567574258809216,-0.0854577589451854,-0.0123194225044565,0.0,67.0006925426582,24.789762382564632,0.0,523.3166393561477
1370,28.26749306988836,-0.0882370465957672,-0.0222339187682534,0.0,67.00062017596342,24.79427529296487,0.0,76.54714334712695
1371,29.52870151063874,-0.1879657065905164,-0.0327578673073025,0.0,67.00054779169037,24.798788200446072,0.0,230.90081471850203
1372,29.435000807148008,-0.1979962374717897,-0.0598516123381006,0.0,67.00047538983623,24.803301105007808,0.0,252.3928196038138
1373,35.141528032766786,-0.0546383179426244,-0.0052006783921037,0.0,67.00040297039823,24.80781400664966,0.0,83.63062462403946
1374,43.74453051447309,0.1881441880318553,0.0433003405235285,3.931946549111448,67.00033053337357,24.81232690537121,3166.5165171633294,361.43971012468694
1375,43.64035388878223,0.1223075433502513,0.0404566418880305,7.764568122330899,67.00025807875946,24.81683980117205,12622.85690338338,827.0624385756898
1376,42.63557341806479,0.0730142534682506,0.0676642658612233,7.98773259820813,67.0001856065531,24.82135269405176,6765.444864408701,610.6315199369426
1377,40.43914752837831,0.0615401736312036,0.0394949298101607,2.036894273127753,67.00011311675168,24.825865584009907,8875.638908348941,172.25945748427952
1378,31.228990677980185,0.1524641628793616,-0.1403984231964701,-0.4774886410574142,67.00004060935245,24.830378471046096,0.0,283.99029542914786
1379,31.17649778099945,0.2212333384229844,-0.1958469292097528,1.4245594713656389,66.99996808435257,24.834891355159893,0.0,597.5609815084011
1380,32.91787210267658,0.2095218910966591,-0.1308099642859501,0.4075450915599615,66.99989554174925,24.839404236350887,547.7985841844664,147.66832863872838
1381,41.3129240621066,0.1957521637195287,-0.018546038279649,8.280737987057687,66.99982298153971,24.843917114618662,8504.99812772294,303.7945875320334
1382,41.6617141685124,0.1138070614120205,0.0282071217896185,13.201790633608812,66.99975040372112,24.8484299899628,4449.840809351568,756.1264397138336
1383,39.73697551964872,0.0822155370547783,0.049022625482824,17.30252100840336,66.9996778082907,24.852942862382875,19862.176925827564,1212.8982277018033
1384,40.57257570011711,0.0979423312613854,0.0451244155853584,15.07563025210084,66.99960519524565,24.85745573187849,16535.039191070333,1672.7988628599112
1385,38.612572358334965,0.0935447622070988,0.0480108781147687,13.02053756030324,66.99953256458315,24.861968598449213,19059.748634659827,1872.6135612448827
1386,33.64058983127515,0.0878133760460631,0.0387255826837984,11.356926466538145,66.99945991630041,24.86648146209462,27350.8301155964,2118.274789380291
1387,34.195866216580804,0.0834978114677424,0.0496043803146688,10.736740597878498,66.99938725039462,24.87099432281431,21387.872940622823,2442.542817981369
1388,36.5569159154801,0.0860946545573149,0.0474087683873458,11.69513707122193,66.99931456686298,24.87550718060786,31634.38055900414,2818.6774827373088
1389,39.14995036877325,0.134170802431561,0.0193498835875883,9.010326311441553,66.99924186570269,24.88002003547485,16131.061078705316,3228.6018778103203
1390,36.61990172953365,0.1103299128024679,0.0373243168333634,10.04553583711652,66.99916914691093,24.88453288741487,7183.134156260296,3466.016987163139
1391,33.899186460773585,0.1098189252614582,0.0181860402715801,10.471851342050927,66.99909641048485,24.8890457364275,4411.725344015557,3722.4010435884325
1392,37.57649490490093,0.1109325057524532,0.0284354674522817,13.835855806274076,66.99902365642171,24.89355858251232,5146.630647070191,4023.761726468161
1393,35.67034287225679,0.1605876314490444,0.0251554222554335,15.841612770056418,66.9989508847187,24.89807142566892,1850.762986448172,4361.77112342724
1394,36.47039555697992,0.091161237238495,0.0399017745493168,23.282608695652165,66.99887809537296,24.90258426589688,1364.3419151717287,4728.576554800106
1395,38.34914751935246,0.111301286769598,0.0396014013274166,29.136401212455223,66.99880528838169,24.90709710319577,2829.136382126582,5117.9473720365795
1396,33.73741542384046,0.0667613071669496,0.0239523087203522,32.446603279592125,66.99873246374212,24.9116099375652,2630.1014715721685,5524.795677571759
1397,33.50831200059945,0.0777439532041983,0.0346598944228361,54.39107069036793,66.99865962145137,24.916122769004733,5849.887536383031,5945.868250689062
1398,34.036864967395644,0.0958956101623974,0.0387685005880256,55.12291580542925,66.99858676150667,24.920635597513968,15449.067617244897,6378.348628749879
1399,32.49600899618343,0.072808704410182,0.0424226458272303,55.866446372022594,66.99851388390519,24.92514842309248,17552.22537191073,6820.066950176124
1400,36.363604282031964,0.0759059369288405,0.0517666617568159,48.92992841409692,66.99844098864413,24.92966124573984,18608.94817502991,7269.339390863863
1401,38.25690738930343,0.0937350135093016,0.0578277448397171,53.54432819383258,66.99836807572066,24.934174065455665,13628.464222733874,7724.848034358357
1402,37.864153877734246,0.1152025067493142,0.0422097243677502,51.34213784564589,66.99829514513193,24.938686882239505,15979.469405115253,8185.551852376706
1403,35.61422411771654,0.0963326615735583,0.0453497254262795,49.73755842727522,66.99822219687518,24.943199696090968,15320.804792396317,8650.620850648094
1404,36.83167943921906,0.0987776752083447,0.0488016743902879,49.30565103808607,66.99814923094756,24.94771250700962,20690.256173644782,9119.387209404462
1405,36.17960982884443,0.0853152876912815,0.0473166494628677,53.24583849222728,66.99807624734626,24.95222531499505,20972.615474971022,9591.308828732055
1406,28.14462848059837,0.0633913203587224,0.0190447811088618,59.28129298486932,66.99800324606842,24.95673812004686,20249.60130556703,10065.941934109303
1407,37.81244439010051,0.0847488210772607,0.0544081510490181,69.81816930488645,66.99793022711127,24.96125092216461,24026.42416767723,10542.9203256639
1408,39.9645619695171,0.087174176752394,0.0704324401883452,77.50935608145298,66.99785719047195,24.96576372134789,12437.329193844264,11021.93952829483
1409,30.202701787493147,0.0753627554944823,0.0043460735914541,75.12231700605398,66.99778413614762,24.9702765175963,9504.062503857282,11502.744582800871
1410,30.51031934355711,0.1126467832446561,0.0148051985447853,74.45323246217335,66.99771106413553,24.974789310909408,13702.843923337829,11985.120562957554
1411,38.31086157202893,0.1226272139505047,0.0548149036235888,75.32539573296629,66.99763797443275,24.979302101286795,16673.64144950154,12468.885149832857
1412,37.72073059903828,0.1218943661613887,0.049246906103787,73.97881122729777,66.99756486703654,24.98381488872805,13660.31173980673,12953.882771220113
1413,37.04960862680797,0.1373102471939054,0.0467858019961802,65.70776004402863,66.99749174194403,24.98832767323277,14063.664507645732,13439.979941242746
1414,35.67102532291452,0.1466186742486666,0.0272410271207018,62.28237558427278,66.9974185991524,24.992840454800536,13482.559058567,13927.061527514481
1415,33.50468246131155,0.200923074989708,-0.0009173719051932,51.939923013472665,66.99734543865881,24.99735323343092,13573.433687772924,14415.027740556277
1416,33.11283843220954,0.2102369212835638,0.0102734617232694,48.13350749346898,66.99727226046045,25.00186600912352,10694.104719578809,14903.791689719019
1417,36.91797719197967,0.2225241862744484,0.0284949603318721,45.48845202089633,66.99719906455444,25.006378781877903,9875.835651683405,15393.277386563579
1418,34.14691669892415,0.3148025212554341,-0.0145061270040675,43.48296235229457,66.99712585093803,25.010891551693675,1026.2537308042788,15883.418104066293
1419,32.94949609926981,0.3423716297678282,-0.0422213196273504,42.69430693069305,66.99705261960831,25.015404318570404,722.377186301047,16374.155020553453
1420,36.47762270895172,0.2506027314441407,0.0285885983612199,43.18544504058329,66.99697937056246,25.01991708250769,120.72301917072936,16865.436092949327
1421,39.2948249495873,0.1376405145215308,0.1053553342519496,58.33718530747008,66.99690610379764,25.024429843505096,0.0,17357.215115714956
1422,39.18995653172927,0.1243314537955154,0.1276227356750681,56.45370752510661,66.99683281931108,25.02894260156224,0.0,17849.450931074254
1423,42.64603744696658,0.1375547446198312,0.1187152991447475,41.61851698995736,66.99675951709985,25.03345535667867,1180.6657986473674,18342.10676307466
1424,40.22378966642978,0.2521444475043468,0.0436212680019886,36.93167445697002,66.99668619716114,25.037968108854,1950.0489080926648,18835.149653637982
1425,42.79473436854084,0.204624432929414,0.0872630883467271,38.043555921956575,66.99661285949216,25.0424808580878,1630.060940380194,19328.549982902237
1426,44.88262070591423,0.1426682633396104,0.1430133896343244,39.78801209788286,66.99653950409001,25.04699360437965,376.6389037092571,19822.28105965166
1427,45.32387146570546,0.1383495296208289,0.1377484510560523,39.6941887621926,66.99646613095187,25.05150634772917,0.0,20316.318770234764
1428,27.344586857400497,0.0080461249144943,0.1997933111035226,0.0,67.0062849709271,24.749211908965712,0.0,4996.4903384893105
1429,27.212202483250632,0.0133807612910746,0.1993484598501554,0.0,67.00621294056715,24.75372485920876,0.0,4505.474070959267
1430,27.145807107042074,0.0100235874723832,0.1421201506557056,0.0,67.00614089269733,24.75823780653748,0.0,4016.674931488398
1431,27.016354385917374,-0.0505716951930699,0.0841674663946915,0.0,67.0060688273148,24.76275075095144,0.0,3531.0137929616867
1432,27.017045507294945,-0.0760883499007116,0.0724701272005655,0.0,67.00599674441683,24.76726369245024,0.0,3049.990050247197
1433,27.08924194532454,-0.0860438749631197,0.0384653268284952,0.0,67.0059246440006,24.771776631033447,0.0,2574.5007541605914
1434,27.11154853228291,-0.0901966059593966,0.009839155904809,0.0,67.00585252606339,24.77628956670067,0.0,2101.8770158079774
1435,27.200104392362533,-0.0899927555256596,-0.0070809963405891,0.0,67.0057803906024,24.780802499451458,0.0,1638.6226810290354
1436,27.279080280558343,-0.0886006473081464,-0.0044066629371172,0.0,67.0057082376148,24.78531542928541,0.0,1191.8373659643282
1437,27.439932998298676,-0.094200289149921,-0.0095169951862348,0.0,67.00563606709785,24.78982835620212,0.0,771.4984988848167
1438,27.753783312906187,-0.1101708374089388,-0.0058740844506016,0.0,67.00556387904875,24.794341280201145,0.0,391.0050325849427
1439,28.8766828920609,-0.1306827265175051,-0.0171350243780959,0.0,67.00549167346476,24.798854201282094,0.0,99.71893606488862
1440,34.816728136018746,-0.0225756967222833,-0.0180081313410423,0.0,67.00541945034306,24.803367119444527,0.0,9.946304910757728
1441,43.88549881064646,0.1035205475170083,0.0832401773522591,0.0,67.00534720968085,24.80788003468804,0.0,159.65713146653516
1442,44.25317972104136,0.1405546377686097,0.0642554028986989,6.417768595041319,67.00527495147537,24.812392947012203,5822.5762360945,623.4720827662089
1443,43.2166059239565,0.117292065126163,0.0441328328923022,7.823375550660791,67.00520267572385,24.816905856416607,10496.360929654034,508.7184166243272
1444,43.01716630770472,0.0720204855115876,0.0625394939087332,5.993658671078024,67.00513038242346,24.82141876290084,15914.0781023119,430.10381704073114
1445,38.71219318234194,0.0192084422689057,0.0146319833465642,-0.8320705331312852,67.00505807157143,24.82593166646447,11003.406968661548,14.059492106765484
1446,31.100583869382763,0.0483996297437456,-0.1121270187755762,-0.2825847340865252,67.00498574316498,24.830444567107097,0.0,377.715469297302
1447,32.196433522178,0.2731893702055609,-0.2314685496969525,0.6065573770491803,67.00491339720132,24.83495746482829,0.0,297.70643468823835
1448,38.70788098683841,0.1714797696133362,-0.0534456556907193,4.210359553657528,67.00484103367762,24.83947035962764,3956.486455162,45.99464830451635
1449,43.672074361548965,0.1808588590597382,0.009521075338306,7.507366102161643,67.00476865259114,24.84398325150473,8004.252894626331,515.1186290113012
1450,43.70667818277764,0.1203998866268224,0.042364384448006,11.616285478093138,67.00469625393906,24.848496140459137,5735.194807563502,970.2834289759417
1451,41.71260560151159,0.0961720197397552,0.0452861975572392,12.918089207048451,67.00462383771857,24.85300902649045,8874.223293063491,1420.28130761203
1452,39.298430880232544,0.1078232604174563,0.0422840742526359,12.514584479911942,67.00455140392691,24.85752190959825,12909.850601588563,1873.2135166664652
1453,37.83986189506333,0.1037552011228016,0.0372357382771855,11.988298458149776,67.00447895256127,24.86203478978212,10530.7626564469,2329.811388901549
1454,32.35917646144274,0.1016973609288558,0.0357073643850921,11.258122246696033,67.00440648361885,24.866547667041644,14798.32392487595,2542.1191122875466
1455,30.20913812684335,0.07905769857984,0.0227502034497507,12.673320484581494,67.00433399709686,24.871060541376405,25047.914739341908,2818.042477944691
1456,34.26860458625001,0.0943033785338394,0.0449734477778779,12.778496696035235,67.00426149299248,24.875573412785982,16698.86641467311,3149.649304525681
1457,38.55097380381885,0.1272665820184952,0.0428814924806876,11.347053964757707,67.00418897130294,24.88008628126996,17040.80106866003,3521.252344717838
1458,33.84903030722431,0.2184576514857986,-0.015325731363787,10.15434393501308,67.00411643202543,24.88459914682793,2425.879504028752,3916.3662348284734
1459,32.90051950908668,0.2323177638260852,-0.0299446844920904,10.165449786471967,67.00404387515714,24.88911200945948,1876.8240732265788,4145.451719409106
1460,35.3288832319868,0.310643392549288,-0.0854228176470268,12.132405621383304,67.00397130069526,24.89362486916417,2297.065247751646,4418.681409515637
1461,36.46868116522531,0.1719171052634138,0.0391649741389482,13.32782141380736,67.00389870863702,24.89813772594161,115.36608396495885,4728.544628166373
1462,38.09184030004277,0.1261144756888609,0.0261342694946589,19.92403143526817,67.00382609897957,24.90265057979136,2000.8343979980823,5068.877903636278
1463,37.44483799329156,0.0930117496026639,0.0316080283110674,24.245246624414435,67.00375347172013,24.907163430713016,1500.5637197483782,5433.959155447342
1464,35.47393023468431,0.1053076688623192,0.0436802357813245,27.09409822534049,67.00368082685591,24.911676278706164,4073.007441394996,5819.132323968041
1465,36.43832058077328,0.0817289704455917,0.0552077977148808,38.17776554760595,67.00360816438406,24.91618912377038,4366.709483162845,6220.385251267814
1466,33.961238673409014,0.075603968466435,0.0314149427072274,55.4267437061494,67.00353548430182,24.920701965905263,9351.284791842536,6634.9962056894
1467,33.657420355154066,0.0893489645552722,0.0430102208175574,53.30577716643741,67.00346278660633,24.92521480511038,15597.565361657042,7060.676782326278
1468,36.67029013429221,0.07759077057727,0.0498340571444543,47.09327280231118,67.00339007129485,24.929727641385323,19531.33751073973,7495.54124791139
1469,36.31318401687916,0.1005618152759748,0.0434762604608918,48.40459801762114,67.00331733836451,24.93424047472968,16308.584031052009,7938.08040860606
1470,36.451711934969744,0.097713653488005,0.0441310470257744,50.221916299559496,67.00324458781253,24.938753305143027,15319.709667263742,8387.079500488711
1471,33.94239147552696,0.0933068177847606,0.0350624597281779,46.65931946549113,67.00317181963605,24.94326613262494,15800.701688076942,8841.554417702468
1472,36.017941952175136,0.1104517696512039,0.0497021047424647,50.70897577092512,67.00309903383233,24.94777895717503,18782.264872544696,9300.702473177626
1473,37.49496021418883,0.1073181417378602,0.0462650290187046,59.153570937113,67.00302623039849,24.952291778792866,19711.55679538368,9763.86442284122
1474,34.07991946547197,0.1014957397144764,0.0356288360740437,72.02242707760047,67.00295340933175,24.956804597478023,17214.673390817043,10230.49512195472
1475,40.2824896115818,0.1105242272238084,0.0627959987802194,80.04074889867843,67.00288057062932,24.96131741323009,16671.17863540392,10700.140766023815
1476,41.23349153993676,0.1082099598874967,0.067724927503046,72.47551581843192,67.00280771428831,24.96583022604868,3764.084607177719,11172.421151426124
1477,34.35815498902107,0.1211397324907327,0.0354462913429346,68.25917778083324,67.00273484030593,24.970343035933336,5904.654612200668,11647.015770427122
1478,32.215628188755865,0.1401305440377068,0.0296771579806087,65.7180368435524,67.00266194867939,24.974855842883667,6956.055453628379,12123.65284590447
1479,36.06910960117212,0.195200491141058,0.0204036935117617,61.98005227679186,67.00258903940585,24.97936864689925,15176.565175301312,12602.100630416046
1480,29.037880522038545,0.1081972792011721,-0.0143112076326605,59.548418156808815,67.00251611248251,24.983881447979662,14817.898384414151,13082.160458804316
1481,33.315997403731444,0.1642789573545381,0.0263147900574626,56.612960924600976,67.00244316790649,24.988394246124507,10408.34367870837,13563.661166526786
1482,30.901702623545194,0.1219855709793949,-0.0421682561085672,54.40569541890216,67.00237020567506,24.992907041333364,6555.460955783985,14046.454577954142
1483,27.64543974998351,0.1119873002287344,-0.0561107713366565,52.53418627046361,67.00229722578531,24.9974198336058,2027.09698405906,14530.411837946369
1484,34.6405829618696,0.2403458466691105,-0.0103856318150077,49.769019122300165,67.00222422823445,25.001932622941425,3472.7724752749787,15015.420412023612
1485,36.87768039414168,0.30037425767743,-0.0041174519207473,49.628885832187045,67.00215121301966,25.006445409339804,6561.769396491338,15501.381619680997
1486,35.11661297331868,0.3236186705622004,-0.0158793674241354,47.35071546505227,67.00207818013811,25.010958192800537,0.0,15988.20859533149
1487,34.13448888621957,0.3543059011372388,-0.0351277427608812,46.66102627596643,67.00200512958698,25.015470973323204,281.408114548483,16475.824594125006
1488,39.55078757869172,0.2846368807451105,0.0320417735293876,48.27349016370891,67.00193206136339,25.019983750907382,1841.0342410673927,16964.161577412964
1489,39.46130148640227,0.150730327856771,0.0773238940622617,62.57767390706625,67.00185897546459,25.024496525552667,0.0,17453.15902616025
1490,35.93732728198682,0.1306178801175327,0.0986338900029005,52.57392140697992,67.00178587188769,25.02900929725864,1082.74641086842,17942.762941085246
1491,40.71393520564365,0.2134358812819164,0.0594840996511987,43.89723863168016,67.0017127506299,25.03352206602489,4907.308747820543,18432.92499651721
1492,39.50265675853669,0.2322931461963146,0.0620080790739803,40.12503435009616,67.00163961168839,25.038034831851,2372.5273915449884,18923.601821381286
1493,41.1703571659629,0.2317821948053038,0.0660761263192268,40.234639175257726,67.00156645506027,25.042547594736547,1499.8925154541446,19414.754385794186
1494,42.511298148724734,0.1448246204470789,0.1004861724576749,41.52606961067546,67.00149328074276,25.04706035468113,173.6113033829648,19906.347475792805
1495,43.74892596429674,0.1241288376402807,0.1062682437390269,41.9483019386773,67.00142008873301,25.05157311168432,0.0,20398.349241860225
1496,27.338361303137955,-0.0035509119630313,0.1997036593346751,0.0,67.01122690701278,24.74927759745785,0.0,5101.819229482855
1497,26.89019869930515,0.0144508443647635,0.1956654739055132,0.0,67.01115505491138,24.75379056125751,0.0,4630.8336534159625
1498,26.89082701166508,0.0052124806961568,0.1624659394097478,0.0,67.01108318534335,24.758303522143784,0.0,4155.616629860689
1499,26.95979355448092,-0.0162085674518342,0.0970155603911308,0.0,67.01101129830596,24.762816480116268,0.0,3682.494922085583
1500,26.877247629395715,-0.037845522257724,0.0588277182888584,0.0,67.01093939379642,24.76732943517453,0.0,3215.662505837356
1501,27.1045229902233,-0.0576936048006039,0.0233786948464504,0.0,67.01086747181199,24.771842387318166,0.0,2754.9733886342965
1502,27.083131484820345,-0.0891800406190021,-0.0151035224546319,0.0,67.01079553234985,24.77635533654676,0.0,2307.7746993397473
1503,27.103853478053207,-0.08790669162965,-0.0267284133880454,0.0,67.01072357540727,24.780868282859867,0.0,1878.145161637401
1504,27.2432187157574,-0.0879370889474928,-0.0307975107621706,0.0,67.01065160098146,24.785381226257098,0.0,1469.736964393707
1505,27.469172721124146,-0.0952010788326118,-0.0305519605195426,0.0,67.01057960906962,24.78989416673804,0.0,1097.9162020673518
1506,27.855515683290623,-0.1249497744386108,-0.0404199774473958,0.0,67.01050759966901,24.794407104302245,0.0,781.4487294537715
1507,28.47972812826305,-0.1200219548424726,-0.0438511802446502,0.0,67.01043557277687,24.798920038949323,0.0,399.6886418943819
1508,38.08581274350148,0.0450739888992673,0.0255391890167945,0.0,67.01036352839036,24.80343297067885,0.0,95.97460291693663
1509,45.5674198707196,0.1305925510176193,0.0867069403387566,0.0,67.01029146650676,24.8079458994904,0.0,440.4270635509137
1510,43.39912224302193,0.1564741024097768,0.0281807222972991,11.202425244591428,67.01021938712326,24.812458825383565,5962.78628274173,515.0455865694437
1511,41.04188632715213,0.1290834282514983,-0.0371702155008379,6.254340038578119,67.01014729023709,24.81697174835791,5277.741366416983,55.3012589740634
1512,41.64465580802263,0.0625638419732313,0.0445973937692074,3.4347766133480424,67.01007517584547,24.821484668413056,17529.217010865086,205.55957295872764
1513,34.7520118317096,-0.0293636735663768,-0.1050479702154173,-1.62115993938559,67.01000304394559,24.825997585548546,3177.1114529342817,114.70761960695924
1514,37.846933189095424,0.0199280475387021,-0.0417414533851656,-1.508467575382073,67.00993089453472,24.830510499764,3838.4306199677794,14.552691157557604
1515,43.50265153872368,0.134539264264762,0.0490782480644518,1.0195511496626737,67.00985872761004,24.835023411058955,8891.52331402849,169.3237788688843
1516,43.82474427257612,0.1805200934356015,0.0067740942239218,5.056206088992973,67.00978654316879,24.83953631943303,6096.195607247696,352.563254076109
1517,44.80902367703842,0.1585806304283585,0.0082322359735869,5.317637339942172,67.00971434120815,24.844049224885808,4517.51849953525,733.2048437014153
1518,44.46872354617357,0.1660662740328766,0.0264909176665253,7.079201101928375,67.00964212172536,24.84856212741685,3771.653349878893,1163.9160780115894
1519,42.75176682318313,0.09899091727997,0.0504866543202138,12.828717100730328,67.00956988471764,24.85307502702576,8989.368534091365,1622.9197309397823
1520,40.68583935912101,0.1368544910501029,0.0246344961403567,12.833838523009096,67.00949763018217,24.85758792371212,9051.918263026775,2088.2351865903447
1521,39.26743980607191,0.1452399854138986,0.0175091594464458,10.281426407820462,67.00942535811616,24.86210081747549,8907.493119183255,2538.1305782774907
1522,36.98457147721314,0.0870563332409451,0.0431064569212001,13.37884006061441,67.00935306851689,24.86661370831548,13586.34965948838,2989.3034535797515
1523,35.50688420367983,0.140023189358598,0.0227341954371012,13.446035242290751,67.00928076138148,24.87112659623166,9540.976965440244,3227.493051421578
1524,36.83597330491805,0.1015171646717908,0.0512764271738518,13.491941038710564,67.00920843670718,24.87563948122364,13090.32312326367,3520.744059282454
1525,37.615996116825336,0.1342899377902758,0.0182213988593485,11.634381898454745,67.0091360944912,24.88015236329095,5945.656002675891,3856.755899020625
1526,35.19163375950821,0.2266466210318821,-0.0192640293354262,10.00261744041879,67.00906373473074,24.88466524243322,2070.894490964284,4225.339441746814
1527,31.8995194620609,0.1442568219890064,-0.0330539867736011,10.983606557377048,67.00899135742299,24.88917811865001,3613.782606497981,4583.967315468053
1528,30.920098944485765,0.2608969783470985,-0.0846819566682729,12.954288861352056,67.00891896256519,24.89369099194092,39.89783421824845,4832.8321054961625
1529,35.458380336157674,0.2557871098442643,-0.0152758342640924,14.68565139634062,67.00884655015452,24.89820386230553,3416.199134623837,5117.931346510491
1530,36.6850729490062,0.1208794509609504,0.0228224964119885,19.39242945629732,67.00877412018816,24.90271672974342,3341.680351355777,5433.931373231188
1531,33.012548189162786,0.0699576703515506,0.0125896351878917,22.766730928118974,67.00870167266338,24.907229594254176,3160.2806326604955,5775.984684024194
1532,33.2816029857745,0.1053363947725444,0.0219326808213736,25.90871540685669,67.0086292075773,24.911742455837377,2501.624060545853,6139.738428535012
1533,35.34300632576449,0.0730128118452117,0.0412470016170502,32.22699724517907,67.00855672492716,24.91625531449261,3679.068324139637,6521.562456286189
1534,34.99801657804217,0.0712592464807799,0.0371837874404897,40.18656202671073,67.0084842247102,24.920768170219468,3881.772236035673,6918.310347822208
1535,35.86499590910795,0.0885838655113428,0.0449294269638937,58.60435022026434,67.00841170692354,24.92528102301752,5803.260108145088,7327.550753406476
1536,36.21021448556751,0.0729142957311835,0.0461132239566349,49.436923923510825,67.00833917156443,24.929793872886364,10988.906672741125,7747.450033294586
1537,34.21367652489678,0.0923614676250843,0.0405871220012135,41.44025330396477,67.00826661863003,24.93430671982557,13624.059563273107,8176.366185091502
1538,33.85209361613704,0.1062781617504847,0.041671484945083,42.684963543816224,67.00819404811756,24.938819563834745,13996.081287712215,8612.952221318345
1539,32.83346570043314,0.0969515925244065,0.0425127293248316,48.19304276089648,67.00812146002423,24.94333240491345,19430.312118639828,9056.098936097822
1540,30.727022751865224,0.0956944577034397,0.0388742260750094,56.485969738652,67.0080488543472,24.94784524306128,22764.03190030423,9504.888737579282
1541,32.61149717878324,0.0887673828357452,0.04736202640607,72.18472126634552,67.00797623108365,24.952358078277825,22217.517867782924,9958.558725376886
1542,38.07105523007151,0.1070575744833356,0.0558061935469863,73.35611164581329,67.00790359023082,24.956870910562653,17457.74267477401,10416.471276756143
1543,39.36456073939333,0.1189644360055303,0.0494287617567054,65.45618379419454,67.00783093178589,24.96138373991536,23042.214142697947,10878.0906335567
1544,40.07527826613303,0.1376008821292971,0.0551161146573627,68.64950440528638,67.00775825574603,24.96589656633553,9398.447760963129,11342.964242380844
1545,39.69627984907406,0.1404830734300854,0.0684936421684309,66.43767198679144,67.00768556210843,24.97040938982275,3277.248487838699,11810.707843972701
1546,35.39372312981286,0.1712966899641818,0.0498592648720615,63.16980872437043,67.00761285087029,24.97492221037661,2217.838746625277,12280.993516288387
1547,36.66409194600909,0.2807741555271819,0.0008455741075154,61.18847159169073,67.0075401220288,24.979435027996672,9261.882893574748,12753.540046519802
1548,37.23850755003857,0.2288518543356745,0.0112134964013496,58.02973158981416,67.00746737558113,24.983947842682543,16193.629969608655,13228.10514355539
1549,30.694469414993144,0.1596855503026884,0.0358957148152988,56.08571821684095,67.00739461152445,24.988460654433805,9143.648633012624,13704.47910937862
1550,30.215243306117237,0.1748642585416948,-0.0333129239436868,54.976472206934496,67.00732182985598,24.992973463250035,4325.469277774704,14182.479671393781
1551,30.47833400277153,0.1968078256882292,-0.0449400555699018,54.72491064063788,67.00724903057291,24.997486269130825,5003.627256423962,14661.94774234725
1552,37.68184615998764,0.3271056862699372,-0.0297401982630969,56.1336266153423,67.00717621367241,25.001999072075765,7247.670562687791,15142.743924692348
1553,35.42738829551769,0.3828973870193625,-0.0340067238126275,54.81878179568264,67.00710337915163,25.006511872084424,2761.713704340621,15624.745615143784
1554,34.377918885558785,0.3860052448946491,-0.0476951578655452,50.78597938144328,67.00703052700779,25.0110246691564,0.0,16107.844595314295
1555,35.92372690947623,0.3754611950561117,-0.0350233416153844,50.11712950233708,67.00695765723805,25.015537463291267,301.1805261433558,16591.94501784815
1556,41.99723348066823,0.1919472555162875,0.1005105735925368,58.3606489756634,67.0068847698396,25.02005025448864,1173.2123011728454,17076.961715818372
1557,41.428451873565855,0.1417804932600985,0.0941693719184176,61.241161095061216,67.0068118648096,25.024563042748056,0.0,17562.818777500364
1558,39.98741718074702,0.1217674171749476,0.1142820757563702,58.59210345301967,67.00673894214528,25.02907582806914,1119.8360109032246,18049.44834001643
1559,41.67926481873455,0.1677140657613093,0.082278935181835,44.9563961485557,67.00666600184371,25.03358861045146,5600.309854023751,18536.789564163515
1560,41.28369043582981,0.2332211017739325,0.0534561095045466,42.39694761446446,67.0065930439022,25.038101389894617,7168.073635883535,19024.78775999886
1561,39.97671315289077,0.1787685880042815,0.0902771810932169,41.93849752339022,67.00652006831781,25.042614166398177,9956.328601113715,19513.39363820477
1562,40.18393193579448,0.1606967179049553,0.114993429494507,44.886091621956254,67.00644707508776,25.047126939961743,770.2100538754293,20002.56266696351
1563,43.32430245767837,0.1328219343806589,0.1054507664254658,45.24934707903779,67.00637406420925,25.051639710584883,0.0,20492.254517540987
1564,27.20915373597551,0.0620172118354509,0.2280616767637441,0.0,67.01616886056235,24.74934312314848,0.0,4699.786468517201
1565,26.95096725182973,0.0153322248822073,0.194830050556866,0.0,67.01609718672219,24.75385610047116,0.0,4407.72727025608
1566,26.899686280585502,0.0028652355578249,0.138622989245982,0.0,67.01602549545878,24.75836907488142,0.0,4155.493536020014
1567,26.91396421775437,0.1424629879575151,0.1585252398720517,0.0,67.01595378676929,24.762882046378824,0.0,3872.294880877475
1568,26.69411542635188,0.046068884540606,0.0842856609837473,0.0,67.01588206065097,24.767395014962965,0.0,3424.998297216313
1569,26.873236545317837,0.0915119967881174,0.142534444009009,0.0,67.01581031710104,24.77190798063344,0.0,2991.9576712449098
1570,27.01795702862283,-0.0897750526822405,-0.0119801354431444,0.0,67.01573855611679,24.776420943389795,0.0,2573.485154195176
1571,27.132602299598577,-0.0970064596438105,-0.0230606554719992,0.0,67.0156667776954,24.780933903231627,0.0,2172.827053003989
1572,27.383981662627964,-0.0805169981503427,-0.0301229617445158,0.0,67.0155949818341,24.785446860158537,0.0,1804.9806196704203
1573,27.631325083846072,-0.0874637225391904,-0.0308605784410748,0.0,67.01552316853018,24.789959814170093,0.0,1404.3526563805513
1574,27.9995501399945,-0.1184501817428137,-0.0482828065626136,0.0,67.01545133778085,24.79447276526588,0.0,911.8566897814642
1575,28.61054961117097,-0.1137646459334823,-0.0470468601509936,0.0,67.01537948958328,24.79898571344548,0.0,419.3607231823604
1576,35.786026900235456,0.0132953033124141,-0.018555465171449,0.0,67.0153076239348,24.803498658708488,0.0,73.13524341851468
1577,43.30013329395786,0.1646266408981134,0.0490761904791183,0.8937870230059234,67.01523574083257,24.80801160105447,349.8705259976916,566.4626201766476
1578,42.671699016617104,0.202687125559436,0.0027080444705118,12.715819909128458,67.01516384027381,24.81252454048301,9038.034088363562,592.1418907935224
1579,39.9045069988993,0.1249883501094176,-0.078153096287996,4.669926987188317,67.01509192225579,24.817037476993704,4210.126818612681,110.0747490025053
1580,35.8097326684996,-0.0176448257183736,-0.0884002287630492,0.2784513640121245,67.0150199867757,24.821550410586124,7425.168761002155,7.808722470034199
1581,38.14479029161683,0.0616139997178445,-0.0577551643704897,-0.7305306685044798,67.01494803383079,24.82606334125986,2375.7053412731584,7.715095126275644
1582,44.93211565409838,0.1413825683711922,0.0760041922921549,1.8837305413968863,67.01487606341826,24.83057626901449,11055.093025729984,392.9410509655514
1583,41.826228611996434,0.2776124277473453,-0.0810274877376233,2.369364400937544,67.01480407553537,24.83508919384961,4078.443224850646,655.0786777834444
1584,43.50207279060529,0.1514802441321558,0.01053270426523,5.352543774989661,67.01473207017933,24.839602115764777,3179.595148793495,793.5970017709084
1585,44.63676510622952,0.1446603587178007,0.0224747692573696,5.31684805069569,67.01466004734735,24.8441150347596,5886.453331355008,1055.089093070829
1586,43.016911325667465,0.1730424425858023,0.0135153549604256,8.350737016117922,67.01458800703662,24.84862795083365,6404.71273858044,1426.3595765260743
1587,43.6251286555972,0.146677677679839,0.0226746199086789,11.717729714836754,67.01451594924444,24.85314086398652,10110.351911689062,1846.4953122165543
1588,41.71756605950166,0.1098180378416685,0.0411873873099577,15.217511013215857,67.01444387396793,24.857653774217788,10003.727122637323,2281.93082209605
1589,40.79981069263942,0.1029830314059095,0.0445547653222886,15.751342420487395,67.01437178120439,24.86216668152704,18533.268232053724,2738.536430854428
1590,40.209450039320856,0.0875799758872901,0.054277664170487,16.706433393029343,67.014299670951,24.866679585913847,18187.460233572507,3202.5335468574353
1591,40.27661293525079,0.0889171646374027,0.0563356443290094,15.91595480848719,67.01422754320497,24.871192487377805,10007.685003540271,3656.0795970724657
1592,38.85154352810411,0.0971667869177654,0.0441171158057287,15.773647253201156,67.01415539796353,24.875705385918504,14658.813573529244,3920.584997174246
1593,38.65082064238387,0.2221738499852029,-0.0170347385364454,10.946642768509582,67.01408323522392,24.880218281535512,4849.313170627486,4224.915863508599
1594,38.59130093447276,0.1961019204979113,-0.0030904953797955,12.771338105726876,67.0140110549833,24.884731174228428,2990.7102085876213,4563.862551288671
1595,34.64226090838433,0.1463594186640384,0.0023054070903594,11.893663911845731,67.01393885723894,24.889244063996827,0.0,4930.290936655915
1596,33.35675703809177,0.1459723678059515,-0.007998873992304,14.829154036924775,67.01386664198797,24.89375695084029,7896.02880526663,5261.5827039863
1597,37.70586787051525,0.1429825700752739,0.0365019749717233,20.00234192037471,67.01379440922769,24.89826983475842,6668.3006421666,5525.152326795655
1598,36.4157903947073,0.1088897488722629,0.0311505054334527,21.99752031960325,67.01372215895525,24.90278271575078,6817.282007663428,5819.080437292418
1599,34.75470926485406,0.095756724607234,0.0379305573367692,25.207656293032223,67.01364989116786,24.90729559381697,3538.0882217693343,6139.71383997167
1600,31.345122889492387,0.0905216597729075,0.0169564603397806,26.59884440775897,67.01357760586278,24.911808468956565,4743.036566902647,6483.091464533172
1601,33.303600262121655,0.0861686325813342,0.0278425126235664,29.04196477710512,67.01350530303715,24.916321341169137,5840.733839927124,6845.791688176151
1602,37.48275138728088,0.0900106367690975,0.044279190657592,32.97179028484932,67.01343298268822,24.92083421045429,4227.67936675113,7224.905033146451
1603,37.35465212689643,0.0977300647808686,0.0491824861522659,40.85885266198928,67.0133606448132,24.92534707681161,4466.586421055511,7617.9290796565765
1604,35.7243078187741,0.0753985596247546,0.0369002126219452,47.75330214639517,67.01328828940927,24.929859940240675,10638.051500694028,8022.644541378313
1605,32.751984245737326,0.0832436646914099,0.0386990984708187,42.2573316811235,67.01321591647363,24.934372800741063,15897.640660844198,8437.58303138995
1606,31.108311481687803,0.0775071373251038,0.0176384554592884,47.51610682819384,67.01314352600349,24.938885658312373,21302.77082198552,8861.30855943943
1607,31.02231623734824,0.0865785901952874,0.0351854654023099,50.0977557483134,67.01307111799608,24.943398512954182,20165.11111533803,9292.619187251013
1608,27.80164337814809,0.0799778958562949,0.0311171646366952,58.50866813428731,67.01299869244855,24.94791136466607,19271.92279877073,9730.506324574719
1609,31.39704168085505,0.070227718732316,0.0423073772807668,75.54399008674106,67.01292624935812,24.952424213447625,15048.081430157656,10174.12086155788
1610,39.110423488390936,0.097485552412396,0.0679025762684909,82.37315898141779,67.01285378872201,24.95693705929844,6166.431443718044,10622.745279743165
1611,41.73414761343247,0.1367612677179812,0.0730190459271636,73.98581853228694,67.0127813105374,24.96144990221809,9285.87420749126,11075.770819707608
1612,41.80757770121077,0.1384971170756977,0.0936819920695918,74.51570247933881,67.01270881480147,24.965962742206155,7021.30010852449,11532.678839830662
1613,39.88656302024763,0.1307507753282028,0.0607318858127589,65.3418627046361,67.01263630151146,24.97047557926224,8943.024290825875,11993.025606343965
1614,39.20641357122646,0.1494868384521337,0.0557978805292341,66.458682799395,67.01256377066453,24.974988413385912,4372.140445489078,12456.42987239187
1615,37.26289248473605,0.1862631610532297,0.0544506467562414,70.81990651635961,67.01249122225788,24.979501244576767,13292.343955216864,12922.562715533226
1616,37.44799524839869,0.1652821146921483,0.0769054891749095,70.88691704498554,67.0124186562887,24.98401407283439,13159.009862402372,13391.139201265141
1617,38.36880645753472,0.1593022396333008,0.0906629748802236,66.3574865942527,67.01234607275421,24.98852689815836,10549.853813341368,13861.911523238849
1618,39.66251954434587,0.1768957104023112,0.0901500879196767,59.91511899848672,67.01227347165155,24.993039720548264,9445.20705064795,14334.663339199891
1619,39.62888174855316,0.2695796926774862,0.0214067735163419,62.26197687224669,67.01220085297795,24.99755254000368,1407.8369863718865,14809.205077179584
1620,40.08516521565908,0.3428915728089284,-0.0234423678044447,59.85938359933957,67.0121282167306,25.002065356524213,1013.8596624751256,15285.370031092292
1621,36.20474866976063,0.3586827132678215,-0.0257160360826426,56.79994496422675,67.01205556290665,25.00657817010944,76.3455910230271,15763.011100565309
1622,33.68433790926952,0.3752652793392796,-0.0637288898422379,54.44751685238685,67.01198289150335,25.011090980758937,0.0,16241.998058286357
1623,36.87698018770122,0.2309949612325648,0.052646250427216,61.884028064383,67.01191020251784,25.0156037884723,308.34940502635027,16722.215250792808
1624,41.22322443553861,0.1401980479472949,0.1006215568378231,76.19713853349842,67.01183749594733,25.02011659324911,0.0,17203.559656712212
1625,41.826532560022,0.1393836142460808,0.1048649077022194,68.85207588671982,67.01176477178898,25.02462939508895,0.0,17685.939240816322
1626,40.43115451823167,0.1299262920192744,0.1037398506375922,62.161445452047246,67.01169203003998,25.02914219399141,1020.2869695955258,18169.27155384546
1627,42.4284231390789,0.1714577362493189,0.0645732193862228,48.45243332416826,67.01161927069754,25.033654989956087,2952.9110309472494,18653.482537171796
1628,40.62215092207013,0.2243946048349317,0.0405278801386146,45.06625429553264,67.01154649375883,25.038167782982555,7371.536498226148,19138.505498901977
1629,39.291632064155,0.1994250865706247,0.0623850488984513,45.53352569387194,67.01147369922097,25.042680573070392,8387.682687915547,19624.2802338835
1630,37.77205343871168,0.1743595245827062,0.0750240165675479,47.45524542829644,67.01140088708124,25.0471933602192,6170.189624195136,20110.752265001378
1631,40.5581811100716,0.2001758913711487,0.0676743224886475,46.09746696035244,67.01132805733678,25.05170614442855,0.0,20597.872186954923
1632,27.229677653228507,0.2507850964838198,0.2809885692551312,0.0,67.02111083153241,24.749408486035325,0.0,4313.09229125571
1633,27.00049535663082,0.0100651498232539,0.2000852603573092,0.0,67.02103933595635,24.75392147684745,0.0,3998.43633035823
1634,26.88922909105963,0.1168965006098751,0.1842045313342316,0.0,67.02096782300023,24.758434464748102,0.0,3718.542715484807
1635,26.73430013508343,0.0002658691074636,0.0539101004059178,0.0,67.02089629266142,24.76294744973685,0.0,3488.2125459169333
1636,26.64765311601821,-0.0358295125634311,0.0358013976622189,0.0,67.02082474493706,24.76746043181328,0.0,3217.738880955811
1637,26.132380107939124,-0.0083998322212836,0.0713007520021775,0.0,67.02075317982445,24.77197341097696,0.0,2861.9292160527434
1638,26.722842437247188,-0.0820609356719411,0.0098330730480248,0.0,67.02068159732082,24.7764863872275,0.0,2506.859337305645
1639,27.27268264764561,-0.1011588726174707,-0.0109376298567144,0.0,67.0206099974234,24.780999360564472,0.0,2155.0692119714204
1640,27.6461396813282,-0.0896840279389754,-0.0195134033700737,0.0,67.02053838012944,24.78551233098745,0.0,1750.9737437697488
1641,27.884628753855065,-0.0890349603888749,-0.0298538246153283,0.0,67.0204667454362,24.79002529849604,0.0,1308.7124498432884
1642,28.227807814820096,-0.1045191688392694,-0.0344212825446339,0.0,67.02039509334085,24.79453826308979,0.0,827.0918418227735
1643,29.5137594249614,-0.1061070889544389,-0.0437568250355008,0.0,67.0203234238407,24.79905122476831,0.0,336.5430652828007
1644,37.12163204781334,0.1451382020771218,-0.0855375077694833,0.0,67.02025173693295,24.803564183531183,0.0,157.30906469380483
1645,44.1602798222054,0.1880369191879056,0.0568181746031957,5.821502412129564,67.02018003261487,24.808077139377986,2183.1874150044896,651.1611946714527
1646,42.5591643332787,0.2175905802949486,-0.0137264086708855,11.392202782752449,67.02010831088363,24.812590092308284,7717.43411587591,591.737961350016
1647,39.87375716833749,0.2059619014898416,-0.056862303031025,5.912186379928316,67.02003657173653,24.81710304232169,3715.669324623839,116.26934507873501
1648,33.379778754364864,-0.0079776241515234,-0.2296747107147284,0.9079636263433454,67.01996481517077,24.821615989417783,113.41400297830069,160.04901830514052
1649,39.50659065967215,0.1256783234124066,-0.0690779073372578,2.7685631629701057,67.01989304118358,24.82612893359613,1926.2727140185364,17.810240484044435
1650,41.37362074456762,0.2376255341308278,-0.0602549940110237,4.560864775543926,67.01982124977218,24.83064187485633,7060.434049505267,492.75738076452234
1651,38.27604341096655,0.4132384583288617,-0.1870691739140081,4.580889439625499,67.01974944093386,24.83515481319796,6419.368493458808,984.2676807483044
1652,42.10711046785106,0.1408336046608117,0.02027064789161,6.376238986784141,67.0196776146658,24.8396677486206,15029.015908892345,1262.1410554251072
1653,43.6118740548699,0.1523740772030053,0.0181601887760588,7.662398457937491,67.01960577096523,24.84418068112384,8003.006750415567,1463.0597157834027
1654,41.92126593285715,0.1636697223667497,0.0090260161904849,7.130872020939523,67.01953390982939,24.84869361070726,5465.044543893571,1760.2541308977284
1655,42.250532018601,0.234202434072147,-0.0316946253312235,9.821330022075056,67.01946203125549,24.85320653737045,4260.590432189373,2125.978187149029
1656,40.84471402855115,0.1694864514921902,-0.002519828108535,12.861735890713408,67.01939013524077,24.857719461113,9726.89634336074,2535.920081363075
1657,40.583582299487134,0.1143416568288499,0.0383334779756394,16.32855370191645,67.01931822178244,24.86223238193446,11147.00782093922,2960.479118961954
1658,40.74385718284989,0.1458077127635127,0.0154037461686289,14.018612987729218,67.01924629087775,24.86674529983445,13118.738005887377,3399.9582225813324
1659,40.849493196020966,0.1240697233647545,0.0321769081059795,14.663405896941317,67.0191743425239,24.87125821481255,15082.700940799716,3853.873835985716
1660,40.3618027747286,0.1143416490381716,0.0324446057455882,16.66175254891155,67.01910237671814,24.875771126868333,8209.080412207006,4315.499235512871
1661,39.71809184337286,0.1178910682419142,0.0285764399404951,15.675392670157068,67.01903039345763,24.880284036001385,7512.207810945098,4617.928327992715
1662,38.5188515210091,0.1841799896917381,-0.002235826948146,12.42208149779736,67.01895839273966,24.88479694221129,5801.495328463047,4929.9279280534965
1663,33.4310195851721,0.0853773486802023,-0.0116323982438465,13.393997797356828,67.0188863745614,24.889309845497635,3873.990609213666,5270.969238079339
1664,32.620645544832726,0.0734429438763991,-0.0289551006717171,17.404791408508878,67.01881433892011,24.893822745860007,9773.184893668971,5635.782469315367
1665,35.029263233669525,0.0822965186573778,0.0251742247586382,20.530544854155195,67.01874228581299,24.898335643297976,15776.027155742026,5946.070025805945
1666,37.47602110063328,0.0985449230977296,0.0422232372098944,21.956222466960355,67.01867021523724,24.90284853781116,10233.412352172352,6220.593549011993
1667,34.80688261248245,0.0856821957272045,0.0400769237832035,23.012949442071918,67.01859812719009,24.907361429399103,3119.320373869059,6521.516158306322
1668,29.898842482427327,0.084745534592281,0.0292699297116519,25.379048931771205,67.01852602166876,24.91187431806141,6540.600827971466,6845.769635606725
1669,31.21231047684018,0.0889579103311739,0.0277650180421292,27.133415943824875,67.01845389867044,24.91638720379767,4560.711018271039,7190.198245123835
1670,35.96879399105389,0.0723660701365143,0.0388724883684285,30.666345226615245,67.01838175819239,24.92090008660746,7982.664556417303,7552.042088355325
1671,36.82374821971504,0.107095413592847,0.0321008273847953,34.21822938179817,67.01830960023176,24.92541296649036,6217.545874600832,7928.91724033148
1672,37.895971488385214,0.1200710542536879,0.0193034976206986,36.44699889867844,67.0182374247858,24.929925843445968,5230.3977560229005,8318.78101066805
1673,35.755305898364334,0.0923972306067431,0.0476978128048393,51.7304144292992,67.01816523185171,24.934438717473864,7551.038939846113,8719.670339533517
1674,33.15064974566459,0.0887110151648539,0.0355076623884998,51.28109521188773,67.01809302142672,24.938951588573623,15911.964506258031,9130.313948824334
1675,31.73593860977304,0.0930192757341505,0.0342815673211096,56.2778924198652,67.01802079350801,24.94346445674485,15450.747127204257,9549.48243507267
1676,30.36965193636216,0.094849733394882,0.0352222864445133,58.60883324160703,67.0179485480928,24.947977321987107,14746.295949689174,9976.101280113688
1677,31.62858248222773,0.0787337136149552,0.0469898966267691,74.0717821782178,67.01787628517829,24.9524901843,13898.532264799209,10409.25447494143
1678,39.282538369096166,0.1151995456762637,0.0849686679151758,93.34543953776306,67.0178040047617,24.95700304368309,3929.1298527394056,10848.159322979254
1679,41.11035736185307,0.1414466247286666,0.0821584656085379,80.09671206493324,67.01773170684021,24.96151590013599,1339.6390051917638,11292.14517570068
1680,40.6425594855559,0.1496620945102597,0.0753501153618019,75.71807925151344,67.01765939141104,24.96602875365826,1190.5052110109991,11740.635614867439
1681,38.932305835645664,0.1703464767981428,0.0512942697890483,63.75316629955947,67.0175870584714,24.970541604249505,8366.313944508707,12193.133584637982
1682,38.32847147723982,0.1246683005809328,0.0569204201150033,72.1028359030837,67.01751470801847,24.97505445190931,14553.85792242479,12649.209010217854
1683,35.42480670648081,0.1165883030071038,0.0724941889709813,87.64780393776677,67.01744234004948,24.97956729663725,12669.559691496052,13108.4884923967
1684,37.30582850221781,0.1102911856766242,0.0826463537876478,89.00234030837004,67.01736995456164,24.984080138432905,5775.688536667746,13570.646724678452
1685,39.02073092108958,0.1215161409302024,0.0997061709144758,85.55550969872058,67.01729755155208,24.98859297729587,1007.2763408722616,14035.399335124126
1686,38.50345153563705,0.1120964766129866,0.0522009032801768,78.66758392955421,67.01722513101805,24.993105813225736,436.8372414752206,14502.496904550078
1687,40.1875403980682,0.2298774728312137,0.0258576087915383,71.0673724735322,67.01715269295676,24.997618646222083,1178.9881384407108,14971.719955845536
1688,38.56575087793238,0.3541863743130925,-0.0539838432639351,65.66139675556775,67.01708023736536,25.00213147628449,1276.2731359000811,15442.874745515413
1689,39.47047619639675,0.2613754869903808,0.0079040690914919,61.96439373109705,67.0170077642411,25.006644303412564,4189.3677925948805,15915.789718856406
1690,36.63797890486528,0.2558673570641555,0.0043013702907188,61.47030519659059,67.01693527358113,25.011157127605863,1339.815022089707,16390.31251512992
1691,33.8574264483503,0.1788367267254079,0.0173877043543661,64.11616717074513,67.01686276538265,25.015669948863994,1305.784705732381,16866.307429668934
1692,37.49778553492367,0.1240506184898911,0.0295155787099149,70.98527995597743,67.01679023964287,25.02018276718653,0.0,17343.65325645773
1693,38.08699006702849,0.174594192272551,0.0409915380485286,70.96712064933278,67.016717696359,25.024695582573063,0.0,17822.24144848458
1694,38.09048520290138,0.1713628050477356,0.0409030049826602,55.75980189847297,67.01664513552818,25.02920839502318,2556.3651558289635,18301.974544173838
1695,41.96681400472145,0.1364773701362496,0.0490716432386774,50.58756362635851,67.01657255714764,25.03372120453647,3224.1628842542905,18782.764817320112
1696,39.38205146575736,0.1760311453138577,0.0407247218031096,48.237859402944025,67.01649996121452,25.038234011112507,11444.10485674606,19264.533115276503
1697,39.25907782226767,0.1918727469141393,0.0527744036169876,49.96640506677682,67.01642734772608,25.042746814750885,6354.378666996844,19747.20785620335
1698,39.24865996152122,0.2427384627248276,0.0120527915313509,50.52904735682819,67.01635471667947,25.047259615451203,4366.358222737466,20230.72416109649
1699,40.58232499778912,0.2090923346488775,0.0288882690894694,48.377148356936615,67.01628206807187,25.051772413213016,533.7657347103675,20715.023100354378
1700,27.196270570893315,0.0037038069935669,0.2411551149436539,0.0,67.02605281987974,24.749473686116144,0.0,3926.125314310449
1701,27.22077043594104,-0.0028925242904068,0.2357987697152598,0.0,67.02598150257045,24.75398669038413,0.0,3609.4824955611903
1702,27.160794522608523,0.0305278806415326,0.2405775154774779,0.0,67.02591016792447,24.758499691741587,0.0,3299.544411808831
1703,26.885505455285376,-0.0342071794761463,0.1527288081807696,0.0,67.02583881593905,24.76301269018808,0.0,3037.6076382740384
1704,26.811709170852662,-0.0613905369137668,0.0975422123357261,0.0,67.02576744661145,24.7675256857232,0.0,2830.784660539445
1705,26.82108766291491,-0.1023978042271992,0.0387649311713477,0.0,67.02569605993891,24.77203867834652,0.0,2512.185109169816
1706,26.883143977851056,-0.1018291675453772,-0.0033138492819965,0.0,67.02562465591863,24.776551668057643,0.0,2154.901356280108
1707,27.23654596373364,-0.0966218162239116,-0.0090687014863387,0.0,67.02555323454794,24.78106465485613,0.0,1799.761306709982
1708,27.85646886142681,-0.0855054561855487,-0.0050932602173101,0.0,67.02548179582406,24.785577638741582,0.0,1447.9711813763743
1709,28.10312019600442,-0.0864151561298535,-0.0065591106485406,0.0,67.02541033974423,24.790090619713585,0.0,1059.9247906646808
1710,28.609523833151385,-0.0976121277367703,-0.0151718865575708,0.0,67.02533886630569,24.7946035977717,0.0,635.9496675176481
1711,33.3274161290149,-0.0328586345931375,-0.0208101462645049,0.0,67.02526737550568,24.799116572915533,0.0,197.21632791443588
1712,42.20138115617769,0.1509980925068897,0.0493425283473551,2.5165289256198338,67.02519586734147,24.80362954514466,939.9222320472202,270.4683593371307
1713,45.80026212777521,0.2699866721127147,0.0882327622368636,7.264637002341919,67.02512434181027,24.80814251445866,1245.7163988835068,752.0889673580784
1714,44.22871998762884,0.2516976263873579,0.0215744209160541,10.74745108845412,67.02505279890936,24.81265548085712,3950.958617979401,788.5490926899364
1715,41.01551296493798,0.2539969340245273,-0.0321165022519224,9.948993658671077,67.02498123863593,24.81716844433961,7701.690081928117,476.44308267478
1716,42.6586397154488,0.1936818161112231,0.0108573945621936,7.646353233144906,67.02490966098725,24.82168140490576,5461.982137344043,252.77866311463376
1717,41.661626380026206,0.1715433826147403,-0.0201687310730931,5.812896114632129,67.02483806596058,24.826194362555096,6044.777555093271,113.95763695943391
1718,42.04377823617921,0.1888222663942864,-0.008787993857137,9.989937973811164,67.02476645355308,24.830707317287235,9980.667377848336,533.617751626408
1719,43.31328965235192,0.1212633372976582,0.0350784025881599,6.635023422430423,67.02469482376209,24.83522026910175,13792.848315052654,1024.1369152438322
1720,44.1640386647932,0.1372643141606286,0.048359327276142,4.886376172090458,67.02462317658477,24.839733217998223,8585.271284751578,1515.5811449601326
1721,42.88439975275512,0.1894013836072686,0.0023258751686448,9.585217870932162,67.0245515120184,24.84424616397625,8473.936279403451,1908.630787896978
1722,44.42233177171403,0.2474838435521859,0.0141043571622562,9.951737451737449,67.02447983006019,24.84875910703541,1733.555747880753,2153.7988747510076
1723,41.2899654023053,0.2238760089702908,-0.017487836790148,11.808630911347024,67.02440813070737,24.853272047175288,4444.485765894666,2466.531211166014
1724,40.28251597831477,0.1677358756605543,0.0078216981454645,14.816191656340354,67.02433641395719,24.85778498439546,5552.011781544082,2829.3223326822676
1725,39.97038330723021,0.114924714489037,0.0370367182950805,16.436398678414097,67.02426467980688,24.86229791869552,8317.332206361632,3228.970463115836
1726,40.678080875667455,0.1422948156345285,0.017195938808366,14.935803829728608,67.02419292825365,24.86681085007504,5410.824816493707,3647.2904237236867
1727,40.44416798052451,0.1883654073756539,-0.0101518563557533,13.7278359030837,67.02412115929476,24.87132377853362,8135.626967565875,4076.3886285828603
1728,39.66706904110333,0.323296854532095,-0.067006635415401,15.257575757575758,67.02404937292741,24.87583670407084,3162.1614055406144,4517.988883571496
1729,40.51673929307312,0.1523114241759907,0.0055529815786355,16.01404378356051,67.02397756914884,24.88034962668629,9455.272470929329,4970.423050664705
1730,40.36390595429873,0.126785213137274,0.0286030778812676,14.920088178561588,67.02390574795628,24.884862546379523,5910.468166255263,5317.8508219189525
1731,39.258595435482015,0.1120384100239223,0.0420099972831246,15.459790691269626,67.02383390934696,24.889375463150163,7098.605455928731,5635.464905149181
1732,38.5996308949649,0.1191540539167583,0.0162708499098039,16.60159801625569,67.0237620533181,24.89388837699777,6839.159389444753,5978.075947143739
1733,36.25775013229248,0.0810830734766579,0.0241458663747019,19.969434118133005,67.02369017986689,24.898401287921946,15093.25694178017,6341.633808580014
1734,36.10088357982655,0.0993207015787934,0.0264583488419897,20.789067878287224,67.02361828899063,24.902914195922257,11553.139971645238,6635.302928424847
1735,37.07562151436676,0.0993445183078464,0.0354628967691368,24.3462279735683,67.02354638068648,24.9074271009983,10383.005451947727,6918.400101831052
1736,35.387306942354186,0.0931983554805062,0.0302798125565823,28.96766648321409,67.02347445495172,24.91194000314967,16951.64830607864,7224.863242287252
1737,33.67761260578212,0.0978134031265571,0.0251987114616212,31.116522217636547,67.0234025117835,24.916452902375926,13717.153796941517,7552.0220980970835
1738,35.754007594349645,0.094596482047118,0.0380222826366231,34.11245698554715,67.02333055117907,24.920965798676683,14417.96160763914,7897.305025779946
1739,37.35109868079299,0.1495673770924507,-0.000474295230539,35.794328193832605,67.02325857313568,24.92547869205149,10837.636766506725,8258.439051659207
1740,40.96130248988441,0.2034030644343891,-0.0006814823482995,34.94975911906402,67.02318657765046,24.92999158249996,3950.615650258053,8633.435264675281
1741,39.013921831945474,0.1187672106824186,0.0378100905729715,54.50502547156821,67.02311456472073,24.934504470021675,7588.681238335678,9020.565024900241
1742,36.11532776017347,0.0926616386909051,0.0474441071400271,62.78661894273127,67.02304253434365,24.93901735461621,14927.424212628895,9418.199202728258
1743,33.86298145728625,0.107176704803706,0.0319681779137511,57.14291615035111,67.02297048651644,24.94353023628316,13849.880841100628,9825.09329196883
1744,33.964998630370324,0.0963295611250195,0.0354122012257097,63.28978524229074,67.02289842123632,24.94804311502212,13344.304779531636,10240.236333660248
1745,31.450213942490382,0.0802090889505057,0.0438110010528311,67.11797907488985,67.02282633850055,24.95255599083264,19468.80546276109,10662.664870575694
1746,38.5236631195404,0.0906749880345505,0.0711132781815747,88.47419843126463,67.02275423830626,24.95706886371433,7211.509048078768,11091.546515922028
1747,38.94499401148543,0.1245781746848473,0.0614808463419722,80.84319933920705,67.0226821206507,24.961581733666776,1707.438520435774,11526.160943140887
1748,40.26831545312879,0.188338975910685,-0.0148420312488586,75.03302146395157,67.02260998553109,24.96609460068957,1234.2997634835804,11965.883505166179
1749,40.27431832187786,0.2055001405888336,0.0705414486658356,65.06562113082954,67.02253783294461,24.97060746478227,1763.1417055591323,12410.171232938892
1750,37.54861057504675,0.1257209673765791,0.0574516939961896,64.59417102007147,67.02246566288852,24.97512032594449,15667.852371963932,12858.550929333283
1751,36.36266571101597,0.1311500965283952,0.0632811271246341,79.46343139950505,67.02239347535999,24.979633184175803,15807.154150638236,13310.60907597009
1752,36.57744544465126,0.1075865934362297,0.0848231068254874,105.47406795982936,67.02232127035622,24.984146039475803,6037.681010188348,13765.983290125256
1753,39.48122934569346,0.1207242290874903,0.1245396099121712,124.2871491469455,67.02224904787444,24.98865889184406,0.0,14224.355096607851
1754,40.148531213653406,0.1357796140981507,0.1125711775703578,97.39123846259814,67.02217680791185,24.99317174128018,0.0,14685.443809585153
1755,40.66509114970262,0.169028759968584,0.0726205083656016,93.71141401624676,67.02210455046563,24.997684587783727,1007.7550728950248,15149.001348412145
1756,39.809916786704754,0.2106498246516697,0.0288917073473107,93.2354155200881,67.02203227553301,25.00219743135431,2626.5724042081115,15614.80783819101
1757,36.159881043575965,0.2363673940937071,-0.0141643693357507,66.60456796917998,67.0219599831112,25.0067102719915,12702.780043101817,16082.667869253819
1758,33.7218540760999,0.210758259416651,-0.0066685179446262,61.33580960242126,67.0218876731974,25.01122310969489,9182.61683515096,16552.407310163504
1759,35.82616462666072,0.1897326072007203,0.0025533410301513,59.87561915244909,67.02181534578878,25.01573594446405,12079.150445092457,17023.870586031462
1760,41.91741047310773,0.1817648243784725,0.046018481744284,63.77837391663228,67.02174300088255,25.02024877629859,1308.154030129995,17496.91834861461
1761,40.61773714683255,0.1286432652064751,0.0507230645793472,64.6094308496013,67.02167063847594,25.02476160519809,1032.8957966284363,17971.42547673718
1762,31.01366106229036,0.1396499522276811,0.0231120333110578,56.78938685729998,67.0215982585661,25.029274431162136,1110.0132801204822,18447.279355868366
1763,39.32413751331456,0.1598780071910378,0.0604717346884037,56.75866813428728,67.02152586115027,25.033787254190305,0.0,18924.37839403389
1764,38.21607755375621,0.2091379697321681,0.0410687128995116,60.459273527793066,67.02145344622562,25.038300074282184,0.0,19402.6307383157
1765,38.31033282537945,0.254572828502658,0.0108613074433916,56.701952158372286,67.02138101378937,25.04281289143737,984.34420298793,19881.95316194899
1766,39.19194485165912,0.2335536549989679,0.0345154129033695,54.08460586050351,67.02130856383867,25.04732570565544,4789.139872030363,20362.270096924683
1767,40.51306909487355,0.1548754270434464,0.084008216791809,51.72601044817159,67.02123609637076,25.051838516935987,137.59298424843527,20843.512790937843
1768,27.22359327788329,0.0015030690469295,0.2354602638401732,0.0,67.03099482556102,24.749538723388685,0.0,3533.220946080002
1769,27.244572188685822,0.0041324435022171,0.2398323720420493,0.0,67.03092368652128,24.75405174107895,0.0,3222.5590305100573
1770,27.23878413239384,-0.0144668582461829,0.2263177226751218,0.0,67.03085253018814,24.758564755859613,0.0,2905.8726998655397
1771,27.15149328379654,-0.0163146887096132,0.2273980779272295,0.0,67.03078135655889,24.76307776773026,0.0,2605.089933640141
1772,27.297792282674774,-0.0507922075490682,0.2066648282030007,0.0,67.03071016563075,24.767590776690472,0.0,2372.0371836513314
1773,27.42107253062036,-0.1720313129218466,0.095468818340846,0.0,67.03063895740102,24.77210378273984,0.0,2129.308716109224
1774,27.51611175818684,-0.1396496904212584,0.0385038058725622,0.0,67.03056773186691,24.77661678587794,0.0,1806.6313373878495
1775,27.627679406460476,-0.1282635956534558,0.0642254440163208,0.0,67.03049648902571,24.78112978610437,0.0,1447.8734965061938
1776,28.061042824243188,-0.109975260743744,0.0433214461837337,0.0,67.03042522887466,24.78564278341868,0.0,1092.6632761116332
1777,28.46590780432925,-0.1054485370002607,0.0133622143536888,0.0,67.030353951411,24.79015577782049,0.0,740.873150778732
1778,30.02114624520283,-0.0915502387067543,-0.0530915275823471,0.0,67.030282656632,24.794668769309368,0.0,362.6201275650402
1779,38.30991917399615,0.2055622699096733,0.0003719244839176,0.6232763375620519,67.0302113445349,24.7991817578849,0.0,51.567501884143525
1780,41.28658777220846,0.1752972650086257,-0.0035881655425802,7.438240970499036,67.03014001511697,24.80369474354666,6972.509523873631,479.943393172926
1781,42.101927057133615,0.2081943744811755,0.0003341245666931,9.176616572452776,67.03006866837542,24.808207726294253,7908.2783329608355,920.7777031275118
1782,42.3341390040218,0.2266652011626741,-0.0108621178670114,15.635023422430423,67.02999730430756,24.81272070612724,8329.995273470115,1154.6374675544955
1783,42.08813565591155,0.2598477617058657,-0.0342760332843845,14.958385007578892,67.02992592291058,24.817233683045224,8459.204107850814,909.2475084846728
1784,41.29731797078165,0.2180854099533495,-0.0249420622881181,7.933553901295836,67.02985452418174,24.82174665704777,7827.989602349508,708.4185505624831
1785,40.40580939390821,0.1799504857575907,-0.0069338611418445,10.069341053212025,67.02978310811831,24.826259628134487,7495.15146199959,599.8156123154012
1786,40.783487458859774,0.2028452143603343,-0.0191375662863279,9.717909830415,67.02971167471752,24.83077259630494,7988.607702951404,807.4711716200454
1787,40.8094439046434,0.1966104359873407,-0.029100159081422,9.29576493309422,67.02964022397663,24.83528556155872,10169.990120755472,1194.038614965775
1788,41.38961629055833,0.1907587339582641,0.0047063166228453,9.074855252274604,67.02956875589283,24.8397985238954,7340.993773247391,1642.1875462485955
1789,41.07410221262296,0.1997073366015954,-0.0121738924002073,11.075492492078798,67.0294972704634,24.844311483314574,4647.318372114185,2113.371119167158
1790,42.85222534541517,0.2499691134520154,-0.031734536972988,13.051080820597551,67.02942576768561,24.84882443981584,4652.349990823848,2579.9740284605277
1791,41.84231927653398,0.1928322944917164,-0.0040820066369492,15.86582173853148,67.02935424755663,24.85333739339876,2951.7722653371907,2852.2467687316594
1792,40.241102627892296,0.1014796948941686,0.0346794981209898,21.059099049455853,67.02928271007376,24.857850344062925,9720.084901669125,3173.1778748246966
1793,39.66317519885249,0.1460816038450255,0.0218908909818711,17.219451715112278,67.0292111552342,24.862363291807924,7578.821434904786,3534.1684271533977
1794,40.934351028871625,0.1608012807619284,0.0212635335090658,19.079360705428492,67.02913958303523,24.866876236633345,7601.969000879972,3925.7655453929146
1795,40.55473786409838,0.2260504560904843,-0.0235004203562312,17.089130734260916,67.02906799347404,24.87138917853876,6479.725803616146,4338.671819147703
1796,40.10707777409839,0.165215955923986,0.0139392028087244,16.356798457087756,67.0289963865479,24.87590211752376,10410.414342603364,4761.740499700255
1797,39.44045171460967,0.1324030384161883,0.0093350112875172,17.988434531185465,67.02892476225404,24.88041505358793,10679.13441384643,5193.212097244993
1798,39.216289684262335,0.0991800368803566,0.027378965430924,20.323598291775728,67.02885312058966,24.88492798673085,8911.113927827771,5636.020864681532
1799,39.32553247355315,0.1141620769535271,0.0285201489540896,15.239399779735685,67.02878146155206,24.88944091695213,6555.354189831538,6019.452855967339
1800,40.24079923455786,0.0674417329822099,0.0394756096109881,19.0241046831956,67.02870978513837,24.89395384425132,18670.25533898376,6341.351592350948
1801,38.469778654021226,0.1013128107716725,0.0212643201627763,21.16285792951543,67.02863809134593,24.898466768628023,16730.745960215503,6685.182671409885
1802,35.274699220019286,0.0987685432226662,0.0094664690974768,23.023665382498628,67.02856638017191,24.902979690081825,13912.301284666137,7047.736848245561
1803,34.40624223079226,0.0951016043897127,0.013952300340201,26.26784238082117,67.02849465161356,24.907492608612305,16061.029594467096,7327.915592763995
1804,36.02553795734823,0.1070217423358891,0.0196777472879897,27.439074762494847,67.0284229056681,24.912005524219047,12494.460050393684,7617.922015573717
1805,35.09886693566749,0.0719817535986308,0.0018015388483262,31.12605042016808,67.02835114233275,24.91651843690164,13126.91685566346,7928.8791601171415
1806,32.97026385960348,0.0545827523894157,-0.0296333406555679,33.508742943687174,67.02827936160475,24.92103134665968,10678.423815396882,8258.420771296827
1807,34.861436497466954,0.1042107147461172,-0.019323076165643,34.223829201101914,67.02820756348133,24.925544253492724,8504.098184792449,8604.411806481017
1808,39.5384233483944,0.2110787809480672,-0.0309431239504486,35.96502340952905,67.02813574795968,24.93005715740039,7704.744343724132,8964.94793263768
1809,40.38965705500966,0.1216259964428016,0.0179695488519598,41.403359030837,67.02806391503708,24.93457005838224,11198.70443938437,9338.344624932117
1810,38.20137890450125,0.0796256997330696,0.0435078609421383,60.32626067787267,67.0279920647107,24.939082956437872,7378.574774035002,9723.120344454208
1811,35.795539948312474,0.093527555019706,0.0417840524106986,70.3456297315898,67.0279201969778,24.94359585156685,11654.724132825688,10117.919826412855
1812,35.143823746048184,0.0917049086566941,0.0411135368363027,66.49717825189262,67.02784831183558,24.9481087437688,15644.60864765724,10521.515270483047
1813,33.55357376510876,0.1111007392558661,0.0455522511760278,88.0898953744493,67.02777640928127,24.95262163304328,8465.217234639958,10933.08124729636
1814,36.40365306963683,0.0949136136423343,0.0433472851333092,80.570367313248,67.0277044893121,24.957134519389875,6399.597270869776,11351.750857582552
1815,39.79946887065209,0.1407312191048568,0.0596756118708414,87.35988444077587,67.02763255192527,24.961647402808183,2979.548878767649,11776.766513137556
1816,39.81523833705081,0.1689611629246622,0.0114532539448919,75.0889439625499,67.027560597118,24.96616028329777,2108.164023755291,12207.46539937458
1817,39.86464288768345,0.211865402889526,0.0363273646118041,67.20674466620784,67.02748862488747,24.970673160858247,1554.1975325732303,12643.26672377748
1818,36.88762312095955,0.1392085498739008,0.0454715496767822,60.59609030837005,67.02741663523098,24.97518603548918,13625.348592768692,13083.66062766571
1819,38.36083117721344,0.110589171925159,0.057579556077058,64.89706894179166,67.02734462814571,24.979698907190173,18579.88175158949,13528.198601106922
1820,39.92685060647029,0.1200454172500607,0.0655219056082327,78.64014317180619,67.02727260362883,24.9842117759608,11223.446450242402,13976.485229186856
1821,40.4845139807899,0.1131336198836747,0.087520813689349,102.03963120957754,67.02720056167762,24.988724641800644,9631.604522632691,14428.171101427482
1822,40.15810589857263,0.1070290111153751,0.1040995155630963,96.46056434962144,67.02712850228924,24.99323750470929,1946.8976782338464,14882.946727785058
1823,40.96576264523583,0.1175366185395234,0.0920369897848204,104.23662862642652,67.02705642546091,24.99775036468635,2969.4413494792484,15340.537320179981
1824,40.9333813708791,0.1336797768114829,0.0734288135899646,101.5596368138671,67.02698433118987,25.00226322173137,6804.612359018784,15800.698314987008
1825,37.877954327449466,0.1719825156744536,0.0046582455305868,69.73682762415737,67.02691221947333,25.00677607584397,4451.493857657304,16263.211528180254
1826,37.97776930453984,0.2283397334186582,-0.0193557922210295,64.7068372540927,67.02684009030845,25.01128892702372,5976.377443254043,16727.881849746755
1827,36.85139888477011,0.2248808143084012,-0.0067070469409839,63.92717511013214,67.0267679436925,25.01580177527021,2442.9888849813187,17194.534397520823
1828,41.24386631911071,0.1132443830098266,0.0701130207819079,73.58080947136561,67.02669577962263,25.020314620583022,0.0,17663.01206237616
1829,43.32988038960205,0.1068455582883858,0.0965136719446073,75.54241255852381,67.02662359809608,25.02482746296176,0.0,18133.173387012954
1830,38.42775464651888,0.1489090829268969,0.0605800038509155,70.09997245937761,67.02655139911005,25.029340302405988,3487.04616970089,18604.89072934652
1831,40.260566039168296,0.1468454886937787,0.0883441657345023,79.90087984602697,67.02647918266172,25.0338531389153,689.820891709046,19078.048669034713
1832,39.95652733635991,0.1343986841553035,0.1073355574455418,86.40679598294125,67.02640694874832,25.038365972489288,0.0,19552.542621993474
1833,39.70977652742469,0.1455035278267372,0.112870500788195,75.11913605722933,67.02633469736705,25.042878803127547,0.0,20028.27763317152
1834,38.90919574197692,0.188239216856868,0.0645252412723129,61.80602558811392,67.02626242851511,25.04739163082964,638.1917483015543,20505.167322349953
1835,39.20528589766818,0.1333539635925911,0.0912179010785025,67.66350254505433,67.02619014218968,25.051904455595167,0.0,20983.132961580948
1836,27.284157632625075,0.0032099666307858,0.2298904101146503,0.0,67.03593684853296,24.74960359785069,0.0,3132.6500862493276
1837,27.367469809516333,-0.0083100909230318,0.2145399066835363,0.0,67.03586588776547,24.75411662892964,0.0,2831.5764169415493
1838,27.502105316902743,-0.0023918965050228,0.2260912144554322,0.0,67.03579490974793,24.758629657099927,0.0,2518.949234816778
1839,27.514036875687683,0.0069055196070025,0.2387434229220298,0.0,67.03572391447757,24.763142682361146,0.0,2201.3466242893737
1840,27.627654396937103,-0.034991810529947,0.2162624244802483,0.0,67.03565290195169,24.767655704712865,0.0,1919.8942154481156
1841,27.677147958675697,-0.1587637974061189,0.1296007554017939,0.0,67.03558187216751,24.772168724154668,0.0,1735.8308449965068
1842,27.78967196845084,-0.1564044527167907,0.1055539406693003,0.0,67.03551082512229,24.77668174068616,0.0,1424.9587878130242
1843,28.02312694681927,-0.1654085969013562,0.1417712020487125,0.0,67.0354397608133,24.781194754306902,0.0,1099.6417336516724
1844,28.328304813037377,-0.2124537126874841,0.0718950532033287,0.0,67.03536867923783,24.78570776501649,0.0,740.8456367320774
1845,29.546185914181734,-0.1633728488532148,-0.0889687475760261,0.0,67.03529758039309,24.790220772814497,0.0,385.5652455170041
1846,37.93370593209679,0.0530746856442263,0.0642629051001078,0.1118003859939343,67.03522646427638,24.79473377770052,6.556886347156463,33.77512018426832
1847,42.27440833347702,0.2019223412276728,0.0242623383831064,5.114293583034976,67.03515533088496,24.799246779674142,3483.446498747194,340.32329092088196
1848,41.34313359991047,0.1735370875285634,-0.0069175986165435,8.225544227059796,67.03508418021606,24.803759778734943,9007.11086532068,742.6164549910794
1849,41.6869972239082,0.1447796917355697,0.019233321296637,9.985249517507578,67.03501301226694,24.808272774882496,9190.74057634489,1163.5100116294414
1850,42.3241579274976,0.1694283030029674,0.0096002835729116,17.81625051731273,67.03494182703486,24.8127857681164,8856.120362299602,1588.6126535984424
1851,41.90758037441689,0.2422492803749859,-0.0382811740504228,14.333609043286463,67.03487062451708,24.817298758436245,8855.816895581755,1369.952325248758
1852,42.18210679404385,0.189154902333092,-0.0079637298263689,9.152764373362746,67.03479940471087,24.8218117458416,6981.847863006124,1169.1773699173114
1853,42.04549750513248,0.1689457752434207,0.0093100778979939,11.3858995584989,67.03472816761344,24.826324730332047,7836.1293394722115,1097.7965567418455
1854,41.36937107115323,0.1644290373626222,0.0063466540390329,10.77638467897493,67.03465691322207,24.83083771190719,6098.276914925375,1230.0585125759412
1855,42.0770375457895,0.1751398764998676,-0.0049761262300642,14.32336731882062,67.03458564153401,24.835350690566592,8404.549858571201,1513.3818112483202
1856,41.01248904875676,0.1652605533877151,-0.003226860215695,14.691660923501036,67.0345143525465,24.83986366630986,9360.192496174855,1887.8673224850527
1857,39.85386324569855,0.1932120263546637,-0.019166278739015,15.774042435932769,67.03444304625681,24.844376639136552,7115.319835132959,2310.359614362007
1858,42.572196194667264,0.2977597042318074,-0.05314060577225,15.25465068210005,67.03437172266216,24.84888960904628,3675.463617460816,2758.3637438483806
1859,41.660569766129065,0.2493992020101982,-0.0402479368375455,18.163909567135377,67.0343003817598,24.8534025760386,4811.151026748723,3221.5102192896766
1860,39.770363722178,0.1617723166498793,-0.0026009585702484,18.274142443862797,67.03422902354698,24.85791554011312,5899.806455007062,3554.094144239196
1861,37.63448662641689,0.1220426507720636,0.0225469674901967,17.892684942829593,67.03415764802098,24.862428501269424,7702.373595738111,3879.992195120452
1862,40.17707584782205,0.1170522499619377,0.0413634115329555,22.244799559167927,67.034086255179,24.86694145950708,19512.57645979106,4239.767455895761
1863,40.874336282094205,0.1355598703678823,0.0300131139918174,20.29120198265181,67.03401484501832,24.871454414825685,9015.39221400619,4625.680136545335
1864,40.6052765056134,0.133046504538738,0.0193006824135279,20.449401073936382,67.03394341753614,24.875967367224817,10642.035236602384,5031.682250103725
1865,39.575970721100745,0.1375093964590863,-0.0024344803134196,19.42264774762365,67.03387197272973,24.88048031670408,8134.946057376582,5449.395372650694
1866,39.72682973977547,0.1000534154472427,0.0326377287517452,19.43551942683936,67.03380051059632,24.88499326326304,9850.948514520764,5875.940794560919
1867,40.28585423039656,0.1228243137563985,0.0206933562403567,16.694341181330035,67.03372903113315,24.88950620690128,5905.860749139769,6310.464287276971
1868,39.75315119688527,0.112984294249271,0.0198289578985715,18.97506543601048,67.03365753433748,24.89401914761839,10983.503597500074,6722.208566051506
1869,36.6192300495371,0.0955372343317993,0.0233174851076168,20.3765500137779,67.03358602020653,24.898532085413965,8701.425166218376,7047.482907946076
1870,31.304139016226276,0.0611138852605636,-0.0468129319445544,23.30807384954533,67.03351448873754,24.903045020287585,14605.863686154848,7392.2894065216215
1871,32.64237561215882,0.0776689416403714,-0.0242341724670693,24.470912599944853,67.03344293992774,24.907557952238825,12558.452698316343,7747.691755680475
1872,34.34471457427253,0.119528311259919,-0.0068077916884236,25.715210801873788,67.03337137377436,24.91207088126729,13545.062590020816,8022.893667538793
1873,37.27602858142759,0.1307810731562409,0.0069617572819388,29.100220264317173,67.03329979027465,24.91658380737254,10718.977432446283,8318.726567268388
1874,34.7006658519359,0.0768018763084566,-0.0089673313853258,30.34658778205832,67.03322818942586,24.921096730554183,9183.909381274883,8633.400291948075
1875,34.628039275762255,0.1072833269977762,-0.0309467851288757,32.77669235002751,67.03315657122519,24.9256096508118,11205.622559103487,8964.931092915787
1876,38.464772893643136,0.1647612816691826,-0.0111683536782487,33.33498554316399,67.03308493566989,24.930122568144967,8081.020529732874,9311.518587217985
1877,40.195430953089314,0.1567887103389162,-0.0030549909688581,35.90752717765239,67.03301328275717,24.93463548255328,9554.389818900763,9671.544204477896
1878,39.32452186952912,0.1045102492598796,0.0164671988140404,40.7587773647253,67.0329416124843,24.93914839403632,10974.14360087316,10043.562923480742
1879,43.86831232514319,0.0951520588308732,0.0529750775063934,64.50812224669605,67.03286992484846,24.94366130259366,8631.295206837129,10426.29105177389
1880,41.27305296634826,0.1159517420983877,0.0494962032587068,83.25836200963523,67.03279821984691,24.94817420822492,7758.964531009453,10818.592052314852
1881,36.2821859398761,0.0864848176445699,0.0455578351920861,79.57235302216714,67.03272649747687,24.95268711092965,14947.607169736028,11219.27399511264
1882,37.05449445327139,0.0858825162792017,0.0326731652594247,84.64945614759742,67.03265475773559,24.957200010707457,8896.213974348742,11627.643396237241
1883,37.32880902960348,0.0993151521431372,0.0268936040593787,80.49511221258432,67.03258300062024,24.96171290755792,5180.438848974822,12042.926260769524
1884,37.785381920983625,0.1349887550531024,0.054482887504726,84.7907425265188,67.03251122612808,24.966225801480626,4994.244166064465,12464.431591303908
1885,38.54431893093011,0.1631947385947611,0.0121046439590633,69.71629058888276,67.03243943425635,24.97073869247517,11051.006275743566,12891.549048348903
1886,33.83480132208009,0.1232069539882002,0.0196162511260074,62.294813591965855,67.03236762500225,24.975251580541123,11284.372537181118,13323.738921088248
1887,38.02120489094061,0.1659529458388391,0.0167815193493092,64.52475247524751,67.03229579836298,24.97976446567807,9454.53615367465,13760.52327523497
1888,40.00175203405698,0.1602126456651065,0.0237977379596038,67.85169899573532,67.03222395433582,24.984277347885616,13103.197133389524,14201.478189927884
1889,39.894361647655735,0.1420856364919774,0.0378972519650012,81.05362298913788,67.03215209291795,24.988790227163346,15288.829008915172,14646.22697999076
1890,39.95175873816182,0.1367250014549652,0.0440032887952604,80.18533296642818,67.03208021410659,24.99330310351081,10275.65034730775,15094.434296104022
1891,40.101539309130445,0.1369312257361357,0.0514295551403209,79.960236653825,67.03200831789896,24.997815976927647,1832.9262843711424,15545.800998633731
1892,39.70845407588273,0.1714510947483163,0.0173981615518626,81.41476177361614,67.03193640429225,25.0023288474134,9345.39332296492,16000.059707965696
1893,39.97792088843869,0.1535492490301079,0.0253956636452408,73.10890816467025,67.03186447328376,25.00684171496769,6295.280479749027,16456.970943268017
1894,39.51039406066919,0.1592839764617356,0.0369354738281018,71.93941897287624,67.03179252487062,25.011354579590083,8613.02676019751,16916.31977104731
1895,40.40921308053287,0.1756397894348494,0.0364072583901396,68.39845793749141,67.03172055905011,25.015867441280164,7821.09882000968,17377.9128943829
1896,41.46932446174168,0.1414178106197849,0.0534904099841869,72.55234557710828,67.03164857581939,25.020380300037534,3197.510261610608,17841.576122440754
1897,44.564756956720814,0.1285913560458051,0.0884908034344459,82.62087004405285,67.0315765751757,25.02489315586176,726.8829283791333,18307.152167953733
1898,43.6681711947751,0.1477871871405862,0.1017641422524052,75.33429632686753,67.03150455711625,25.029406008752453,1530.04208510972,18774.498727477498
1899,42.02650756806852,0.1508126363964264,0.0858517225730751,68.25560599807402,67.03143252163825,25.03391885870919,698.5463898671769,19243.486805546072
1900,37.750493666149325,0.1558511809621079,0.0666367957670075,66.22408578498762,67.0313604687389,25.03843170573155,0.0,19713.99924931603
1901,39.56872698094736,0.1541133338782375,0.1116660654926508,65.4868692424034,67.03128839841541,25.04294454981913,0.0,20185.92946506302
1902,41.53691592356556,0.1562887373903929,0.1289534519306365,67.14317120087935,67.03121631066502,25.047457390971505,0.0,20659.180291935132
1903,39.0131026312906,0.1459165176042734,0.1051434319813853,65.70294441386902,67.03114420548488,25.05197022918827,0.0,21133.66301189751
1904,27.50565248443955,0.0090084031055154,0.2473402676003123,0.0,67.04087888875222,24.749668309499928,0.0,2723.208852386386
1905,27.547004460367265,-0.0469086569597466,0.2117986942217804,0.0,67.04080810625976,24.754181353933973,0.0,2433.5186969501365
1906,27.63376322422246,-0.0364189995959517,0.2103678565437076,0.0,67.04073730656056,24.75869439546029,0.0,2129.931887800718
1907,27.73248647632757,-0.0900023156763839,0.2156223047474063,0.0,67.04066648965184,24.763207434078485,0.0,1815.339439121533
1908,27.838320595083427,-0.1535054104564729,0.1830815220147307,0.0,67.04059565553088,24.76772046978812,0.0,1498.4749567687209
1909,27.994424051857276,-0.1157815564096437,0.1622079840200416,0.0,67.04052480419502,24.772233502588765,0.0,1259.1640218680147
1910,28.09434566647645,-0.1694916516116432,0.1757518776671588,0.0,67.04045393564141,24.77674653248004,0.0,1031.9135587599224
1911,28.381439386838423,-0.1968857427602373,0.1798225507745659,0.0,67.04038304986739,24.781259559461503,0.0,720.6305415883392
1912,29.1456609280965,-0.1820593495090751,-0.0202825928428453,0.0,67.04031214687025,24.785772583532744,0.0,392.6138738791165
1913,37.04296280511168,0.0290684383640861,0.0533863436281717,0.2011304108078301,67.04024122664718,24.79028560469336,478.3048594746769,33.81777696172017
1914,41.86112089406539,0.1533966226424473,0.0568427882935285,6.248034211615394,67.04017028919552,24.794798622942928,4190.175526430874,321.5327850807622
1915,40.50853004224373,0.1624559023211308,-0.001510669382226,9.622740444321792,67.04009933451248,24.799311638281026,7748.219653312812,673.3229104131672
1916,40.99916330168072,0.1708131152615333,-0.0061310864536192,7.930040016558579,67.04002836259535,24.80382465070723,6975.5603316455845,1043.2667094054218
1917,41.460157807483455,0.149055687833402,0.0062164804378954,11.62348233995585,67.0399573734414,24.80833766022116,10623.506773425535,1435.3446495674968
1918,41.73988176972544,0.2190184652918966,-0.0222017951687049,11.201324686077,67.03988636704787,24.81285066682236,7745.865527677655,1854.1087475387246
1919,42.05717000551883,0.2005691928367777,-0.0120388993405612,16.3856965688301,67.03981534341204,24.81736367051043,10583.04645068184,1825.5922126963706
1920,42.37157593002208,0.188799086460545,-0.0102154386306582,11.286029209148529,67.03974430253116,24.82187667128496,11798.680892182208,1648.204697250894
1921,41.25745584270936,0.1662389990977476,0.008037078997486,12.0558697751414,67.03967324440252,24.82638966914553,8943.620427910866,1597.039696084915
1922,40.014218754218376,0.171601917877615,-0.0075057796809888,9.587537910118556,67.03960216902331,24.830902664091727,7376.656700307619,1694.476665821841
1923,43.46456270463703,0.1544621577468648,0.0541540148001815,7.500895440143272,67.03953107639086,24.835415656123136,3446.2145522724672,1911.1677141377656
1924,44.60002042325437,0.1737147668889636,0.0349666983774046,12.67690823918435,67.03945996650238,24.839928645239343,6580.677865569251,2220.0539001421653
1925,42.79090105100706,0.194779496042986,-0.0022719140966297,14.91734398677504,67.03938883935515,24.844441631439928,4990.632256172266,2588.8912375563236
1926,43.992655506964105,0.2316501435463864,-0.0089128263654744,13.8415255404103,67.03931769494642,24.84895461472448,3369.3819428478905,2996.0100734017665
1927,42.55296810397493,0.2246741056441042,-0.026872255127197,17.756131165610363,67.03924653327344,24.853467595092567,4081.264619630599,3427.7973801872827
1928,36.85070059676819,0.1925035855408466,-0.036018915243709,15.902603664416596,67.03917535433342,24.85798057254381,1626.6510972669782,3875.6110676877283
1929,37.44369952107732,0.1516259273372965,0.0111440422025313,17.13128530100566,67.03910415812372,24.86249354707775,5062.028150849947,4256.563449138911
1930,40.8749233243326,0.102891335558315,0.0456651484284904,20.67681498829041,67.0390329446415,24.867006518694005,6046.803474319164,4586.896667945401
1931,42.04340433259441,0.1677424030446808,0.0372511485257825,21.023146872416653,67.03896171388404,24.87151948739216,3232.81995578624,4945.797174161789
1932,40.40052675620697,0.2063794354480613,-0.0295197032766216,23.342380821162863,67.0388904658486,24.87603245317177,4288.077239875724,5327.494564348163
1933,39.97292472756242,0.1377322813547049,0.0132402843685205,20.234247897421763,67.0388192005324,24.88054541603245,9134.338955723078,5727.432843607957
1934,39.82712300642152,0.102524661987163,0.0386311924767618,17.856336088154272,67.03874791793271,24.88505837597379,7794.229490935573,6141.437587812036
1935,38.67091294436265,0.1066901949990995,0.0273759788421044,18.32640418502203,67.03867661804678,24.889571332995345,11015.154487176278,6562.6021286478035
1936,39.43061037711277,0.1574018685320105,0.0026795884093089,16.98278948093074,67.03860530087184,24.894084287096724,3053.122827750108,6991.365235356188
1937,35.678696930892194,0.0956428570042651,0.017620029081581,20.23296158612144,67.03853396640514,24.898597238277503,9341.85707720304,7425.790417530198
1938,30.76680465057926,0.047778738515348,-0.0342822777500762,21.95184369840394,67.03846261464395,24.90311018653728,14025.784997885645,7753.792017913755
1939,30.93275422935988,0.0449190867377972,-0.0410089664710388,23.76156387665197,67.03839124558546,24.907623131875617,12562.32986966055,8099.396149632335
1940,36.71316590400469,0.1347349471333074,0.0120350042969009,24.885796941727502,67.03831985922696,24.91213607429212,12371.479013707529,8437.903989704708
1941,38.55552266587361,0.1273576715050856,0.0200075424283177,26.426820872917524,67.03824845556566,24.91664901378637,10860.871578866629,8719.822169396157
1942,39.05087757517567,0.1133508786829286,0.0243402540788875,28.00675024108004,67.03817703459883,24.921161950357945,8957.012345267136,9020.51481712121
1943,38.144848771850384,0.1378053778460026,-0.0001555856443577,29.888261228988707,67.0381055963237,24.92567488400644,9085.013379000497,9338.312292144388
1944,38.84755421980023,0.1517905846967029,0.0024044524884202,30.155001377790025,67.0380341407375,24.93018781473144,10449.957459290215,9671.528595056265
1945,36.39751750688587,0.1250994883231387,-0.0188103309974607,33.05114419630548,67.03796266783745,24.934700742532527,9365.892954522456,10018.625367984127
1946,32.09134768569304,0.0654492308028616,-0.0359560310614478,35.22237531000276,67.0378911776208,24.939213667409284,9653.220888406902,10378.210017277195
1947,37.94197298063163,0.1079222918003974,0.0229797769046952,43.57437732214117,67.03781967008483,24.943726589361304,10752.744530069574,10749.029354369955
1948,37.6451466796162,0.1337378911681196,0.0569387190640592,65.008254230293,67.03774814522673,24.948239508388177,4876.996214092373,11129.96051022611
1949,31.11980880198267,0.0750734193615643,0.0234320334304302,87.17377545404511,67.03767660304375,24.95275242448948,4533.11915417992,11520.000427819616
1950,28.43041327021876,0.0675301562336474,0.0093070263681279,80.52634475168523,67.03760504353312,24.957265337664804,11001.84588015635,11918.134684888311
1951,33.775633933499805,0.084343779090039,0.0256947443921088,75.7746595130004,67.03753346669205,24.961778247913728,14813.188330346358,12323.63243282692
1952,40.62158516237918,0.0931032421539224,0.0452942726845218,73.74707421175822,67.0374618725178,24.96629115523585,11973.658275210755,12735.850906452402
1953,41.36887062964367,0.1922704286823164,0.0206455330483914,77.65189873417722,67.03739026100759,24.97080405963075,8428.792844468797,13154.158288655892
1954,38.0589718457497,0.146206986748488,0.0293115424447883,69.626738262426,67.03731863215863,24.975316961098017,2913.8974665868104,13577.99183437303
1955,39.14023185975218,0.1731272205531224,0.0091911347154905,67.59094038276196,67.03724698596822,24.97982985963724,5528.552345949246,14006.849903720402
1956,39.60877905152228,0.1834387213169893,0.0050231089888586,69.43628598980578,67.0371753224335,24.984342755248,7080.335442866724,14440.284837773104
1957,39.48610687888738,0.168969393316012,0.0207653783178487,73.19688404798018,67.03710364155174,24.98885564792988,12575.449644747758,14877.896631121952
1958,39.57480578891983,0.1418673902705964,0.0281396901141189,73.95659961421877,67.03703194332019,24.993368537682464,11674.11479866087,15319.327339552412
1959,38.74531383836433,0.1571367062187123,0.0090993043167483,73.07806691449812,67.03696022773602,24.99788142450536,13434.610506414794,15764.256154542913
1960,40.68268359788113,0.2076972919762629,0.0042308592802271,72.98266373142543,67.03688849479649,25.00239430839813,5331.149190762306,16212.395075232442
1961,40.80259966863808,0.1347835682161086,0.0308717818560664,76.60310909341038,67.03681674449882,25.00690718936039,13325.726394395151,16663.485110999678
1962,38.876174940138895,0.1513030106367971,0.0316374840067449,76.63288876667123,67.03674497684021,25.011420067391697,13517.10928327758,17117.29295225228
1963,41.32828847693387,0.1561552856404138,0.0600308844039555,78.8097071359824,67.03667319181791,25.01593294249165,8455.159586190843,17573.608052462885
1964,41.40848153299878,0.1237518894815457,0.0965692776431177,81.39007287226727,67.03660138942912,25.02044581465984,5078.650529694153,18032.240070209686
1965,42.54295132911669,0.1135944372424287,0.1102314154898527,92.64460649422126,67.03652956967109,25.02495868389585,2912.67176602425,18493.016625673572
1966,44.22503195910571,0.1371355992690134,0.1138048788339815,93.3215465052284,67.03645773254102,25.02947155019927,818.2703770724474,18955.781331427726
1967,43.5530672905572,0.166747859377162,0.0905884496121561,81.26330994634749,67.03638587803611,25.03398441356968,370.2719404880165,19420.392062262552
1968,41.52910607163871,0.1734148208658728,0.0960251043194291,74.13841496973033,67.0363140061536,25.03849727400668,471.66147552343904,19886.719433300736
1969,39.974664143268704,0.1727629300965568,0.1146924123336536,79.6834502682625,67.0362421168907,25.043010131509845,0.0,20354.64545958168
1970,40.88197517795541,0.164115412455979,0.1384751836495291,90.15778603882694,67.03617021024463,25.04752298607876,0.0,20824.062373883742
1971,41.71478774189568,0.15541440531163,0.1269659970605465,78.92345814977975,67.0360982862126,25.052035837713024,0.0,21294.871582548094
1972,27.722726760231502,0.0024309309167235,0.2130053916981666,0.0,67.0458209461755,24.74973285833416,0.0,2305.786190912157
1973,27.801146698768097,-0.0786785073627069,0.2179994146336837,0.0,67.04575034196081,24.754245916089715,0.0,2030.8673645351832
1974,27.95034911250485,-0.0918553101814282,0.2147808324634902,0.0,67.04567972058265,24.75875897093848,0.0,1734.3873076503892
1975,28.00847250808934,-0.1084736437018956,0.2118347941857204,0.0,67.04560908203831,24.76327202288004,0.0,1427.344127362025
1976,28.124583997791287,-0.0793292808489136,0.109985439585914,0.0,67.04553842632505,24.767785071913988,0.0,1111.729643429085
1977,28.255490239428912,-0.1379095643097744,0.1297231514190826,0.0,67.04546775344019,24.772298118039885,0.0,803.0737395496178
1978,28.54983176007453,-0.1900959046593803,0.0229854519063543,0.0,67.04539706338096,24.776811161257346,0.0,648.0294577991131
1979,29.534975106713595,-0.1434325008052929,-0.0751245198985138,0.0,67.04532635614464,24.781324201565933,0.0,330.891432463222
1980,37.366769256633134,0.0207392316289055,0.0292982586387058,0.8599420449841314,67.04525563172855,24.78583723896524,1161.355042212674,16.77428732496624
1981,41.40429525048017,0.1712394711713125,0.0351888163587518,6.237030905077266,67.04518489012987,24.79035027345484,4505.497060696642,314.41398589154426
1982,40.895303593940426,0.1548856161086887,0.009473723281652,8.207643487858721,67.04511413134598,24.794863305034337,8368.575227292758,673.2100828123754
1983,40.36370446694792,0.1188293618685992,0.020818601546678,10.286600496277917,67.04504335537409,24.799376333703293,16677.811277919125,1028.6308156757257
1984,40.508515488524615,0.1821791787466539,-0.0188758929634982,9.44620471139275,67.04497256221148,24.80388935946132,7321.792335808944,1380.4209410099024
1985,40.84518493327546,0.2071934875478759,-0.0272432476345895,14.0136476426799,67.04490175185542,24.80840238230797,6599.810138586172,1746.2101278907605
1986,41.374087953349886,0.2231954468760435,-0.0254163175513997,16.22663358147229,67.04483092430318,24.812915402242847,7113.710206753352,2135.9964236042165
1987,42.00587789885858,0.1221492642774643,0.0281103969369486,17.565894678797907,67.04476007955203,24.817428419265543,5939.38110609793,2282.489442969688
1988,43.06909322323188,0.1429020111979825,0.0269282724815239,13.92602286816366,67.04468921759927,24.82194143337563,6614.516090739644,2136.529376149381
1989,43.06265879136403,0.1175588748490395,0.0371409811914415,9.907688068338388,67.04461833844209,24.826454444572693,14680.562034462191,2096.6435799604383
1990,42.72628498442028,0.0857827371668616,0.0520202801210996,12.412381083689512,67.04454744207781,24.830967452856328,6922.393794936733,2172.259040450077
1991,44.747822559713256,0.1622785709376916,0.0681493940094145,10.415827933268996,67.04447652850371,24.8354804582261,2966.136845366154,2347.9862205649574
1992,44.8635418536071,0.1829146322441081,0.0416913428123598,11.732708735188762,67.04440559771699,24.83999346068162,4690.154911148342,2606.161951616555
1993,43.52015638870217,0.2289970440386146,-0.0060818531932774,12.594929732708737,67.04433464971498,24.844506460222448,2329.440781725368,2926.9359630423355
1994,43.49676998210538,0.1957189899683793,-0.0028674558706066,15.266510409485734,67.04426368449491,24.849019456848183,2522.1871405327643,3292.51767675732
1995,42.98462251206238,0.1906706602512501,-0.0106748508777822,18.637191336736105,67.04419270205403,24.853532450558408,1921.5434837489809,3689.768444150796
1996,40.838566881467386,0.1967381268680152,-0.017432980584956,18.977266464590794,67.04412170238962,24.858045441352704,4791.680144690538,4109.514532253939
1997,40.64345005641689,0.1241232210252932,0.0381953037201515,18.992009918721592,67.04405068549895,24.86255842923067,5984.5789721805095,4545.528375212497
1998,40.65992520475413,0.091102649099035,0.047992295207213,22.10524865683979,67.04397965137923,24.86707141419188,7902.077868864541,4960.203020482568
1999,41.574698133420114,0.1546826589476458,0.0265503191372456,23.47198127495526,67.04390860002778,24.87158439623591,11558.837236314012,5293.855178404873
2000,40.19187444573731,0.2666050402333678,-0.0487985963271579,22.30042682087293,67.04383753144181,24.876097375362367,7497.321635609852,5652.096185940652
2001,39.22904914260541,0.155601576028354,0.0023227569129723,21.29567373932212,67.04376644561857,24.880610351570827,10225.699200027397,6030.5455756497695
2002,38.90481619620609,0.108547030144412,0.0264786219337644,17.5857556137209,67.04369534255538,24.88512332486087,9673.218992823888,6425.633710736766
2003,38.67016766617187,0.1225858927402436,0.0149116107473596,16.727210134949054,67.0436242222494,24.88963629523209,14495.29898105152,6834.427721166951
2004,36.24941493150319,0.1192202901671024,0.0032518266623074,19.070818407274725,67.04355308469796,24.894149262684067,5877.511911988688,7251.833727784407
2005,36.04056082419356,0.09175626185423,0.0220440939311139,21.7012682657844,67.04348192989829,24.898662227216384,13899.078920488157,7677.005678427997
2006,32.17864475905334,0.0513698425094683,-0.0213720535576936,23.571723852831745,67.04341075784762,24.90317518882864,16442.574657978173,8107.508586824233
2007,35.492073205754465,0.0900612374632187,0.0309185288850083,25.68458040512608,67.04333956854323,24.90768814752042,17526.76091177756,8460.234392475551
2008,39.31820640866005,0.1889042957020736,0.0065311986639754,24.036531568789627,67.04326836198233,24.91220110329129,11564.106597538064,8806.50289881699
2009,40.08706280931619,0.1558278649478271,0.0267688490740053,23.49174463401211,67.04319713816223,24.91671405614085,10297.663614162935,9130.683743863878
2010,39.95321605601323,0.1202190641454001,0.0297059434904453,26.16302104828724,67.04312589708012,24.921227006068698,6897.44124729945,9418.268127977597
2011,41.636262033262255,0.180491198664515,-0.0052757798130064,28.038525041276817,67.04305463873325,24.925739953074395,8351.99522992498,9723.073764511304
2012,39.073526528054494,0.1722579821510789,-0.0235463245678181,29.27173913043477,67.0429833631189,24.930252897157537,6095.029560188651,10043.53286097371
2013,35.545454385471324,0.1206506474465782,-0.0023245334778344,32.8467042796202,67.04291207023431,24.93476583831772,7715.561873115849,10378.19547072096
2014,35.656355795898406,0.1050776274460485,0.0012833641336743,34.40424067189866,67.04284076007673,24.93927877655452,9370.668847118865,10725.732148773994
2015,38.411515388130525,0.1529886658957777,0.0039561638822681,39.78758259911894,67.04276943264334,24.94379171186753,9627.878625575486,11084.93207131269
2016,36.45960832716453,0.1717453364612703,0.0059946277967095,47.073849545329296,67.04269808793144,24.94830464425633,9513.609179913616,11454.698072130208
2017,26.827538465807976,0.0573307112890897,-0.0436393822437709,58.43504614960739,67.04262672593828,24.952817573720505,13369.279037310578,11834.03975071088
2018,27.14679161035131,0.0923367616175586,0.0130313287297859,86.0254856040777,67.04255534666105,24.957330500259644,4906.995146295658,12222.065525875254
2019,31.82343167175647,0.0804288506274598,0.0451960937764518,75.32084309133491,67.04248395009704,24.961843423873347,15192.199868405907,12617.914239530126
2020,37.787153617486254,0.0925162216027319,0.0609746750060672,72.86329845814977,67.04241253624346,24.96635634456118,14364.462493069894,13020.819549018146
2021,38.51029931269917,0.0990061932811147,0.0560163554125774,73.83959279130555,67.04234110509753,24.97086926232274,3902.517329188373,13430.254044494695
2022,39.97874170286976,0.0945774109222264,0.0486625676983857,67.78449462957862,67.04226965665654,24.975382177157613,16642.401291515762,13845.638507161302
2023,40.9179482665144,0.1741538909930181,0.0113250309264218,64.89349112426035,67.04219819091769,24.97989508906539,8572.574057853302,14266.453225730229
2024,41.79205065112764,0.172632547887629,0.0196149984050059,68.35494974528432,67.04212670787823,24.98440799804565,8678.806315130938,14692.231607643238
2025,41.74988126469576,0.203863945392891,0.0079960012430244,75.90886563876651,67.04205520753537,24.98892090409798,8361.748111858898,15122.5544000648
2026,40.27848062955973,0.245275302656311,-0.0198275570218976,75.94179966978537,67.04198368988637,24.993433807221983,13585.739663400913,15557.044499291827
2027,39.42974187154898,0.1838960711583158,0.007023225693243,74.18119234476114,67.04191215492847,24.997946707417217,18862.22894742799,15995.36231295388
2028,41.85376066566297,0.2060915750228986,0.025081999478428,71.75602368167425,67.04184060265884,25.00245960468329,5086.038602562378,16437.201632029188
2029,41.579243768440286,0.1259364032412386,0.0459980709133552,67.2411894273128,67.04176903307479,25.00697249901979,11546.624250003646,16882.285966688207
2030,39.793729531030486,0.1260631489444573,0.0621830125547604,67.01969968315198,67.04169744617349,25.01148539042629,9377.839222991774,17330.365299950812
2031,40.19076381277575,0.1295488875317255,0.0575508210608041,71.02092799118823,67.0416258419522,25.01599827890239,13324.17976903273,17781.213215022966
2032,40.59984105207603,0.1363779489418524,0.0769224333531673,77.61949339207051,67.04155422040814,25.02051116444768,8810.855530752553,18234.62435495186
2033,42.10802750964509,0.113016042851049,0.0943941964190814,87.553858852662,67.04148258153853,25.025024047061738,5654.794704245123,18690.412176673723
2034,43.14360552759419,0.1043834301755876,0.1063466806073024,90.6292273852076,67.0414109253406,25.029536926744147,189.18019563073307,19148.40696510649
2035,42.91214104584631,0.1175796741348326,0.1223583625709188,91.958751546817,67.04133925181159,25.0340498034945,712.4562003261562,19608.45407645476
2036,42.1092174747622,0.131936466326568,0.1176810882804149,86.09444597195491,67.0412675609487,25.0385626773124,0.0,20070.412383287563
2037,42.768012810990825,0.1498272465306712,0.1290663565102426,85.30026109660575,67.04119585274917,25.043075548197407,0.0,20534.15289710463
2038,44.03439078919293,0.1192372311317803,0.1515589358522694,99.55740409734636,67.04112412721021,25.04758841614912,0.0,20999.557546952456
2039,42.890415729118686,0.1354507482852172,0.1285613372848802,94.87529217654338,67.04105238432905,25.052101281167143,0.0,21466.5180952464
2040,28.05107623466964,0.0215952158835825,0.2186170682982131,0.0,67.05076302075955,24.749797244351143,0.0,1869.1018325174743
2041,28.10711709191222,-0.1104365625860318,0.195784504824749,0.0,67.05069259482532,24.754310315394623,0.0,1612.8230095920774
2042,28.209127251560677,-0.1329545574429162,0.184949554849426,0.0,67.05062215177097,24.75882338353224,0.0,1331.870455929158
2043,28.293410466067897,-0.1302681521911255,0.1528424974490806,0.0,67.05055169159371,24.76333644876359,0.0,1033.6046495701862
2044,28.533843622342417,-0.1788303169960934,0.0806840828954298,0.0,67.05048121429087,24.767849511088247,0.0,724.5631969871314
2045,28.84329990678712,-0.2007429206962377,-0.0185333839698622,0.0,67.05041071985976,24.772362570505813,0.0,408.1198477320629
2046,31.514983551025946,-0.0989367670145833,-0.087546849016616,0.1565085493656922,67.05034020829761,24.776875627015844,0.0,210.77871225849776
2047,39.5451314612657,0.0531099730754285,0.0747397941240724,2.0464635323314484,67.05026967960171,24.78138868061795,3778.041076253982,56.29946882208262
2048,41.57075529761202,0.1476931772500664,0.0330435192008942,6.556183648145594,67.05019913376937,24.78590173131171,10871.63600826131,370.00287378792217
2049,40.96116060416876,0.1736055699176072,0.00403177517012,6.148469809760133,67.05012857079785,24.790414779096697,7241.57611986634,687.0819669334397
2050,41.21052539536424,0.1600800250524048,0.0091138826313834,6.464541942604859,67.05005799068444,24.794927823972507,6774.827050991077,1021.4418456655892
2051,40.78115926875829,0.1668560718189869,-0.0076336078441453,8.41473509933775,67.04998739342642,24.799440865938728,8096.560514407824,1380.2379425842732
2052,40.39802601256627,0.1891485591760283,-0.0211021747837857,10.516280353200886,67.04991677902105,24.803953904994938,8235.287837045216,1735.7288462718757
2053,40.7983276512252,0.2135867976934675,-0.0262869858419618,19.78656181015453,67.04984614746562,24.80846694114071,6972.690192525273,2087.5189716049103
2054,41.99797838062037,0.1655619250534364,0.0119250411850885,23.59277639922802,67.0497754987574,24.81297997437565,7257.964736666597,2449.7120172968152
2055,41.86560573178664,0.1972042775553882,-0.0115288151916339,23.99517507582025,67.0497048328937,24.817493004699344,7435.061081776278,2750.106693853012
2056,42.576225942804,0.1969374594284143,-0.0140334569678393,17.887786049076375,67.04963414987172,24.82200603211136,9167.111952260992,2628.6871330448857
2057,43.19757940257134,0.1560800963598014,0.0048157310737619,12.832437646410366,67.04956344968879,24.826519056611293,9419.208188232093,2596.3999714160345
2058,43.63335798960188,0.1329499058665123,0.0289105988845133,11.78385452541673,67.04949273234217,24.831032078198728,14301.774250015453,2657.8404508091235
2059,43.1132376899504,0.1705765834326786,0.0101790647030228,14.613730355665844,67.04942199782914,24.835545096873243,6919.857165169799,2805.9787155322074
2060,43.30089159997245,0.1806499885876313,0.0075761707684515,16.388697450034456,67.04935124614695,24.840058112634427,6479.387579923125,3025.3193844788802
2061,44.17550237826604,0.153619069692429,0.0293700411724392,17.228669882839426,67.0492804772929,24.84457112548188,9552.361427493064,3306.28952502312
2062,44.40040344012679,0.1649851035881916,0.0201327810389827,20.39804353816479,67.04920969126422,24.849084135415165,3895.147384470615,3633.905467025431
2063,43.938410331777376,0.1702725963899756,0.0130562112093592,20.47216864149904,67.0491388880582,24.85359714243388,3305.2392864005537,3997.3725699445436
2064,43.00642297207526,0.1807722157551532,0.011486798950296,18.763538652335686,67.0490680676721,24.858110146537605,6365.39652226432,4387.790558160918
2065,40.98796162239464,0.1047218033194874,0.0366159492558399,21.968035271424647,67.0489972301032,24.862623147725927,8837.6058191541,4798.585677188221
2066,40.29924007621124,0.1199302308674705,0.0298712100743362,29.636564180339164,67.04892637534874,24.86713614599844,13524.985880652976,5224.953877310226
2067,40.25423874963353,0.1387594072011331,0.024495137918911,29.205704050702675,67.04885550340599,24.87164914135472,16227.296916480982,5663.378985940778
2068,40.26489894227634,0.2003612214177432,-0.0051636859567781,25.15924445057217,67.04878461427225,24.87616213379435,7756.893757523317,6000.848628046459
2069,38.94254768132756,0.1414004086726454,0.0101716470540601,24.671353735869864,67.04871370794474,24.88067512331693,11065.219771125256,6358.574753951514
2070,37.90377069241938,0.110605625686972,0.0301321473648109,21.606010476978224,67.04864278442075,24.88518810992204,8924.963892602922,6734.445897483877
2071,36.48817850049561,0.0915022645028712,0.0176071523105536,20.12623898678414,67.04857184369753,24.88970109360925,11493.787525415692,7125.591216898796
2072,35.60915530685255,0.106958317976339,0.0144446083445897,20.107944375602365,67.04850088577233,24.89421407437817,8898.112248169797,7529.630723630332
2073,36.650823608810406,0.0920207840105704,0.0361619620438535,23.254164945614757,67.04842991064243,24.898727052228363,18137.68902811668,7944.207835350024
2074,35.43954135162172,0.0837168538738223,0.0335729199324458,24.399366740088094,67.04835891830504,24.90324002715944,15144.026251515854,8364.265011593929
2075,38.249154769938094,0.0889476298822115,0.0413845693247863,24.82922801706344,67.04828790875747,24.907752999170977,15720.051392452287,8791.411935341006
2076,38.17989224474599,0.1605748963890458,0.0120911716802433,26.896599201431908,67.04821688199695,24.91226596826255,7997.793897598333,9166.779221376408
2077,37.48605773063234,0.133762728944017,0.0166602360927181,27.3946824631492,67.04814583802076,24.916778934433754,8410.968226809608,9513.609652723948
2078,38.27234219918242,0.0958209895318137,0.0279631866909192,26.549289948986623,67.04807477682613,24.921291897684185,4902.448399966294,9825.36826254602
2079,41.56349063674567,0.1390569441837574,0.0197673961974576,28.26315789473684,67.04800369841033,24.925804858013407,5869.961442493261,10117.917295288962
2080,40.755859312178,0.1533896442965091,0.0037438266705415,29.842953574872563,67.0479326027706,24.930317815421024,6336.964622104192,10426.247613291016
2081,36.26162411839953,0.113256914126144,0.0077981161346647,32.765232974910404,67.04786148990421,24.93483076990661,8795.490975429793,10749.001264894308
2082,39.30239280524593,0.1408425301117813,0.00724231827225,34.59829177572668,67.04779035980836,24.93934372146976,10173.624703357867,11084.91845217334
2083,39.09905666678499,0.1484061332829242,0.0203430827223604,37.499243362223126,67.04771921248036,24.94385667011008,10298.55815248087,11432.838929580355
2084,34.24687267118328,0.1336843842896168,0.0257622740905463,40.38896532746284,67.04764804791742,24.948369615827104,9700.6648270896,11791.70025432034
2085,27.75156741361949,0.0800319422946439,-0.0261807879898596,46.59650570917594,67.04757686611683,24.95288255862047,9276.046374446643,12160.533861038968
2086,26.860564035245574,0.1069132477994799,-0.0061019146434423,54.92406108130415,67.0475056670758,24.957395498489745,10068.425066412256,12538.459741247409
2087,32.43561456403967,0.0966903242076801,0.0149968380322975,59.7801184083712,67.04743445079158,24.96190843543452,18107.068777694338,12924.680327960654
2088,36.74114727117567,0.0976642693089551,0.0457876537011947,57.574339207048446,67.04736321726142,24.966421369454363,17520.263967479856,13318.467822704602
2089,39.26795831869557,0.1510210942550022,0.0374884441500819,58.27619966905683,67.04729196648258,24.97093430054888,8285.957578309575,13719.02209036816
2090,39.47266151924163,0.2134444999987111,0.0068508642663937,61.09487038058469,67.04722069845229,24.975447228717663,1441.639135116146,14125.917636999986
2091,39.52535419254031,0.1061196795554758,0.0463358322042218,61.02423241084952,67.04714941316782,24.97996015396029,10415.996528799922,14538.622048128489
2092,39.922055216309936,0.1061398876865001,0.0647032780714384,72.85964187327824,67.04707811062634,24.98447307627635,15384.06974657359,14956.654473141789
2093,40.35533766854804,0.2226670742208859,0.0199728076177968,78.63479818156773,67.04700679082515,24.988985995665413,7245.112775827773,15379.580455890637
2094,40.26801494201433,0.1281266244360562,0.0456699549615343,78.03384700055038,67.04693545376148,24.99349891212709,15938.654773040238,15807.007211018888
2095,41.2222002991292,0.0892689255629225,0.0535149590762094,75.276929426331,67.04686409943257,24.998011825660964,20130.666010138782,16238.579338688243
2096,42.28796540844409,0.1301207361013562,0.0321367418722425,65.23070573669004,67.04679272783564,25.00252473626662,13206.545210717555,16673.974958245806
2097,43.411887715118965,0.1254405206543926,0.0811704730532294,62.60428983913102,67.046721338968,25.00703764394364,10850.356005299158,17112.902234199675
2098,42.35915470866357,0.097910745886327,0.1002734246193586,68.6898116320638,67.04664993282675,25.011550548691616,15353.740343982328,17555.09626421662
2099,41.407963972971565,0.0989319328771576,0.0999586747106478,76.58481221626086,67.04657850940924,25.01606345051013,10494.704856801229,18000.316297618207
2100,39.97920942379351,0.1070011549755691,0.0861210560150167,82.56441633438745,67.04650706871269,25.020576349398777,8013.091705897583,18448.343253049705
2101,41.88537658653324,0.1089525330610656,0.0947010413381143,87.5625257944697,67.04643561073429,25.02508924535716,4737.196895338715,18898.977505413743
2102,42.69235181382852,0.0951948954321664,0.1196706949259368,97.7155837004406,67.04636413547128,25.029602138384835,0.0,19352.036913913133
2103,43.81582650353164,0.110995007002543,0.126606239084492,98.05204460966546,67.04629264292093,25.0341150284814,0.0,19807.355065342665
2104,42.4120108858756,0.1157592405653427,0.1020205446114106,87.866877753304,67.04622113308045,25.03862791564645,496.90006435180175,20264.77970892673
2105,44.14505007466138,0.1190212936923276,0.1197309396887926,90.76858480176216,67.04614960594705,25.043140799879573,0.0,20724.171361426143
2106,45.04058331349261,0.1147659889702948,0.1370624365148223,98.367428414097,67.046078061518,25.04765368118035,0.0,21185.402063304125
2107,42.93773552454399,0.0997838162939323,0.1238844419588462,99.5804099601046,67.0460064997905,25.05216655954837,0.0,21648.354268849405
2108,28.314055836082236,-0.0087776181211749,0.0771159113703908,0.0,67.05570511246106,24.749861467548666,0.0,1410.427168869794
2109,28.408078498256323,-0.0991910764351162,0.1758157857259823,0.0,67.05563486481002,24.75437455184648,0.0,1201.8496176069107
2110,28.557762949283465,-0.1637877653795894,0.1596609068341463,0.0,67.05556460008212,24.75888763323936,0.0,920.481521737833
2111,28.802299224412877,-0.2118646262296013,0.1112606665371207,0.0,67.05549431827468,24.763400711726906,0.0,632.7390666285291
2112,29.44409501971831,-0.1951017070517321,-0.0915590355916969,0.0811930405965202,67.05542401938499,24.76791378730869,0.0,331.9601204305745
2113,35.53726693281695,-0.0264389232812742,-0.0387772901784098,2.527202430267882,67.05535370341032,24.772426859984293,4951.902959177121,21.196382683706375
2114,42.30000576303107,0.1071631400529416,0.0910141096221266,4.374465148378193,67.05528337034798,24.776939929753315,9686.226471233618,177.39056647703532
2115,41.66089537398677,0.1408436984149517,0.0426291473662433,6.023467697404749,67.05521302019524,24.78145299661533,11101.51905686853,431.5767753384791
2116,41.37114974633543,0.1518836362435808,0.0139029779716644,5.660731538992409,67.05514265294939,24.785966060569933,8931.734161045406,760.6283954432645
2117,41.11351974303811,0.1647405506796087,0.0094680220491876,5.463024282560706,67.05507226860772,24.79047912161671,6826.548123593713,1071.5135788744265
2118,41.60390186519041,0.1798036927077671,0.0069737477283214,6.242825607064019,67.05500186716753,24.79499217975523,7441.314162907733,1391.7800440921585
2119,40.86218049939112,0.1859912123208423,-0.0097150580000617,7.123295219727234,67.05493144862608,24.799505234985087,11330.633347198636,1728.469705438034
2120,41.40946629025764,0.2236765720143315,-0.0212822635254628,12.200991872158696,67.05486101298068,24.804018287305865,7079.43404667342,2087.265802356646
2121,41.35209283406451,0.2012038444086854,-0.0225227242025609,18.133507853403145,67.05479056022861,24.80853133671716,7601.507044338789,2442.8268768681214
2122,41.565900387587845,0.2027900944598231,-0.0120949176670946,23.92092574734812,67.05472009036713,24.81304438321853,7543.236065664398,2613.8019587497097
2123,41.929582170099295,0.2367978997201225,-0.0388128210000709,23.925006892748826,67.05464960339357,24.8175574268096,6166.023611383435,2790.342956806626
2124,42.56418795342435,0.210053174311858,-0.022617067126495,15.13082437275986,67.05457909930514,24.822070467489915,7710.209907826354,3005.6345855321147
2125,43.00169610899988,0.1639903543603114,0.0025314372739081,10.489998620499383,67.05450857809919,24.826583505259084,11168.563204898936,3096.235023605247
2126,42.98389373371488,0.213280679012579,-0.0252305118973528,14.474765581908445,67.05443803977296,24.831096540116693,8686.83696247066,3147.9349376659547
2127,42.05721086350514,0.2375847226686007,-0.0450249918544558,16.482502066685043,67.05436748432373,24.83560957206232,9107.118432802015,3275.487449193279
2128,42.80067777757512,0.2189278702103861,-0.0063621283017038,17.218793055938278,67.05429691174879,24.840122601095544,9831.467987748369,3465.9824924247037
2129,43.38953462108297,0.1753608444870595,0.0118797896601054,22.57646734637641,67.0542263220454,24.84463562721597,9744.74532646333,3713.7683642801157
2130,44.99718841351891,0.1203713773570348,0.0519267094458936,20.849131992284384,67.05415571521085,24.849148650423167,5322.017392123023,4008.7236415625975
2131,45.313723768140086,0.1745726898039673,0.0212181257279733,18.544464359575347,67.05408509124243,24.853661670716733,3530.353973592286,4340.919689890679
2132,44.229607596625314,0.1896661738126788,0.0072395646727125,19.308105872622,67.05401445013736,24.85817468809624,8907.77951103095,4702.903600267228
2133,43.52907159077156,0.1403370427586353,0.0194436153920483,21.45618627721135,67.05394379189299,24.862687702561285,13528.692081662468,5088.322001645069
2134,42.343872684840186,0.1563813110289851,0.0021834942696525,24.23959768531275,67.05387311650652,24.86720071411146,13265.602158382102,5492.243558977015
2135,41.80393831290714,0.1412630331459017,0.0151234459939058,28.45907963626343,67.05380242397526,24.871713722746325,12343.703746780016,5910.876231953855
2136,40.99081896784966,0.1795612578143448,-0.0039907311413686,29.34953193832599,67.05373171429648,24.876226728465483,10078.537612589873,6341.307148177151
2137,36.41883967835194,0.1440212348913745,-0.0117969461002138,28.63912983615585,67.05366098746742,24.880739731268527,9021.907542997287,6707.865969357544
2138,34.75442172651055,0.1032942548366551,0.0036266417807675,27.60986361757818,67.05359024348537,24.885252731155024,11016.98680663867,7065.179014530565
2139,31.07533040927116,0.0602159506494734,-0.0385856850210164,22.9455772940204,67.05351948234761,24.88976572812459,7603.021607094194,7438.9544394065815
2140,33.750437781442564,0.0733015179051797,0.0047309995822293,23.074951777349124,67.05344870405139,24.894278722176782,16004.562375041049,7826.834085084629
2141,38.11829355051429,0.0869783472962986,0.0238905869500596,23.153177995312276,67.05337790859399,24.898791713311194,11699.99162217954,8226.82322886437
2142,34.84758959988144,0.0731481945795732,0.0101925776916123,25.19026609678754,67.05330709597266,24.903304701527425,17974.860349872833,8637.1857848044
2143,37.28378431873451,0.0908112976327456,0.0445389878681862,25.80397022332506,67.05323626618465,24.907817686825048,13960.657599540882,9054.406380262315
2144,33.020286144167024,0.0747198434306494,-0.0162609937312045,26.5821964999311,67.05316541922727,24.912330669203648,12003.414734943974,9478.01487397139
2145,33.40039929923173,0.0870242664066161,-0.0179913587073951,28.376703841387847,67.05309455509774,24.916843648662827,8990.86734527438,9873.404509622045
2146,38.80221307092937,0.132026671277372,0.0132355546987733,28.64573867547845,67.05302367379335,24.92135662520216,6829.727704485413,10220.716410371992
2147,41.49214307624037,0.1522940445406641,0.0049165927862206,29.54267621145373,67.05295277531133,24.92586959882123,5734.579863703779,10521.707910703544
2148,40.571389870855946,0.1032784654581621,0.0263571693326623,29.22787945507087,67.05288185964896,24.93038256951964,7364.551567920412,10818.536234514211
2149,35.14368625006056,0.077815893723834,-0.0112241679885876,32.73816730875068,67.0528109268035,24.93489553729696,8674.151208913521,11129.919818062664
2150,39.263251402106576,0.1140238164867741,0.0324977220200615,35.22993253476524,67.05273997677217,24.939408502152773,12143.749380721678,11454.671713110009
2151,34.22360072491806,0.1046609299441108,-0.001574477447575,36.746383799421416,67.0526690095523,24.943921464086685,9315.265236784116,11791.68745148442
2152,22.20924688432435,0.0500267221073836,-0.038799286358637,40.538885824600136,67.0525980251411,24.94843442309827,8948.323215817378,12139.945710402108
2153,24.724341662501395,0.0865701885545379,-0.0235478285382064,44.40940430226146,67.05252702353582,24.95294737918713,9946.594450129893,12498.506740776143
2154,32.480833427584145,0.2324065440951267,-0.0507092852883844,48.33039161610591,67.05245600473373,24.95746033235283,8833.513068751434,12866.509225372889
2155,33.031733696594074,0.1746397733662739,-0.0261989326437822,52.278543849972415,67.05238496873206,24.96197328259497,12903.123588069486,13243.166107228584
2156,36.3023907095178,0.1273125524797917,0.0086416448414409,54.78961146321301,67.0523139155281,24.966486229913134,15375.60001683755,13627.759810048463
2157,37.94997116958152,0.1756059260548013,0.0038235862660422,52.9302037444934,67.05224284511908,24.97099917430692,12203.96032959157,14019.637168515153
2158,37.86256690709413,0.1863146085268677,0.0085613192433418,54.45693450742984,67.05217175750225,24.97551211577589,5510.5990548699765,14418.092540390964
2159,39.11849412646042,0.1088469491604871,0.041988859156693,58.267464246424645,67.05210065267487,24.98002505431966,11804.356266299272,14822.664216471358
2160,39.12518575245461,0.0957988595487519,0.0475243852288506,56.907677490368734,67.05202953063416,24.9845379899378,14743.884190539924,15232.903743044773
2161,38.73225689828316,0.1078561876704496,0.0542499084488542,66.52276791855826,67.05195839137743,24.9890509226299,14635.242998729327,15648.365359205374
2162,37.598543673431486,0.125738800805261,0.0407391962549214,64.3878646119978,67.05188723490181,24.993563852395543,18837.281914878164,16068.644012020792
2163,36.43151148277573,0.1054445438210913,0.0396916829875303,61.72600853641747,67.0518160612047,24.99807677923434,21230.45884037231,16493.37146719168
2164,37.97438868004688,0.1102000836343893,0.0346726165806846,61.86251549800252,67.05174487028326,25.00258970314585,20496.414141150457,16922.212749051083
2165,41.990641521053895,0.1253282367419422,0.0661801210198841,62.153740184598455,67.0516736621347,25.00710262412968,8356.302606090498,17354.862900441996
2166,43.33649708281291,0.109054188708598,0.0960672573795476,67.06154481619167,67.05160243675633,25.0116155421854,10519.009805740445,17791.044046423685
2167,43.51927173744737,0.1036342845658492,0.1069194914962548,73.00647115517008,67.05153119414537,25.01612845731261,14217.115308282371,18230.502742111323
2168,45.14253083482317,0.108385151789162,0.0800673300991416,79.01775636613905,67.05145993429903,25.0206413695109,9661.19347384415,18673.007583090206
2169,46.06577798984456,0.1108699788567176,0.1105121498150656,86.7442212438085,67.05138865721463,25.02515427877985,4879.567778837996,19118.347056319337
2170,45.12281585737524,0.114803013098925,0.1145483651379319,91.06860992712777,67.05131736288932,25.02966718511906,5348.080183918426,19566.32760978009
2171,44.82804488205421,0.0985864022209378,0.1092650670655239,87.66231266327516,67.0512460513204,25.034180088528103,3339.771559625933,20016.771920075753
2172,44.56258778368816,0.1069582359818398,0.1005394662333224,82.18124312431245,67.05117472250508,25.038692989006577,3128.402967655505,20469.51733840004
2173,45.43600809475456,0.1120964755784955,0.1265385002127692,83.95751409322146,67.05110337644064,25.04320588655406,0.0,20924.414496790585
2174,44.81703163766283,0.1054912284795172,0.1250465153015962,86.31134927177796,67.05103201312421,25.04771878117016,0.0,21381.3260580251
2175,43.99064109183656,0.1128063339480026,0.1148454133077727,91.57504471041406,67.05096063255314,25.05223167285444,0.0,21840.125594083347
2176,28.50930426921443,-0.0142399728869736,0.1195560282421767,0.0,67.06064722123666,24.749925527924507,0.0,941.7255179401373
2177,28.67972073567271,-0.1109661539247405,0.1650745810463561,0.0,67.06057715187153,24.754438625443058,0.0,751.0678754319442
2178,29.056571707970225,-0.1992093584516701,0.032521291436065,0.0,67.06050706547283,24.758951720057613,0.0,503.7432616002667
2179,31.623550835304044,-0.0984890580457219,-0.0492616924772432,0.2849855232317662,67.06043696203793,24.76346481176776,328.7351696375245,228.14003388418445
2180,39.37759189237583,0.0551581694442552,0.0578601514897666,3.3847958057395147,67.06036684156408,24.76797790057305,6823.616835276388,66.39232267269578
2181,43.50659920479252,0.1413090009206462,0.0958776287957179,6.148214531917827,67.06029670404855,24.772490986473123,12225.663281949264,369.6844087084959
2182,43.11109710869159,0.1731304232940836,0.0539888707459916,4.926651040948572,67.06022654948873,24.777004069467527,7025.158407585455,676.9481660982685
2183,42.37263464895784,0.1559817991696279,0.028551344912357,4.813206506754895,67.06015637788184,24.781517149555857,8431.26664148593,824.7570966976408
2184,42.27493622099272,0.1572675876975159,0.0241935807446022,4.430166827519647,67.0600861892252,24.786030226737697,8716.225502568923,1137.5820210305358
2185,41.0209821941877,0.1811415615538688,-0.0028971213966806,5.692986082403198,67.06001598351611,24.79054330101264,7053.743955199159,1464.9573220654768
2186,40.88184077114146,0.1793179901881036,-0.0056618484511397,6.280259167355942,67.05994576075183,24.79505637238026,8438.958611079523,1775.8055438761812
2187,41.13054766727049,0.2042594536332884,-0.0147646082666459,6.314033636614284,67.05987552092971,24.79956944084014,9556.053831261814,1910.1033602306886
2188,40.70696210916394,0.2057911686398255,-0.0256492197445929,9.0733995584989,67.059805264047,24.80408250639188,7111.463892285897,1917.6745118781364
2189,41.59436256285834,0.1967944016921262,-0.0177114163216946,12.370395916678168,67.05973499010099,24.808595569035056,9984.768270122528,2008.1880644190674
2190,41.6527758598207,0.2078206420615267,-0.0229501083036109,18.008277003724658,67.05966469908898,24.813108628769257,7547.779074721066,2139.566486732178
2191,41.33188161070368,0.2176421564573451,-0.0297689254783103,18.789459161147917,67.05959439100828,24.81762168559408,7550.177585271046,2331.6038622428578
2192,42.17236959568495,0.1437421908225946,0.0029821359515582,9.505173127327913,67.05952406585614,24.822134739509075,10992.19441317466,2564.5628571592592
2193,42.75509710695989,0.1614333244601408,0.0052163179979345,9.08189714600855,67.05945372362986,24.826647790513853,9492.373600379491,2805.1524521487745
2194,43.26512208378895,0.1881005437476151,-0.0152289871803702,13.191375034444755,67.05938336432672,24.83116083860801,9259.117648065476,3105.397863699202
2195,42.5496294359135,0.2388719501179144,-0.032088145635051,17.546155965830813,67.05931298794404,24.83567388379111,7579.982523318911,3405.2309368075967
2196,43.40935724481391,0.2334405365110216,-0.0130835372806375,17.564929693961943,67.05924259447906,24.840186926062746,7938.103968865071,3706.3158193197764
2197,42.46003211044668,0.2344558208463057,-0.0344390903972051,22.767576509512004,67.05917218392908,24.84469996542251,8432.8891211582,4046.9482408350505
2198,43.68233903595205,0.1159701602129034,0.0411178813036255,20.17525489115458,67.0591017562914,24.849213001869977,13304.082720294362,4408.1281229418555
2199,44.25957063657569,0.1336493013309656,0.0266200190850727,14.178797904604348,67.05903131156327,24.853726035404755,9010.901830150258,4712.5555747265
2200,43.586665972134,0.1888820507637777,-0.0019155865376059,15.478218913702786,67.05896084974198,24.8582390660264,14764.373131731703,5047.959841775698
2201,43.068828801612256,0.1664899763997863,-0.0057102697818069,19.59680308667494,67.05889037082484,24.86275209373452,13473.757400444136,5408.846187791624
2202,42.47470660704879,0.1639019154878035,0.0002103993299765,23.91319922843758,67.05881987480909,24.86726511852868,11665.22890553949,5790.452106860626
2203,43.12749992111603,0.1128657831603601,0.0340433919061877,29.97561311656104,67.05874936169202,24.87177814040849,13578.966674183615,6188.946123548323
2204,42.66818452862773,0.1559699098718189,0.0001180455920368,31.849958666299266,67.05867883147094,24.876291159373537,8769.93879295435,6601.27053212053
2205,42.2891299814201,0.1573925620278514,0.0018503083362955,31.231904039707704,67.05860828414306,24.88080417542338,11822.32076308064,7024.990473724723
2206,43.03154435468724,0.1703574439513056,0.0045733832875494,29.95701295122622,67.05853771970571,24.885317188557632,11034.207932119749,7414.900368059524
2207,40.44833945477754,0.1507615108599244,-0.0013426054395875,27.103871056619365,67.05846713815616,24.889830198775865,6428.030486516686,7771.8746845565765
2208,39.411941546955504,0.0867061099428366,0.0381532463363394,25.27414244386278,67.05839653949167,24.89434320607767,13027.77762614688,8143.913356385372
2209,38.0179205243794,0.1075122384348609,0.0158300388803621,22.1007025761124,67.0583259237095,24.89885621046264,8335.115946293701,8529.045280677425
2210,31.872236094610304,0.0418860873679902,-0.0387893742479923,24.371385293307625,67.05825529080695,24.90336921193035,10783.646110303538,8925.575726140034
2211,31.532682144753583,0.0348041695409494,-0.0681209352787603,26.056029735682824,67.05818464078125,24.9078822104804,12807.338069799616,9332.05179400225
2212,31.35197022138175,0.0907690819254641,-0.0395475991701808,25.981815677090506,67.05811397362973,24.91239520611236,7837.676703563872,9746.980076567967
2213,35.26886819138788,0.099850198586913,0.0338202466090987,31.802698609390067,67.05804328934958,24.916908198825823,15487.65611491662,10166.322425780647
2214,38.1617734329152,0.1189239428258248,0.0229871503999312,31.822087579179303,67.05797258793817,24.921421188620386,10357.002200782865,10580.09413602232
2215,40.40014339388592,0.1864852906990643,-0.0069101261922911,29.761609480501587,67.05790186939267,24.92593417549563,6886.29294454639,10927.823171032735
2216,40.64032707784121,0.1502253809961177,0.0072812772926288,31.354838709677423,67.0578311337104,24.930447159451138,8515.315742961953,11219.394512224504
2217,38.12710891400169,0.1295757343832932,0.0095444289758879,32.027045674072035,67.05776038088861,24.9349601404865,9170.33883144745,11519.948008559246
2218,35.94583187842254,0.1035937327033368,0.0053887571134909,35.297435190292326,67.05768961092458,24.939473118601303,14126.363410014168,11834.00147957453
2219,26.50777089960189,0.0684146313860737,0.0020724518279265,37.38600358176056,67.05761882381559,24.94398609379513,10418.71376784619,12160.509031983127
2220,23.01238284584884,0.0692349807258745,-0.0321985926632919,40.63293404929093,67.05754801955882,24.94849906606758,9031.283791424285,12498.494661954954
2221,23.405742811161268,0.0727877861285171,-0.0297221916993884,44.42432581177764,67.05747719815163,24.95301203541824,10828.37032692776,12847.0524912401
2222,35.07078420716116,0.2411390228325509,-0.0520058526987961,45.39411036190999,67.05740635959123,24.957525001846665,8470.908446293957,13205.345380185403
2223,36.09316875187124,0.1370305504681168,0.0178900009651836,49.26348376444688,67.05733550387487,24.96203796535248,13479.069966869938,13572.602385210557
2224,36.846050739889925,0.1566510927329265,0.009637311682638,49.07568460162378,67.05726463099984,24.966550925935262,10585.179045586883,13948.115442731189
2225,37.38430938230485,0.1145545793979954,0.0334024775814087,52.075726283904736,67.0571937409634,24.9710638835946,14046.576040951932,14331.235581769364
2226,36.93539266115462,0.1131591601083416,0.0249742178859766,55.30545604849824,67.05712283376276,24.97557683833007,13609.670785082886,14721.368896818032
2227,38.26339316316445,0.1142540798761992,0.0343644048170007,57.61635912971636,67.05705190939523,24.980089790141264,13684.73818450734,15117.910500126898
2228,37.96541166688793,0.1165248379421173,0.0388686587602856,55.33572018727624,67.05698096785805,24.98460273902777,13739.132488017178,15520.347929747488
2229,37.088703902954016,0.0970935688945879,0.0526385973412272,56.58693855056492,67.0569100091485,24.9891156849892,20176.292037875995,15928.313841420175
2230,33.98805446168621,0.0876030771650993,0.0348487064754562,58.86981677917072,67.05683903326377,24.993628628025103,19688.25173606771,16341.394181669908
2231,32.7640468997276,0.1093189117338315,0.0281868507626816,59.37025316455699,67.05676804020115,24.99814156813509,20325.95054197071,16759.210774088286
2232,36.35343956297032,0.1169039868768192,0.0445465370727285,60.33677117711773,67.0566970299579,25.002654505318745,19427.594421495265,17181.41809454798
2233,39.377176002781695,0.1030565591232848,0.045401044634854,61.19837666804239,67.05662600253127,25.00716743957565,19854.22448328771,17607.700295854473
2234,40.424100602985725,0.113754398948486,0.0460424336893229,61.97454595487068,67.0565549579185,25.011680370905403,15153.686977144436,18037.76847831605
2235,40.13446296948023,0.0862638607981609,0.0570613836801913,64.70957095709574,67.05648389611683,25.016193299307574,16351.79981282914,18471.358197101243
2236,42.06924171117012,0.1455848193274407,0.0609951060758993,66.33892479032038,67.05641281712352,25.020706224781776,7729.675334281762,18908.227193833518
2237,43.76428536909544,0.1400763295054415,0.0969977885634258,69.83477901693516,67.05634172093582,25.025219147327576,6930.120324348962,19348.15333775526
2238,43.98285700901642,0.1309486437008593,0.0883079316439432,74.07149745143958,67.05627060755101,25.02973206694458,10946.459649517148,19790.932760957225
2239,44.77836438502479,0.1246138237521465,0.0926328029558188,75.83645374449338,67.05619947696628,25.03424498363237,12311.346395526556,20236.378171891465
2240,47.01510334158611,0.1326064058834151,0.1216004142637929,76.1281839460278,67.05612832917889,25.038757897390514,8074.246998872775,20684.317331797716
2241,46.756068439405226,0.1510674847550025,0.1171406847011194,77.2812887236679,67.0560571641861,25.04327080821863,2323.1332804947806,21134.591679256475
2242,46.1469761153407,0.1201764726636033,0.1103428246455037,79.28313833448038,67.05598598198513,25.04778371611629,2405.511189742349,21587.055088986584
2243,45.515557870057776,0.1147689725624955,0.1039729762704588,81.91264272939881,67.05591478257324,25.052296621083087,0.0,22041.572751976455
2244,28.686020186725514,-0.0804557293492006,0.0330717533718607,0.0,67.06558934704313,24.749989425476453,0.0,521.2518673014009
2245,29.528540203320016,-0.16835688225273,-0.061979065020365,0.0,67.06551945596657,24.75450253618215,0.0,324.57398521618273
2246,35.14927162598981,-0.0331047470169639,-0.018079318138676,0.8773623948130777,67.0654495478998,24.759015643984785,928.5276919859408,97.94606013424227
2247,42.56270558632758,0.0930040810253469,0.1246979352125066,4.181003584229391,67.06537962284008,24.763528748883925,13249.105346980949,189.9043210581186
2248,44.31999410896525,0.1154652380342873,0.113005239099614,5.201434878587198,67.06530968078478,24.76804185087916,10964.099102298804,468.909174392507
2249,43.89112422463366,0.1761702403082836,0.0672942101154397,4.60314612943287,67.06523972173116,24.772554949970075,6969.062010555555,765.523711971605
2250,42.95069228876661,0.1550928011110163,0.0372684797367887,4.69301876379691,67.06516974567656,24.777068046156263,7827.22421020317,1071.4370595867445
2251,43.01156971976014,0.1752578432225721,0.044038876124091,3.627188749482973,67.06509975261822,24.7815811394373,6560.192609472584,1272.981830980483
2252,42.77879044648012,0.1663802225016218,0.0321280731447263,4.51564869709086,67.06502974255349,24.78609422981277,6720.278100544905,1521.8126365440642
2253,42.41470385272203,0.1353153642113195,0.0273092931409769,4.671400992829566,67.06495971547966,24.79060731728228,11654.317884985172,1676.9979030490015
2254,41.78847070096032,0.1454910447775976,0.0124731628130555,4.894867549668876,67.06488967139404,24.795120401845377,15663.616959112338,1544.0304714552926
2255,41.1798424409934,0.1951652993271314,-0.0155435282049582,7.0533940397351005,67.06481961029392,24.799633483501683,8444.81359946762,1412.8488464696486
2256,41.31351359496762,0.2227208333410711,-0.0303869595887556,6.831517992554806,67.0647495321766,24.804146562250764,6320.643873736423,1421.389671672077
2257,41.306022037827134,0.1813164143472812,-0.0102569897659474,7.988280711429756,67.06467943703937,24.80865963809221,8643.028828134107,1518.656570372064
2258,41.652875216004986,0.1699923166780169,0.0030837205867005,8.13151364764268,67.06460932487956,24.81317271102561,8298.671169166511,1675.602720727953
2259,41.73824668107195,0.1389468787733594,0.0137952797889231,8.832185174979335,67.06453919569442,24.81768578105056,10705.390037905649,1887.9007819706078
2260,41.70739804197606,0.1225531497956787,0.0149016422043264,9.342841394515643,67.06446904948125,24.8221988481666,11810.265474286804,2118.868533345582
2261,42.737070149968304,0.1752981375990564,0.0049231600976884,7.902798841858542,67.06439888623738,24.82671191237337,8038.912525790195,2400.8788961473133
2262,42.97312210185431,0.1543231939789094,0.0081155973499352,10.60940949227373,67.06432870596007,24.83122497367043,10883.415033002477,2714.6686863422738
2263,42.79895740084151,0.2369618888570232,-0.0365935042961378,12.98192854186784,67.06425850864662,24.83573803205737,9308.513088713262,3002.304586627192
2264,42.39912867938232,0.2240586078477279,-0.0247699588351169,11.900592858127672,67.06418829429433,24.8402510875338,8292.447518189225,3339.8871152552297
2265,43.04676111183626,0.2337082078123399,-0.0195234750400304,19.55210918114144,67.06411806290046,24.84476414009925,5850.306025843815,3714.277729798711
2266,43.197343560129625,0.1231868954131274,0.0229914427863348,17.093340686612432,67.06404781446237,24.84927718975337,19890.203361828146,4114.600454833617
2267,42.85723654904508,0.110255490593832,0.0327244943701466,12.988976160948049,67.06397754897726,24.853790236495687,13081.418221528436,4534.468749509453
2268,43.299319892550265,0.1627819561547306,0.0013775043076174,13.8874965574222,67.06390726644248,24.85830328032584,12590.983275276085,4969.192769185783
2269,42.8508104334123,0.1753516404071778,-0.0040918418838286,18.931974662627372,67.06383696685529,24.86281632124338,10940.43665937201,5393.383374507192
2270,42.60009962348858,0.2328174015897111,-0.0380193395296568,26.190548360429865,67.06376665021298,24.867329359247904,9188.814849460889,5814.867830865465
2271,43.74908790874897,0.2053644010818488,-0.0029559012963161,30.17980159823642,67.06369631651285,24.87184239433901,9638.599775477724,6247.848575955948
2272,43.7748841862283,0.1394111956787036,0.0245148053471686,34.64309346567409,67.06362596575218,24.876355426516263,9793.024838801735,6690.182042766551
2273,42.911345039900766,0.1163889137140747,0.0237770832135111,37.87896333057623,67.0635555979282,24.880868455779265,14917.149037033829,7140.130230070334
2274,42.89367182818973,0.1342728393598763,0.0158692563419338,36.33903212463808,67.06348521303828,24.8853814821276,12832.599454064346,7596.340147664042
2275,43.90350419078601,0.1541914111423645,0.0132898620068367,34.605626034197456,67.06341481107965,24.889894505560854,7477.660208576863,8057.748294365139
2276,44.674286104121805,0.1555614459127855,0.013017271026664,28.321394131423077,67.06334439204957,24.894407526078613,4202.7979675695005,8478.63890708897
2277,44.44465780433731,0.1305516539926306,0.037425001194185,23.46844860843208,67.06327395594539,24.89892054368046,4669.770349459199,8849.215013792413
2278,43.85620686651057,0.1764275378592527,-0.0102337076702301,23.24176883868302,67.06320350276434,24.903433558366,4286.988797367947,9232.003845512074
2279,43.48102517050871,0.1023719444586605,0.0229538584798424,23.5385993934381,67.06313303250369,24.90794657013478,8940.221138765244,9625.548485483374
2280,37.51256548702235,0.0761286052612451,0.0160302366034608,26.93052109181141,67.06306254516073,24.91245957898644,12993.083370593293,10028.58276572288
2281,37.493394066299786,0.0878258093397015,0.0302027401317329,31.18997107039537,67.06299204073278,24.91697258492052,15678.27153248627,10439.949917606413
2282,39.966182238511166,0.1782610941830189,0.0078104944667159,29.565894678797903,67.06292151921701,24.92148558793664,8412.661284896396,10857.046438969599
2283,41.40122094679159,0.1495703802735942,0.0221437537341018,32.06144096983056,67.0628509806108,24.925998588034368,7610.362901680044,11279.448055168756
2284,39.654143272880575,0.1544378173786338,0.0023895500571542,32.32263397162144,67.06278042491138,24.9305115852133,8207.110743712243,11627.936196252236
2285,37.135720783159854,0.0904696704032384,-0.0166257284507031,33.53476524851989,67.062709852116,24.935024579473016,8047.310530635627,11918.19151897788
2286,31.330284683337023,0.0733998039858295,0.0050431734517678,34.7369218061674,67.06263926222199,24.93953757081312,11153.673675282998,12222.016117716355
2287,30.640826848179582,0.1157115602691764,0.0231078904149853,36.19994491875518,67.06256865522657,24.94405055923317,13994.512102459144,12538.423620216738
2288,35.86302465939112,0.1735967390432744,-0.0199382594974394,39.482435597189706,67.06249803112703,24.948563544732792,8952.897162511386,12866.485758668865
2289,31.23822010702236,0.1089720003016505,0.014248803707913,41.95271574303835,67.06242738992063,24.953076527311545,13253.76088902055,13205.333947904983
2290,38.18702609318272,0.1085428544739315,0.0491589790802425,45.53348029760266,67.06235673160465,24.95758950696901,15048.2051655509,13554.159272084427
2291,39.157612854257394,0.1645055456717691,0.021165387746255,46.69826398456877,67.06228605617635,24.962102483704808,8340.530443523045,13912.211271758735
2292,39.5653066319317,0.165538451537272,0.0167249475671105,48.19289060347205,67.06221536363302,24.966615457518497,11274.824106828444,14278.795865436252
2293,38.59826185058552,0.1122031456915182,0.0413574076297813,50.4251274280204,67.06214465397187,24.97112842840968,13916.70356198652,14653.272680979875
2294,36.38927519325443,0.1293723169490966,0.0110166814085967,52.68047907488989,67.0620739271902,24.97564139637794,11252.075832157929,15035.05201717674
2295,35.820647496552034,0.1290278075717064,0.0184542083070091,55.2843973582829,67.06200318328527,24.980154361422866,13447.997655420417,15423.59160685083
2296,34.918409811336666,0.1149295249652678,0.038349767471428,53.42560506050605,67.06193242225436,24.98466732354405,13200.27796996523,15818.376758560224
2297,29.57914824058609,0.0551195046232326,0.0092537595089032,54.1880588801761,67.06186164409472,24.989180282741064,18694.49370713746,16218.847839659182
2298,33.6811216998019,0.0844176964412914,0.0448760661365606,56.07581177765549,67.0617908488036,24.993693239013503,17913.82286638981,16624.710740820145
2299,36.36511284096919,0.0966315175770242,0.0494589905029534,57.35145925110134,67.06172003637822,24.99820619236097,20561.8303000789,17035.580095362275
2300,38.64345373674563,0.1054792815716583,0.0510027541375813,59.56910792951545,67.06164920681594,25.00271914278305,19278.70980220764,17451.102290538478
2301,40.16499595154898,0.102575300729293,0.043775309493744,58.72931295607878,67.06157836011397,25.00723209027932,17744.4570696535,17870.95277605109
2302,40.35709074622061,0.1093983699415231,0.05715704452452,58.017072834916746,67.06150749626953,25.01174503484936,12107.45058015422,18294.83356285043
2303,39.45958745887605,0.1069358257825552,0.0538866698804534,59.6414600550964,67.06143661527992,25.016257976492778,16588.878613565736,18722.470912268072
2304,40.6814792330992,0.145859372195423,0.0508211311067448,61.48126721763085,67.06136571714241,25.02077091520916,9201.555343350285,19153.61321079648
2305,41.543651000768286,0.1690164979186092,0.0560651443109242,64.83078617651105,67.06129480185419,25.02528385099808,6984.135783643976,19588.029022758525
2306,42.1479685945027,0.1748062396459578,0.0497344147736631,68.9583161370202,67.06122386941256,25.02979678385914,7318.624140226037,20025.505311072506
2307,41.34464590909668,0.1785887601694801,0.0335511836816172,70.8347311975801,67.06115291981479,25.03430971379192,13329.165117799412,20465.845815182074
2308,42.64821190876668,0.1564430301101994,0.0844258599587471,73.30716348136943,67.06108195305808,25.03882264079602,8049.470988106251,20908.869574836728
2309,42.63308459723498,0.1596979182016208,0.0877280974657594,73.85356799120031,67.06101096913973,25.043335564871025,7279.101948547111,21354.40958827813
2310,43.73907762594061,0.1239953481282367,0.1047822693375043,75.62183718371834,67.06093996805697,25.0478484860165,2635.710361219753,21802.31159372695
2311,41.65176984899753,0.1149568069180799,0.0628091394533961,76.89452695269527,67.06086894980704,25.05236140423208,0.0,22252.432963515952
2312,31.341932855877022,-0.0562491207697974,-0.0513789826605176,0.0,67.07053148983712,24.75005316020229,0.0,60.27640443812048
2313,38.51301054102389,0.0398472529128352,0.0310731714433004,0.2919828894715055,67.07046177705188,24.75456628406156,1357.2225439110334,124.23893488478201
2314,43.05644830985923,0.0975313383369795,0.1015650359941888,5.176283821093319,67.07039204731966,24.759079405018667,10713.464956637248,317.7116364136029
2315,44.4736493348537,0.1332695504513409,0.140435763445578,5.156405300938709,67.07032230063788,24.76359252307321,11407.44193093107,599.6468587207967
2316,45.06237119463007,0.137203700768884,0.141057771277503,4.139149641082276,67.0702525370038,24.768105638224785,7152.774951518969,882.2458089115966
2317,44.8418488738778,0.148699661413822,0.1091982544938764,4.43357704510967,67.07018275641477,24.77261875047296,8023.046852638636,1168.0405636944524
2318,44.12206476638361,0.1475776355324393,0.0598078034519197,4.434992416930926,67.07011295886805,24.77713185981732,6673.143877073026,1466.0116469412383
2319,43.137021997933054,0.1774273577810794,0.0417892981814221,5.484359928345045,67.07004314436098,24.781644966257456,7143.328275246008,1745.6443359974885
2320,42.72625222809711,0.1612209123481612,0.0376042352785665,4.222697186982901,67.06997331289087,24.78615806979296,7121.448776272346,1451.2309784316963
2321,42.21700283195646,0.1949094846591942,0.0085345212728671,5.401213291051978,67.06990346445502,24.79067117042341,6602.884339495364,1200.0174551952816
2322,41.98069479350893,0.1887580131517616,0.001923397127615,6.664966220874124,67.06983359905074,24.795184268148383,7301.666716443247,1072.0928873217922
2323,41.49011028269044,0.1841604241261985,-0.0075612402752506,6.021799116997797,67.06976371667534,24.799697362967493,9931.310757928177,918.5798162552435
2324,41.68598723027739,0.2160605156897067,-0.0187047547157408,5.866565475369121,67.06969381732613,24.80421045488029,7049.434319609747,926.9591144720621
2325,41.54379191248591,0.1715017385768781,0.0058917631463221,6.903074589824905,67.06962390100037,24.8087235438864,9210.24252369932,1034.496569638697
2326,41.73634671352357,0.1405243686998733,0.0145331190265816,7.39578163771712,67.06955396769543,24.81323662998537,11163.291864089508,1213.8440229091937
2327,42.00152909554361,0.1365249946818467,0.0144387650062636,7.326719029902164,67.06948401740857,24.81774971317681,11060.380449652928,1446.945086319576
2328,41.85786729552952,0.1515424382180643,0.0053333895257909,8.14795918367347,67.0694140501371,24.822262793460297,7443.038735331058,1698.512012160646
2329,42.32280096802815,0.1348879583976691,0.0189708777040294,8.674572531715388,67.06934406587831,24.826775870835423,7918.47761468269,2035.4985678195335
2330,43.4106323471783,0.0954400036598189,0.0382253978457839,11.70625516671259,67.06927406462954,24.831288945301768,18156.151215912352,2300.1931894061545
2331,43.28132897761786,0.1228130618530084,0.0284349766762004,10.527157430383236,67.06920404638805,24.83580201685892,13556.854767950092,2632.850512401418
2332,42.35114221081887,0.1524473238751142,0.0071181798668349,9.96029776674938,67.06913401115115,24.84031508550647,9240.65740002206,3012.0963806316568
2333,42.64686157283372,0.1131773326920922,0.0322329329205898,12.141479542636723,67.06906395891612,24.844828151244,18919.877653937143,3421.139838184816
2334,43.32087988896667,0.1802021642452966,0.0111406022541343,11.395012400110222,67.0689938896803,24.8493412140711,13477.527192564963,3851.709715189368
2335,42.83989350358748,0.1203757284493497,0.0246436764191691,12.43774989659451,67.06892380344095,24.85385427398735,14295.4509434889,4286.975254835325
2336,43.66749000395919,0.1606084562082027,0.0011724020151667,12.24996551248448,67.06885370019538,24.85836733099234,8605.831335099947,4701.3896133760745
2337,43.71161107118379,0.1907851756841051,-0.0123398456795711,19.337748344370866,67.06878357994087,24.86288038508567,10851.594974862592,5130.8877970973335
2338,43.45591084098223,0.217942868246808,-0.0046934531315674,27.278521175334536,67.0687134426747,24.86739343626689,6770.9453528587965,5572.156990279838
2339,43.33260723647872,0.2188027815136674,-0.0161524882113899,33.902109471942644,67.0686432883942,24.87190648453563,9848.143484740142,6022.612179273126
2340,43.23837126135962,0.1473673717299957,0.0118336956147718,37.31122448979592,67.06857311709666,24.876419529891457,12392.95769576832,6480.338062109783
2341,42.96255997060074,0.1378002536181451,0.0122107248474089,40.22030862496557,67.06850292877934,24.88093257233396,10719.000837287083,6943.896984849316
2342,43.314561402559946,0.1452183674536092,0.0132784214914447,40.44254615596583,67.06843272343954,24.88544561186272,11653.650001468406,7412.194632687638
2343,44.103316433977696,0.1793121290680661,-0.018210871821062,36.70122538895773,67.06836250107453,24.88995864847733,3878.9546899440174,7884.386672986455
2344,44.74434836661711,0.175529848356734,0.0128162913915384,34.38882004681261,67.06829226168166,24.89447168217737,5352.409115704226,8359.813224298363
2345,44.83074374477754,0.1434973929001148,0.0284959995711854,29.043394406943094,67.06822200525816,24.89898471296244,3713.641594207051,8837.95231265828
2346,44.4873629293677,0.14963251886489,0.0224774091219948,27.63231850117096,67.06815173180131,24.903497740832115,4564.284791933653,9318.386395517999
2347,44.34260015687346,0.1670020579408372,0.0076114229188435,26.85966363385717,67.06808144130844,24.908010765785995,9894.853771124122,9800.777976835092
2348,45.448638177450334,0.1072213189759915,0.03775422036924,25.05077262693156,67.0680111337768,24.91252378782365,7500.70539844155,10284.851621967955
2349,44.38989243770117,0.0971045369764512,0.0406288125221757,28.67076031461296,67.06794080920369,24.91703680694468,16589.45558609319,10726.497745828703
2350,45.46847835834416,0.1194083966400611,0.0305267110343189,31.1832345236454,67.06787046758636,24.92154982314867,12038.376946933826,11134.587667854801
2351,44.85238924283375,0.1035792315539472,0.0431025074548159,34.23984019837444,67.06780010892213,24.92606283643521,10669.668616015611,11549.753377897838
2352,41.40491677803281,0.1272907436047051,0.0114602575898141,33.36065573770492,67.06772973320828,24.93057584680388,8052.514156653678,11968.59616418021
2353,35.62431205430915,0.0762268297550191,-0.044101839549829,34.729301556688256,67.06765934044208,24.93508885425427,8688.294444400122,12323.853944519667
2354,27.9751689590695,0.0648665135044365,-0.029755528696182,36.21422663358148,67.06758893062077,24.939601858785977,10428.21449714836,12617.914445123675
2355,26.88502791008544,0.0662413310346274,0.0074369649120281,35.911132543400385,67.0675185037417,24.94411486039858,14061.566277574044,12924.633605746318
2356,35.90146707853781,0.0955567325899975,0.0358336963566622,37.39680572766075,67.06744805980206,24.948627859091665,14000.283411502722,13243.13190830282
2357,33.46796680976048,0.1018275541704655,0.0157240711984184,40.59609030837006,67.06737759879923,24.95314085486482,14132.589463036087,13572.580139324786
2358,38.40271624523404,0.1229641275002702,0.0341250359385842,44.23444383259911,67.06730712073039,24.95765384771764,14289.10301056036,13912.20042034059
2359,39.07579211244808,0.1148795628850262,0.0351817459385803,44.78106508875741,67.06723662559287,24.9621668376497,15986.718336177855,14261.266052938672
2360,39.40517934126036,0.1018761963801499,0.043779277414811,47.76995046780408,67.06716611338393,24.966679824660613,16665.827438471475,14619.10046238933
2361,38.753922035115664,0.0984069799587665,0.045409983264362,48.90501101321587,67.06709558410084,24.97119280874994,16295.15041195037,14985.075482818771
2362,39.34246377158362,0.1302327474789916,0.0358583631993061,49.89603415037181,67.06702503774085,24.97570578991728,13887.430947940004,15358.60918578816
2363,37.70495664802977,0.127595539836951,0.0265006722816891,52.02987746110425,67.0669544743013,24.980218768162224,16747.453681687166,15739.16341542792
2364,37.16253150991329,0.1127547096572375,0.0389153333054323,51.87126531736198,67.06688389377936,24.984731743484343,16585.768184544137,16126.241158834244
2365,33.30053567751761,0.0868795363699244,0.0341130581988762,53.55668824907014,67.0668132961724,24.989244715883263,15431.582445701268,16519.383850737548
2366,35.35626339410747,0.1078565267557208,0.0375329567917563,54.219283746556506,67.0667426814776,24.99375768535853,15390.73084776626,16918.0628510127
2367,38.66059610098363,0.0974461533010878,0.0445853217435067,55.92588510814165,67.06667204969229,24.99827065190977,16218.374215412188,17321.97542431157
2368,39.77845279684518,0.1098017318731664,0.0381895940904115,56.52842395044733,67.06660140081368,25.00278361553653,16822.541950823725,17730.787195431432
2369,41.27455085961454,0.103344256764843,0.0474450695150169,56.08493942731277,67.06653073483909,25.007296576238424,17705.758762820205,18144.167011428213
2370,40.78948107174757,0.0995696488609504,0.0500765549812111,55.20266739997248,67.06646005176577,25.01180953401505,16380.14709097997,18561.809677596393
2371,40.24110218532177,0.1062223518450968,0.047491331286713,57.31243124312432,67.06638935159097,25.01632248886598,16298.224863751895,18983.433843106675
2372,40.75968512976763,0.1070645485595633,0.0458725505138746,60.25807782208167,67.06631863431194,25.0208354407908,17607.288058861697,19408.78003491131
2373,40.9808482918812,0.1390327232193961,0.0302033106832285,63.72029702970296,67.06624789992595,25.02534838978911,14791.56080704674,19837.60883804233
2374,41.79076363538271,0.1308389294191095,0.0491715297153896,66.829295154185,67.06617714843033,25.0298613358605,17995.772656961744,20269.699217763475
2375,41.71712234423968,0.1388862913821037,0.0424538619456702,69.48057851239669,67.06610637982223,25.034374279004545,18305.25209668161,20704.84697711062
2376,41.96805507172908,0.1840653103839624,0.0526035290996275,70.88862885462552,67.06603559409896,25.038887219220847,9475.96570626944,21142.863342326284
2377,41.9273897484263,0.135391216091162,0.0854050840053325,71.19592454908438,67.0659647912578,25.043400156508984,12858.080861423125,21583.573667922807
2378,42.15443456400608,0.1374533385277163,0.0966194784894323,71.81814427312776,67.06589397129596,25.04791309086855,9822.470260445049,22026.816253028195
2379,33.40524278840152,0.0995489069351016,0.0462476679972082,72.90128046261876,67.06582313421072,25.052426022299137,0.0,22472.441260582873
2380,39.98527416060431,0.0663276208771651,0.0646313573113714,0.9137693156732892,67.07547364957536,24.750116732099823,1563.112744068596,185.28679705263278
2381,44.0632584328542,0.1187261314888661,0.1281780392248371,3.980549041247068,67.07540411508404,24.754629869079057,7857.732377267322,484.10172496809145
2382,43.98490600945368,0.1284053445905256,0.1441205442977964,5.557395143487861,67.07533456368914,24.759143003157053,4458.821610735502,750.2097698916709
2383,44.17778278081349,0.1506506266122086,0.144532683947958,4.625810009651179,67.07526499538795,24.763656134333424,3374.309330285555,1010.1757618251656
2384,44.6766428975497,0.1501442848592502,0.1282432620479486,5.089955849889624,67.0751954101778,24.76816926260772,9561.608347623667,1297.753214729842
2385,44.54378200649204,0.1338821262497217,0.1144711017436806,4.129205736348595,67.07512580805603,24.772682387979543,15554.763215694442,1574.5872967654764
2386,44.93865866754867,0.1292453880963759,0.108478275496597,4.970064836529177,67.0750561890199,24.77719551044848,4355.121618052836,1786.0914480396439
2387,43.70547622543977,0.1561333292906486,0.0594836956913881,3.837636338533757,67.0749865530668,24.78170863001412,4478.291883376618,1418.5064588940986
2388,42.91894585635716,0.1705620659877385,0.041106410648552,3.7505174554988288,67.07491690019398,24.78622174667604,5752.774150604252,1060.2876295511066
2389,42.90335766022629,0.1340417250089177,0.0456153350749028,4.58325286246379,67.07484723039882,24.790734860433822,8741.8819525097,752.0020865671798
2390,42.33125020200335,0.1937976756011698,0.0072279619897639,5.678256070640179,67.07477754367858,24.79524797128707,4774.343578327897,584.6094358569075
2391,42.11396023823676,0.1706250690025373,0.0095769429947616,5.660044150110373,67.07470784003057,24.79976107923536,9591.146660010048,436.190019549921
2392,41.51194955119868,0.1981016509592013,-0.0115092245290573,4.764260126756682,67.07463811945213,24.80427418427827,6381.591396139608,433.4841157417111
2393,41.79630989363374,0.1854404699143499,-0.0027586179527423,6.216618437370813,67.07456838194058,24.8087872864154,6006.408582738493,560.8624846487139
2394,42.34126416129033,0.1618594978510714,0.0016299683090686,5.567548938516678,67.0744986274932,24.81330038564633,4454.730554803029,770.2735468698601
2395,42.13496823071961,0.1469212289218514,0.0075145693231356,6.949545078577335,67.0744288561073,24.817813481970653,5519.76172637027,1002.8293156368821
2396,42.06860524999586,0.1420839466262432,0.0082370188936896,7.158003584723559,67.07435906778024,24.822326575387937,8816.52854302361,1333.932182082783
2397,42.65304254325333,0.1307050866509575,0.0102335379890015,7.65176600441501,67.07428926250928,24.82683966589779,9688.549504425757,1602.4737596628947
2398,44.42161654051326,0.104019502885351,0.0423966841364563,8.327952538631349,67.07421944029173,24.8313527534998,14756.08760370908,1925.8654413108768
2399,42.80340096829633,0.0799955306723948,0.0524292216302237,10.887018899158504,67.07414960112489,24.83586583819352,19348.33190571172,2312.3556696532137
2400,42.23719878699754,0.0844628410428626,0.0451716470496205,11.571271022883924,67.07407974500607,24.84037891997857,17671.503820705377,2734.6770707486185
2401,42.44685466276576,0.0749657271689522,0.0588317886147624,9.990073073211082,67.07400987193262,24.84489199885453,11859.056376621142,3179.611394377174
2402,42.81356538874794,0.0991548997789511,0.0453916661224543,8.174710424710424,67.07393998190176,24.84940507482097,16894.659279049843,3590.6318255963224
2403,43.209378496674496,0.1277717140260582,0.031539084290078,10.665517716806836,67.07387007491087,24.853918147877504,12454.221249256823,4014.524547584327
2404,43.42656767790433,0.1736522137025344,-0.0006427528247508,8.924858679167242,67.0738001509572,24.858431218023707,5967.134369644499,4454.136423790033
2405,43.39888294768151,0.1803225621571998,-0.0047331779027237,13.91720622675299,67.07373021003808,24.86294428525916,8646.208149515538,4905.329267232201
2406,43.22629614566547,0.2169382961105088,-0.0116057975318442,19.79567373932212,67.0736602521508,24.86745734958345,6283.898879394161,5365.1821178659075
2407,43.28366877456601,0.1934123256815667,-0.003308085052036,33.284926977128684,67.07359027729264,24.87197041099617,5041.763855589188,5831.64668815554
2408,43.28752814715506,0.2522422752342437,-0.0331498148003031,43.280501239328,67.07352028546092,24.876483469496904,8151.029025188377,6303.255272694448
2409,43.31596238348667,0.1940081805174526,-0.0076418442364405,50.45497108234646,67.07345027665293,24.88099652508524,8380.548884086518,6778.934353547055
2410,43.26707672895079,0.1902730935201474,-0.0039454980488248,50.98138701227079,67.073380250866,24.885509577760764,8320.408191756103,7257.8836382458185
2411,44.79243495449335,0.2244826072653972,-0.0135555073950942,40.78960430166829,67.07331020809737,24.890022627523063,1376.8827517961922,7739.496032856695
2412,44.071841596961534,0.2104983260431441,-0.0167457693164114,39.07120187663862,67.07324014834434,24.89453567437173,1800.4056008297432,8223.303641395705
2413,45.42126902365068,0.1791792618897386,0.0053978110397338,32.53228476821192,67.07317007160424,24.89904871830635,3039.307009436033,8708.940619515803
2414,45.10371575292674,0.1343803778541043,0.0280958275489629,30.88036428867118,67.07309997787432,24.90356175932651,8685.65910469789,9196.117150711654
2415,43.979654492309415,0.1235417084621278,0.0217481498491865,29.754170687991188,67.07302986715194,24.90807479743179,12000.668446727444,9684.600899603662
2416,45.084381543558266,0.1661568811686174,0.0009454784800011,24.94698430184521,67.07295973943432,24.912587832621785,6473.350128103187,10174.203581573196
2417,44.964676231618505,0.1236833529631158,0.0300122401479748,29.05298651252409,67.0728895947188,24.91710086489608,12689.66347771258,10664.771092416591
2418,45.07579057680432,0.1339806101701707,0.0249235768229879,31.363198458574185,67.07281943300264,24.921613894254275,12875.754712259217,11156.176154386403
2419,45.23848990825668,0.1285530349453874,0.0309067972480695,32.75117047645277,67.07274925428311,24.92612692069593,12638.88386854875,11648.312767151587
2420,44.98133802561125,0.1317169734818811,0.0293255379441396,34.86439977973568,67.07267905855753,24.930639944220665,11408.030163267063,12141.091971269037
2421,45.0787826514097,0.1333145460537486,0.0226389466731566,35.401018722466965,67.07260884582318,24.93515296482804,7940.903736761938,12634.438578261852
2422,45.01120476024787,0.1415817150605104,0.0239663629161252,35.62715131488366,67.07253861607735,24.939665982517663,8926.583074888391,13020.977379094124
2423,42.17737771888815,0.0975454302483252,0.0339008470032105,37.95797740424357,67.07246836931732,24.944178997289114,14990.88484709756,13318.417353618353
2424,39.94894617626899,0.083482648559411,0.0399949517020215,37.67222375310004,67.07239810554037,24.948692009141983,14084.822189485629,13627.715498319401
2425,39.85979471961589,0.0828084698602468,0.0472626445602497,38.649318463444864,67.07232782474378,24.95320501807585,16056.845618403227,13948.082972249695
2426,39.04479083977697,0.0978088491608608,0.0447729791969152,40.84620680159716,67.07225752692486,24.957718024090315,15753.61263883894,14278.774719775833
2427,38.96720902404464,0.1073582915332476,0.0438438486314598,43.08136013215859,67.07218721208082,24.962231027184952,16970.581397773665,14619.090135676825
2428,38.89355126560488,0.0957574534939489,0.03994168270125,45.00868007715626,67.07211688020902,24.96674402735937,16184.90506734826,14968.372833803183
2429,36.96940850610088,0.1129991074431282,0.0276494378986987,46.48759988977681,67.0720465313067,24.97125702461314,17938.84312589051,15326.009728173609
2430,40.08049493446038,0.1502580466776424,0.0422419474125654,47.16946585903087,67.07197616537115,24.97577001894585,9625.406326113216,15691.429606127715
2431,38.53277557646479,0.120021910114704,0.0545037691321676,48.5268447136564,67.07190578239967,24.980283010357105,11722.77937918194,16064.10134367474
2432,36.10460406254233,0.0928671147180267,0.0475872704124335,49.62346952813319,67.07183538238947,24.984795998846472,16406.830541519415,16443.531885673863
2433,30.25955388157403,0.0709602053277603,0.0235625438121918,50.85305448541551,67.07176496533789,24.98930898441356,17426.243276028654,16829.264088791027
2434,34.865772679356446,0.1162174356987071,0.0311094231849224,51.80088008800879,67.07169453124217,24.993821967057933,14254.176793624234,17220.874503490897
2435,38.93540318099945,0.0918592600134401,0.0527688092301886,52.81112334801761,67.07162408009958,24.9983349467792,22170.40087676816,17617.907821727957
2436,40.32862324686494,0.1038448100892587,0.0490781866265849,54.31254302629767,67.07155361190745,25.00284792357695,16100.596908201416,18020.00715827302
2437,40.011019868426274,0.0922854502376328,0.0493215647765072,56.23502684840974,67.07148312666298,25.007360897450763,19278.68904564375,18426.899900773602
2438,40.69352991011702,0.0811417406511762,0.0575113737754365,53.62573984858912,67.07141262436345,25.011873868400222,20853.347985385582,18838.275449776636
2439,40.59699152247936,0.0972209227494781,0.0528431211469861,55.82465564738291,67.07134210500621,25.016386836424942,19605.598254059725,19253.84646999334
2440,41.6773389520375,0.1023683776136152,0.0538189464616262,58.96500895440143,67.07127156858843,25.02089980152448,15666.063498314992,19673.34709341528
2441,41.21198352654277,0.1352004312425656,0.0329188210627271,62.12666942034973,67.07120101510745,25.025412763698448,16259.592760054744,20096.531238641248
2442,41.98769429459728,0.0855890886168556,0.0607531218332645,65.25746936527607,67.0711304445605,25.029925722946423,22093.660612266827,20523.17104623523
2443,41.94604559862393,0.0903106004943934,0.0609380684618966,67.13127838172561,67.07105985694483,25.03443867926799,19617.19272876964,20953.055427788448
2444,42.81324534900536,0.1550926543908569,0.0574698044549991,67.70697482459758,67.07098925225775,25.038951632662744,12741.598122682826,21385.98872455177
2445,42.03933438864016,0.1212420141994233,0.072688942737178,66.59232778770794,67.07091863049651,25.04346458313029,11990.241686672103,21821.78947045831
2446,43.128322234073984,0.13299060386003,0.1185946368470178,68.62656400384984,67.07084799165837,25.04797753067019,6012.680520515625,22260.289253714727
2447,36.8532876157685,0.1133607966327603,0.0597164011004756,69.54811657959857,67.07077733574059,25.052490475282045,0.0,22701.331670734864
2448,41.45539691559577,0.1156585306183232,0.0910285339191691,3.725666160430762,67.08041582621449,24.750180141166847,6301.327168192161,158.4048246968223
2449,43.980964335802426,0.1362961462794709,0.1603412291626724,4.974748171657237,67.08034647001982,24.75469329123246,8581.862987650224,650.9065163795901
2450,43.94022116775268,0.1460692657540307,0.1446331885014639,5.2875483158476,67.08027709696488,24.75920643839776,5860.081374657103,1149.26092476948
2451,43.56822169899769,0.1725798481608243,0.1438952363333235,5.637443048460585,67.08020770704698,24.763719582662336,6952.171620368386,1430.694386785865
2452,44.014175720861445,0.1562321867275309,0.126486257289521,4.7789895085588086,67.08013830026344,24.768232724025765,9009.34599259004,1704.7581308665751
2453,44.483313312028685,0.1443264851566489,0.1261164801397917,3.433434399117972,67.08006887661159,24.772745862487643,10944.52969574444,1799.3434742443237
2454,44.1702516184115,0.14726993210057,0.0975128313220424,3.849972421400993,67.07999943608878,24.77725899804756,8394.399312816926,1447.8197442561623
2455,44.52839052427984,0.1436861700960106,0.0784212786802589,4.3948675496688745,67.07992997869229,24.781772130705075,7025.32255102884,1079.618050648268
2456,43.71750418514556,0.1167647649381923,0.0687311029428111,4.255897365153812,67.07986050441947,24.78628526045981,10846.44044386694,711.896719958014
2457,43.44302299602924,0.1338702588096096,0.0529693437921168,3.034606369778022,67.07979101326767,24.790798387311327,10331.186756735,357.38095073675953
2458,39.99134966027299,0.050024737410346,-0.0041400559660875,3.836481455949261,67.07972150523413,24.79531151125921,3310.9031576697075,96.11046316738154
2459,36.9057914044702,0.054831946100521,-0.1164605347547597,3.0950607064017657,67.07965198031624,24.79982463230308,1301.87036110094,36.37802995249248
2460,37.96161600007171,0.117340273745885,-0.0894487375216619,2.523507514132082,67.07958243851128,24.804337750442485,3790.5174183007007,47.54407414021395
2461,39.05157701984538,0.0976341212993527,-0.0708701382271239,3.033963827143449,67.0795128798166,24.808850865677023,7843.971035868933,97.81505762857417
2462,42.91020657753312,0.1743912205337326,0.0020398726030212,4.335816777041942,67.07944330422949,24.813363978006286,11940.14930203345,329.3273154826934
2463,43.10580119932406,0.1599852003636201,0.0118135937538997,5.89115740102083,67.07937371174728,24.817877087429856,14704.64089279658,631.1708947337416
2464,42.48337661422188,0.1303992021893973,0.0327182920280344,6.670943708609271,67.07930410236727,24.822390193947324,17188.846475660914,917.4976389721137
2465,42.82619993295985,0.094327376041539,0.0431203101874592,7.903960259417691,67.07923447608681,24.826903297558275,18743.829260285456,1219.0215645255464
2466,45.04149619176181,0.1198866801643028,0.0481942336925432,6.530190239867658,67.07916483290317,24.831416398262284,9210.485338348948,1619.0273718808735
2467,43.621905075256855,0.1114858800594928,0.0412314038864548,7.219942156727723,67.0790951728137,24.83592949605896,13259.560301589554,2062.212299813609
2468,42.791372091677225,0.0916007597662444,0.0434053344551569,8.68300743596805,67.07902549581569,24.84044259094788,20373.102653218964,2486.4049379848743
2469,43.41208496990074,0.0868207578420258,0.051060494785544,6.151089054314858,67.07895580190645,24.844955682928624,20173.559936788908,2899.449102564059
2470,43.03640208510962,0.0778852850307768,0.0515920535800475,8.500482558941124,67.07888609108329,24.849468772000783,17805.160437667408,3336.1248534112096
2471,43.041069123746894,0.0802049229732478,0.0464889377393239,10.391508133443615,67.07881636334355,24.85398185816394,20362.45674795104,3788.4895375867836
2472,42.56805985173015,0.1231208889009739,0.0155627743026432,8.904249448123622,67.07874661868449,24.858494941417703,14708.37217323202,4251.538182229768
2473,43.05438378630984,0.1255568849334585,0.0202282949459888,10.352876258794316,67.07867685710345,24.86300802176164,7938.557765414284,4722.128847583305
2474,43.039450169124514,0.1625536713284962,0.0016492000416525,14.074727698883224,67.07860707859771,24.86752109919533,10301.249812569651,5198.213615375704
2475,42.3079757598264,0.1974327505013784,-0.0183821328626694,17.653300261816177,67.07853728316461,24.872034173718376,11983.295596791491,5678.410757302695
2476,43.09701325297427,0.205828048017047,-0.019111176680503,31.273453643752585,67.07846747080146,24.87654724533037,9766.088096859456,6161.758893847063
2477,44.17886968441229,0.2949062490694841,-0.0289481815968373,47.87844922737307,67.07839764150552,24.881060314030886,2948.384071504405,6647.570729434563
2478,43.454682641749706,0.1457664613280659,0.013968405487926,51.42141575824478,67.07832779527412,24.88557337981952,10010.498939226474,7135.343056884582
2479,44.38967073089332,0.22891063616334,-0.0185617517340582,46.10862972153295,67.07825793210455,24.89008644269586,3952.3366324200624,7624.699631836855
2480,46.23071459334991,0.1812262119400378,0.0207801242575275,41.692859112213945,67.0781880519941,24.89459950265948,3119.799401134117,8115.353868544851
2481,46.12835657258984,0.1617208457020034,0.0145431554472783,38.28073798705768,67.07811815494013,24.89911255970998,4465.16164655432,8607.083846886744
2482,45.50691041784516,0.1352157762679675,0.0337542687452896,35.20653072471755,67.07804824093989,24.903625613846945,9889.855265027598,9099.715175907677
2483,44.46279041844992,0.1258451009937855,0.0240375103912289,30.92524779735683,67.07797830999066,24.908138665069966,13539.319535541175,9593.108996443787
2484,44.40222037606559,0.1576435791114004,0.0040130228824097,27.866786058685765,67.0779083620898,24.912651713378622,8640.072201286872,10087.153421669682
2485,45.58550560439544,0.1392461639947659,0.0140719077677816,27.348683303460632,67.07783839723453,24.91716475877251,7511.40563884672,10581.757325070084
2486,45.189964727444206,0.1252130280991643,0.0230618789977891,30.628618693134825,67.07776841542224,24.921677801251217,10276.411700246812,11076.84576134862
2487,45.15611548703436,0.1209240838254744,0.0297724364001155,33.29160347442438,67.07769841665014,24.92619084081433,12714.121130550806,11572.347573103672
2488,45.32078883857167,0.1388363216314274,0.0280458029926831,34.744519509168626,67.07762840091557,24.93070387746143,13983.900087424332,12068.20410195036
2489,45.59796137257688,0.0982645001354149,0.0469936072916928,35.936715841720684,67.0775583682158,24.93521691119211,12185.60573367494,12564.389047605475
2490,45.08171988838711,0.0970014025683878,0.0432310271491821,37.1042183622829,67.07748831854813,24.939729942005965,11399.36508233369,13060.864980259577
2491,45.89525944627638,0.12411983920049,0.0413532978417592,38.70767323322772,67.07741825190989,24.944242969902568,10753.54070138724,13557.599932333695
2492,45.4958139229988,0.1187918627587445,0.0345734707215775,39.73908853091012,67.0773481682983,24.948755994881523,13844.900513969653,14019.583327088045
2493,45.987829031053295,0.0860122944347198,0.0473978990523018,39.10367616687321,67.07727806771071,24.95326901694241,12687.134453395993,14331.193445168317
2494,46.60515380702577,0.0975340901734912,0.048463670249437,39.32414933186389,67.07720795014436,24.95778203608482,7549.162274256046,14653.24177307094
2495,45.45081681680301,0.0877730754374754,0.051554871739301,40.25320115654689,67.07713781559657,24.96229505230833,15387.176476285817,14985.055333800052
2496,43.07679488254893,0.1036999171297097,0.0414804116252694,41.69567612228038,67.07706766406463,24.96680806561256,12295.84947220063,15325.999877781464
2497,40.27792024077847,0.10259419455908,0.0419374695711543,43.40052356020944,67.07699749554581,24.971321075997057,15200.040018594456,15675.479614673352
2498,40.06202551429183,0.0876804018043717,0.0537526217344363,45.09010746762192,67.0769273100374,24.975834083461443,16086.056107936807,16032.936413709589
2499,34.113313429086666,0.0855910710487735,0.0426764748988316,46.65008954401433,67.07685710753668,24.980347088005285,15353.72686642191,16397.848607110187
2500,32.41011549959253,0.0764412449738164,0.0479652280244884,48.00344162995593,67.07678688804096,24.98486008962817,18291.489038990505,16769.72950995482
2501,28.75474256696408,0.0758191549042879,0.0152441729327121,49.42461792647666,67.0767166515475,24.989373088329724,18226.024544128828,17148.12574983368
2502,36.23043039102244,0.1044586230372038,0.0454125565749423,50.6814366313472,67.07664639805358,24.99388608410949,15710.334118582305,17532.615481635312
2503,40.28548127420076,0.1010551791547424,0.0541679863789115,52.197439074762485,67.07657612755648,24.99839907696708,16746.3921828787,17922.806546999695
2504,40.42118273903347,0.1166195814717394,0.0503312599394331,53.22456285281564,67.0765058400535,25.002912066902088,13913.583149121949,18318.31054978608
2505,39.31612035646946,0.0820738796543419,0.0416113021759228,54.8888277380297,67.07643553554189,25.00742505391409,17816.42833414851,18718.72013165707
2506,40.70198873285637,0.0832234826196412,0.0576427658318927,55.96973032471104,67.07636521401895,25.011938038002672,21606.50224748284,19123.81931874292
2507,41.735857953538805,0.1132428628970353,0.073082863086324,57.14859658778204,67.07629487548193,25.01645101916744,11476.384817450791,19533.316341680973
2508,42.73039374796533,0.1228098083100009,0.0788701976657879,58.85912780299904,67.07622451992816,25.02096399740796,9413.090881125318,19946.94034863852
2509,42.54767344507981,0.1292660774279031,0.0580377130917723,61.1653824986241,67.07615414735486,25.025476972723844,9691.473258682956,20364.43987051246
2510,42.49474445540727,0.130845488230032,0.0483996145301071,63.03178315905337,67.07608375775935,25.02998994511467,12373.569035069657,20785.58137765454
2511,41.95069960860092,0.1424351813719696,0.0502351923235181,64.31118448204704,67.07601335113885,25.034502914580024,14535.943458040663,21210.14792909304
2512,42.84831558498557,0.1600903204334636,0.0603475383607982,64.06772195457675,67.07594292749069,25.03901588111951,9448.695911868474,21637.937913319824
2513,43.54097056366467,0.1900107896814132,0.0969247977147108,63.4182268722467,67.07587248681212,25.043528844732705,4051.466848248097,22068.763878093
2514,44.393005108051824,0.2038629049110873,0.1056440395177007,65.6386056764949,67.07580202910039,25.048041805419192,3297.1255172758406,22502.451445853825
2515,43.86701138832717,0.16856183881294,0.1166335943647807,67.04970397907202,67.07573155435279,25.052554763178577,0.0,22938.838310573967
2516,38.168643176932015,0.0786289314060836,0.0643945992960689,3.890329700648366,67.08535801971122,24.75024338740118,6262.000306705196,85.57115154763015
2517,43.740986331092735,0.1422962218941042,0.1484822492476117,4.544426048565122,67.0852888418159,24.75475655051958,8194.537966390344,486.61735420048285
2518,44.02128330591889,0.1651482517472049,0.1493708871707407,5.1760485651214125,67.08521964710357,24.759269710738582,7011.251515328522,819.2111698417156
2519,43.63009884818371,0.1517715990111924,0.1163895790559155,4.156392221762516,67.08515043557163,24.763782868057767,5918.660381525338,1236.5185448342686
2520,44.255952994720445,0.1660297956303626,0.125297298549644,4.327488609692117,67.0850812072174,24.76829602247674,6839.944997300541,1608.5829459131942
2521,43.79297221840254,0.1564118496907196,0.1066670720346053,3.988688094909641,67.08501196203815,24.77280917399506,6703.851347033024,1401.7296297070388
2522,43.15976133058095,0.1491349747198193,0.0603883572927967,3.4466675865875533,67.0849427000313,24.77732232261234,9215.18004947195,1093.8730508698668
2523,43.74724987160597,0.1405655527392658,0.0641348127666861,4.310982339955849,67.08487342119413,24.781835468328143,8965.836125882099,741.3483140468966
2524,43.52845034878918,0.1480095842387407,0.0442619657772427,4.41709236504211,67.08480412552399,24.78634861114208,9372.11208833768,373.1446532565328
2525,37.979253739784674,-0.0590954775175059,-0.0051575151929037,1.290861402540033,67.08473481301819,24.790861751053708,1894.168486114109,5.286981023072272
2526,31.112590343948707,-0.0961122589708353,-0.2075295774014862,1.1208609271523178,67.08466548367407,24.795374888062643,0.0,345.18396654156015
2527,33.81318779348685,0.2405475758663897,-0.2241723721400162,2.3321384254791124,67.08459613748896,24.79988802216845,0.0,216.60441287453745
2528,38.43890946978091,0.2477295075056048,-0.0184778133564766,2.6526112718754304,67.08452677446016,24.804401153370733,0.0,71.39597985374166
2529,33.069273252699695,-0.0737834415558172,-0.2322906477633237,1.2356187060284176,67.08445739458503,24.808914281669065,0.0,134.41289742495323
2530,37.464704725583125,0.1690198797359378,-0.1912746715166381,2.735594154948993,67.08438799786089,24.813427407063035,2157.5144110476326,29.728959682513292
2531,44.40091853285362,0.1759856811265878,0.0248852624288415,5.964984835952576,67.08431858428503,24.817940529552235,6574.863916303204,332.8540048342878
2532,42.72520336483871,0.0937420405619754,0.0519419478417967,8.522332506203472,67.08424915385478,24.82245364913625,20399.90403725893,512.902964395272
2533,44.85015315591889,0.137575934107601,0.0399318940324399,6.504001103752759,67.08417970656751,24.82696676581466,7946.504585687869,946.3141752002442
2534,45.98531969923079,0.1213203405549929,0.0578458794728131,8.023297491039425,67.08411024242048,24.831479879587064,3606.4840338596414,1404.2015961828338
2535,45.627654743896336,0.150216150486078,0.0619863997115305,7.480904453329656,67.08404076141106,24.83599299045305,3011.532285756852,1787.9288535813332
2536,45.16401208788908,0.1346320164763199,0.0647273398473688,6.492549668874172,67.08397126353651,24.840506098412195,5439.941884255311,2218.1358821778367
2537,43.98932755408941,0.0908058793265803,0.0560768312635605,8.468681015452539,67.0839017487942,24.845019203464084,18699.008639760275,2672.6486359596506
2538,43.145499811980166,0.0739601860255354,0.0517028049850994,9.216078323221184,67.08383221718142,24.84953230560831,22368.471358863004,3141.0149108956725
2539,43.37585654404581,0.0704377071983218,0.0507532797999303,10.107970215113074,67.0837626686955,24.854045404844463,22267.18117482681,3617.858290387094
2540,42.57188878442852,0.0819521925210315,0.0444001559753027,11.115400523921132,67.08369310333377,24.858558501172137,17603.416607115872,4100.222255908371
2541,43.01772903609819,0.1179740268778927,0.0330205001623722,12.81028539914518,67.08362352109351,24.8630715945909,13007.358825018726,4586.365280485909
2542,43.85911989081358,0.1541173843040487,0.0138366184678679,16.319635962493102,67.08355392197204,24.86758468510036,9942.123114280028,5075.201515599152
2543,42.54123067592507,0.1728878071398676,-0.0066403906798034,17.509574321531893,67.08348430596669,24.87209777270008,10648.269708445938,5566.021412238206
2544,42.993457936682766,0.1880980080839125,-0.0109278382287297,21.42671997794016,67.08341467307476,24.876610857389664,10109.925057786928,6058.342867378663
2545,43.35425239191069,0.173826289922623,-0.0058402343084959,32.64529914529914,67.08334502329355,24.881123939168702,10997.91481182928,6551.827396661226
2546,43.5315253500924,0.1687819827311689,0.004930248566812,43.82917413484075,67.08327535662039,24.88563701803678,8787.109344817403,7046.230635753263
2547,43.67247771155822,0.2402119426862414,-0.0318846777644803,52.57777164920023,67.08320567305259,24.890150093993487,10770.607550861829,7541.371898302468
2548,45.16217661744795,0.2712999160846082,-0.012363971635949,45.97103048696373,67.08313597258743,24.8946631670384,2986.9566725312,8037.084865399189
2549,44.47446861333521,0.1888352065029527,-0.0080086629359011,48.47373500620436,67.08306625522226,24.899176237171115,7046.633683543462,8533.290984695692
2550,43.72125539290165,0.1520312091856057,0.0015839258068776,40.74731330945164,67.08299652095437,24.903689304391225,12914.22307004632,9029.915665443375
2551,44.329847864431606,0.1759123287468603,0.000878666868693,36.49290340361033,67.08292676978104,24.908202368698305,9553.445936307837,9526.893450659574
2552,44.05314592798568,0.1394917985568315,0.0123132558252591,32.319178271060245,67.08285700169962,24.91271543009196,14339.89320433665,10024.171821906913
2553,44.56244895610425,0.1297693203695879,0.0180327734184123,29.94292803970224,67.08278721670736,24.917228488571755,11264.92617563531,10521.708160259463
2554,44.56225330613586,0.1167046694813908,0.0232816260333918,31.08003857280617,67.08271741480162,24.92174154413729,12121.494317262835,11019.467523609697
2555,45.30384875470728,0.1446033254105872,0.0165368821900298,29.948615511778485,67.08264759597965,24.926254596788173,8348.881242092166,11517.42099594489
2556,46.65979162106569,0.214611402691753,0.00464070226888,30.115241635687735,67.08257776023876,24.93076764652395,6823.416062156618,12015.544444235114
2557,46.80926773604354,0.1188106873640904,0.0522232933928191,37.56222466960353,67.0825079075763,24.935280693344254,9944.967405768024,12513.817570376801
2558,46.30973629898448,0.1434205615625169,0.0301188689970728,36.747213430576586,67.08243803798952,24.93979373724864,10816.87011763541,13012.22317967227
2559,46.37204880107964,0.1181301656652158,0.0288580714185064,37.96488570641697,67.08236815147576,24.944306778236715,12484.483315891604,13510.746610392192
2560,46.66796773266744,0.1025655506390893,0.0442413227785132,37.77996693303943,67.08229824803226,24.948819816308067,7455.523554115864,14009.37528452087
2561,47.57152541677049,0.0899309083133611,0.0465207083564161,37.94089280793609,67.08222832765634,24.953332851462267,2789.6387347024875,14508.098350732265
2562,47.39184906496281,0.0975883939773867,0.0357038197551393,39.538875103391234,67.08215839034533,24.957845883698923,4562.899482115352,15006.906398260495
2563,47.817124488292215,0.075276498608958,0.0534003795155164,41.65086147484492,67.08208843609648,24.96235891301762,6460.3095695727325,15358.579697313411
2564,47.05554675981532,0.0875676029276469,0.0491702255838646,43.43101309441763,67.08201846490711,24.96687193941793,12412.285272583997,15691.410364124158
2565,46.5754386204218,0.0915677267454204,0.0551331146993687,44.10861474844934,67.08194847677451,24.97138496289947,14849.776485273169,16032.926997640885
2566,46.47643709745871,0.1018899893988156,0.0542722312190233,45.32805616740088,67.08187847169596,24.975897983461817,14206.834740156124,16382.586395550767
2567,43.17417917648548,0.0962013687690368,0.0436545941149427,47.357781753130574,67.08180844966876,24.980411001104542,13633.307556813515,16739.878312081666
2568,38.11432406397552,0.0765527788021615,0.0326255100678301,48.83996146965733,67.08173841069019,24.98492401582726,18977.203357940587,17104.324447304505
2569,39.52616775367841,0.0977452037562883,0.0508530898895246,49.51514317180615,67.08166835475758,24.989437027629545,19443.46536827753,17475.477209327724
2570,40.37232039079159,0.1351271266899057,0.0436307738943696,51.08631607929515,67.08159828186817,24.99395003651098,16038.74637455733,17852.91832133798
2571,40.15121422007437,0.0978356944049674,0.0541113450840097,53.28087567121023,67.08152819201926,24.99846304247118,17120.543213503097,18236.257332105055
2572,37.98483673704919,0.0919211724434024,0.0450330737588254,55.17950130872019,67.08145808520815,25.002976045509723,17071.357313939036,18625.13007677637
2573,37.59320717203749,0.1048072780518135,0.0451443888944895,54.7937732470037,67.08138796143214,25.00748904562617,13036.496085270865,19019.19712476148
2574,40.19550932997661,0.114684872167493,0.0549871664512404,55.4857418377187,67.08131782068848,25.01200204282016,14873.834905287042,19418.04080616118
2575,42.27488738857145,0.1262294915928713,0.0639774736375816,55.90797630527622,67.08124766297448,25.01651503709124,12507.457445170878,19821.46035785418
2576,42.73681171838933,0.1155624136488237,0.0792522235039163,56.02533039647578,67.08117748828737,25.02102802843901,7170.630659028957,20229.193574776942
2577,42.35239745214376,0.129719657655155,0.0687658957985771,58.163431089081655,67.08110729662451,25.025541016863084,7567.681662320058,20640.98482760618
2578,41.966864128912455,0.1259114292367457,0.0499766155428223,59.97370594713656,67.08103708798316,25.030054002363027,14494.05027834794,21056.596035940926
2579,41.31930728651261,0.1339834966622019,0.0524006153985842,62.04773696519465,67.08096686236057,25.03456698493843,15568.661930849454,21475.80542349304
2580,42.92901349616899,0.1438413338126403,0.0766369381699819,60.75368102380623,67.08089661975404,25.03907996458889,3390.176687358545,21898.40634736596
2581,44.27451988488993,0.2216023662712131,0.1117411276755018,61.95115575123831,67.08082636016086,25.043592941313992,231.80076611358209,22324.206201356414
2582,44.43501331561702,0.2196385577961055,0.1212687605308826,64.0846058605035,67.0807560835783,25.04810591511333,1022.8945887402832,22753.02539194922
2583,43.54236323122577,0.1553345632218583,0.1123930943097053,65.07194937405419,67.08068579000361,25.05261888598649,0.0,23184.69638473538
2584,30.456366043662005,-0.0776362991638875,-0.0516919914567256,0.5060756697045018,67.0903002300223,24.75030647080064,1490.0855869694358,207.64448002013538
2585,40.59551858049678,0.1096942300847724,0.093761294120116,3.4890299434248666,67.09023123042894,24.754819646938223,8626.444437097232,120.469383808218
2586,43.74815807540036,0.1504353212134571,0.144966588569075,4.521397018221978,67.09016221406192,24.759332820177328,7009.504697076886,545.1505231700171
2587,44.18915862188571,0.1632974697074166,0.1474127104899608,4.073025952512424,67.0900931809186,24.76384599051753,6801.322228375996,961.4606473973573
2588,43.61232695362683,0.1482602032053672,0.1223527987736293,4.030223571625724,67.09002413099628,24.76835915795844,7424.8297000470575,1124.7700336127743
2589,42.894779279864885,0.1285179928067532,0.0694849712184435,4.007858817041222,67.08995506429235,24.77287232249961,16471.768919642927,952.0750610386322
2590,42.25090012582425,0.1958514082146768,0.0145180838791826,4.128707407918332,67.08988598080414,24.777385484140645,5210.112272866557,713.9657522344975
2591,43.52811538394374,0.1613884265275211,0.0614920168674462,4.304467733039161,67.08981688052897,24.78189864288113,5110.769233686917,388.4026274948815
2592,38.23774988578244,-0.0181635777340417,-0.0172327350934434,2.1654487798152484,67.08974776346415,24.78641179872065,5271.437763634163,34.87688383581454
2593,30.668899469064574,-0.1449426423638381,-0.2311963496654568,0.7436534216335539,67.08967862960705,24.7909249516588,0.0,333.32874413414584
2594,32.409351839503735,0.5077711240984453,-0.3507902051083927,5.784532671629445,67.08960947895501,24.795438101695147,0.0,581.9303206195523
2595,34.442088864549845,0.4571862421787855,-0.2509960221800114,4.185992003308975,67.08954031150536,24.79995124882929,0.0,105.36202896489617
2596,38.88003654971856,0.2766525364310622,-0.0590412091398516,3.1695640176600435,67.0894711272554,24.80446439306083,0.0,126.66031295215363
2597,37.35429382158113,0.2582597153197969,-0.0682246721783555,3.2860099337748343,67.0894019262025,24.808977534389328,0.0,15.321399257415946
2598,36.78156561798014,0.3571154394865126,-0.1576813207938767,3.169839955849889,67.08933270834396,24.813490672814385,0.0,125.33125817731788
2599,37.78089836911425,0.4160336096021769,-0.2089836290204955,2.812224061810154,67.08926347367715,24.818003808335583,0.0,117.48777831433017
2600,43.32513006057948,0.1465806305713002,0.0446957443035381,5.198675496688741,67.08919422219935,24.82251694095252,94.82926359501704,370.4008818095556
2601,44.54783994465232,0.1627167897736133,0.0468349877520849,4.20157284768212,67.08912495390794,24.82703007066477,1072.3982604429273,697.3250258064061
2602,43.44049903067384,0.2313656692444093,-0.0269893533803591,4.418768085985945,67.08905566880021,24.83154319747193,1020.4109466413024,1100.2384034792012
2603,43.45390052775957,0.2915661080984652,-0.0416691672784602,3.4606369778022885,67.0889863668735,24.836056321373583,0.0,1559.9514366197513
2604,41.27208159157343,0.3652262154581808,-0.1244005341115052,3.139570129512261,67.08891704812513,24.84056944236932,239.1015524726636,2038.7183288562228
2605,44.10652745500896,0.1900000535264633,0.0082011686696505,6.311319454019026,67.08884771255241,24.84508256045872,5016.793244797737,2525.726898120559
2606,43.91512525468984,0.1112874860727587,0.0463800770006564,8.660601047697819,67.0887783601527,24.84959567564137,15351.054644353202,3016.988615001108
2607,44.311153292117545,0.0936285690340185,0.0475276247020374,9.082907987308594,67.08870899092332,24.85410878791687,18447.521917983824,3510.718479438504
2608,44.03974795974334,0.0926969262675632,0.0548804760820776,9.253346212225749,67.08863960486156,24.85862189728481,17479.55665458939,4005.985022466747
2609,44.0694183987702,0.1532207522119365,0.0170688071237323,11.611057493450987,67.08857020196476,24.863135003744755,8025.401530696846,4502.248093857129
2610,44.57627050770254,0.194314823723243,-0.0043657683069485,16.21388160618187,67.08850078223024,24.867648107296304,1358.101696091927,4999.255924307542
2611,43.24440004783558,0.1930228319005605,-0.0182429696455107,19.66891985101393,67.08843134565534,24.87216120793905,9340.632125039783,5496.806499640865
2612,42.87349244182851,0.1913436753925037,-0.0091834313520618,23.115692222835087,67.08836189223732,24.876674305672594,10673.485816992114,5994.764681949483
2613,42.93312160625314,0.2335297917054514,-0.035447999587825,28.95767852219465,67.08829242197355,24.881187400496493,9783.836553170431,6493.036692417166
2614,43.82794539421208,0.2605348179614496,-0.0355435490863625,35.230111677926374,67.08822293486134,24.88570049241035,7498.498719866744,6991.555433941308
2615,45.13656134295166,0.2501482837275453,-0.0255049768792167,49.829406090671085,67.08815343089798,24.89021358141376,6034.43218901701,7490.2716427619835
2616,45.15637895078983,0.2157307836168839,-0.0163401120949522,49.40096485182632,67.0880839100808,24.894726667506305,2650.7670123963794,7989.148338748776
2617,44.65309491392181,0.2365980002926368,-0.03023107607222,49.54406499586892,67.08801437240714,24.899239750687563,6534.059954219551,8488.157224884162
2618,43.911584006840165,0.1794314757350014,-0.006031493180484,43.24287484510534,67.08794481787429,24.90375283095714,10038.62478527351,8987.276282048319
2619,44.007472262154586,0.1702056345575914,0.0055839348261815,38.40708086513293,67.08787524647956,24.908265908314608,9247.806865944103,9486.488120745857
2620,44.37786701864703,0.1547466042770145,0.0109914288634893,35.972168641499046,67.08780565822025,24.91277898275957,10729.31128764847,9985.77882590653
2621,43.93645984382137,0.132254712539608,0.0055891874719055,33.4161841742487,67.08773605309369,24.917292054291607,12418.95941210045,10485.137130933106
2622,44.5526083807772,0.1271047992832392,0.0174876770183398,32.52707730467136,67.08766643109719,24.921805122910303,13199.235067136882,10984.553816550244
2623,44.67663834166255,0.1257026952981999,0.027358897332486,32.06396470912602,67.08759679222806,24.92631818861525,12531.449089120848,11484.021266201575
2624,45.41089299188753,0.1432747874117077,0.0153436579693581,31.85357782986352,67.0875271364836,24.930831251406044,4470.5322477637,11983.533132434248
2625,47.025733364792,0.1071745435330674,0.0362212739998685,34.86979884265639,67.08745746386113,24.935344311282268,5038.976239528091,12483.084083246209
2626,47.00659094581157,0.1166009635081289,0.0371454268007748,34.68159272526868,67.08738777435792,24.939857368243505,6440.801645091738,12982.669606915637
2627,47.155783892639874,0.137947328887721,0.0350063222408336,33.73394874621109,67.08731806797132,24.94437042228936,8119.198780529868,13482.28586015482
2628,47.61430817804216,0.1191444648343345,0.0552403464770363,32.66171003717472,67.08724834469862,24.9488834734194,8131.428137163864,13981.92954878569
2629,47.43081655335812,0.1108841934938231,0.0536840838902772,34.63761531047775,67.08717860453712,24.95339652163324,6307.557603250638,14481.597833085105
2630,47.0783551939025,0.0943777451767404,0.0512300574369615,36.08427430459928,67.08710884748412,24.95790956693044,14240.172762907208,14981.288252044058
2631,47.41988449261567,0.0844121298716457,0.0454742497947847,38.405148678414086,67.08703907353691,24.9624226093106,10131.294568762916,15480.998662300259
2632,47.62823909199505,0.0863957608465114,0.0492337752363298,41.85240258846206,67.08696928269282,24.966935648773315,8352.647346083339,15980.727188496236
2633,47.02047398647576,0.0802448112335047,0.0517713774430267,44.4800385462555,67.08689947494913,24.97144868531818,7839.496302757274,16397.830194052243
2634,47.3695524391326,0.0941710999540859,0.0490708707504489,45.68456560649869,67.08682965030314,24.975961718944763,8449.245398485253,16739.86929366216
2635,47.09431018543325,0.08895814654647,0.0459609214728893,47.20553795288608,67.08675980875218,24.980474749652668,8412.419233548431,17089.693176430905
2636,46.9845507309602,0.0919760524767626,0.0520857285516664,49.31464389034302,67.0866899502935,24.98498777744149,9352.235815138996,17446.83357403031
2637,47.09211632390189,0.102870836514375,0.0453564779345517,49.354780931386045,67.08662007492443,24.9895008023108,12251.576519865508,17810.850363048154
2638,47.55021223956603,0.1170007492335732,0.0437716502896262,51.89322127307796,67.08655018264226,24.9940138242602,10274.32046694142,18181.33052198345
2639,46.14927495636815,0.1052888030354067,0.052923027717804,51.75075778451365,67.08648027344425,24.99852684328928,15243.341215168504,18557.886960641812
2640,43.17892472028103,0.0973286581762454,0.0478114392284859,52.993525278964015,67.08641034732776,25.003039859397614,17435.5949204569,18940.157268036917
2641,41.01082708262906,0.1230582531050547,0.0268715387131144,53.140123881624206,67.08634040429003,25.007552872584807,13912.827208638377,19327.80241599384
2642,39.91153586631537,0.1063631819324237,0.0188250399944639,53.85553109521189,67.08627044432835,25.01206588285045,19937.294351718425,19720.505448011616
2643,42.61989534235829,0.1317055140780924,0.062139678451006,53.51857457347275,67.08620046744007,25.016578890194133,4084.399616684386,20117.905808791536
2644,42.60087414579208,0.1171539983509697,0.0870835738844523,53.416804180418026,67.08613047362239,25.02109189461543,3630.5558263019375,20519.749416094015
2645,40.78158723904252,0.148299096073993,0.0350263769800067,55.29852799559773,67.08606046287268,25.025604896113947,5882.111700793082,20925.82371298412
2646,42.361075919281305,0.123582015748618,0.0546809011211203,55.67905824039652,67.08599043518821,25.03011789468926,7713.20703386966,21335.88713960941
2647,42.34196788508402,0.1157977116693221,0.0648868071494824,58.90181768107961,67.08592039056624,25.03463089034097,11783.919283316283,21749.714067111792
2648,42.77512271100375,0.129116012957253,0.0868068776842896,61.34228280324936,67.08585032900407,25.03914388306867,5952.722499122129,22167.093719469543
2649,43.36675514319968,0.1305903383628988,0.1027207235594446,63.161223646134765,67.085780250499,25.04365687287195,4053.639445050872,22587.829154968826
2650,43.061443108954144,0.1440448823155684,0.092189550173149,64.90188783243765,67.08571015504829,25.048169859750374,9459.206265550356,23011.736307805964
2651,43.395459353470144,0.1802361980102008,0.0961747077470518,66.20903332415314,67.08564004264925,25.05268284370357,0.0,23438.643089259236
2652,28.965581924834456,-0.1517175352283747,-0.0787860964036609,0.0,67.09524245710433,24.750369391363023,0.0,565.1115559524566
2653,32.49888936266557,-0.0226970844770088,-0.0174712438963351,0.9221854304635756,67.09517363581561,24.75488258048621,2788.257372922188,116.11708818713586
2654,42.50588801084437,0.1394819022386196,0.1105173505645215,3.24599889624724,67.09510479779657,24.759395766711823,9730.678441044864,269.63160418965344
2655,43.535634915107615,0.1514585670633232,0.1256570481265307,3.6352097130242815,67.09503594304451,24.76390895003945,7495.781090950344,742.733421359756
2656,43.50063758546733,0.1316217625420739,0.0936693052341244,3.353168576556675,67.09496707155684,24.76842213046869,8053.838689431172,665.3051074773667
2657,42.01683400483388,0.2834209780767356,0.0048342917372546,4.54418861160899,67.09489818333087,24.77293530799911,7049.440050153165,584.7928029667503
2658,42.84885313821922,0.2480044687815268,0.0152142417063612,4.10560463832137,67.09482927836392,24.77744848263029,1832.5433653833848,308.41294553723947
2659,36.61889578415576,-0.0074141997364474,-0.0225067421619616,1.1353030512218696,67.09476035665338,24.781961654361847,758.8292182938097,7.922458516064493
2660,30.134112324942063,-0.3455185631540344,-0.1458060127102243,0.0402869757174392,67.09469141819658,24.786474823193352,0.0,317.34570322611603
2661,31.376289297404764,0.5087853537891612,-0.4418149473771911,2.071921590281612,67.09462246299087,24.790987989124392,0.0,665.442423976984
2662,33.3093389770719,0.6652525777431251,-0.4019130562405629,3.636539257623843,67.09455349103357,24.79550115215455,0.0,526.7994908503364
2663,36.15627639683777,0.3785299872834957,-0.1745528550776119,2.988548565121413,67.09448450232203,24.80001431228342,0.0,380.91038821301737
2664,35.84705747814346,0.488320038092797,-0.274941772930024,3.410344827586206,67.09441549685359,24.80452746951059,0.0,63.29875901316839
2665,34.899035678381374,0.4948173275710424,-0.3004078119402383,3.403419274782847,67.09434647462558,24.80904062383563,0.0,180.7309023477737
2666,36.26494106791564,0.3975990863560314,-0.2200912731864802,2.6072511717673006,67.09427743563535,24.813553775258143,0.0,35.88697797096677
2667,37.86922861128086,0.3901369995887638,-0.1635752184059549,4.811939886943333,67.09420837988023,24.818066923777728,0.0,108.26966992986885
2668,39.07705876377498,0.3606478043039444,-0.1297924413223771,4.887494829725629,67.09413930735755,24.82258006939396,1097.7810426416374,8.889288792600704
2669,41.52171329183776,0.2486831585033702,-0.0566297618754912,3.880932671081677,67.09407021806467,24.82709321210641,0.0,472.6740389212859
2670,43.49983114846465,0.2286660881060517,-0.0035451500948109,7.9866188439784835,67.0940011119989,24.831606351914687,833.6667566808508,972.4930065171619
2671,45.264596569379165,0.1658752250157039,0.0388872561073487,5.585540838852099,67.09393198915758,24.83611948881838,1681.0328929467262,1472.4349045233444
2672,44.63602096265637,0.1752762929502972,0.0120357036032517,6.316995720005523,67.09386284953807,24.84063262281706,1078.2401504370368,1972.406258373074
2673,44.59933564323946,0.2118658583663341,0.0051418225209298,5.201049433858053,67.09379369313764,24.84514575391033,0.0,2472.3891982771897
2674,42.02749586634196,0.2800995523802393,-0.0726728984925595,4.529736442665932,67.09372451995368,24.84965888209777,1130.1775294920694,2972.377877579942
2675,44.59305055714209,0.2016214597382749,0.0172830584033344,5.821897004003868,67.09365532998349,24.85417200737897,2881.545233535201,3472.3698170223524
2676,44.7997137818626,0.2054562097754409,0.0156758362383089,4.490204194260485,67.09358612322438,24.85868512975352,2221.0230077306774,3972.363785568148
2677,43.88427245521348,0.1787450175776011,0.0211316513291277,9.455108785458554,67.09351689967373,24.863198249221,2898.310379882523,4472.359102676027
2678,45.44572183192341,0.1952044455707995,0.0160588405697671,18.406585836318545,67.09344765932885,24.867711365781,0.0,4972.3553615321025
2679,44.89521872260583,0.2641791370029953,-0.0288224265838514,20.047980146146426,67.09337840218703,24.87222447943312,6054.550730402346,5472.352304002491
2680,43.77629728823825,0.2440206775966232,-0.0295575579831697,24.05086848635236,67.09330912824565,24.87673759017694,7437.851701262699,5972.349758391086
2681,44.00030060546432,0.2918480732859622,-0.056602762968196,28.715210801873795,67.093239837502,24.88125069801204,7417.93598560498,6472.3476060586045
2682,44.75467839246659,0.266163154119518,-0.0376505635376089,33.424513994209285,67.09317052995338,24.88576380293803,4144.130662791734,6972.345762399228
2683,46.72888090477113,0.2321792840278133,0.0103325519834267,37.03861003861005,67.0931012055972,24.89027690495448,2362.428432817584,7472.3441654494145
2684,46.37082932273972,0.2026566313349109,0.0178378348077595,47.97985929093669,67.09303186443067,24.89479000406097,4200.700982742463,7972.342768788107
2685,44.3813635534932,0.2515689559941141,-0.025149477374035,57.28675761333888,67.09296250645119,24.89930310025711,6127.050218917061,8472.341536958284
2686,42.62619622665015,0.2780243685835294,-0.0651499854416771,48.4353460159912,67.09289313165608,24.90381619354249,5963.2391669384215,8972.340442403181
2687,44.29563448929274,0.1506241556677628,0.0181883947413995,42.352819522956025,67.0928237400426,24.908329283916675,7401.8016389161985,9472.339463381963
2688,45.06367812828284,0.1955629762179342,0.0114433084640136,37.57331863285558,67.09275433160813,24.91284237137928,6051.428802053967,9972.338582519937
2689,44.99587971337471,0.1487439498972416,0.0149360624167489,35.46732837055418,67.09268490634997,24.91735545592985,10174.80085154626,10472.337785752501
2690,44.38365599302112,0.1380247931872096,0.0167829663747879,35.914864306378306,67.09261546426542,24.921868537568034,11696.27939151407,10972.337061588925
2691,44.78245544238877,0.11789843202174,0.0209158114646305,35.52293704366994,67.09254600535179,24.926381616293376,11947.945874703137,11472.336400532495
2692,44.90011957774445,0.1303728515971638,0.0199404037933421,33.80294684659873,67.09247652960644,24.930894692105493,11317.166305935283,11972.335794679211
2693,45.535709278351455,0.1166553804131714,0.0345459593961536,32.99958717490023,67.09240703702666,24.935407765003955,10548.209032470748,12472.335237388323
2694,45.34929066903983,0.0955222895487737,0.0368755488807254,31.89612894338062,67.09233752760973,24.93992083498836,11113.825356243406,12972.334723044945
2695,46.21947103210917,0.0923358475167581,0.0489036518844953,37.34546457127101,67.092268001353,24.94443390205829,13066.730504111398,13472.334246867336
2696,47.15741176495936,0.1028213241752399,0.0567309556010209,37.3842866988284,67.09219845825378,24.94894696621333,9208.48716291669,13972.333804756816
2697,48.09266916873918,0.0993081680878985,0.0762696423480661,33.56979468099766,67.09212889830937,24.953460027453083,4714.586656432978,14472.33339318512
2698,47.72469019890881,0.1108764958230035,0.0588086534183668,38.68214384127858,67.0920593215171,24.95797308577713,11416.244265533707,14972.333009090531
2699,47.27186876702579,0.0918754703354594,0.0573971693681115,43.64953850392615,67.09198972787422,24.96248614118507,13441.08823784468,15472.33264981147
2700,47.6621002203222,0.1136464107278005,0.0450913926712717,39.11152416356877,67.09192011737811,24.96699919367649,9709.908189112017,15972.332313016645
2701,47.05818483587824,0.0982659545132876,0.0456421849448293,40.63355834136932,67.09185049002605,24.97151224325096,9363.375582497132,16472.331996656314
2702,46.31753201863525,0.1102742698977041,0.0380907446153729,41.89040529363108,67.09178084581536,24.976025289908087,12972.215584983298,16972.331698926664
2703,46.59073331060721,0.1074667828688895,0.0380839636380693,44.72297948506126,67.09171118474332,24.98053833364745,9974.59248574068,17446.824921042098
2704,47.2142499347522,0.103964638440472,0.0509013985074106,44.18653634361233,67.09164150680722,24.985051374468657,12022.07951282238,17796.799957318828
2705,47.770604212197135,0.1186187944125312,0.0460181528222392,45.92359581497796,67.09157181200437,24.98956441237128,9435.518819799598,18153.800638316276
2706,49.043086380390974,0.1705356491456613,0.048192272697533,46.17676211453743,67.09150210033212,24.99407744735491,1837.481359498646,18517.420622494206
2707,47.49933507737299,0.1221774234436499,0.0417970774502346,48.59782459038964,67.09143237178777,24.998590479419143,10720.907477704586,18887.27760702311
2708,46.19258009962531,0.1102125625760451,0.0409913876045624,49.42154566744728,67.09136262636855,25.003103508563576,13444.996983722427,19263.01233708751
2709,47.22702512468081,0.1192433008496268,0.0409205914241675,49.779994496422674,67.09129286407183,25.007616534787783,8948.252047497748,19644.287546065072
2710,47.66497610252614,0.1448315028674398,0.0326756440787217,49.85085305448543,67.09122308489488,25.01212955809136,3905.157048686842,20030.786856383536
2711,47.91187782658083,0.1449022260375766,0.069309733561166,52.75010332001654,67.09115328883497,25.0166425784739,1011.3821921288018,20422.21366499924
2712,44.79617511883168,0.1398454839854292,0.0600423365270539,55.70708184072749,67.09108347588945,25.02115559593498,11921.310263722184,20818.26024220799
2713,41.21026668384076,0.1100315442912747,0.0483816347783243,56.70133627221381,67.0910136460556,25.025668610474217,19147.79809852629,21218.622516080657
2714,43.27274022542611,0.1180510591981343,0.0616317550436746,58.84776613348045,67.09094379933073,25.03018162209117,15934.731653385032,21623.13398763485
2715,42.01396853253137,0.1064910817349673,0.059933353511503,59.56666207086724,67.09087393571208,25.03469463078545,15335.827927677588,22031.566113513123
2716,41.95512262996284,0.1162704409816483,0.0667356602714256,61.93253476524852,67.090804055197,25.03920763655664,20847.33942219048,22443.704849706515
2717,42.50435274800496,0.1271090597412027,0.0975411052446322,63.366790582403965,67.09073415778275,25.04372063940433,16539.051380439396,22859.34971400106
2718,42.33656465670793,0.1196644544804179,0.1010084154206509,66.29537953795378,67.09066424346665,25.04823363932812,6033.147437983807,23278.312896621243
2719,43.00115521542079,0.1422764249542391,0.1034266685171691,68.1072607260726,67.09059431224597,25.052746636327583,0.0,23700.418419906957
2720,28.93513617225353,-0.1650117061429619,-0.0872727368039572,0.0,67.10018470091406,24.750432149086173,0.0,819.0180377404996
2721,29.336924746309556,-0.1180769010142557,-0.0725151648088307,0.0062128952091674,67.10011605793264,24.754945351161364,0.0,363.84763775790907
2722,38.66678998522438,0.0686814133295343,0.0623796471522369,2.467900041419301,67.10004739826418,24.759458550339897,8500.890574209569,88.32816470787576
2723,43.47901529382303,0.1390125967311583,0.1038099986437002,4.046803810575728,67.0999787219061,24.763971746621355,9954.36348791699,417.42910513037106
2724,41.29407939621981,0.2211264024725068,0.0251295738912714,3.73215518431589,67.09991002885567,24.76848494000531,6461.559021377621,233.91388985579061
2725,38.1102925981126,0.341776582314679,-0.0463811340929124,3.983443708609272,67.0998413191103,24.77299813049137,0.0,175.83273102240386
2726,33.06296342704082,-0.0280967374944107,-0.0610763710578918,0.7232487589630444,67.09977259266734,24.77751131807912,0.0,3.5168498334671487
2727,29.711703970605605,-0.4210881434545728,0.0460372273404385,0.0,67.09970384952409,24.78202450276813,0.0,364.4826029114364
2728,29.790004723720354,-0.1928444381715398,-0.1284683738670356,0.0839768339768339,67.09963508967796,24.78653768455801,0.0,631.7630428797338
2729,31.97585813217273,0.6660667883273244,-0.4644568325651131,2.848806731963029,67.09956631312626,24.791050863448323,0.0,353.1440887373354
2730,35.486952104011586,0.4710651733244231,-0.3071833774905511,4.772106497447925,67.09949751986639,24.79556403943867,0.0,87.75803896776335
2731,40.09828368922039,0.1301915799709121,-0.0631187837726628,5.089002345798261,67.0994287098956,24.80007721252864,0.0,42.739862114829
2732,42.462602050885785,0.2088432030009932,-0.006720867921859,3.0222130242825607,67.09935988321133,24.80459038271782,0.0,125.7275594835341
2733,41.42565646073677,0.2852362964026548,-0.0615455239960886,1.7735927152317883,67.0992910398109,24.8091035500058,359.1237332231217,214.54242218028162
2734,41.41641677173843,0.2012070182044874,-0.006672155555426,3.6615618101545246,67.09922217969162,24.81361671439215,293.32865059904327,167.069797015228
2735,41.06102120937736,0.3092550607518317,-0.0535962184228287,2.7960789728013253,67.09915330285087,24.81812987587648,969.1994603112394,142.3058338996439
2736,43.042776992044736,0.2357432331915747,-0.0024418575249763,3.2077814569536427,67.099084409286,24.82264303445837,1092.2790282761457,133.5294884003369
2737,44.76418030070423,0.1461403105585322,0.0520410487460195,6.061585197459268,67.09901549899429,24.827156190137394,1883.459306658132,603.1607174654707
2738,44.08147922188743,0.1618546563182192,0.0355444844910776,7.747240618101544,67.09894657197316,24.83166934291317,3078.98653039629,1077.417790336357
2739,45.09772102586682,0.1334453570467292,0.0418577134338808,9.314301475658528,67.0988776282199,24.836182492785248,5500.811491485324,1549.1360793885099
2740,45.41142523923014,0.0951880803385421,0.0459574572733602,7.394039735099337,67.09880866773187,24.84069563975324,7968.18059421012,2030.3065020961778
2741,44.61337180001932,0.0984597311153668,0.0481221202862832,6.990762443126983,67.09873969050642,24.845208783816737,11435.85474476338,2518.822421713861
2742,43.97346389188586,0.2157705252635302,0.0031580710945658,6.128205128205129,67.09867069654086,24.84972192497532,4112.237384658723,3011.1108069090387
2743,43.75206628761789,0.3078736837276539,-0.0437090606607782,4.566997518610422,67.09860168583253,24.85423506322857,0.0,3505.582717680691
2744,44.47238319187088,0.2739186250187556,-0.0211728721078146,5.436672185430463,67.0985326583788,24.858748198576084,0.0,4001.4287559833638
2745,43.2451022719454,0.2770588736093972,-0.0295211542844158,5.662665562913911,67.09846361417695,24.863261331017448,1754.3975544574812,4498.194525317138
2746,44.83387391115406,0.2554067370966791,0.0032519419828291,10.677788501309806,67.09839455322435,24.867774460552248,387.5302028824401,4995.605657540271
2747,45.26703353026479,0.2675347713707607,-0.0213450140726775,14.803226696083838,67.09832547551834,24.87228758718008,1860.29337390756,5493.486851116139
2748,44.59380595856812,0.2579989194600935,-0.0234208323859397,18.961511932680374,67.09825638105623,24.876800710900525,6723.931686594774,5991.720928148108
2749,44.257658793211135,0.2463011841013591,-0.0177363279252951,25.508065628016,67.09818726983536,24.881313831713182,8474.707856343666,6490.226619919159
2750,45.4651519976424,0.3076866641854087,-0.0348463507136397,28.33751551082312,67.09811814185306,24.885826949617623,2777.270113777121,6988.9458056757585
2751,46.02755174674475,0.2656713994848589,-0.0009702767910385,40.80796252927402,67.09804899710667,24.89034006461344,3910.5404965291054,7487.8358269338705
2752,45.08689101731296,0.247580552756161,-0.0193843300272189,48.98539341325618,67.0979798355935,24.89485317670023,6082.97745540728,7986.864670647254
2753,45.480704775001406,0.1642192892507507,0.0222041122331223,56.68906637290005,67.09791065731092,24.89936628587758,6272.100984998873,8486.00784603965
2754,44.50734960324333,0.1096218415336671,0.0333234363734541,51.72306420501518,67.0978414622562,24.90387939214507,12587.513008933114,8985.246299268189
2755,44.9214146921296,0.1460934962139631,0.0294838625826625,46.95782219159201,67.09777225042669,24.9083924955023,7166.923213531641,9484.564984946364
2756,44.12957689480097,0.1822166816318327,0.0022114245495547,39.84171373467421,67.09770302181973,24.912905595948853,7659.129123298258,9983.951865293531
2757,45.53338573995041,0.1642482234880556,0.0210450022666942,38.28866832092639,67.09763377643262,24.91741869348433,7865.973321002527,10483.397194756664
2758,44.35047125494278,0.1680194792623418,0.0055125414917633,40.0066179511926,67.09756451426269,24.921931788108296,9487.207034649651,10982.892999442936
2759,44.50281324112445,0.1403610890438604,0.0115373694307422,40.59887005649718,67.09749523530729,24.926444879820355,11771.68354104316,11482.432692206912
2760,44.61788995128806,0.1482522014598785,0.0085190825001297,39.41038710566193,67.0974259395637,24.9309579686201,10234.851913857008,11982.010783862985
2761,44.87001217996694,0.1582438919397446,0.009349164387057,36.49993106300841,67.0973566270293,24.935471054507115,12158.524931693732,12481.6226636542
2762,45.060043347329376,0.1314044738660701,0.0165760833643751,37.4370605266786,67.09728729770134,24.939984137480987,12980.831161368818,12981.26443035255
2763,45.64407624800498,0.1098088721670045,0.0336264489656056,37.33218517497933,67.09721795157716,24.9444972175413,13752.880090725386,13480.932760877584
2764,45.91603266412179,0.1022692700820725,0.0412892983635729,35.31850117096018,67.09714858865411,24.94901029468765,16190.534025888415,13980.624807051103
2765,47.76836595433256,0.1037868131422697,0.0623471723932802,38.10703953712632,67.0970792089295,24.95352336891963,7765.110828987967,14480.338113713224
2766,47.50878511193168,0.1091246331991817,0.0526685090081789,40.13033893634608,67.09700981240064,24.958036440236835,12183.579095201358,14980.070553208225
2767,49.59668965757126,0.1192035509800757,0.0795694870476467,45.36747900316672,67.09694039906482,24.96254950863884,9261.44196508456,15479.820272548395
2768,50.42130589971106,0.1575734666660686,0.0689670295276641,41.7107870115575,67.09687096891938,24.96706257412523,4100.540276442376,15979.585650488829
2769,47.47469079080546,0.1429575622665843,0.0464626445247492,43.8828307861765,67.09680152196162,24.971575636695608,11033.50442051143,16479.365262410844
2770,46.33088317621231,0.1275088629675656,0.0357321268106543,42.47195037904892,67.09673205818888,24.97608869634957,18451.11361051821,16979.157851385302
2771,46.58595597364841,0.1029728240164959,0.0550578669046142,44.43014604574263,67.09666257759844,24.980601753086688,17457.164213378175,17478.962304217097
2772,47.07372598234502,0.1184054961327858,0.0520479023573927,46.49187103885368,67.09659308018765,24.98511480690657,15145.0043389484,17978.777631472985
2773,47.03252355278692,0.093653048437239,0.0584291092376694,47.436699269871866,67.09652356595376,24.989627857808784,15598.43659176847,18478.602950744727
2774,47.88000148630481,0.1451031647565201,0.0343116630551968,48.18641499035548,67.09645403489415,24.99414090579293,9661.394077731327,18860.77817776619
2775,48.54788553883522,0.105952417813636,0.0608582460454342,49.67547845243013,67.0963844870061,24.998653950858603,7462.751646985231,19224.030336150823
2776,47.41387516522926,0.0956447513364935,0.0563737640818272,52.775024094726696,67.0963149222869,25.0031669930054,4446.900893690571,19593.3083285918
2777,47.84906290945517,0.1319287316971391,0.0428059298504675,53.34397358282882,67.09624534073386,25.007680032232887,4525.580930017024,19968.277846448083
2778,49.84586418371973,0.1574465446759486,0.071177040838609,52.48182819383258,67.09617574234433,25.01219306854067,1225.0717122186263,20348.624254389375
2779,48.17646597990631,0.2026858080688763,0.0388701130464006,53.7820336180766,67.09610612711555,25.01670610192833,460.2525218746048,20734.051652759255
2780,47.141701380991336,0.1877123598397459,0.0349424070768384,54.73495800633348,67.09603649504487,25.02121913239548,1182.096489583642,21124.281924648905
2781,46.54953021292677,0.1171691321734955,0.0499339707341795,55.56525330396476,67.0959668461296,25.02573215994169,20556.21543805848,21519.053783205374
2782,46.97541656688972,0.1015821858473141,0.0547954653165203,57.72573316811234,67.09589718036699,25.030245184566542,23724.52797341568,21918.023790020223
2783,47.13367274224827,0.1169131343757679,0.0512800319469845,59.36465077834413,67.0958274977544,25.03475820626965,20083.740710004924,22321.060656403493
2784,45.29480103783966,0.1462158808730325,0.0517929945664516,61.84541195921744,67.09575779828909,25.039271225050594,24206.73610438018,22727.950430987585
2785,44.95189124689292,0.1521804095047779,0.0755645437021045,62.58893171806169,67.09568808196838,25.04378424090896,17081.98574744721,23138.489854778323
2786,43.41962854704874,0.1272138553672346,0.0902123930088868,65.42638965327465,67.09561834878957,25.04829725384434,8875.400447117821,23552.488079301467
2787,43.190031738884656,0.1381739327174232,0.0827625308761496,68.53773065271277,67.09554859874996,25.05281026385633,0.0,23969.765887284717
2788,29.31817464415564,-0.1855694673726616,-0.0883708896229416,0.0,67.10512696140816,24.750494743967923,0.0,488.46024531856864
2789,29.109594312202,-0.1482148669833903,-0.0541065629188277,0.0,67.10505849673666,24.755007958961524,0.0,575.8979596210586
2790,31.258408415447025,-0.0687352381413343,-0.0057791921051972,0.5233167770419423,67.10499001542149,24.75952117105937,777.1238642926631,158.64162945689313
2791,34.57607595187087,-0.0400050238969769,0.0076588554523052,1.3341611479028697,67.10492151745999,24.764034380261048,1348.5899850397616,68.77281886201504
2792,31.165142146027897,-0.0803843578878928,-0.0293979791734569,0.55708960375535,67.10485300284947,24.768547586566143,81.21559694264926,180.26140621407464
2793,29.98650887073718,-0.3365969115533505,0.085218314189005,0.0394809497515185,67.10478447158737,24.773060789974235,0.0,250.9746246687144
2794,29.58868223489164,-0.415933570488023,0.1131413327016694,0.0030374154355929,67.10471592367098,24.777573990484925,0.0,406.41522418902383
2795,29.47012975342353,-0.471544082474698,0.145098336690134,0.0,67.10464735909771,24.78208718809779,0.0,661.5648598314979
2796,29.69183961690738,-0.2585783453372619,-0.1412893552200052,0.0,67.10457877786487,24.786600382812427,0.0,430.5168328038331
2797,35.43358388337844,0.3006014708395507,-0.2139284266693314,1.5346398012696665,67.10451017996988,24.791113574628408,0.0,17.264581873770915
2798,44.73881294715628,0.0979598698541407,0.0754650435045038,3.2361954721148534,67.10444156541003,24.795626763545336,0.0,289.5104695198211
2799,44.65377659913622,0.113968275457218,0.065446503724659,5.717814267972954,67.1043729341827,24.800139949562787,0.0,414.84947977926555
2800,43.79497474715685,0.1424323844137846,0.0490134582470617,4.05628362532763,67.10430428628524,24.804653132680365,0.0,180.82678760862788
2801,43.96097990326808,0.1420278091690037,0.0675498877648969,3.581356867071152,67.10423562171502,24.80916631289764,4991.236371053357,249.42302869041376
2802,42.26901550834,0.0817542217017511,0.0509619655181875,5.183800193183385,67.10416694046937,24.8136794902142,8737.295579991813,662.7116771473236
2803,43.27179183095876,0.1109977544981219,0.0492152464524675,3.7376189819285415,67.10409824254565,24.81819266462965,15014.780868467336,602.9401895575421
2804,43.68330064145694,0.1320099816922175,0.0391348529795016,4.10182119205298,67.1040295279412,24.822705836143573,15163.850950115468,543.1708345134961
2805,43.43062483619718,0.1102215438126656,0.0528055980779187,4.653548743441038,67.10396079665338,24.827219004755552,15887.815033234305,829.6818697714286
2806,43.94897519661749,0.1059007835655616,0.0435852313755502,7.049248172161681,67.10389204867954,24.831732170465163,7089.240331082892,1251.5632072232052
2807,44.98301701346118,0.1168878114947852,0.04674011326455,8.199199889639951,67.103823284017,24.83624533327201,5007.489366993484,1709.3553125157823
2808,45.624927204866914,0.1109323009498585,0.040296917829634,7.001517450682856,67.10375450266314,24.84075849317568,10685.518771932477,2184.1470927812
2809,44.396970296134114,0.1165869174938601,0.0301339529968941,5.968405077262696,67.10368570461529,24.84527165017576,12259.591753522433,2658.270775486129
2810,44.10025667713185,0.1191592360165862,0.0383643891408947,7.012410369553229,67.1036168898708,24.84978480427183,14085.45775242807,3130.262981841898
2811,41.55523280668051,0.3794192667651432,-0.1264157377049073,6.788079470198677,67.10354805842701,24.85429795546349,1378.4084865256132,3608.444018478724
2812,42.62696693648182,0.3824074123409555,-0.1246630216726642,5.117135761589404,67.10347921028128,24.85881110375033,0.0,4091.8443437150113
2813,42.59070375952855,0.2755814631797905,-0.0050598811397998,7.677143644885584,67.10341034543094,24.863324249131924,755.1456309963116,4578.811202873409
2814,43.3740244997768,0.2953156644686637,-0.0356757668345805,9.537136557806257,67.10334146387329,24.86783739160787,815.7683883660196,5068.316676135613
2815,47.28913491510543,0.205012729025254,0.0416843652347973,11.312663635110928,67.10327256560575,24.87235053117776,0.0,5559.690263613953
2816,46.4532628462035,0.2448809273533307,0.0009314899509369,16.500413564929694,67.10320365062557,24.87686366784117,3808.9816376041344,6052.476990845611
2817,43.73165287702236,0.31483099605628,-0.0415395679679961,20.079404466501245,67.10313471893018,24.881376801597707,7857.2556899666815,6546.357737078328
2818,41.05975824444785,0.5526695464053392,-0.1593912527146758,24.586378050461885,67.10306577051684,24.88588993244694,331.7888265722702,7041.1022942816335
2819,43.29359237650991,0.3534186303470092,-0.0818637479890089,35.48654986894746,67.10299680538294,24.89040306038847,6411.223570369256,7536.540546894222
2820,44.82991486746007,0.2862777396649195,-0.0435406180338102,50.44167126309986,67.1029278235258,24.894916185421888,6149.772601698752,8032.54413689039
2821,45.200520103419706,0.1272147329388708,0.0308089185770207,54.24166437034999,67.10285882494274,24.89942930754677,6565.993739165403,8529.014433501736
2822,45.74362956995592,0.1449627647047369,0.0291253000952061,54.16147269718699,67.1027898096311,24.903942426762715,8068.504367461059,9025.874423141973
2823,45.55497810989937,0.1156538725753283,0.0382175112108496,50.68068385495658,67.10272077758825,24.90845554306932,10229.318300656838,9523.063110023566
2824,44.52023841292984,0.1405435684506207,0.0172175502359702,45.54653246932303,67.10265172881144,24.912968656466152,11655.667692395024,10020.531567351189
2825,45.29453186623744,0.1194828918629405,0.0381380712353282,42.08341375982351,67.1025826632981,24.91748176695281,9745.817056988197,10518.240099311852
2826,45.882278127447314,0.1377954291577357,0.0266665948862962,46.88979198236671,67.10251358104549,24.921994874528902,12321.336181302568,11016.156166329372
2827,44.67752378224824,0.1757516139207554,0.0016161110007204,45.35128805620607,67.10244448205096,24.926507979194,10604.563289679758,11514.252844836265
2828,44.504411593114746,0.1649665308912747,-0.0014731259426099,43.21710979473755,67.10237536631183,24.93102108094768,10356.408793733037,12012.507667773958
2829,44.75885961706143,0.1676785131350631,0.0015624469417576,40.48801982924813,67.10230623382549,24.935534179789546,8673.56922411035,12510.90174054327
2830,45.21383179128805,0.1580590378748133,0.01231316116223,39.82256509161039,67.10223708458918,24.9400472757192,13357.92723188718,13009.419059066993
2831,45.157482700049634,0.1050913593648479,0.0338873361269391,38.203336090432856,67.10216791860024,24.944560368736205,16414.96475827626,13508.045978118009
2832,45.69237274842497,0.0986881810899633,0.0429151289734746,36.76546782416977,67.10209873585606,24.94907345884018,13594.313974219976,14006.770792699379
2833,47.11474740259028,0.1069606215319795,0.0595081108415661,37.40383025626894,67.10202953635391,24.95358654603068,7511.041419936456,14505.583405402776
2834,48.73132576403975,0.1151500840690419,0.0643467967570057,39.11691713773611,67.10196032009111,24.958099630307323,9442.894395638074,15004.475059884242
2835,48.09123545606451,0.1121828177116922,0.0826452329391361,42.93220338983051,67.10189108706504,24.96261271166969,11367.081969922352,15503.438125588074
2836,48.6300779105756,0.1273239359884317,0.0870452077087504,44.5968052877995,67.10182183727295,24.967125790117368,5207.4103856299325,16002.465922628462
2837,47.44845927230921,0.1690831429559023,0.0390067404069976,46.972444199504,67.1017525707122,24.97163886564995,10003.224307065013,16501.552578333238
2838,47.45932928004965,0.1338727727510009,0.0602322693007677,48.62806727322857,67.10168328738008,24.97615193826704,15058.934094858154,17000.69290899277
2839,47.08231549205397,0.1207163207633244,0.0573367850157049,44.44961453744494,67.10161398727398,24.980665007968184,11927.402403673928,17499.882321768688
2840,47.06286326920156,0.1474041191555632,0.0489272753085167,46.01445484581498,67.10154467039115,24.985178074753016,11245.765738600188,17999.116732924125
2841,48.190071588174575,0.1536744886776403,0.0523402779555216,47.30396475770923,67.10147533672892,24.989691138621104,12305.26443767656,18498.392499207377
2842,48.023950141218,0.1199931113660856,0.0456802332079313,48.86993662165885,67.10140598628463,24.994204199572064,6866.111709550641,18997.706360078893
2843,49.28114095011154,0.1368146903033021,0.0663704649127506,49.78782872091419,67.10133661905557,24.99871725760545,7966.572945918989,19497.05538876114
2844,47.31626883224305,0.1364570147417613,0.0454624921072064,51.63970790851472,67.10126723503907,25.00323031272088,6654.100821601336,19930.67530766236
2845,47.42329244146424,0.1458094306968458,0.0423820956850904,53.12725768647454,67.10119783423242,25.00774336491792,3811.285141167773,20299.413959841942
2846,48.4377808595949,0.1851188467012363,0.0426896904668063,54.41573653024666,67.10112841663299,25.01225641419618,3401.1514078749005,20673.66914716383
2847,47.70322728526481,0.1986223016484685,0.0417983012409681,56.09666298952014,67.10105898223803,25.01676946055525,4494.26216387881,21053.146674532665
2848,46.375438283793926,0.2620704794032503,-0.014934007128359,56.98567295770768,67.10098953104489,25.021282503994712,3072.6696924679086,21437.56921369892
2849,47.53037025201161,0.1492673212206572,0.0603109514858539,55.62537889225684,67.10092006305085,25.02579554451416,3282.59248117788,21826.67548401451
2850,47.40015160165887,0.1100494068855985,0.0643961955085229,59.34582529622487,67.10085057825326,25.030308582113182,15695.308562988926,22220.21943133172
2851,47.60137495132592,0.1206809233660589,0.0552778331924433,59.43067602918905,67.10078107664941,25.034821616791373,17879.046471499267,22617.904240650132
2852,47.61958570008257,0.1554175016526346,0.0506242505029304,62.62897234832853,67.10071155823658,25.03933464854832,21056.48857126259,23019.547654238348
2853,47.410433312614224,0.1534075536820543,0.0501137319834143,64.51554760594387,67.1006420230121,25.043847677383617,17205.252475709167,23424.977186157033
2854,48.25157525318467,0.1422755778590405,0.0527967668844308,66.65675340768277,67.10057247097329,25.048360703296847,15476.749830868066,23833.999625281205
2855,49.22024742846062,0.1427206233601096,0.0687860362651297,69.33663502545056,67.10050290211746,25.052873726287608,0.0,24246.433141877376
2856,37.803536307496906,0.0273689659266986,-0.002564488348656,0.0,67.11006923854332,24.7505571760061,0.0,0.7240569883881847
2857,30.40345694056332,-0.1340234764211078,-0.0184658566920529,0.0,67.11000095218441,24.75507040388452,0.0,137.58837537897534
2858,29.00186251734918,-0.1277422980840765,0.0151743736499071,0.0,67.10993264922513,24.75958362886809,0.0,570.0148396896361
2859,29.079372179718334,-0.2357022777460916,0.037825349487938,0.0,67.10986432966283,24.764096850956385,0.0,532.9933417871782
2860,29.198163421874924,-0.2951556695408101,0.0887036516526641,0.0,67.10979599349488,24.768610070149013,0.0,651.7579091930403
2861,29.17134781693052,-0.3239511318784316,0.1233339449605577,0.0,67.10972764071866,24.773123286445536,0.0,750.0941680891299
2862,29.40870019900677,-0.2089409932377164,0.0672884378425149,0.0,67.10965927133154,24.777636499845563,0.0,537.3545885816211
2863,29.97295504546609,-0.1474169509707702,-0.0434358804963105,0.0,67.10959088533086,24.782149710348666,260.7267328545075,163.18794348484437
2864,33.20020029077816,0.131116747062022,-0.1899634814573753,0.5369757174392935,67.109522482714,24.786662917954448,0.0,161.42510103861906
2865,41.34663905898512,0.2108496564334477,0.0163606679956968,2.3461114175399884,67.10945406347832,24.79117612266249,0.0,106.75658052955126
2866,45.394371450976834,0.1385090697453442,0.0815768910166613,3.1514900662251653,67.10938562762117,24.79568932447238,0.0,16.186090023311294
2867,45.879151451126766,0.1367835559551453,0.0792021481339569,2.939933719966859,67.10931717513992,24.8002025233837,0.0,340.67769166964126
2868,44.88041155980104,0.1280015056059433,0.0535802401616802,4.825732448866779,67.10924870603193,24.804715719396043,0.0,241.02362657905726
2869,42.73705687487918,0.1368046569746923,0.0311985084440415,5.765640104957883,67.10918022029459,24.809228912509,9426.134459162531,190.91838336693255
2870,42.45990114497929,0.1026543273050848,0.0455538153072597,6.107488256424429,67.10911171792519,24.813742102722145,12607.494865458928,634.9357967488161
2871,43.43903340780633,0.1246375195631342,0.0368975374633233,6.179497792494481,67.10904319892114,24.818255290035093,12480.631710078644,886.7366717389672
2872,43.51640886430429,0.1436622967520316,0.0299331033209352,5.789066813914966,67.10897466327977,24.822768474447404,13282.556551030711,1033.2778407691212
2873,43.52048921057528,0.0834220963896573,0.0571777020379884,5.75293143881915,67.10890611099846,24.82728165595869,19313.13348110225,1210.631729689608
2874,44.23142645772353,0.1020171087965658,0.050889926458376,6.510899558498896,67.10883754207455,24.831794834568523,9835.384251636377,1535.478759193806
2875,45.02101210250623,0.108143714337195,0.0382662571319901,7.516129032258064,67.10876895650541,24.836308010276493,3862.0101708891766,1933.744624692883
2876,45.19744464103958,0.1046679997632439,0.0539489593702877,7.983317248035295,67.10870035428839,24.8408211830822,12328.924556421807,2369.596926045164
2877,45.0251897224597,0.101518655272263,0.0407678702034735,6.076933682614092,67.1086317354208,24.84533435298522,13927.04066766426,2823.212597691853
2878,45.02960132712357,0.1065160085579753,0.0425201807990698,6.463734142305571,67.10856309990005,24.849847519985147,13675.095138502122,3290.1067641784107
2879,44.21085819036795,0.1795728678147963,0.0155748027881004,6.747416287722201,67.10849444772346,24.854360684081563,13927.892713325851,3765.13346809519
2880,40.50614822894166,0.4400758243153431,-0.1650332934223327,6.0492617634883405,67.10842577888839,24.858873845274065,0.0,4239.123760637556
2881,40.82526375231111,0.3778835822873404,-0.0871256854315042,5.678847214561501,67.10835709339217,24.86338700356224,0.0,4711.397889709997
2882,43.61918164210268,0.2430046753797575,-0.0050394076251381,8.833747240618104,67.10828839123216,24.86790015894568,1016.0679017926376,5188.409387586932
2883,47.629333536173306,0.1407704427592912,0.0668449760993786,10.339495102772798,67.10821967240571,24.87241331142397,0.0,5669.383905761125
2884,48.8083294709224,0.1912584642702694,0.0608720351519032,14.964566386322902,67.10815093691019,24.87692646099669,302.4771186566094,6153.392216353488
2885,45.77175330375831,0.3048275824947691,-0.027195477694695,21.472130242825617,67.10808218474291,24.881439607663445,5406.982228285132,6639.770904583146
2886,42.18701574024273,0.446163656349242,-0.102187948058351,21.819498069498085,67.10801341590121,24.88595275142381,3662.945578280847,7128.034761565107
2887,42.491916508641225,0.4241821527785962,-0.1012403498717855,30.21409849634433,67.10794463038245,24.890465892277387,3494.8940417904314,7617.821306548172
2888,45.13273235598515,0.1890272079569513,0.0141085155533534,38.85932763846792,67.10787582818399,24.894979030223755,10974.033297812097,8108.8546265537225
2889,46.15059921542576,0.1560969640924016,0.0187884137800845,50.79222926426013,67.10780700930314,24.899492165262508,8417.878976963402,8600.921186149279
2890,46.29490353883376,0.1536524960366678,0.0278163982806421,50.29997242900467,67.10773817373725,24.90400529739324,8453.52501622401,9093.853261725648
2891,44.50844305965277,0.1243279684856797,0.0258303149556312,54.813283726057584,67.10766932148368,24.90851842661553,14622.29010036086,9587.517355443748
2892,46.219093830870754,0.1218326381315421,0.0568120013828901,45.72733535409202,67.10760045253974,24.913031552928967,3240.0684062295345,10081.805936225863
2893,45.73881219786267,0.1456491209209831,0.036878202415998,43.237313844456686,67.10753156690281,24.917544676333144,11772.058339147188,10576.631450050487
2894,46.53620479941267,0.1822132494739327,0.0239799855539635,47.739831793740514,67.10746266457018,24.922057796827666,3851.1256555254768,11071.921907436239
2895,45.88485686103406,0.2026433266155571,0.0039842550370186,46.14738728801876,67.10739374553918,24.926570914412096,7232.983902396665,11567.6175860972
2896,45.397750132411446,0.2147167255742952,-0.0199453609908016,46.17068799117606,67.10732480980722,24.93108402908604,8302.778955839145,12063.668534558821
2897,47.55948699774871,0.2417589212934705,0.0010934647461305,41.51460457426289,67.10725585737157,24.935597140849083,3258.0215507507232,12560.032659387658
2898,47.85959932586663,0.1970336610616808,0.0225765458953471,40.152796913750336,67.10718688822959,24.94011024970081,2387.540480992754,13056.67424337908
2899,45.09689274149459,0.2020286230142197,-0.0165095511977999,40.10795532882945,67.10711790237862,24.944623355640825,10191.350272987083,13553.562785861648
2900,45.14545708935892,0.1305513383303728,0.0236131596259538,38.96332552047429,67.10704889981594,24.949136458668708,12507.952100673629,14050.672086505807
2901,46.17036208748004,0.1286734713253843,0.0428252631525387,37.97562654916,67.10697988053894,24.953649558784043,12122.247096091398,14547.979515190156
2902,47.141101193885376,0.1291343433278949,0.0528490691380315,38.5186001653348,67.10691084454493,24.95816265598644,8862.03493219142,15045.46542536985
2903,47.84747199896957,0.139780476273066,0.0642789804657195,42.6768149882904,67.10684179183123,24.96267575027546,7486.827226263366,15543.112679164713
2904,47.08013198066924,0.143282232026303,0.0521296273027212,45.9413384742495,67.10677272239519,24.96718884165072,8010.216287576447,16040.906260188332
2905,48.14467024213135,0.198861032815663,0.0393387157101418,47.81577860388269,67.10670363623413,24.971701930111788,5305.0211580022415,16538.832955765967
2906,47.38275743332507,0.112381793827458,0.0698573426132062,52.59953129307967,67.10663453334533,24.97621501565827,16788.447209881695,17036.881094525736
2907,47.40577781892812,0.1597566696668152,0.0503156084944403,47.999862220997535,67.10656541372623,24.980728098289752,13423.08804240555,17535.040328410076
2908,46.41955096921872,0.1835543867568748,0.0402001394299926,46.02976436544029,67.10649627737403,24.985241178005825,9834.49094585843,18033.301450610958
2909,47.08724512523446,0.1600993687295699,0.0390906940934704,45.61059018201875,67.10642712428614,24.989754254806083,16002.82029945416,18531.65624270889
2910,48.94421787408168,0.1803018146979802,0.0589576078207178,47.56177606177607,67.10635795445984,24.994267328690096,9275.481996434375,19030.09734570191
2911,48.2699799652896,0.1929286019706223,0.0524098701397699,49.87120794263653,67.10628876789248,24.99878039965748,11967.00277006459,19528.618150692342
2912,46.4766570373271,0.1705894832535289,0.0289022444835944,51.975475337558585,67.10621956458137,25.00329346770782,16440.15703824227,20027.212705814152
2913,47.44393092384077,0.1473127248940766,0.0321934184406775,52.81044220967076,67.10615034452381,25.0078065328407,9633.013410328558,20525.875636667322
2914,48.470576500154216,0.145332965609633,0.049530106636399,55.779047356828194,67.10608110771716,25.0123195950557,7622.463674508775,21005.586946480464
2915,48.20881729598516,0.1299587822930853,0.0520796635095072,56.69599339116068,67.10601185415871,25.016832654352434,7952.882917671555,21379.173788038825
2916,48.68655922649783,0.077651640420589,0.0536524186279906,62.108204845814974,67.10594258384577,25.021345710730472,4017.012533254549,21757.836766365665
2917,48.61363558282926,0.1270112388253312,0.0735357740243942,61.199944956653376,67.10587329677571,25.025858764189422,8299.347737371592,22141.315445207412
2918,47.954071047012704,0.1436445977621201,0.059686524434254,57.75055066079297,67.10580399294581,25.03037181472888,7063.247739539963,22529.363917702867
2919,48.2966328812149,0.1260084015389989,0.0645001600591808,59.19586776859504,67.10573467235336,25.03488486234841,14083.573040169962,22921.75009522542
2920,47.83179316118331,0.1484252938319577,0.0525063530065116,62.074848651623576,67.10566533499573,25.03939790704761,16012.415473637437,23318.22072152516
2921,47.71131548071824,0.1428003582834119,0.0572511661021899,63.36997798569071,67.10559598087019,25.04391094882609,14847.25593560137,23718.545477832155
2922,47.89914116609921,0.1156386832321128,0.0530422999303576,66.49752066115704,67.10552660997408,25.048423987683428,17338.24050542389,24122.590689019096
2923,48.6964193615457,0.1178181646406341,0.0583184555257329,69.70698443311753,67.10545722230466,25.05293702361921,0.0,24530.17251295652
2924,43.578005536101,0.1526024409249593,0.1310704812597942,0.0,67.11501153227624,24.75061944519856,0.0,471.1663814669223
2925,35.03917144692055,-0.0027322751829508,0.0222049938746578,0.0,67.11494342423254,24.755132685928192,0.0,26.57884186683416
2926,28.98270645025662,-0.1243999805758155,0.0255717877326502,0.0,67.11487529963176,24.75964592376388,0.0,524.3240652015786
2927,28.92506691802319,-0.1323218777828185,0.0209936529822849,0.0,67.11480715847135,24.76415915870521,0.0,1020.7354755643566
2928,28.985564748645597,-0.1853003020444965,0.0001134517625501,0.0,67.11473900074859,24.76867239075175,0.0,1137.6253145484652
2929,29.137295866619738,-0.2051244332229826,-0.029448213246104,0.0,67.1146708264609,24.773185619903103,0.0,731.4312778776994
2930,29.875843631535098,-0.0844523768998964,-0.116247347216647,0.0,67.11460263560564,24.777698846158863,53.65459323175321,317.6081112772334
2931,34.53352343076204,0.2800178680138134,-0.163941849648652,0.8070127001656545,67.1145344281802,24.782212069518604,2377.9660837441347,8.737115156453733
2932,40.81859041925396,0.231512723824131,0.0183636878429344,2.331997789444598,67.11446620418194,24.78672528998192,299.6440306995128,166.5879806339759
2933,44.40918872506565,0.1693610488302449,0.0850644012429387,3.203399198562942,67.11439796360821,24.7912385075484,0.0,505.1424483331139
2934,45.113443951333466,0.1603434165771298,0.0752708289838966,2.2657178388835155,67.1143297064564,24.795751722217624,0.0,107.79192409307723
2935,44.79215123929578,0.1558010542405244,0.0557157207006084,4.813587406793704,67.11426143272388,24.800264933989187,0.0,409.1321131046298
2936,45.87577136742552,0.1410596727984258,0.0587123050228433,4.373206401766005,67.11419314240801,24.804778142862688,518.9996281182838,311.12830256248145
2937,43.721991398135714,0.1854366997096309,0.0346086311110572,5.326254826254828,67.11412483550616,24.809291348837696,7607.273658720318,23.246216974415205
2938,44.22974621417221,0.1243989164340185,0.0674804077132048,7.063189845474614,67.11405651201567,24.813804551913808,9118.470943633149,179.7441808124775
2939,44.30210232105134,0.1629733233853036,0.0233893436887847,6.524696467991169,67.11398817193394,24.818317752090618,8105.3116159403535,627.4699797276403
2940,43.48320980292887,0.2251197588388748,-0.0052475194247578,6.266409266409266,67.1139198152583,24.82283094936771,10110.022563870498,1119.9192846484996
2941,43.9033835885565,0.1016650414915131,0.0502209649671492,5.095133048393768,67.11385144198616,24.827344143744654,15734.51437199168,1617.0095338208191
2942,44.04468976351824,0.1062249252623222,0.0455787340514994,4.729442604856511,67.11378305211485,24.83185733522107,12994.16967146731,1906.8885163278958
2943,44.61111054073414,0.13681022403073,0.0343836036513438,8.198564923416587,67.11371464564172,24.83637052379653,4153.514218193374,2242.1012542123967
2944,44.81195447128746,0.1174689749854941,0.0524563990317878,8.053263419345937,67.11364622256417,24.840883709470628,9787.670421131885,2628.7311958828814
2945,45.14168838055469,0.103354147855801,0.0460323007829083,5.923979028697572,67.1135777828795,24.84539689224295,14192.972088485358,3047.6100945539383
2946,44.78322622377986,0.0870219996017051,0.0494164899227707,6.517588632914887,67.11350932658515,24.84991007211307,10946.613547589164,3487.6306448679006
2947,45.33952135607674,0.0982758192838516,0.0572937861686098,7.164436473996418,67.11344085367838,24.854423249080607,11612.87247243337,3939.4369086724078
2948,42.84337657232725,0.3664385126965178,-0.1068989485232721,7.801076010484208,67.11337236415662,24.858936423145128,0.0,4401.526587976148
2949,40.02106942193026,0.4385939036945223,-0.1421022135102507,6.733489590514272,67.1133038580172,24.86344959430624,0.0,4871.109673535239
2950,42.5721260162216,0.3192038602749755,-0.0422029273656802,8.930412015984567,67.11323533525749,24.867962762563504,1005.622852522125,5346.119843409071
2951,47.87671927982634,0.1678932857875586,0.0692568777815638,9.914529914529911,67.1131667958748,24.872475927916536,0.0,5819.976745788433
2952,48.89414610407,0.1420692328043295,0.0755805743106791,12.509506751171122,67.11309823986653,24.87698909036491,0.0,6292.534768397117
2953,46.395367128610445,0.1960658156123624,0.0094450901215088,17.93810311552247,67.11302966723004,24.881502249908227,1894.104376572028,6768.92278790023
2954,45.76643031942124,0.2460885926657751,0.0023149922784354,23.662670525010324,67.11296107796262,24.88601540654606,7798.630102519504,7248.492091826268
2955,46.3723373328808,0.2278526554369115,0.0167344143462462,31.029387417218533,67.11289247206169,24.890528560278018,6106.157139368374,7730.6506518971355
2956,45.8676362231132,0.1996318132532461,0.0176812890158448,39.12381083689507,67.11282384952455,24.89504171110368,9249.393556243089,8214.942568134704
2957,45.79695347338757,0.1370815194189387,0.0278674849292835,46.30194402316282,67.11275521034857,24.89955485902261,13551.682128263938,8701.011624717938
2958,46.605516871012135,0.1111263439090856,0.037024746273784,49.82722007722008,67.1126865545311,24.90406800403445,9954.809926036543,9188.575797636211
2959,44.35320689620848,0.141003404376482,0.0160253545250736,52.83468909416793,67.1126178820695,24.90858114613876,14134.893940931715,9677.409110090079
2960,44.83547590796528,0.1789656621318869,0.0117635890601164,50.70306038047973,67.11254919296105,24.913094285335127,11590.000837927622,10167.328507470571
2961,46.22521964511239,0.2242655216759418,0.0224514724917061,48.23852199090031,67.11248048720319,24.91760742162314,7201.122759595332,10658.1842202723
2962,44.94108541563517,0.3187112075555781,-0.0275456165068791,54.07357398732432,67.11241176479321,24.922120555002405,2704.3814001604337,11149.852589492586
2963,44.58161359909895,0.2164813261130786,-0.0214293539465572,51.50013777900247,67.11234302572845,24.9266336854725,9258.006012582096,11642.23065658957
2964,46.09022486987048,0.2175705432813805,-0.0054677015483738,49.88867456599611,67.11227427000627,24.931146813033003,4852.466504866038,12135.232035470382
2965,46.36897444673832,0.2726909247567454,-0.0235885543419971,42.848008819071225,67.11220549762403,24.93565993768353,2883.22958040708,12628.78372797203
2966,47.96104735564404,0.2342401503605773,0.0163280850550084,41.073701611792245,67.11213670857902,24.940173059423653,742.0420903569062,13122.823642064552
2967,44.12506353918481,0.4486838075588399,-0.1208204500496779,39.4201321949876,67.1120679028686,24.94468617825297,676.3697481781186,13617.298639349896
2968,45.72674197969394,0.1956188736356132,0.0123662528286572,38.5306769612574,67.11199908049015,24.949199294171063,8745.910408975578,14112.162985362587
2969,45.24564423673516,0.1262732255284368,0.0246458638366023,39.56073348959053,67.11193024144097,24.95371240717754,14642.161961265703,14607.37710943883
2970,46.6825995708322,0.1202120552106195,0.0534883948858163,38.77528244695509,67.1118613857184,24.95822551727197,12627.94823755728,15102.90660465413
2971,47.43430950558316,0.1372357562847362,0.0614561054727574,41.93245106148333,67.11179251331977,24.962738624453948,9326.951809651318,15598.721415555596
2972,47.64558609911011,0.1357997568697181,0.0576451329787796,46.21821187491391,67.11172362424243,24.96725172872307,7355.666340754558,16094.795173938404
2973,48.78098288170202,0.1288691166211341,0.0626523312766809,49.60121178738638,67.11165471848373,24.971764830078925,9722.717890646183,16591.104652241163
2974,47.5664168496592,0.1068621715178831,0.0674410425142901,52.49703325514007,67.11158579604096,24.97627792852112,19699.93826951727,17087.629311052217
2975,47.13258816721964,0.1131235746573121,0.0575176125527285,54.20281069165059,67.11151685691149,24.980791024049203,16535.4162937173,17584.35092239261
2976,47.642026670851486,0.2257643800480371,0.0273693694109692,48.91623036649215,67.11144790109266,24.9853041166628,6723.66710921984,18081.25325444748
2977,46.83631762411914,0.1581263839122083,0.0415919803604713,48.237248414667775,67.11137892858176,24.98981720636149,14990.800763842466,18578.321806361713
2978,46.79872615727388,0.1676501801813114,0.0378239799918331,49.41057414291616,67.11130993937614,24.99433029314486,12666.567624704285,19075.54358412055
2979,46.29473385556168,0.1477559035340479,0.035510777513993,50.1068281938326,67.11124093347316,24.99884337701252,18178.709216739728,19572.906910276877
2980,46.321073407535806,0.1673582916767683,0.0291582622823571,55.39441079295154,67.1111719108701,25.00335645796404,14691.766541585434,20070.401261725685
2981,48.14973826909068,0.1568821553135091,0.0483205148518993,60.42890603472031,67.11110287156431,25.00786953599901,10146.339028774975,20568.01713084314
2982,49.4303664258537,0.128784781680114,0.0709113647359205,61.03210693123883,67.11103381555311,25.01238261111704,2858.560074472406,21065.74590614732
2983,48.442465764064494,0.1242108243210483,0.0617175370100127,59.90031667355089,67.11096474283386,25.0168956833177,6842.9787388623245,21563.579769363354
2984,48.72615505255269,0.0977685153964747,0.0708574659768259,65.2960462873674,67.11089565340383,25.021408752600586,5159.902685132621,22061.5116063405
2985,48.49794964525494,0.1029396987969839,0.0768233986805076,78.00234224304218,67.1108265472604,25.025921818965305,3131.8434541559927,22462.67874950734
2986,49.30281315295512,0.1522577322286645,0.0709978162790743,62.94381713026719,67.11075742440086,25.03043488241144,5474.098689140401,22845.26921477672
2987,49.51137063292743,0.1401500040189615,0.0981905479996458,59.628874500619936,67.11068828482252,25.03494794293856,642.4116897587978,23232.32046927748
2988,48.84480922350773,0.1425911043561685,0.078262238614159,60.93791299559472,67.11061912852274,25.03946100054629,4287.255207427699,23623.61325620198
2989,47.393437269301074,0.1472554265614894,0.0470367904889889,63.07250963126032,67.11054995549884,25.043974055234205,14490.459757129514,24018.93509287282
2990,47.95221064536877,0.1409835783873706,0.0444357281413697,65.41290588882775,67.1104807657481,25.048487107001893,12761.06017593214,24418.010258034654
2991,49.27920941750312,0.1388139271249068,0.0664895377773618,67.40812112869925,67.11041155926787,25.053000155848952,0.0,24820.741466102685
2992,33.6668085846479,0.2349306232831412,-0.177196682109633,1.135459817729909,67.11995384256358,24.75068155154313,0.0,52.08350611214495
2993,34.11881919760322,-0.0105008513670489,-0.0008447039973911,0.0066270882231119,67.1198859128377,24.7551948050904,0.0,38.069228215270236
2994,28.904847851971848,-0.1286409662239227,-0.0260919988376981,0.0,67.11981796659809,24.759708055744607,0.0,453.10482618967177
2995,28.793636531310256,-0.1127513979077799,-0.0277471998541806,0.0,67.11975000384216,24.76422130350535,0.0,887.7252280918602
2996,28.867568309906154,-0.1619933639046295,-0.0614004577581046,0.0,67.11968202456723,24.76873454837221,0.0,991.083953607768
2997,29.031926235382723,-0.1704678241179788,-0.094356578949666,0.0,67.11961402877068,24.77324779034479,0.0,504.1558220192282
2998,34.34862530116723,0.2068232259449174,-0.1697948994070474,2.433360927152318,67.11954601644993,24.77776102942267,1121.6153713570166,48.53683993908298
2999,41.08288308605637,0.4234082093371845,-0.0576805592281275,8.413559790113228,67.11947798760237,24.78227426560544,0.0,371.9673578569625
3000,43.41307577503247,0.157294339670022,0.0751256014118607,4.4891619494684525,67.11940994222533,24.786787498892675,1024.749488056675,476.8953927149166
3001,45.32922016053811,0.1264135459661726,0.0916189391828864,2.3296081677704192,67.1193418803162,24.79130072928397,819.2201532747702,813.7735274042471
3002,45.06050926521176,0.1652209493736622,0.0688106311759133,3.116843702579667,67.11927380187235,24.79581395677893,0.0,587.0396813321922
3003,44.99558264456956,0.1611103508026144,0.0642458795820145,4.600717439293599,67.11920570689118,24.800327181377124,0.0,716.4987784295005
3004,44.737151505530896,0.2173884756669834,0.0222175358495415,4.9500207096506985,67.11913759537006,24.804840403078146,1464.7949067856746,639.9147764572855
3005,45.21014592626658,0.1874047805762593,0.0557683925310781,3.9150110375275946,67.11906946730633,24.809353621881584,1043.9163343752557,425.0906145301797
3006,43.80320371349252,0.164673176160383,0.0220476134435167,5.095211811784189,67.11900132269741,24.813866837787028,4633.321392275741,333.61915287873734
3007,43.84014735524024,0.1072864285051242,0.0428269528391512,7.290033130866925,67.11893316154064,24.818380050794065,9819.09427648446,706.2426881891654
3008,43.5299460555099,0.1363032383153532,0.0321873101159889,5.682765282185733,67.11886498383339,24.82289326090229,12010.921798236415,1165.8813675804731
3009,43.599187797595285,0.1227205749823612,0.0299679939136081,8.81377691882938,67.11879678957303,24.82740646811129,14387.681713263224,1649.17554905395
3010,44.2094040907285,0.0956247480297745,0.0402293100945091,6.089541942604858,67.11872857875694,24.83191967242065,12284.932306002043,2140.15901736448
3011,44.84271891561839,0.1296752155433554,0.040510948212339,6.892458293120088,67.11866035138247,24.83643287382996,4444.33097071961,2608.988011042223
3012,45.40027237875933,0.1187879661851776,0.058933523809416,5.737661979597465,67.11859210744704,24.8409460723388,6434.845825447043,2948.955925010321
3013,45.74419730311876,0.1202000077586015,0.032293643960256,5.887770577691989,67.11852384694795,24.845459267946776,9318.24031467129,3328.595907192692
3014,45.49147777335725,0.118747361064222,0.0393399353199321,8.313939059699438,67.1184555698826,24.84997246065348,4311.457909827093,3736.4029594633876
3015,45.34255081580302,0.0881393787678538,0.0613529988891019,9.895557395143488,67.11838727624831,24.854485650458468,6024.297599596617,4163.710640957687
3016,44.87763596076989,0.2253695133852773,0.0248041158220596,8.55739514348786,67.1183189660425,24.85899883736136,855.5867998472625,4605.664363689496
3017,40.31244818566229,0.4189323966673037,-0.1059847198459022,6.075331125827818,67.11825063926253,24.863512021361736,0.0,5056.460910692057
3018,42.79526399373968,0.391272905094119,-0.0713223636034633,9.882101489244343,67.11818229590573,24.868025202459183,1000.7530563646368,5515.620553296182
3019,47.30060045044704,0.2575266188599782,0.0270835746739034,10.366307947019866,67.11811393596946,24.872538380653307,0.0,5981.332897793146
3020,47.6232813433977,0.1883873767135844,0.0230166760582734,13.820601213458357,67.11804555945113,24.87705155594368,0.0,6452.1791962238385
3021,46.6953947653431,0.2363034059049773,0.005274830738738,17.547563164434628,67.11797716634803,24.88156472832988,93.0002831267453,6927.1062187233165
3022,46.734567773420686,0.18433397760948,0.033561996659782,19.73610919619468,67.11790875665758,24.88607789781152,6505.537033864829,7400.829818438266
3023,47.32693023944538,0.1804186417012177,0.0305993836430621,25.10637417218543,67.1178403303771,24.890591064388182,3021.75110981746,7873.672430606233
3024,46.60852079948741,0.1650728244694068,0.0250042461295912,32.25478848008819,67.11777188750395,24.895104228059456,11891.378426670277,8349.673013989901
3025,46.53343475645666,0.1510703825593082,0.0178004577709718,37.90224734592582,67.11770342803548,24.89961738882493,9362.621839718782,8828.327210535686
3026,45.86622211771013,0.1175793187253979,0.0321879448266812,40.24565996142187,67.1176349519691,24.9041305466842,13205.355079966215,9309.225705273058
3027,45.830307733201,0.1533019891544481,0.0164909594151306,42.97559966914803,67.11756645930208,24.90864370163684,12529.560568820503,9792.03784341147
3028,44.82328004568753,0.1862697479094686,0.0024356273514567,46.91678148250206,67.11749795003183,24.913156853682448,12323.394814600677,10276.493907045207
3029,45.67162942947891,0.2073674722423222,0.019798327327755,52.612076095947074,67.1174294241557,24.91767000282062,6553.682683019081,10762.371900097194
3030,44.42417805462569,0.1874257492342623,-0.0137109672920836,50.20405349510548,67.11736088167102,24.922183149050948,12250.0495323158,11249.487579890878
3031,45.55802006758585,0.1803854728514252,0.0156859872975992,62.56514545705225,67.11729232257514,24.926696292373013,9205.861428076,11737.686854910662
3032,47.94367647282881,0.2292103389981124,0.0137250491429268,52.85883650399781,67.1172237468654,24.931209432786407,5095.467668827012,12226.839926874147
3033,48.59884532581555,0.2199403097182322,0.0492886084970741,45.821453191782695,67.1171551545392,24.93572257029072,859.7823808514732,12716.836732873348
3034,46.37393956619883,0.3174166773671811,-0.0487072750839732,44.54198262787814,67.11708654559385,24.940235704885545,2609.822361621624,13207.583366513216
3035,46.47959771493799,0.3178967988862954,-0.0266191674091239,40.48373311276538,67.1170179200267,24.94474883657047,679.1635161174192,13698.999243590597
3036,46.5271717350889,0.2573631692234268,0.0167781808027179,40.274080198429104,67.11694927783509,24.94926196534508,497.1637460984125,14191.014839258814
3037,44.70467629957849,0.2201872009667149,-0.0147421249310607,39.25526932084309,67.1168806190164,24.953775091208986,9980.878435489907,14683.569867711009
3038,46.426394001198034,0.1610416925106151,0.0226571956042614,41.63150647204626,67.11681194356792,24.958288214161755,11457.589008633857,15176.611807366067
3039,47.0534146675186,0.1742035550670747,0.0428616625877019,42.50854700854698,67.11674325148702,24.962801334202982,7856.24614742366,15670.094697948874
3040,47.238466006451645,0.1564510350097823,0.0576671499410583,44.62213950923629,67.11667454277108,24.96731445133227,3824.22586308217,16163.97815309082
3041,48.869689628813575,0.1260537826403798,0.0629310971517245,48.531900234256575,67.11660581741738,24.971827565549205,7553.474902293095,16658.22654498889
3042,48.10599829307122,0.1211210219063138,0.0560765767130738,51.3148454746137,67.1165370754233,24.976340676853365,11826.35694698382,17152.808327338542
3043,47.58773817159828,0.1447755921146237,0.0634980174024101,54.12000551116012,67.11646831678615,24.98085378524435,11207.607429416985,17647.695470069608
3044,48.26962515576473,0.1747025598433036,0.0561740252701081,53.81744282171397,67.1163995415033,24.98536689072176,7386.802809451107,18142.862985040494
3045,46.29075232663914,0.1609994355348078,0.0303567609277638,50.63442193743972,67.11633074957209,24.989879993285168,16283.907683704738,18638.288526128057
3046,46.48575166425465,0.1298519541033048,0.051294880401007,50.29980710939655,67.11626194098983,24.99439309293417,14370.982121820174,19133.95205053435
3047,45.86043830466438,0.1586158513664046,0.029538177124599,52.330806340454885,67.11619311575387,24.998906189668368,15524.96931447386,19629.83553065984
3048,46.12673553939113,0.1808968242688642,0.0186715151606722,55.32607797217248,67.11612427386154,25.003419283487347,12775.186406343802,20125.92270801737
3049,46.51574772033074,0.1779185587752909,0.026249780071329,56.371227780074406,67.11605541531019,25.00793237439069,12488.410844751275,20622.19888220077
3050,48.350724187187126,0.2157094899384507,0.0333071615630262,61.19730139060994,67.11598654009715,25.012445462378007,9263.165187219412,21118.650729266865
3051,47.90579574939431,0.1535828379099759,0.052973759015923,67.46544603524231,67.11591764821975,25.016958547448866,8024.073312695402,21615.26614483469
3052,49.69049861162722,0.1047065484519862,0.0705103342014765,68.92208149779736,67.11584873967533,25.02147162960287,929.1361156727344,22112.034108129337
3053,49.0395606061812,0.0881005433732083,0.075295105805974,83.7285242290749,67.11577981446118,25.025984708839616,0.0,22608.944563728455
3054,49.09474709090461,0.1160870165644897,0.0732968823438235,69.26834641332782,67.1157108725747,25.03049778515869,4862.351370329325,23105.988318445987
3055,49.78463134381665,0.1250565825466686,0.1056292866532544,62.56959933911608,67.11564191401317,25.03501085855967,0.0,23549.41191083803
3056,49.69570262927405,0.1210758920935853,0.1096968400910321,62.40708086513296,67.11557293877391,25.039523929042165,144.70189635244998,23935.521515888788
3057,48.08260935466523,0.1602234536250256,0.0536264755504026,63.70405070267292,67.11550394685432,25.04403699660577,5186.322649066929,24325.78013402137
3058,47.63476547246598,0.1428203363821024,0.0530689025462893,67.78452430125296,67.11543493825162,25.04855006125005,7413.94997052674,24719.99126252504
3059,49.06562476459504,0.1280797073206807,0.0843109417727836,69.00702479338844,67.11536591296324,25.05306312297463,0.0,25117.902984491786
3060,29.825290912500705,-0.0110245113979931,-0.18775055211097,0.4775048302511729,67.12489616936203,24.75074349503769,0.0,186.94068427767195
3061,32.07621507028856,-0.0772449029090394,-0.0413338119548314,0.0,67.1248284179566,24.755256761368976,0.0,60.539607528868174
3062,29.075919175587764,-0.1139231578339436,-0.0602398308646963,0.0,67.12476065008077,24.75977002480811,0.0,260.05271194224343
3063,28.784626417288425,-0.0931433040245708,-0.0480146613169921,0.0,67.12469286573194,24.76428328535468,0.0,755.0197266905938
3064,28.8049731452078,-0.1069358456261055,-0.0607382765857256,0.0,67.12462506490743,24.768796543008264,0.0,911.2239431006909
3065,29.14804728156144,-0.1606580348938475,-0.0754253558443455,0.0,67.12455724760468,24.773309797768448,0.0,450.35927535920655
3066,36.87585948715116,0.2917781044676035,-0.1422827956032779,2.563691627521415,67.12448941382108,24.777823049634843,1723.4895626693392,7.186441801371652
3067,42.48970847053887,0.311864674344739,-0.0220156126965836,11.45813760707378,67.12442156355398,24.782336298607017,3152.555982523482,503.5150795613099
3068,43.034251089071375,0.1890586677987075,0.0629229940251974,13.84710914861322,67.1243536968008,24.786849544684568,3118.7249957546155,920.7031135713924
3069,44.50879398101341,0.1690207319165563,0.0618598014514421,11.449813613143728,67.1242858135589,24.79136278786708,1683.55011868243,1180.4265728738872
3070,45.599526964948254,0.1486868595673682,0.0762403695340574,10.136959823277651,67.12421791382566,24.795876028154137,336.35182589231766,1084.71871349882
3071,44.90903251266356,0.1697290754333577,0.0578066629518745,3.184653601987303,67.12414999759845,24.800389265545338,0.0,1160.8442657372527
3072,44.64171739834348,0.1979537920223328,0.0389406751748673,4.675593594699063,67.1240820648747,24.804902500040264,3117.5073143325167,1089.0568551708482
3073,45.0480969755795,0.2006813101648204,0.0383450555363666,5.703642384105961,67.12401411565175,24.809415731638506,1017.997695325953,878.5298961659201
3074,43.58162080880465,0.242707701826647,-0.0090880624092704,6.424376120226114,67.123946149927,24.81392896033966,2038.3884202421443,814.4881766282007
3075,44.80632393450333,0.1460816399680427,0.0465590018805244,8.869619205298013,67.12387816769781,24.818442186143308,5384.650009425051,1027.1159627596357
3076,44.08237805707394,0.134108727323395,0.0271105071398721,7.636514065085495,67.12381016896157,24.82295540904904,12553.344056006405,1395.185798280407
3077,44.074145492906815,0.0982091751601491,0.0472298912060023,9.002757859900719,67.12374215371563,24.82746862905644,15091.25518280326,1823.414420909544
3078,44.13173524762539,0.0900526683502359,0.0493779030911248,7.538195883409313,67.12367412195741,24.831981846165107,15080.331783557584,2277.1343347235925
3079,44.540230606742135,0.1003324529396682,0.0536719972846207,6.688698771905617,67.12360607368426,24.836495060374624,8940.709828466626,2746.9694949240643
3080,44.701942281788135,0.1516221364049712,0.0359035088791164,8.016832229580578,67.12353800889353,24.84100827168457,3211.703785425272,3225.8862399935974
3081,46.55404602912255,0.1329134746976933,0.0319571558490727,9.717025386313471,67.12346992758265,24.84552148009456,150.06312685876543,3655.9081033948587
3082,47.49099826429976,0.1603931264527788,0.0325256856540506,9.465295984545332,67.12340182974894,24.85003468560417,1492.7109590432358,4030.9891746133712
3083,45.51775074934607,0.0928755652133261,0.0530926188811015,11.538769315673296,67.1233337153898,24.854547888212977,5459.2582921026615,4430.810692289281
3084,45.40198465667218,0.1990446159261566,0.034515750629307,10.6401766004415,67.12326558450259,24.85906108792059,2273.2923234480545,4848.635487189427
3085,43.50923116973115,0.2730807334607762,-0.0252942404592529,7.614642217013649,67.12319743708468,24.86357428472659,0.0,5280.629253518963
3086,44.47813264496967,0.2850987006107686,-0.0212885539215468,10.016547159404295,67.12312927313343,24.86808747863056,1029.218655130393,5723.698082512156
3087,44.65806148078864,0.3652640617772031,-0.0466712089994468,10.193850820350196,67.12306109264625,24.872600669632103,633.8967797435847,6173.850558897385
3088,48.04220488089332,0.2192969055951508,0.0382960577664967,11.106699751861044,67.12299289562047,24.877113857730805,0.0,6631.04093408686
3089,46.930094070272965,0.2375308500566142,0.0121714808068837,15.94444444444444,67.12292468205345,24.881627042926244,0.0,7094.0099390363375
3090,46.90591491527906,0.2084861085741483,0.0210842929055982,20.330577373570343,67.12285645194257,24.886140225218035,2799.230864528168,7561.69624888818
3091,48.17366033689631,0.2232403476950938,0.0236042020852141,22.485986469694872,67.12278820528519,24.890653404605736,4758.18035352621,8033.276000823512
3092,49.44301945108232,0.2072500853953905,0.0446604178194777,23.96043016682752,67.12271994207866,24.89516658108896,5183.617121311341,8508.101812393612
3093,47.25067227033114,0.1770073993880443,0.0300813533150323,29.6692880794702,67.12265166232037,24.89967975466728,3841.9812976028966,8981.710270250444
3094,46.92724416048822,0.1638000245675059,0.019316604436588,35.68128533995311,67.12258336600767,24.904192925340297,8351.980425926171,9454.810483247526
3095,45.244600325128296,0.1241108557345553,0.0278907841132029,42.54813793103449,67.12251505313793,24.9087060931076,11434.209420336098,9930.54697230679
3096,44.75136359059556,0.1350656720173823,0.0199359834402534,43.44858009374138,67.1224467237085,24.91321925796878,11244.864476377936,10408.558260582637
3097,45.05155602313745,0.1753491548772907,0.0026845105100909,43.10485651214129,67.12237837771674,24.917732419923425,11642.042300703251,10888.544758524413
3098,44.80479618640201,0.1317623944497283,0.0146278825199942,45.23835125448027,67.12231001516,24.92224557897114,11294.501858277454,11370.256323078378
3099,45.99631832590245,0.1557391517767334,0.0206219870424092,62.22127307798291,67.12224163603565,24.926758735111488,9906.604111843004,11853.482642088607
3100,46.05236151550015,0.2402697136442179,0.0132337685230769,60.14742353265362,67.12217324034106,24.931271888344064,7296.191800094492,12338.04573827344
3101,45.949081553224026,0.3351927687358321,-0.0469561024237808,47.80573160650317,67.12210482807353,24.93578503866848,2766.0048195451072,12823.794077139535
3102,46.51189445681501,0.3190320550212298,-0.041556498657006,44.28075492492079,67.12203639923048,24.94029818608432,2425.999283874363,13310.597898881904
3103,45.42212497419595,0.3466398188717395,-0.0649940618528471,43.189472233705374,67.12196795380923,24.944811330591147,1384.028259794006,13798.345492057746
3104,46.10467473918543,0.2638801791206625,0.0054729007047703,40.34585116664367,67.12189949180713,24.94932447218859,36.4599061258599,14286.94019761944
3105,41.20576020540991,0.4555416399332866,-0.1457055855129466,40.74220259453492,67.12183101322158,24.953837610876214,1320.3181035077853,14776.297983669616
3106,45.27916785123658,0.2032956710327691,0.0018999979197216,42.437896770632086,67.12176251804986,24.958350746653625,10193.476047532533,15266.345469487389
3107,44.9092019025483,0.1823740430435688,0.012889347342959,41.886651958080535,67.12169400628937,24.96286387952039,3975.39937114513,15757.018305660124
3108,45.43125130665016,0.150631989304787,0.0304336717491245,43.747587537910135,67.12162547793744,24.96737700947613,8858.527468140352,16248.259838388243
3109,46.401151028565565,0.1389986080822699,0.0436423586534601,46.375499517707055,67.12155693299142,24.971890136520425,10581.629326556886,16740.020001969442
3110,47.1554063299256,0.228169990500927,-0.0014912192048885,49.32974910394265,67.12148837144866,24.97640326065286,6519.706269565317,17232.25439565464
3111,47.48984895011861,0.1790990827123318,0.0482744404482741,50.5827357970215,67.12141979330652,24.980916381873023,11111.358706134455,17724.92351031284
3112,49.11212725625624,0.1466775113126332,0.0631210554462582,54.17630853994491,67.12135119856234,24.985429500180523,11856.751597441302,18217.992077506187
3113,47.15573394609669,0.1553668260104654,0.0489980900358407,53.78645187938867,67.12128258721346,24.98994261557494,8518.762327521172,18711.42851909954
3114,47.60777410966952,0.1606492496536275,0.0715843525952191,52.67157807766454,67.12121395925719,24.99445572805585,14.962874331031356,19205.204479886404
3115,46.91388891263943,0.2035610224244743,0.0341284157469817,54.445408233512346,67.12114531469095,24.998968837622865,7454.401330648991,19699.294429061385
3116,45.25577366810412,0.1864243376913974,0.0049827341668917,56.11014732204324,67.12107665351203,25.003481944275578,14507.18114149012,20193.675319048732
3117,46.67091011196752,0.2003247961533494,0.0241685917001708,58.69454395150181,67.12100797571777,25.00799504801357,13140.591945657548,20688.326292359045
3118,48.0303868314026,0.1371451466716712,0.057166241537392,66.96817305042714,67.12093928130555,25.012508148836428,7925.872844034123,21183.22842880138
3119,46.42848018827761,0.1450016251516214,0.0397757187307872,74.27977419798985,67.12087057027267,25.01702124674376,10694.072398712242,21678.364526737038
3120,47.824970701030495,0.1168037629938213,0.0597582233776759,72.94048767047806,67.1208018426165,25.021534341735126,10564.084070945772,22173.71891318661
3121,48.61017400734641,0.0915016556437288,0.0669860140446029,75.79319371727753,67.12073309833434,25.026047433810163,4366.522006450488,22669.27727846067
3122,48.27409146903007,0.1287288661865693,0.0583874013611766,71.9402039129237,67.12066433742356,25.03056052296844,4529.290941826004,23165.026531694788
3123,49.10990890430917,0.1339616123429145,0.0887770558519911,67.73784267805485,67.1205955598815,25.035073609209537,3578.046476668179,23660.954674318007
3124,47.807969153432495,0.1616195649208422,0.0507945090431467,64.09073385653313,67.12052676570546,25.03958669253306,11097.632814968363,24157.05068889426
3125,49.24040927728528,0.16894567814267,0.0643632121029856,64.64427312775332,67.12045795489283,25.04409977293859,4222.841329805465,24638.946123713926
3126,50.08779405608972,0.1314794544083222,0.0933084716436475,67.59232250963126,67.1203891274409,25.048612850425744,2287.840136128191,25028.225166360473
3127,50.53741699848928,0.1360521474816607,0.0916749748287508,70.2365162355531,67.12032028334698,25.05312592499408,0.0,25421.377694143303
3128,30.675115243805998,0.4167348783088815,-0.3515437629515621,5.298507462686569,67.12983851262827,24.750805275680083,0.0,139.28991609936082
3129,28.97388270624449,-0.1671522666559143,-0.0999130870007448,0.0017975663716814,67.12977093954593,24.7553185547618,0.0,352.59083469962616
3130,28.83009582276123,-0.1328007103687744,-0.0685094057986162,0.0,67.1297033500365,24.75983183095225,0.0,427.47016344645147
3131,28.82931634042591,-0.0723278096279266,-0.064318574659996,0.0,67.12963574409737,24.76434510425104,0.0,821.1931865680139
3132,28.78033301041835,-0.090536426195404,-0.0626922624664419,0.0,67.12956812172591,24.76885837465774,0.0,705.9959335045598
3133,29.146936537288425,-0.1062322557079134,-0.0653861350185972,0.0,67.12950048291955,24.77337164217193,0.0,218.10886700248415
3134,34.0769653346606,0.0102287847405379,-0.0278291184596611,1.1846026490066226,67.1294328276757,24.777884906793226,1079.3440049564233,54.27313818897013
3135,42.6145406834304,0.2604872845530944,-0.0110726918103235,11.378501448875395,67.12936515599169,24.7823981685212,6135.783591714977,280.74212373064347
3136,43.68895509423885,0.1897406785906492,0.0464327544962098,15.046056260341972,67.12929746786497,24.78691142735544,1680.9092484972884,746.9073497032192
3137,44.57297056013531,0.1959187654428158,0.0653883134168984,14.399364991717288,67.12922976329291,24.79142468329556,6204.682057499037,1235.253740102414
3138,44.978264467191984,0.1717732865004965,0.0681840731404252,14.940803090934178,67.1291620422729,24.7959379363411,4566.792819483842,1429.7428487324191
3139,44.36797834038363,0.2023544009931369,0.0334318137505456,3.609217607285775,67.1290943048023,24.80045118649168,776.716576213724,1637.604445143353
3140,43.76301618985919,0.2005459595986378,0.0161042385757172,3.8159348246340814,67.12902655087854,24.804964433746893,2202.8292713964347,1542.6426388675916
3141,44.37629710425183,0.2857332371385436,0.0108798488621919,7.357123136388736,67.12895878049898,24.809477678106315,938.5977172500956,1350.519910563552
3142,44.38434539464792,0.1815075784098889,0.0340591709732143,8.09099696216515,67.12889099366099,24.813990919569545,1959.33946306922,1309.7634291024588
3143,43.27850344914312,0.0973352909177249,0.0452719604781057,7.242445149717126,67.12882319036201,24.818504158136168,6801.507895331502,1451.5703397654438
3144,43.50417924501452,0.0912027256167821,0.0542375163803625,8.945740715173272,67.12875537059941,24.82301739380577,18618.830670437063,1731.6560461131548
3145,43.87052730845201,0.087560912978788,0.0589794644517321,10.066501103752762,67.12868753437053,24.827530626577943,20880.3031232814,2095.2825280764364
3146,44.40634062722509,0.0768831744622262,0.0596493207114249,8.296536497861187,67.12861968167282,24.83204385645228,17733.628683221705,2506.3489546708047
3147,44.932521873261614,0.098816000985592,0.0524010004864735,7.715093818984548,67.12855181250357,24.836557083428364,9764.747879494002,2941.2415005317907
3148,44.90989130594208,0.1093439360174816,0.0584879917896471,9.120689655172413,67.12848392686021,24.84107030750579,1680.283475505286,3392.845736513234
3149,46.37242459177606,0.1347822365051238,0.0246964223147866,8.228764478764477,67.12841602474015,24.84558352868414,1404.7321880164782,3856.410613353425
3150,47.58398071189189,0.1576167215778982,0.0292534265860757,10.868725868725868,67.12834810614072,24.85009674696301,715.7795792566084,4328.094666878056
3151,46.310625375789336,0.0859065304220703,0.0500995581531281,12.446573831517988,67.12828017105933,24.854609962342,9072.77848915234,4734.785817501357
3152,45.38629703894041,0.1761363889352769,0.0354681628106826,10.442328918322293,67.12821221949336,24.85912317482067,6115.131355552533,5128.489680435767
3153,44.09417385557732,0.2816751530855091,-0.0137141275575515,8.115188301834733,67.12814425144016,24.86363638439864,1031.4051760737243,5539.137647047856
3154,45.897093377655686,0.1528156652034741,0.0752964332200783,9.206406185282342,67.12807626689712,24.86814959107548,2120.284420428781,5963.038243889922
3155,44.51833679886101,0.1253598436249694,0.0444682032682827,13.196221731936014,67.12800826586164,24.872662794850783,17048.52184075976,6397.937505393674
3156,47.233945426402656,0.181958270855426,0.0547334098806414,11.256243963019177,67.12794024833103,24.877175995724155,535.8349851406283,6841.731801336897
3157,46.09873201505862,0.1953694888727521,0.0280651535864093,16.438819147468617,67.12787221430271,24.88168919369517,6867.584457618378,7291.437752881497
3158,46.535641645270296,0.1841737578594905,0.0261923712803299,19.24834528405957,67.12780416377403,24.88620238876342,11773.234826440672,7747.214831756856
3159,48.0633824498924,0.2863768297615229,-0.0058263191486466,20.09699227373068,67.1277360967424,24.8907155809285,3701.2089409964337,8208.142956501504
3160,49.0772636181009,0.2365398858830636,0.0466576463168849,21.52563395810364,67.12766801320515,24.89522877019,0.0,8673.400944207942
3161,49.92784603545907,0.1640941048424404,0.0758172312592023,26.059829059829056,67.12759991315967,24.8997419565475,204.3767408940926,9142.327771595923
3162,49.523482861298085,0.1696347770054691,0.0538171295466146,28.999173212071096,67.12753179660334,24.9042551400006,2979.586933697683,9614.386627720152
3163,46.03369662094517,0.1698286463976145,0.0076063587562916,31.21948195095067,67.12746366353346,24.90876832054889,12231.5509559364,10089.13789037168
3164,45.276998785567365,0.1425896059282563,0.017959308408842,37.64428512339721,67.1273955139475,24.91328149819196,13632.497825882305,10562.66269015604
3165,44.868146686242255,0.1409763683856255,0.0224909571678398,35.3268568278903,67.12732734784277,24.917794672929404,11981.231059455871,11035.94875850947
3166,44.73010521793468,0.1400015837706641,0.01221135871556,40.18888735695575,67.12725916521661,24.922307844760795,10253.910483138929,11511.493686508502
3167,44.733087857243405,0.153147146891372,0.005103898192591,60.40259381898454,67.12719096606644,24.92682101368574,11365.338885587616,11989.028684105277
3168,44.19422443251348,0.2278772040369843,-0.0232261035050846,59.389631876464925,67.12712275038957,24.93133417970383,8545.865506115835,12468.325095285254
3169,43.75744648590593,0.4744513494959308,-0.1485190509169677,49.15951428177178,67.12705451818341,24.93584734281465,5738.310739581702,12949.187332602929
3170,45.03286600429147,0.3455417918777257,-0.0669118959163602,44.44956533738099,67.1269862694453,24.9403605030178,7312.525196761152,13431.447221638782
3171,44.87411508200915,0.3284904504601596,-0.0521153304982013,45.46805574720573,67.1269180041726,24.944873660312844,7563.5870314773,13914.959445147433
3172,42.42796253086922,0.3631751980920829,-0.0900204290743864,44.19577814569538,67.12684972236268,24.94938681469941,5115.469248520225,14399.597850366708
3173,44.21968320024512,0.2966901171395198,-0.038776368071937,44.09019553841917,67.12678142401288,24.95389996617705,8536.22210311114,14885.252438036752
3174,46.013731814660446,0.2753247891535784,-0.003211218457322,45.208293153326906,67.12671310912059,24.9584131147454,5099.261320096736,15371.826893236399
3175,44.8574663405591,0.1695921342985045,0.0214744788772936,44.68906637290001,67.12664477768313,24.96292626040401,10655.845522659594,15859.236549303587
3176,44.76173496470656,0.1637966932348043,0.0279766971984493,44.45274180214933,67.1265764296979,24.967439403152497,10842.128094668144,16347.406700075462
3177,46.30062798071872,0.1721189088654686,0.0393114494026721,47.10161090458489,67.12650806516221,24.97195254299044,6794.855405511034,16836.27119371153
3178,47.12861422332556,0.1753683645319243,0.032183668900652,47.5734949717592,67.12643968407342,24.976465679917435,9224.329610428207,17325.771255514745
3179,48.37783198214965,0.1785296247362779,0.0465064326478482,50.81038996830648,67.12637128642893,24.980978813933067,6247.366925440827,17815.85449784306
3180,49.1853516335236,0.1653199588256874,0.0666910982110349,53.34105321202099,67.12630287222606,24.98549194503693,9647.328933618755,18306.474083718593
3181,46.544389214858114,0.1123778396566426,0.0552072002967188,54.1519702397355,67.12623444146217,24.990005073228623,22575.89135837711,18797.588017273043
3182,48.23010032910673,0.1618752622294532,0.0484471474159036,54.936862420733405,67.1261659941346,24.994518198507727,7391.958664661432,19289.15853934593
3183,47.17366845388814,0.2100235118562828,0.0318010922968902,56.93510608983193,67.1260975302407,24.99903132087384,5512.913234159414,19781.151610677465
3184,44.50703688662535,0.2889307784188235,-0.0321126693021062,57.60063413289224,67.12602904977786,25.00354444032656,7702.8123058135025,20273.536468335395
3185,47.35645569784545,0.2273504596426759,0.0128328753991469,58.075905772144935,67.12596055274336,25.008057556865456,10641.78524852676,20766.285243655348
3186,46.050887891007065,0.1798339902154462,0.02412555192553,64.38930982228959,67.12589203913458,25.01257067049014,12891.611691275788,21259.37263205303
3187,45.11066998628204,0.1799308538369665,0.0097616918504509,68.20862021481688,67.12582350894891,25.01708378120019,12590.250679449951,21752.775606707553
3188,45.83962165083025,0.1539521610793144,0.0286600672155857,71.70039928404243,67.12575496218362,25.02159688899521,13944.952252042944,22246.473169532615
3189,46.92514868365092,0.1263962135244044,0.0501414771149597,75.42153083700443,67.12568639883614,25.026109993874787,12617.608027632616,22740.44613391271
3190,47.19141215932548,0.1165828041939331,0.0615770758546494,77.58714207048462,67.12561781890373,25.03062309583852,8761.088761663368,23234.676934611165
3191,48.372293838339765,0.1388811905280805,0.0697406904988111,71.55616740088101,67.1255492223838,25.03513619488599,7052.745404268765,23729.149460985154
3192,49.12742231330212,0.135680302001853,0.080496418834018,65.88469486155117,67.12548060927365,25.039649291016783,4107.678972757414,24223.848910266377
3193,50.29333835101683,0.1667407703182505,0.0849468483996399,67.00881785615871,67.12541197957063,25.04416238423052,3338.277672325832,24718.761658158703
3194,51.35956374169746,0.1590416981612003,0.0920846372937644,69.66850372003306,67.12534333327211,25.04867547452676,1397.4614695807747,25213.875144409696
3195,51.24404518265491,0.1446113009962092,0.0990233315240275,70.54585513632607,67.12527467037538,25.053188561905102,0.0,25709.17777142119
3196,29.23425281864072,0.0168199377373003,-0.1801731979944537,1.1298521895289406,67.13478087231904,24.75086689346817,0.0,98.07435748905755
3197,28.802818978523547,-0.1463455181720884,-0.0742539994352129,0.0,67.13471347756236,24.755380185266723,0.0,482.74220207350237
3198,28.797295058247578,-0.1366497803552085,-0.0727414336725688,0.0,67.1346460664219,24.759893474174905,0.0,886.1323632180411
3199,28.846806727557663,-0.0924749565248977,-0.0570924594362607,0.0,67.13457863889509,24.764406760192298,0.0,1130.0384018262055
3200,28.796742205935445,-0.105961173582646,-0.0761335824468293,0.0,67.1345111949793,24.768920043318506,0.0,811.4130129089237
3201,29.083506827085827,-0.0980581607164122,-0.0758212472431931,0.0,67.13444373467198,24.773433323553107,0.0,453.4148190723751
3202,30.891169470661907,-0.0777398310272597,-0.0654989355883178,0.1785270139560592,67.13437625797044,24.777946600895696,0.0,249.37616629245088
3203,41.17731033825766,0.1920349959350447,0.0057424509282352,8.99972387132404,67.13430876487216,24.78245987534585,982.0226465548568,207.45034587524876
3204,43.13399111509046,0.2034080003613759,0.020551093793792,11.670854618252106,67.1342412553745,24.786973146903176,1798.2836250913842,592.8536968815977
3205,42.99343607340885,0.250526126137986,-0.0147441742836637,14.234433245892587,67.1341737294749,24.791486415567256,3723.117362754615,768.5310787444702
3206,44.456504973078445,0.1711294067146965,0.051612133894222,16.86043622308118,67.1341061871707,24.79599968133768,4401.131602959683,1027.9106204618924
3207,43.24986953633806,0.199610296896939,0.0137591241886823,10.46506489919912,67.13403862845932,24.80051294421402,7526.722562764829,1422.1675245898352
3208,42.90012160784891,0.1787351591671547,0.0083557997040609,5.662575841147271,67.13397105333816,24.805026204195897,2816.024048508648,1867.7581995596547
3209,44.73792958066227,0.1753604727011957,0.0313072201149798,6.616032008830026,67.13390346180458,24.809539461282867,2477.3440337442185,1837.3876234594925
3210,44.46826447155515,0.1558213457807404,0.037275569530919,8.187939837174005,67.13383585385604,24.81405271547456,5533.874471001646,1807.6419695907114
3211,42.93049589065364,0.0849120179604611,0.0517652353710638,9.345421952564813,67.13376822948986,24.81856596677052,13402.829272404884,1912.889359391064
3212,43.44610335204472,0.0937005221966978,0.0585255595649669,9.366583885209714,67.1337005887035,24.82307921517036,18256.611763400564,2133.2421128450087
3213,43.93957804775542,0.0960729233306504,0.056616140331524,9.60946990612921,67.13363293149429,24.82759246067367,16707.550675025595,2437.682941323104
3214,44.30952029216059,0.0802391371694691,0.0615945527243313,9.39638520971302,67.13356525785967,24.832105703280035,18513.82520179437,2798.905917053797
3215,44.07459036480134,0.0946289090189598,0.0600909698932164,9.027455849889623,67.13349756779698,24.836618942989045,14417.59291720102,3197.7258391362734
3216,44.94572292725116,0.1037238569228587,0.0630527120647758,8.604859864696948,67.13342986130363,24.8411321798003,2648.591149995032,3621.571555772705
3217,45.87494704361756,0.1172666696977588,0.0508772720611182,8.867963576158937,67.13336213837698,24.845645413713378,10803.968229691774,4059.182550318002
3218,45.64289046871742,0.108127261335041,0.0503872428991954,10.11597404390446,67.1332943990145,24.850158644727863,15822.871891461964,4509.7077071002595
3219,45.13226716140551,0.0926047520951473,0.0686340303709475,11.580422476874222,67.13322664321349,24.85467187284336,20703.62323919556,4969.704642111624
3220,45.806728465638194,0.1577417879124772,0.0452696411735032,9.02000827928798,67.13315887097137,24.85918509805946,9865.466629949266,5436.769707818912
3221,43.70016249619206,0.2791170448810839,-0.0041861037980623,6.810982339955849,67.13309108228549,24.86369832037573,1.603631964413636,5828.441422289936
3222,45.5702253840458,0.1453403200289178,0.0719152751397381,9.119415333701047,67.13302327715327,24.868211539791787,432.0162888565734,6233.2927957172515
3223,44.62033696417208,0.0972510054563067,0.051396730201564,13.907486557286637,67.13295545557207,24.872724756307203,16439.00403783758,6650.609361732821
3224,46.10319915831702,0.1750301067550606,0.0336028177398433,15.062215477996965,67.1328876175393,24.877237969921577,5907.430812553811,7078.586307084687
3225,44.28542849740798,0.1142768981730785,0.0379242979367835,18.40272990486695,67.13281976305231,24.881751180634502,13996.005445450908,7515.461617960306
3226,45.664977249830514,0.1662103544988853,0.0260773617811226,18.79385420972853,67.13275189210849,24.88626438844556,13330.285347955803,7959.765520159923
3227,45.21981946990069,0.4081573503351722,-0.0846100358569138,18.815811258278146,67.13268400470521,24.890777593354336,3290.324204027192,8409.143730664118
3228,47.29488041381415,0.3370434895551376,-0.0240754745687789,21.133204633204635,67.13261610083987,24.89529079536044,0.0,8863.857592921351
3229,50.65436422703355,0.190751817063743,0.053868610975421,23.81712867190732,67.13254818050983,24.899803994463447,0.0,9323.209992908678
3230,49.9395096074914,0.1815393533336059,0.071307087821502,24.9283446085876,67.13248024371246,24.90431719066296,69.04597013724995,9786.547793570924
3231,46.41274383611981,0.1519541806751554,0.0148481254125703,30.109838553884373,67.13241229044516,24.90883038395856,13321.034653291275,10253.330720283811
3232,45.01172688013789,0.1332912763085413,0.0203505861440643,31.769888322073623,67.13234432070527,24.91334357434984,11654.320967393747,10723.108877692679
3233,45.33507731710582,0.1377932815068529,0.0207604055216892,32.840667678300456,67.13227633449019,24.91785676183638,11407.948987505197,11195.50522066018
3234,45.58471479763246,0.1201981443149782,0.0242041738070876,38.73109823399559,67.13220833179726,24.922369946417785,11348.563629530872,11670.201810101755
3235,45.10966755000966,0.1341556011105043,0.0186275650531883,56.97228732938094,67.13214031262387,24.92688312809364,11886.10545937019,12143.663649407883
3236,44.42132035804773,0.1785326885996091,-0.0028317375791404,56.86364263063558,67.1320722769674,24.93139630686354,11766.98776508856,12617.087172694552
3237,46.05794127000831,0.2393870830372302,0.0051702038260914,48.39403973509932,67.13200422482524,24.93590948272708,7962.127729217624,13092.486800318196
3238,43.404553564847085,0.3816054452712649,-0.0850383419653717,44.02893359052078,67.13193615619471,24.940422655683832,2980.223810589966,13569.654841198637
3239,44.62814162004136,0.3013506970692033,-0.0319576866636235,45.90589694130615,67.13186807107319,24.94493582573341,5634.3992176906495,14048.41109882983
3240,44.26075070403697,0.1662859151663352,0.0111443126449028,46.26030608024266,67.13179996945807,24.94944899287539,11521.20171360586,14528.598566064926
3241,45.24075165661106,0.1673636531158706,0.0251717274673857,45.83455122018475,67.13173185134673,24.95396215710937,13839.326820651944,15010.079886053183
3242,45.67861165863508,0.2839486570971877,-0.0184480991605798,44.77691989521578,67.13166371673645,24.95847531843494,5758.791113124188,15492.734428666128
3243,46.03671251975736,0.1472528566685255,0.0403217959988416,45.844616020956856,67.1315955656247,24.96298847685168,10432.778925617064,15976.45586381187
3244,46.17564916561976,0.1877627871709574,0.0306880417655485,46.548462705087566,67.13152739800879,24.9675016323592,9633.99888100504,16461.1501377996
3245,48.26650306257135,0.1933879055102004,0.0524627200719751,46.95245969408847,67.13145921388607,24.97201478495708,3417.5904999503987,16946.733778214813
3246,48.01112307808358,0.1876833848377036,0.0445771299048224,50.350613539225165,67.13139101325393,24.97652793464492,12302.701828480882,17433.132467801355
3247,48.298617207447336,0.1909218751425152,0.0448771034607415,52.62667034026726,67.13132279610971,24.9810410814223,13252.8730657017,17920.279839604973
3248,49.66736316659137,0.1631322645698935,0.0769253338953583,53.4304216037476,67.13125456245082,24.98555422528882,6799.239551914903,18408.116454958516
3249,48.44971122616087,0.1891782538367305,0.0459665683878042,55.93362709997246,67.13118631227455,24.99006736624407,8021.019071311616,18896.58893315251
3250,47.51555395789227,0.1769177590427773,0.0367564998912568,57.27428020388486,67.1311180455783,24.99458050428764,11149.917407648472,19385.64920753146
3251,45.93550664798956,0.1649846393804151,0.0236898907529665,58.21343982374004,67.13104976235944,24.99909363941912,15409.511881628752,19875.25388733478
3252,45.12132731263943,0.1735120359629154,0.0178732709843047,59.31199228968747,67.13098146261527,25.003606771638104,15713.804699911996,20365.363708372133
3253,45.64565669373661,0.1980909123133671,0.0137675934934285,60.72154863598789,67.13091314634322,25.008119900944187,12063.902437805336,20855.943058567398
3254,46.1946318769244,0.1383432432409076,0.0359549571817894,63.83932754581784,67.13084481354058,25.01263302733696,14512.862418108378,21346.959566876147
3255,45.79105056622953,0.1848863566088387,0.0171570474727031,66.84019837443176,67.13077646420471,25.01714615081601,11304.33069094292,21838.38374599004
3256,45.35000502770737,0.1935434907682475,0.0043531292783458,69.49145770184623,67.13070809833302,25.02165927138093,11432.035487575831,22330.188680888616
3257,46.46385287465549,0.186321330277162,0.0222305375455626,72.385611907387,67.13063971592281,25.02617238903132,12149.332329474171,22822.349756559874
3258,47.26178751503512,0.145155390151501,0.0499144430489027,74.29852596776415,67.13057131697146,25.03068550376676,12959.010310459702,23314.844419318975
3259,49.29710154834208,0.1265737178216641,0.0847303240962581,73.58179564858163,67.1305029014763,25.03519861558686,4198.37795468219,23807.651967027017
3260,49.899786063138194,0.1118258627576726,0.06948801800596,70.47568535610965,67.13043446943466,25.039711724491188,1332.7512080525096,24300.75336422127
3261,51.03174668564747,0.159550781942304,0.0953644713507258,68.77638640429336,67.13036602084395,25.044224830479347,2529.349424559753,24794.13107882615
3262,51.29382572947412,0.173309263891828,0.1152899451863332,70.5301486784141,67.13029755570149,25.048737933550942,4611.959988144232,25287.768937553355
3263,51.020214204623024,0.1355150735205782,0.1077697585442031,72.16758392955418,67.1302290740046,25.05325103370555,0.0,25781.651997568966
3264,28.865410860105023,-0.1961884923457543,-0.0554294868440964,0.0,67.13972324839096,24.75092834839984,0.0,537.5718161148726
3265,28.74711485177792,-0.1632320640834208,-0.0855935688294186,0.0,67.13965603196256,24.75544165288162,0.0,793.2905772803903
3266,28.771514854492217,-0.1503479561357716,-0.0827015240608556,0.0,67.13958879919369,24.759954954473923,0.0,1178.7271673841271
3267,28.80009872193151,-0.0808946191360239,-0.0541048148560793,0.0,67.1395215500818,24.76446825317633,0.0,1505.6716956601404
3268,28.827943817887355,-0.0702816444517576,-0.0645329630354624,0.0,67.13945428462425,24.768981548988435,0.0,1146.5944971346767
3269,28.89223676464792,-0.0857738679025192,-0.0568263508775366,0.0,67.13938700281852,24.77349484190984,0.0,750.380456842835
3270,30.21747552937769,-0.0811852515057994,-0.0662477529358473,0.0447081550986615,67.13931970466196,24.77800813194011,0.0,266.1534822098153
3271,37.69565489322849,0.0699423899152835,0.0166572396967988,3.355546357615894,67.13925239015198,24.782521419078844,349.8670044125938,25.291415041472767
3272,42.063684306490906,0.1093239556675103,0.0510425094553922,6.92752622860298,67.139185059286,24.787034703325627,3995.11705742829,155.27649789595486
3273,42.35400379506558,0.1545976184935575,0.0268466602587939,9.690216641368847,67.13911771206145,24.79154798468007,11908.114672576074,321.05396559232287
3274,42.27185151693119,0.1776152343344064,0.0134272314443388,14.243549054781283,67.13905034847569,24.796061263141738,11145.03185278842,754.3446649037847
3275,43.37823065853654,0.0850198641712856,0.0569964641580045,19.79304155736574,67.13898296852612,24.80057453871023,14767.61830989994,1206.943678387025
3276,45.70842325962752,0.1170465631437396,0.0733922967336195,16.727924944812372,67.13891557221015,24.80508781138513,0.0,1628.9296042466826
3277,45.19047128218848,0.1146396265913175,0.0646787787630434,15.971124620060795,67.13884815952524,24.80960108116604,6749.065552611616,2070.8780639973
3278,43.21710444754252,0.0838230608004139,0.0455377452103673,20.18648984666392,67.1387807304687,24.81411434805253,17866.88233335668,2306.4385402374614
3279,43.43200582577465,0.0961428833872084,0.0522310464576058,13.09541563104115,67.13871328503797,24.818627612044214,18089.3740961118,2389.819020538496
3280,43.20383845185432,0.0855418810962406,0.0572075774726861,10.25027593818984,67.13864582323043,24.82314087314065,24947.4693821608,2569.5935790780013
3281,43.45400422222683,0.1025524341351369,0.0494003277155956,10.848785871964674,67.13857834504351,24.827654131341472,18481.057825682048,2827.434768839201
3282,44.34077106732394,0.1047838827279653,0.0557928877656017,11.182684341342163,67.13851085047459,24.83216738664623,17525.93252312312,3144.195220102049
3283,44.396759499370845,0.098281424463168,0.067243587912868,11.2907008830022,67.13844333952105,24.83668063905453,15059.666037396675,3503.932047266175
3284,45.526234012072834,0.0994679833725607,0.0932967946723832,9.835195145497172,67.1383758121803,24.84119388856596,1047.9992264116768,3894.7549346884675
3285,45.13050168078611,0.0955677397546436,0.0609312164865977,10.134877947869256,67.13830826844975,24.84570713518012,12306.195990839316,4308.212182611561
3286,44.56696770117761,0.0928533198709737,0.0685603455291464,11.667264202978489,67.13824070832676,24.850220378896573,18638.77467031545,4737.354088638841
3287,45.70700860461052,0.1143953505543814,0.0691359070356567,10.79484351302909,67.13817313180873,24.854733619714946,13134.823358909738,5177.163739681459
3288,46.39007395896596,0.1837009249311855,0.0370161522149002,9.194126568316555,67.13810553889309,24.8592468576348,8514.367161607215,5627.035188577656
3289,43.04379512163196,0.2657437180104803,-0.0105199492092701,8.304984122601132,67.13803792957715,24.863760092655724,2599.777071335565,6084.737105180392
3290,46.02127512083577,0.1301054963175631,0.0812716069502934,9.415942628602952,67.13797030385838,24.86827332477733,0.0,6529.935100987168
3291,44.64794624288081,0.1594220284470858,0.0254749821081258,12.69343267108168,67.13790266173413,24.8727865539992,10783.1653216272,6929.881823438653
3292,45.05016250091062,0.1151988238850331,0.0419824510221199,16.53159492273731,67.1378350032018,24.877299780320925,18294.315563872835,7341.892444455163
3293,44.07461583018215,0.0931184565657692,0.0517788858617498,19.45957505518764,67.13776732825878,24.88181300374209,14400.5125938871,7763.96573215718
3294,45.294853676362656,0.1728285777268234,0.0267970903487978,19.482406513039887,67.1376996369024,24.88632622426228,9127.278732127974,8194.811963303251
3295,45.64093383455273,0.2986522156162115,-0.0161014941040333,18.41344561016013,67.13763192913011,24.890839441881106,1273.2084095187129,8633.117764598152
3296,46.8715661432235,0.3137328143108678,-0.0164321455280533,20.775954777333517,67.1375642049393,24.89535265659814,150.61806521906084,9077.799238982243
3297,48.38534814077719,0.2486117480895863,0.0233923621472652,20.73308529695465,67.13749646432731,24.89986586841298,0.0,9526.926684935142
3298,47.36627093284985,0.239221947626351,0.0080834731037635,22.08065628015993,67.13742870729155,24.904379077325213,1979.2791750316528,9980.811850949978
3299,45.58732653770303,0.150812059096535,0.0153252837737671,27.218530263339304,67.13736093382941,24.90889228333444,9240.636691237532,10438.911741542908
3300,45.07208488145872,0.1311549111736209,0.0230166724086761,26.209706328415827,67.13729314393822,24.91340548644024,11292.046354488875,10900.69500036663
3301,45.96881094832116,0.1225538695895737,0.0310814221082698,27.930611118775,67.13722533761542,24.91791868664221,10977.088312613669,11365.712676027098
3302,46.31843215323945,0.1093465148086255,0.0461391917046012,35.35404584368958,67.13715751485836,24.922431883939943,12540.707438830726,11833.583471487573
3303,45.92731513650128,0.1125511110490377,0.0344492264666211,42.04990350151642,67.13708967566441,24.92694507833302,14730.540476285529,12303.981913144708
3304,45.233532014201046,0.1509097882452837,0.018664964822329,47.817316972287344,67.13702182003098,24.931458269821043,13137.366536712125,12776.628822229257
3305,46.08665010769893,0.1461867150909302,0.0308256975301659,47.87494829725633,67.13695394795539,24.9359714584036,13561.82891247224,13251.283605850194
3306,43.07483207200609,0.3167640454657108,-0.0598761994666896,44.50930649386462,67.1368860594351,24.94048464408028,6778.33090956894,13724.696373710822
3307,44.17605387350995,0.2970087312973869,-0.0558649980351188,47.37831125827815,67.1368181544674,24.94499782685067,3606.717982543156,14198.225679392575
3308,44.89366310644424,0.1802460355198957,0.0022715701561461,47.893147663036,67.13675023304971,24.94951100671437,11517.109844703931,14673.511315805777
3309,45.09783855235076,0.1016023078146791,0.0493547792827666,46.90858954915209,67.13668229517941,24.95402418367098,17270.363691124534,15150.387989319272
3310,46.11656076577296,0.1267075304033059,0.0526696976414543,48.81358500964452,67.13661434085387,24.95853735772007,15838.917274761932,15628.710059323328
3311,47.855611089334445,0.1476344811409115,0.0634319331916701,46.910844701667365,67.13654637007039,24.96305052886124,11203.030413215338,16108.348767315669
3312,47.61524150640673,0.1378945458775393,0.0703716790445226,49.01708459630753,67.13647838282645,24.96756369709409,7846.048352233138,16589.189910913956
3313,47.95906568577848,0.1750105621441751,0.0580973731023724,50.66974373105539,67.13641037911935,24.972076862418195,8061.573591034945,17071.131883704915
3314,51.19353120816381,0.1793285201636368,0.0944562667112682,54.51116625310175,67.13634235894651,24.97659002483316,8782.541719463907,17554.084017146546
3315,50.66816865284655,0.1789327841030396,0.0849560225797194,54.743731055387165,67.13627432230523,24.98110318433857,6931.166931871595,18037.96517268155
3316,50.45328038453913,0.171224964986054,0.0854826729431561,55.50420283863858,67.13620626919291,24.985616340934023,7148.338768833193,18522.702542026713
3317,49.76182604174553,0.2183067448281264,0.0442080924439087,57.961395284709816,67.13613819960693,24.99012949461911,9130.826765839714,19008.23062122393
3318,48.139633620752406,0.2228615526323299,0.0275948125398993,58.63304395755826,67.13607011354465,24.994642645393427,8686.567142427688,19494.490330309574
3319,46.2413517316874,0.1974083215378958,0.0261564952185586,57.70140612076098,67.13600201100343,24.999155793256552,17836.000923701555,19981.428255434992
3320,45.83465112841036,0.1303969691148214,0.0433453007356479,61.402867778850144,67.13593389198061,25.003668938208083,16484.368075135546,20468.995994315625
3321,44.95451241967217,0.1398974424507671,0.0254242428391533,61.05896128943379,67.1358657564736,25.00818208024761,19545.33733084697,20957.14958917857
3322,45.52642264557379,0.171324411866243,0.0213538310579996,61.95343711254991,67.13579760447975,25.01269521937474,16026.751365323264,21445.8490340409
3323,46.64850834314747,0.1979658515056444,0.021268964107846,65.09321217127908,67.1357294359964,25.017208355589048,10739.77707392874,21935.057845333384
3324,46.78574241461358,0.1536501716871151,0.0398802799211215,68.03430224548833,67.13566125102089,25.021721488890133,9788.494640578549,22424.742686707792
3325,47.32777181278436,0.143014027293331,0.0506720139745555,72.887221151198,67.13559304955062,25.026234619277588,12548.276688837172,22914.87304026997
3326,47.80092643505231,0.156035202364928,0.0473738770855207,74.707186123348,67.13552483158296,25.030747746751004,11105.832304200514,23405.42091776984
3327,49.9492877885246,0.202708881797558,0.0652166387195722,75.98167791706844,67.13545659711525,25.035260871309973,933.932598966076,23896.360606251194
3328,50.16428025770493,0.1267552485188854,0.0649814130748325,69.39702438352388,67.13538834614482,25.039773992954093,931.1172922448987,24387.66844349037
3329,48.94867526463703,0.1651140646445876,0.0567449988487264,67.47995591679295,67.13532007866905,25.04428711168294,6268.581005949176,24879.32261929457
3330,50.79505491868855,0.1681628706644241,0.1147518026710451,70.28295908527348,67.13525179468529,25.048800227496123,3050.723654326707,25371.302999253192
3331,50.72360857116775,0.1487855492828558,0.1000255563655972,72.63302120627927,67.13518349419091,25.053313340393235,0.0,25863.590968088953
3332,28.986459483689103,-0.1621756070871889,-0.0710448928107125,0.0,67.14466564080075,24.750989640472955,0.0,873.4179453101253
3333,28.73594670125623,-0.1934918371340601,-0.0867372954310779,0.0,67.14459860270317,24.75550295760436,0.0,1214.1644754646354
3334,28.843432904316277,-0.1644907236005687,-0.088187028020586,0.0,67.14453154830849,24.760016271847192,0.0,1499.667062952109
3335,28.7759092046723,-0.142016918948417,-0.0742523413446346,0.0,67.14446447761411,24.764529583201007,0.0,1584.0209588316488
3336,28.754796434245925,-0.0864672540670101,-0.0578041875845875,0.0,67.14439739061741,24.769042891665404,0.0,1328.0238354289684
3337,28.8456585182829,-0.0764266610533688,-0.0728724469681866,0.0,67.14433028731587,24.77355619723999,0.0,868.0258880790122
3338,29.90203358892914,-0.0804715505164608,-0.06299652251577,0.0,67.14426316770687,24.77806949992434,0.0,460.45230732660866
3339,31.462626918881703,-0.0478397094323409,-0.0449483687023011,0.1814165401076902,67.14419603178781,24.782582799718025,59.455621544836205,99.8613081818122
3340,36.552672793662,0.0666655687466736,0.0422562863876291,0.9223971278652308,67.14412887955612,24.78709609662068,0.0,2.4112501403327977
3341,42.03066813314653,0.1368409094550313,0.0436415450708068,6.596714068756044,67.14406171100919,24.79160939063185,7325.995023617876,132.85372193593395
3342,42.30213312803651,0.1409780445515182,0.0294951415103702,14.044217217078906,67.14399452614447,24.796122681751147,12632.219494696326,525.293828298219
3343,44.21185031637474,0.110012655490019,0.0602405441604304,22.917518651561203,67.14392732495934,24.80063596997816,10362.213276596998,954.4935343074453
3344,45.207763498679,0.1169506538525267,0.082664371386558,25.14244346387203,67.14386010745118,24.80514925531247,7564.620203978088,1415.9017451257716
3345,44.57205846495033,0.1002549260517713,0.0771905226043624,25.913079470198674,67.14379287361743,24.809662537753667,12468.865424207745,1877.4409439377505
3346,43.1942014076363,0.0744714104027221,0.049741255513985,25.712156754519103,67.14372562345554,24.81417581730136,19858.25814112488,2354.738041434263
3347,43.302244232187135,0.0937147758036508,0.0433988488673302,16.261073547674897,67.14365835696283,24.81868909395512,19911.432742979126,2818.7619263341808
3348,43.28944129521259,0.1190423563011054,0.0420327153526448,12.417725013804525,67.14359107413675,24.823202367714533,18857.0942999245,3025.706596965631
3349,43.06100279439328,0.1051064641929898,0.045907765077986,10.93408714837286,67.14352377497472,24.827715638579217,21167.80437741312,3247.5339292005983
3350,44.20597711068709,0.1208577482964838,0.0386436919787276,11.754277041942602,67.14345645947411,24.83222890654873,17701.277710707564,3526.762372397469
3351,44.53979339071618,0.112828533771594,0.0536202245669405,11.910307713536636,67.14338912763235,24.83674217162267,17496.461359203364,3850.925738195525
3352,45.37293492653232,0.1262536420450071,0.0471071824850435,10.96383213694092,67.14332177944681,24.841255433800644,3471.0204413633446,4209.656191484431
3353,45.23210756367229,0.0997572417518957,0.0621784000098799,10.303675048355895,67.14325441491489,24.845768693082228,11170.51655787324,4594.864683490652
3354,45.9383521776833,0.1693624823907926,0.0709163407091682,9.351787933176858,67.14318703403404,24.85028194946701,9199.395196575775,5000.435747847226
3355,45.17838493744208,0.2804570015657296,0.0207699872340746,10.40976821192053,67.14311963680163,24.85479520295459,731.395632074864,5421.8017186913
3356,45.23652240179637,0.2321935895568265,0.0084330417268238,13.086230684326711,67.14305222321504,24.85930845354456,10021.381687186084,5853.93757831124
3357,43.75603825746691,0.2686614958018705,-0.0282206468321763,9.435706401766002,67.1429847932717,24.863821701236485,6958.399848361594,6295.163683053931
3358,45.43298895885548,0.1882562373455267,0.057530923094241,9.469249862107004,67.14291734696897,24.86833494602999,0.0,6744.596831670566
3359,42.84507415033942,0.3293689521404375,-0.0740814600531651,9.509381898454745,67.14284988430427,24.87284818792465,2868.5908653426104,7200.700455289773
3360,45.56557606243896,0.1540420786646431,0.0243429974138663,15.737205131742307,67.14278240527499,24.87736142692005,18478.96991888392,7628.4064584824555
3361,44.58896896615279,0.1173798095070726,0.0428096149134243,18.034886927744072,67.1427149098785,24.8818746630158,19328.4594055466,8035.906592220648
3362,45.85019349705429,0.1822975641899931,0.0209161981284331,19.722237531000268,67.14264739811223,24.88638789621147,8277.995996704896,8452.925154798942
3363,47.51973335325333,0.28138510011442,0.0091106454043875,20.8944536423841,67.14257986997355,24.890901126506648,1575.8661467026511,8878.497783752566
3364,47.40238321957785,0.2227769843809315,0.020870134882431,20.964541942604857,67.14251232545989,24.895414353900943,214.4246925024161,9311.47153350615
3365,49.68129941295778,0.1697008582701364,0.073663748806703,20.70270643468656,67.14244476456858,24.89992757839395,0.0,9750.860543672674
3366,49.77300651430661,0.1613462367183809,0.0886106601031123,24.290465020008288,67.14237718729704,24.904440799985228,413.1496383236796,10195.832957805735
3367,47.36712760323944,0.1575976543360261,0.0398920770373618,25.746478873239447,67.14230959364265,24.908954018674404,4963.741410202446,10644.762366326848
3368,46.63510066602791,0.1329141761494471,0.0399939400257727,28.744995167748176,67.14224198360283,24.913467234461056,8132.676733616402,11097.983554632383
3369,46.4057031546746,0.1345226765245419,0.0360199832760252,29.100661886376173,67.14217435717491,24.91798044734476,11199.7307936835,11555.064349531798
3370,46.29370681298498,0.13267154330271,0.0301430103123554,29.618089066593136,67.14210671435632,24.922493657325123,13854.989896278596,12015.564292384988
3371,46.74607218554012,0.1377744218682903,0.0411968529760646,32.615257276865776,67.14203905514444,24.927006864401736,14503.122953375643,12479.104872016182
3372,47.072941028887975,0.1893422337544771,0.0238259562724111,38.36075513297507,67.14197137953666,24.93152006857419,5134.950678330984,12945.359460006808
3373,46.15696526590246,0.1299317074877875,0.0388161846902458,42.82019840176358,67.14190368753033,24.93603326984208,10230.88787058249,13414.045053244443
3374,45.15899264961689,0.2114285481452533,0.0011731874963268,42.97574421168687,67.14183597912287,24.940546468204985,6609.56627373682,13884.915478022816
3375,45.191135853689744,0.2661636588197824,-0.034938981593486,47.13006337834115,67.1417682543116,24.945059663662505,248.4979335721804,14357.755777726015
3376,44.71933607015707,0.2450763724293455,-0.0229360437305289,49.66505924497106,67.141700513094,24.94957285621423,7223.756807384585,14832.377561050334
3377,44.04377346004694,0.1573101686309823,0.0015310140344991,49.50986615151098,67.1416327554674,24.95408604585974,17007.67953220819,15305.75101939676
3378,46.01634156502486,0.1203620564421856,0.0506286533805367,48.93836183121899,67.14156498142913,24.95859923259865,14722.677015896936,15779.364250793944
3379,46.21082184888342,0.1219366234346268,0.0606247517058717,47.56975461814174,67.14149719097662,24.963112416430544,13291.618411326795,16254.558069980445
3380,47.01383603146406,0.1451284510973514,0.0709293361332051,50.586021505376365,67.14142938410727,24.967625597355,4149.913163576748,16731.197803538984
3381,50.645023911897525,0.1979632975417594,0.0908889724745654,55.2575444398512,67.14136156081844,24.972138775371626,7757.97513035187,17209.163310040305
3382,51.491393698784165,0.2120162768349476,0.0877997146619025,56.45657568238215,67.14129372110746,24.976651950480008,5855.893961951984,17688.347116726865
3383,50.20469785166968,0.1578778775598072,0.0934043753949924,59.02137046739283,67.14122586497177,24.981165122679737,2054.774708723338,18168.652828751652
3384,51.501377756955534,0.2042482352731721,0.0788390216054593,60.40652982504479,67.14115799240868,24.985678291970405,6278.957432742729,18649.993766786803
3385,50.07296935311479,0.2069929675935614,0.0749300557036885,62.797217247554784,67.14109010341562,24.99019145835161,11040.11547522351,19132.29179660448
3386,49.76938606177085,0.1823378703641634,0.0620824173574501,61.64679151748827,67.14102219798993,24.99470462182293,6922.237711300871,19615.476320478567
3387,45.04123796971499,0.32492713767443,-0.051891987002776,62.62026710725594,67.14095427612901,24.999217782383976,4718.656366514958,20099.48340549561
3388,47.23064534576113,0.2174736398085378,0.0236463900899794,64.51728888276621,67.14088633783018,25.003730940034323,9293.374313083454,20584.25502795832
3389,45.73693375078067,0.1440208721792975,0.0378914229010611,63.47638716783696,67.14081838309086,25.008244094773577,18320.664296984167,21069.7384165994
3390,44.32851637892459,0.2124510150656904,-0.0128176316082646,61.71156762718874,67.14075041190841,25.01275724660132,15082.524982974855,21555.8854801076
3391,46.96291535471596,0.2074536291930766,0.0216999292758146,64.19346387203531,67.14068242428017,25.01727039551716,10264.21770069065,22042.65230680723
3392,46.98394997756409,0.206916013959567,0.0204484063080256,65.37820336180766,67.14061442020356,25.021783541520666,9979.994676352891,22529.998726270052
3393,49.77055385060771,0.1294394509761844,0.0758508155238798,69.82265398925175,67.14054639967587,25.026296684611445,8784.950310352995,23017.887924228256
3394,48.02527534213836,0.1721468255732724,0.0375745636979009,72.05566271700192,67.14047836269454,25.03080982478909,10705.302156111662,23506.286103479
3395,48.092600634951786,0.2675440207757083,-0.0054555239917298,76.57591623036649,67.14041030925688,25.03532296205319,0.0,23995.162184585497
3396,51.13337796005509,0.1863958908776061,0.0787977159573257,71.00936381162212,67.1403422393603,25.03983609640333,518.8967550088262,24484.487541096885
3397,49.3687626956101,0.1868538712492855,0.0574335656228046,68.88652971184338,67.14027415300211,25.04434922783913,5763.563964903778,24974.23576479417
3398,50.532476989715,0.1442300722617837,0.103995771402653,72.16480793060718,67.14020605017973,25.04886235636016,3637.61433110498,25464.38245708179
3399,50.48359218180341,0.1445334160488249,0.1034037399041236,73.3277808370044,67.14013793089049,25.05337548196601,0.0,25954.905043269835
3400,28.89429922090635,-0.2020577390945725,-0.0507813362127641,0.0,67.14960804950506,24.751050769685392,0.0,1212.0789906646373
3401,28.8455069348128,-0.2287990651472755,-0.0358292580020977,0.0,67.14954118974093,24.75556409943284,0.0,1176.7873732820465
3402,28.959733195106413,-0.2364443615998315,-0.0517461945451402,0.0,67.149474313723,24.76007742629258,0.0,1067.3406940847374
3403,28.83238263035945,-0.1815520585374517,-0.0985566435940926,0.0,67.14940742144871,24.764590750264205,0.0,1089.1648864178594
3404,28.81299772483077,-0.1515061044640356,-0.0964876191847261,0.0,67.14934051291547,24.769104071347297,0.0,1083.685226056714
3405,28.78452429732398,-0.1388372365781996,-0.0890472591670845,0.0,67.14927358812069,24.77361738954145,0.0,1166.9387279031698
3406,28.976634280383635,-0.0639943941071247,-0.0648569688199355,0.0,67.14920664706182,24.778130704846262,0.0,732.2255678110906
3407,29.396221586366803,-0.0650701469113105,-0.0633962364393816,0.0,67.14913968973627,24.782644017261305,0.0,322.63227189836175
3408,30.915732865028332,-0.0344324567006841,-0.0225680941755356,0.0,67.14907271614143,24.78715732678618,0.0,14.141507713188396
3409,36.21540991970178,-0.0045809323069998,0.0152725220195574,1.4989645174651385,67.14900572627475,24.79167063342048,455.52159877156896,26.68995071283522
3410,45.17655301253589,0.12794467450211,0.0541203587989359,5.628060793695466,67.14893872013363,24.796183937163786,4283.468233431923,297.95393430782724
3411,44.93727704162342,0.0976518344801051,0.0526274933270573,8.541551628934288,67.14887169771549,24.800697238015687,9258.19968590419,779.6743446986299
3412,44.494837961666896,0.0970409576202299,0.0518922779553117,15.35766524078929,67.14880465901776,24.80521053597579,19194.61460239982,1273.8544619949
3413,44.41075552239438,0.0976242471026509,0.0485039899410044,22.819110742888697,67.14873760403785,24.809723831043662,17268.693773547573,1771.3041231198488
3414,44.562076770985925,0.1396224625634625,0.0331312246889118,22.57856945595138,67.14867053277314,24.81423712321891,11798.175295076022,2127.7583877173843
3415,44.55142366991304,0.1480735713470748,0.0336878317329751,16.43669750103548,67.14860344522106,24.81875041250112,6324.055239406024,2422.6211537840336
3416,43.67363919982885,0.1928648697377314,0.0153196566326341,12.5614301490889,67.14853634137906,24.823263698889875,8530.206983738693,2776.838265490023
3417,43.20309807144002,0.1075594623864203,0.0455933890227914,11.527129642413367,67.1484692212445,24.827776982384773,21131.59498851783,3170.578535583646
3418,43.77186595160267,0.1271713150709864,0.036760883543079,12.647969052224372,67.1484020848148,24.832290262985413,19006.330549135804,3590.8642062315344
3419,44.528898888733465,0.1137213438215871,0.0498603367525861,12.078366445916114,67.14833493208741,24.83680354069135,18564.26748058835,4029.397379825795
3420,45.43467675940983,0.117981308311189,0.052657643542456,12.8542471042471,67.14826776305966,24.84131681550222,7319.309503338363,4480.823667720599
3421,45.14396972799226,0.1056611636905839,0.0558916519588351,12.237865416436842,67.14820057772906,24.84583008741759,4896.992198585273,4915.777731800273
3422,46.35427870085229,0.2095458802810658,0.0329855987340909,11.155288925665422,67.14813337609291,24.850343356437044,420.1737920650802,5296.833669014137
3423,39.86359450628154,0.5880736273761686,-0.2283488623848613,10.333241417344547,67.14806615814871,24.854856622560185,20.78814760422562,5696.316627931137
3424,42.94521827635285,0.2531123398460183,-0.0246534499933706,12.438017669795691,67.14799892389381,24.8593698857866,12488.999672264994,6110.613662615912
3425,45.149027547605655,0.2519392216457628,-0.0066756036419949,11.533001933167627,67.1479316733256,24.863883146115885,10009.778282354704,6536.90545994473
3426,44.04153347104308,0.2857158269959344,-0.004489927367714,10.335954746136863,67.14786440644153,24.868396403547628,1043.6171690746503,6970.986054978065
3427,42.671319339381824,0.1328437087588859,0.0113438802986936,10.982475507106388,67.14779712323899,24.87290965808141,4376.660177350862,7413.173895418506
3428,42.88955226738412,0.1600675260607742,-0.0463381704745224,14.905629139072843,67.14772982371534,24.87742290971683,13076.459759030238,7862.292784447468
3429,45.08422480562916,0.117921242277799,0.0397696293699469,18.2930463576159,67.14766250786805,24.881936158453488,17730.63252150399,8317.21999545224
3430,45.80044967633807,0.1927292181835896,0.0139019228227955,20.40430820215411,67.14759517569448,24.88644940429096,9272.851504505106,8731.845037954417
3431,47.1468243677465,0.2134796643496023,0.0105420916207993,19.793703396851708,67.14752782719202,24.89096264722884,3881.350369321489,9144.655458488527
3432,47.125577333847865,0.1257100700158863,0.0352042811066696,21.433522021261915,67.14746046235805,24.89547588726673,350.9818460292456,9565.589510196167
3433,48.85030902035327,0.1361310090659577,0.0795213656952616,22.34069270042776,67.14739308119007,24.899989124404204,0.0,9993.812180566918
3434,49.00401070276976,0.1458174151101468,0.07878909760664,22.813972715998347,67.14732568368535,24.90450235864087,0.0,10428.4256301195
3435,47.38837259297024,0.2515784970442919,-0.0131431443153081,25.882515168229453,67.14725826984136,24.90901558997631,0.0,10868.66322714563
3436,47.25784488433163,0.1315571116922453,0.0598551738457491,27.374258518416323,67.14719083965548,24.91352881841012,11044.14520689857,11313.866676629905
3437,44.83854028838275,0.1277137203637545,0.028729656230539,28.71129187922239,67.1471233931251,24.918042043941888,14542.927223041628,11762.635742440427
3438,45.68242836123813,0.1917698890289268,0.0125560031986265,30.93106300841032,67.14705593024757,24.922555266571205,8312.05913059092,12215.313043550423
3439,48.763975795703885,0.221583627287732,0.0349837939787287,33.325382600303335,67.14698845102038,24.927068486297664,1015.2169650676996,12671.548677816154
3440,47.556269392821314,0.1634389614638518,0.0405351812311449,35.50827357970216,67.14692095544085,24.93158170312085,8829.582936829342,13130.97174759831
3441,46.49903521064885,0.1264413075924663,0.0398221729115187,39.85643290999449,67.1468534435064,24.93609491704037,14002.437466333882,13593.259071242303
3442,45.22177275892386,0.1419233846239706,0.0257818509965874,41.96688741721855,67.14678591521438,24.9406081280558,14092.531348153256,14058.128087310884
3443,46.00176172075019,0.2119538848480359,0.0061382600337628,44.62630998345285,67.1467183705622,24.945121336166743,4439.980777022523,14525.330924293006
3444,45.41129120323456,0.1797517179670818,0.0034781605445361,48.03860471529024,67.14665080954727,24.949634541372795,9784.686159901985,14994.649432411545
3445,44.28918063793468,0.2361812986694968,-0.0301794044743976,51.39500896180891,67.14658323216696,24.95414774367353,9089.634327415672,15465.891010262178
3446,44.4384433937669,0.1558971553218319,0.0183326364036193,49.185726095343085,67.14651563841865,24.95866094306855,12078.731910821263,15938.885089031679
3447,45.40959030524593,0.11100037430961,0.0526394745136026,48.89681774349085,67.14644802829974,24.963174139557445,14726.554453830571,16413.480161777155
3448,47.639076976179226,0.1569239718357512,0.0674483018242689,50.39669193659547,67.14638040180758,24.967687333139818,8621.567257980822,16886.82142919927
3449,50.00494797992016,0.1643126683581056,0.0889441586965412,54.76025888185074,67.14631275893962,24.97220052381524,1002.1025449286876,17360.502869218424
3450,48.83156012501035,0.2046577925001664,0.0644209009851263,57.672040788204505,67.14624509969318,24.97671371158332,2218.335743201685,17835.62114876615
3451,49.84117094859507,0.2166425869230251,0.0713528331946565,59.50268854267196,67.14617742406564,24.981226896443644,5867.116651085742,18312.06442900693
3452,50.13545577825297,0.2017297724804242,0.0681112063420451,64.489666574814,67.14610973205446,24.98574007839581,9289.620175868393,18789.731917769106
3453,48.835975246470106,0.1646542141245912,0.0746494659150737,66.61656103609808,67.14604202365693,24.9902532574394,6357.45085515653,19268.532570769465
3454,50.014639508586015,0.1587894920661842,0.0750849424055554,62.931576769209535,67.14597429887047,24.99476643357401,6095.764093501034,19748.383967292863
3455,48.634426098742594,0.2522744778157635,0.0358664978243895,63.71267061905417,67.14590655769246,24.99927960679925,3773.652876026911,20229.21133431048
3456,49.28901431943781,0.3334031211039419,0.0038041297061913,65.89430894308943,67.14583880012026,25.003792777114683,1288.1869044789323,20710.946697250725
3457,47.80625736766753,0.2135477984295697,0.0319498221941303,67.6419906258616,67.14577102615128,25.00830594451992,11272.77222231816,21193.528139133723
3458,45.42829407411962,0.1628348854763684,0.0272390715923738,66.45976853127583,67.14570323578285,25.01281910901456,17577.128114427516,21676.899152598053
3459,47.85342723530984,0.1505801934949737,0.0609354415035131,65.91035527402919,67.14563542901237,25.017332270598164,11832.828438044777,22161.008071815115
3460,47.904850033035,0.1937642025273568,0.0428197423251109,66.3304874690168,67.14556760583723,25.021845429270368,10622.923830421243,22645.807573279704
3461,50.12657232580798,0.1824805507554742,0.0649326358361275,67.23543187766909,67.14549976625479,25.026358585030728,7679.020425199172,23131.25423604587
3462,49.70066325645602,0.1443675463249596,0.0713458423747052,69.66405066776811,67.1454319102624,25.03087173787885,13399.634738306118,23617.308153530692
3463,49.47390824245354,0.1996976980921267,0.0438674142074374,73.41676992978107,67.14536403785746,25.035384887814352,8435.50127718573,24103.932590032146
3464,51.07949401848803,0.172747430515676,0.0957624856102559,72.71440374552462,67.14529614903734,25.03989803483678,6163.193517587919,24591.093676174976
3465,49.983633262669805,0.1633469026600025,0.0882146014363852,70.04766496762637,67.14522824379941,25.044411178945765,4146.239658273093,25078.760138327107
3466,50.71327449692925,0.1395348623411942,0.1082477828017983,72.54819608923164,67.14516032214101,25.04892432014088,5269.228564185412,25566.903057677686
3467,50.867557632397634,0.1202927261648546,0.1189650164910405,75.70357093616435,67.14509238405952,25.05343745842172,0.0,26055.495655338233
3468,28.604309638396373,-0.2495126372193281,-0.0017682538534973,0.0,67.15455047446059,24.75111173603505,0.0,1084.7875870159112
3469,28.72377633098594,-0.2097723397098276,-0.0444008767229299,0.08036454018227,67.15448379303247,24.75562507836493,0.0,752.6969928782402
3470,29.806010828659417,-0.0302338841399948,-0.1975487258450727,1.1659533342537625,67.1544170953939,24.760138417807987,0.0,567.6585692377294
3471,29.11961459786643,-0.1420291068056543,-0.1339774904513614,0.0,67.15435038154229,24.76465175436381,0.0,589.5061671650154
3472,28.89120132018213,-0.1719329076363432,-0.1097440817255345,0.0,67.15428365147504,24.76916508803199,0.0,599.7422471154997
3473,28.76795702615663,-0.1787444091717358,-0.0973366800323379,0.0,67.15421690518963,24.77367841881211,0.0,870.9325933112885
3474,28.938762630131286,-0.0977472619613862,-0.0665326449124135,0.0,67.15415014268349,24.77819174670377,0.0,1027.6129377718414
3475,29.235215056774926,-0.06395195283197,-0.0567340257506703,0.0,67.15408336395399,24.78270507170654,0.0,686.3845516871029
3476,29.546054433618675,-0.0862579977606345,-0.0688660884814741,0.0,67.15401656899861,24.78721839382004,0.0,306.52344393278133
3477,34.70652429859156,-0.0244208314588026,-0.0078904464779371,0.6311792322562826,67.15394975781474,24.79173171304384,0.0,142.92280449207917
3478,43.65030034915495,0.1074847197117887,-0.0157284624124197,4.596796465064901,67.15388293039983,24.796245029377538,333.1898451793613,301.920443795973
3479,45.13581155630335,0.1238788665456985,0.0415773518662888,8.87705484182898,67.15381608675129,24.80075834282071,7339.596044795991,783.9248388737986
3480,45.76460750128489,0.1095945644988992,0.051313748063007,19.195910472506217,67.15374922686652,24.80527165337297,10707.6099473717,1278.802585187159
3481,45.91661925296357,0.1185710911513461,0.0595893910370248,21.111892935982336,67.15368235074301,24.809784961033884,5847.269564795858,1452.3404266971509
3482,44.639762912188665,0.1352232218054146,0.0438760756478467,19.33981519790373,67.15361545837811,24.81429826580306,12578.26228879462,1717.8562843205534
3483,44.14779571163427,0.100457423326461,0.0435259950811679,18.139980692318296,67.15354854976927,24.81881156768009,13887.678477075897,2071.899541922061
3484,43.2875889018957,0.11145965409463,0.0385140682863995,16.704056291390724,67.15348162491388,24.823324866664542,16365.209708266617,2476.7933320598113
3485,43.68846964217716,0.1262865567714977,0.0378749246672379,13.93763796909492,67.1534146838094,24.82783816275603,15991.784418020055,2911.3987544350366
3486,43.50604255452739,0.1226839593386052,0.0306063414104415,12.196219125155237,67.15334772645322,24.832351455954136,14970.58168230618,3364.2205939270616
3487,44.13951143998623,0.1227430739635415,0.0305181918210313,13.611210824244097,67.15328075284275,24.83686474625845,13015.930226825594,3828.8010788698675
3488,45.15345170769466,0.1191097857469161,0.040879440896348,13.88500828271673,67.15321376297544,24.841378033668565,10275.791409222322,4301.331793548124
3489,45.79988010120184,0.1035319865847941,0.0581962663843245,13.903577842243404,67.15314675684867,24.845891318184066,2056.805613435984,4779.455271732182
3490,45.541534709135135,0.1402939838556639,0.0619629484069781,11.79054987565626,67.15307973445988,24.850404599804545,2789.865410841617,5260.0603721362895
3491,43.46628608106789,0.2650647861954011,-0.0334650134112108,11.598096026490069,67.15301269580644,24.8549178785296,7748.30185697418,5740.6733392185115
3492,43.59723393205467,0.1492648450389841,0.027547605957975,12.91596522699048,67.15294564088583,24.859431154358816,16250.491479022685,6222.2276539384175
3493,44.00919487164852,0.3078348239978117,-0.0545155121005638,14.891571251207065,67.1528785696954,24.86394442729179,8431.301020648049,6706.41665626403
3494,42.2049758988362,0.3951464628072053,-0.0856608972391342,11.759652509652511,67.15281148223256,24.868457697328108,1403.0454590429813,7192.769408028498
3495,43.65289968778132,0.1775107103798021,0.0358679432798973,12.118321137650142,67.15274437849476,24.872970964467363,1714.1735167909108,7652.4641364890285
3496,43.13780270525199,0.2097658974301266,-0.0190749152630981,15.504625155322378,67.1526772584794,24.87748422870914,10984.33180481836,8088.306867627943
3497,44.99612071863411,0.1082890954461108,0.0480159348016356,19.46026490066225,67.15261012218386,24.881997490053035,19606.18363170587,8531.190339527964
3498,46.28990730999175,0.1797072918188149,0.0204982010353898,20.152317880794698,67.15254296960558,24.886510748498647,12895.438253624196,8980.072896880936
3499,47.661807371909575,0.2499811785284406,0.0171181800186674,20.35461188473735,67.15247580074195,24.89102400404556,8386.360815239585,9429.445411798977
3500,47.28773248756042,0.216879387032604,0.0028830797404449,22.54756316443463,67.15240861559035,24.895537256693355,2867.4817418842017,9838.572163777977
3501,47.56875479628334,0.1080297726557356,0.0678918465140211,20.284136407565924,67.15234141414822,24.90005050644164,357.07743844642204,10255.402598551973
3502,49.21317221605967,0.1502313949774893,0.0911411824941655,24.44219094922738,67.15227419641298,24.90456375329,0.0,10679.375528601151
3503,49.67089825823776,0.1688361454453603,0.0794753551134303,24.51337562051848,67.15220696238198,24.90907699723803,0.0,11109.673303165844
3504,49.83754322947327,0.1653734190189426,0.0742885152287116,29.08659680088252,67.15213971205263,24.913590238285312,3928.1106021830506,11545.588773417532
3505,45.90655393309987,0.0899632257953438,0.0583094081607346,31.427606177606183,67.15207244542238,24.91810347643145,18793.66062583664,11986.509055868504
3506,45.08710559916072,0.0877555016555498,0.0462354008695383,32.4385698509111,67.15200516248858,24.922616711676035,18286.105454306304,12431.900395452229
3507,46.36463124398402,0.1404399021179649,0.0332978809809727,34.393157676920964,67.15193786324865,24.92712994401865,10852.464398522268,12880.536998951677
3508,46.9933572585449,0.1602020724944726,0.0270672776294961,36.55505029626568,67.15187054769999,24.93164317345888,8498.435444401173,13332.760648991887
3509,45.46151721902441,0.1397210292499951,0.0232341833701894,40.466721785861935,67.15180321584,24.936156399996342,13280.95249300799,13788.284145062453
3510,45.86419313316248,0.1242690223600676,0.0307567558588406,43.09976574342016,67.15173586766606,24.9406696236306,11552.28663317354,14246.790965206528
3511,46.473624639074,0.1222219563756003,0.0397651133400022,42.31183684718204,67.15166850317557,24.94518284436128,9000.323343466533,14708.002105904654
3512,46.77531555855448,0.1590152337076034,0.0097094376712166,43.08275862068968,67.15160112236593,24.94969606218794,5727.018453575246,15171.67093921954
3513,45.62501659222684,0.2090345449807117,-0.0012997373242952,51.113824503311264,67.15153372523454,24.95420927711019,9175.47108702072,15637.578848029121
3514,45.09958024348873,0.1896039752745013,0.0083826111637723,52.069498069498096,67.15146631177879,24.958722489127613,8476.672203816162,16105.531514617793
3515,45.323861899156256,0.1083005330076824,0.0645902940522119,49.99738039431962,67.15139888199606,24.963235698239814,13974.836386292329,16575.355758114034
3516,47.06777515766751,0.1345154738403368,0.0646970951195125,50.23959194926936,67.15133143588375,24.967748904446367,15075.153347391904,17046.896833364954
3517,47.70598150773492,0.1494996817120003,0.0658583425243482,51.41085698539542,67.15126397343924,24.97226210774689,13092.247674076974,17520.016118327996
3518,48.76339381355224,0.1715834143188355,0.0759449945307524,54.28597047868672,67.15119649465993,24.976775308140954,6080.5314605474805,17994.589129101987
3519,50.561229425589744,0.1730052391232921,0.0697573194190237,57.8225962201683,67.15112899954325,24.98128850562816,5024.182304664003,18467.903554334807
3520,49.98221724387098,0.1619946145461995,0.0744829772563393,63.15743038323684,67.15106148808653,24.985801700208093,3384.285353080637,18941.641522890575
3521,48.88971140637016,0.1961607833192486,0.0557330057892431,60.51817681079592,67.15099396028717,24.99031489188036,8966.200429937931,19416.69656432035
3522,49.067276022320215,0.1808654537624302,0.0637977781080578,60.27845136401211,67.15092641614257,24.99482808064454,12107.450336937283,19892.97432159801
3523,46.599071624309126,0.1360175240281252,0.0544748541571242,60.518115442898456,67.15085885565009,24.99934126650023,6830.65053272761,20370.389030360682
3524,46.92460548126139,0.2516601133727056,0.033116868614781,65.82621867254198,67.15079127880713,25.00385444944702,4157.636566043746,20848.86258615581
3525,48.300437725423,0.2344859886259274,0.0406599814808029,67.88247451088452,67.1507236856111,25.00836762948452,4809.630763994104,21328.3237274826
3526,45.78364053995316,0.1617537137112557,0.0408562287524251,70.1858382697341,67.15065607605936,25.01288080661229,17934.901701001083,21808.707318679903
3527,46.60359352898266,0.1582032164636795,0.0537564016348395,71.0920871243452,67.15058845014924,25.01739398082996,15034.651536833217,22289.953719087454
3528,47.75229572582807,0.165728304809052,0.0511392318602397,70.3138605676495,67.15052080787824,25.0219071521371,10853.124763838345,22772.00822689924
3529,48.934373431856166,0.1803895163431015,0.0553870839501428,70.59914565247348,67.15045314924363,25.02642032053331,8148.997621550967,23254.82058783846
3530,50.11671708974241,0.1567966522171005,0.0706895052401704,72.74514395922303,67.15038547424284,25.03093348601817,10696.548546212163,23738.34456019888
3531,50.132712550271656,0.1713755450951798,0.0714216508231282,74.17372121880601,67.15031778287323,25.035446648591297,8727.478583402764,24222.53752901735
3532,49.75019355785194,0.1711892936981395,0.0647225267436946,74.4853164207914,67.15025007513222,25.03995980825228,11670.799908231002,24707.360163123987
3533,49.1093697533315,0.1526615607462562,0.0782888056479148,71.97685312758335,67.15018235101715,25.044472965000693,5121.983159910277,25192.77610974301
3534,50.53201579467164,0.1276502965318199,0.1153287584684283,73.70866033319565,67.15011461052539,25.04898611883614,1000.9583394568384,25678.751722008612
3535,50.752024921963645,0.1175403630576259,0.1214647074035378,75.33296612503442,67.15004685365432,25.053499269758223,0.0,26165.255815397893
3536,28.59644691378685,-0.2335149984871494,-0.052580437598842,0.0,67.15949291562401,24.75117253951981,0.0,824.102706123896
3537,28.83205234493508,-0.1846260166120887,-0.157259945026989,0.0735009671179884,67.15942641253449,24.75568589439853,0.0,382.65821853681905
3538,32.10043881505392,-0.0523307235202093,-0.179255606441178,0.6044487427466153,67.15935989327781,24.7601992463913,0.0,67.97644439263271
3539,32.75753356239847,-0.0457425705453486,-0.1513926775201602,0.2641613705443492,67.15929335785145,24.76471259549772,0.0,90.32445751394904
3540,29.93423339892455,-0.1560399168461398,-0.1386865569182592,0.708736521979541,67.15922680625279,24.76922594171737,0.0,164.85352054623087
3541,28.632089674747174,-0.1828860910142621,-0.0988566191381396,0.0016579165515335,67.15916023847932,24.77373928504985,0.0,497.11959000876436
3542,28.97445818488546,-0.1070407311941598,-0.0696134631407682,0.0,67.15909365452846,24.778252625494744,0.0,868.7036301715792
3543,29.255948347200224,-0.0867485246193759,-0.0622810714749008,0.0,67.15902705439764,24.78276596305164,0.0,907.4572052672846
3544,29.50567463305092,-0.1153822820982241,-0.0799278255823313,0.0,67.15896043808426,24.78727929772014,0.0,440.0505814132825
3545,34.821474069810854,-0.0209972989846247,-0.0668109521369611,0.9150904321413776,67.1588938055858,24.79179262949982,0.0,12.079259921415312
3546,41.491278726615135,0.048148845449542,-0.0335732732943559,1.703340695748205,67.15882715689965,24.79630595839028,0.0,494.01938382025315
3547,43.12230837761006,0.0986332981858551,-0.0128003282618118,3.047467917759072,67.15876049202329,24.800819284391107,809.826160840822,878.9434113991057
3548,45.19479668260941,0.1083328240230584,0.0547428664655007,15.998343227944222,67.15869381095413,24.805332607501896,8924.144137074361,831.4022329134947
3549,45.762803315211286,0.0945016418275861,0.0553590541610223,22.312620822977077,67.15862711368956,24.809845927722225,10971.650519119252,1016.3499258433447
3550,44.40034825272077,0.107533686658641,0.0455731680363413,21.76136520657732,67.15856040022702,24.8143592450517,11663.430438915902,1369.1985503617489
3551,44.17251191901909,0.1076538972875964,0.043825178488839,19.72050290135396,67.15849367056398,24.818872559489904,13684.327748875108,1793.4442195210247
3552,43.59405103859175,0.1365467902023023,0.0284930640360005,19.77702609415988,67.15842692469785,24.82338587103644,15627.484297995996,2249.039720955343
3553,43.59208554731742,0.1473128039242194,0.026429664517247,16.563854756316438,67.158360162626,24.827899179690867,9278.284368612667,2720.278876147155
3554,43.26749900004141,0.1162915159150186,0.0328332824495978,13.954187939837173,67.15829338434592,24.83241248545281,16420.809187073497,3199.727483668298
3555,44.50208620066228,0.1264617298023575,0.0401606263820428,14.48661699779249,67.15822658985498,24.83692578832184,13588.548882146835,3680.3404507507125
3556,45.21776479093545,0.1030573958830879,0.0432387832570907,15.26586644591611,67.15815977915065,24.841439088297548,13686.742682219498,4161.120765350006
3557,45.65901000890514,0.1292456420962785,0.0321996020834671,14.949531163816877,67.15809295223033,24.845952385379544,2955.895748178837,4644.871732898261
3558,45.33145948890392,0.148402855573369,0.0424461677854732,13.851096098166275,67.15802610909144,24.8504656795674,5294.358326750209,5131.738575376153
3559,44.244863249430594,0.2747461172627175,-0.0264653986095765,11.838273817730592,67.1579592497314,24.85497897086072,7601.193356562112,5620.911687316352
3560,43.30646592382991,0.3467547761276742,-0.0639398844042584,14.842468590363106,67.15789237414764,24.85949225925908,4359.155219461495,6111.8373331504345
3561,42.50649596291005,0.455957725478321,-0.1257833917396814,14.880337156280229,67.15782548233757,24.864005544762083,3195.163679884797,6604.124694222926
3562,42.24149338202848,0.4041481167801127,-0.0994754927623283,12.70858090368938,67.15775857429858,24.86851882736931,1946.4336990634488,7097.490427359902
3563,44.75579962439446,0.2666984755048798,-0.0200307429067391,12.680845187128853,67.15769165002814,24.87303210708038,1957.1891519405167,7591.724293978908
3564,43.987848204097695,0.1464093298156614,0.0247780620635701,17.532422737306845,67.1576247095236,24.87754538389485,12716.136292468862,8086.66712217007
3565,44.264625435928856,0.0878521099973802,0.0444973561873189,19.910357192111437,67.15755775278245,24.88205865781233,19944.77274587755,8582.19625349238
3566,45.953162968474416,0.1759861038328605,0.008982503668027,20.084633439182664,67.15749077980205,24.8865719288324,10198.242635146797,9078.215679404773
3567,46.60338703408454,0.3077614112506537,-0.0429412066122107,22.108533554266774,67.15742379057981,24.891085196954663,4881.754657111063,9558.27973426081
3568,48.40116977851528,0.2112801886629139,0.0263604443953708,22.34662619014765,67.1573567851132,24.895598462178707,3823.4550819195415,10010.8049239771
3569,47.41788901980149,0.0791238528776777,0.0666977748429501,20.73335171653109,67.15728976339955,24.90011172450412,248.3057563647777,10467.65107238286
3570,48.97013982558314,0.1118009558395326,0.0953522418378549,22.767990074441684,67.15722272543633,24.904624983930503,0.0,10928.276292264401
3571,50.49844611767969,0.1761642269709572,0.0902814456529694,26.28210787694854,67.15715567122092,24.90913824045744,0.0,11367.578522300246
3572,51.65464154911429,0.1625046715706485,0.0935791291355885,29.516970198675494,67.15708860075074,24.91365149408452,0.0,11793.965435021746
3573,50.6569442402841,0.1257654152981744,0.0907841183643931,30.85603971318258,67.15702151402321,24.918164744811342,4209.583518324415,12225.931453431303
3574,47.72247875849171,0.1398900823449569,0.0505960097796497,34.365641803391696,67.1569544110357,24.9226779926375,11391.20057042662,12662.905635168136
3575,45.87696709254656,0.1455752787501021,0.0295881784487926,37.21453191782711,67.15688729178567,24.92719123756257,12978.7169240143,13104.38698856294
3576,45.56834151719842,0.1432277925759028,0.0277389183183497,37.266096787536206,67.15682015627048,24.931704479586163,13375.936784808451,13549.934114276031
3577,45.63781954821196,0.1417655407931748,0.0178418859725954,40.52014348785873,67.15675300448756,24.936217718707866,11927.767251468887,13998.459456373406
3578,46.36815297766707,0.1327601736439403,0.0384378095199934,42.357399226946455,67.15668583643428,24.940730954927268,12306.387212060836,14450.298968984212
3579,46.14337708129329,0.1167734497960962,0.041837207221641,43.14352681648974,67.15661865210808,24.94524418824396,14228.797717568568,14905.21430352502
3580,46.98289331193991,0.1454258988088711,0.0326015711243135,44.42423824624294,67.15655145150636,24.94975741865754,5958.463147184983,15362.932225805112
3581,47.16858138371157,0.143973843637213,0.0389230055617898,48.13704673928029,67.15648423462649,24.9542706461676,8675.901491707411,15823.209526358103
3582,46.5474351990631,0.161332016503395,0.0390908717695322,50.946541747037735,67.15641700146588,24.95878387077372,10485.84615915658,16285.82920378965
3583,45.76561131493798,0.2231385343489173,0.0151549167283323,50.75489385166805,67.15634975202195,24.963297092475507,6924.039636983001,16750.59718322573
3584,46.78767280074444,0.1748436663086959,0.0411756771140607,50.21105596912048,67.1562824862921,24.96781031127255,11250.074122160591,17217.339490584935
3585,47.59955194065549,0.1665329733805673,0.0500038994480513,53.22844946295785,67.15621520427368,24.97232352716444,10517.68890582825,17685.89981519404
3586,47.577113959528816,0.1982991918636548,0.0520634376300016,54.38013226784236,67.15614790596415,24.97683674015077,6806.65012810638,18156.137403418386
3587,47.95100899162579,0.270423719431641,0.0208434586191861,55.07522733535408,67.15608059136085,24.98134995023113,4936.723997299442,18627.92523471559
3588,49.57149279926653,0.2181666188894941,0.0732040674341204,57.48173169722873,67.15601326046124,24.985863157405124,1288.1825352014678,19101.148438988486
3589,49.88497980433812,0.1721841990235902,0.0837576437364183,59.29950358521786,67.15594591326266,24.990376361672336,8578.871616074974,19575.70292035644
3590,47.67921253691398,0.157269671065467,0.0546560319316498,62.02164920022064,67.15587854976252,24.99488956303236,6001.944517799935,20048.994623158895
3591,46.866750225378894,0.1640759755742147,0.0511095546018388,61.775420225957575,67.15581116995821,24.99940276148477,5622.123382118144,20522.7802036645
3592,45.517184765088935,0.2058313233910179,0.0181779091967974,65.52308752584425,67.15574377384709,25.0039159570292,12214.228178740144,20997.78152986812
3593,46.75216761146404,0.1950773087379667,0.0522399724527307,68.88971601874829,67.15567636142664,25.00842914966521,13140.15525255019,21473.91792533388
3594,45.74483578550291,0.2341831804662973,0.0063541204200807,73.38853678699367,67.15560893269418,25.012942339392406,13250.623243581913,21951.11552863549
3595,46.23650198577418,0.1874095637019607,0.0353673610202026,75.53164207913964,67.15554148764708,25.017455526210377,11259.909492060338,22429.306606284023
3596,46.71399271747072,0.1989854970340056,0.0357639407163433,76.5706020112963,67.15547402628279,25.02196871011872,8952.340257258316,22908.42894494403
3597,47.33626175330669,0.1524378944526802,0.051417961848914,77.22182419399282,67.15540654859865,25.02648189111704,14782.66744325797,23388.425312794512
3598,48.94588744912022,0.1467502467542795,0.0636036624241248,80.3480655376566,67.15533905459209,25.030995069204906,14304.046719801365,23869.242981259642
3599,50.1604751853036,0.165057228013507,0.066142059447239,80.6647390885309,67.15527154426046,25.035508244381912,9780.048200900505,24350.833299587433
3600,51.36872807814128,0.1139692131881607,0.0988570371357145,81.07421175822661,67.15520401760114,25.040021416647672,2414.26400780796,24833.151315728494
3601,51.08460498444844,0.1349171182734996,0.105454777979252,72.63310838727448,67.15513647461154,25.04453458600177,2006.864061319064,25316.155437884077
3602,50.84772945949505,0.1223770311862202,0.1132458511817688,74.6330022075055,67.15506891528905,25.049047752443805,1141.3210527534725,25799.8071318387
3603,51.1967259011507,0.1314157956323146,0.1177441971621415,77.2312362030905,67.15500133963103,25.05356091597336,0.0,26284.07064981975
3604,28.616727909790253,-0.2502645243045412,-0.1109990321548868,0.0,67.16443537295201,24.7512331801376,0.0,712.7176850324622
3605,29.536308784085037,-0.1854749459196852,-0.146618220441981,0.4252001104057409,67.16436904820361,24.755746547531533,0.0,213.78704854382536
3606,34.08962360549296,0.0669665962035906,-0.0996867530462602,1.4864678265672462,67.16430270733142,24.76025991204041,0.0,284.08555477040494
3607,33.73452238323943,0.119450330507622,-0.1676883202868806,0.9475283070974864,67.16423635033287,24.764773273663824,0.0,408.2570551106037
3608,33.338646080596774,0.0753564286204441,-0.1735488818253512,2.167012018234562,67.16416997720539,24.76928663240134,0.0,202.23791152791992
3609,29.28220293443217,-0.1440110712107276,-0.1529774098580451,0.5621718706825088,67.16410358794641,24.773799988252566,0.0,197.88546836826265
3610,28.99054165390717,-0.1105693463366842,-0.0846061670372932,0.0,67.16403718255339,24.778313341217093,0.0,677.9208133324612
3611,29.220366698938214,-0.1543321519037921,-0.0999197484788028,0.0,67.1639707610238,24.78282669129449,0.0,689.6141977345245
3612,30.570593483490416,-0.1121508412209516,-0.1377496021252987,0.0772419510847036,67.16390432335501,24.787340038484366,0.0,242.02895433597988
3613,37.26113475368612,0.0071069934525335,-0.1742897068829026,2.5218292345951925,67.16383786954452,24.79185338278631,0.0,208.41207269805236
3614,40.91825386923376,0.0280926077683939,-0.0706680737769486,2.3818859588568277,67.16377139958973,24.79636672419992,0.0,581.9825432738367
3615,43.475730462835465,0.1048792578436772,0.0512295685106339,3.3761733848702367,67.1637049134881,24.800880062724765,0.0,384.7979930154094
3616,44.3649726667017,0.1175068826514079,0.0444078241934245,14.836810833218182,67.16363841123707,24.80539339836046,11455.799365302397,338.97511606529264
3617,44.73241450639239,0.1000163639405587,0.0508866559721205,23.554328316995715,67.16357189283406,24.809906731106583,8891.809441107105,675.7526382951993
3618,43.633505267519,0.1060799464791141,0.0528918659866286,24.81858345989231,67.1635053582765,24.81442006096272,15334.412370869508,1139.4644034336127
3619,43.61036975032704,0.1196737177159851,0.0374606384443309,23.626052159514277,67.1634388075618,24.818933387928475,14945.037526055556,1620.0075622828972
3620,43.84041801348697,0.108423396627306,0.041515227306322,21.428177176762787,67.16337224068745,24.823446712003424,18174.77868395228,2100.6205293643798
3621,44.47629872501104,0.1785874534641611,0.0267475486114197,17.541413583655434,67.16330565765085,24.82796003318717,8370.15551471675,2583.339400342223
3622,43.414818392376375,0.1444872649799786,0.0290102463296003,14.80906327714838,67.16323905844943,24.832473351479305,13236.58104081928,3071.4084472048417
3623,44.26139224483561,0.1466869524239206,0.0240252571153526,14.847057198121028,67.16317244308063,24.83698666687941,14285.774334852498,3562.787846818614
3624,45.29852412788074,0.1386512883321402,0.0420669821657361,15.450503934833636,67.16310581154185,24.841499979387084,14001.85168296688,4056.274723559665
3625,45.29070255354708,0.1752807653168221,0.0362972182182802,14.89180599696007,67.16303916383056,24.84601328900192,1243.6164445812835,4551.1835849835925
3626,45.28940417170909,0.1547684462808568,0.0468334137351148,15.33365597345133,67.16297249994416,24.85052659572349,2770.57995652725,5047.096136901006
3627,42.49441945834073,0.4043313051123661,-0.0930464963392359,15.197317477876108,67.1629058198801,24.85503989955141,5171.167302969585,5543.743032077272
3628,41.49395148728157,0.4337937084361457,-0.1099763830763076,14.53194137168142,67.16283912363578,24.85955320048528,5888.846957200174,6040.94315450745
3629,43.2731238300732,0.2807841481594805,-0.030069043226823,15.818445395554331,67.16277241120864,24.864066498524647,11520.36029838213,6538.570301367194
3630,43.610430429637205,0.3271894200769276,-0.0373118078811714,13.53690164160574,67.1627056825961,24.868579793669145,1280.8636324407476,7036.533875107847
3631,44.75703757629971,0.1541877631456886,0.0359281174596982,16.38438189845475,67.16263893779556,24.873093085918345,9968.15807228324,7534.767173897207
3632,43.72771436824847,0.1443401040034286,0.0191131172821541,17.1911663216011,67.16257217680449,24.87760637527185,11981.129162788851,7992.756104971056
3633,43.95220602473722,0.1046521877017354,0.0384453697725841,19.11187750034487,67.16250539962026,24.88211966172923,17986.05594966628,8440.358635866654
3634,47.3836937892554,0.1693868381141285,0.0386429068349754,19.87162162162162,67.16243860624033,24.886632945290103,8573.435925042417,8893.545842364214
3635,49.91602667048396,0.2350834036760442,0.0477098810736993,20.13208327588584,67.1623717966621,24.89114622595405,2237.1713907528087,9351.50583585878
3636,48.591063809610944,0.2288125763397816,0.025595157066928,21.484547461368653,67.16230497088303,24.895659503720665,1186.1653986593474,9813.57045858583
3637,49.08082475549301,0.1392672454321365,0.0783742684745956,23.855426677713357,67.16223812890046,24.900172778589525,0.0,10279.186197984844
3638,48.887851439522336,0.1231879969308411,0.0958491376669516,23.69625845644072,67.16217127071187,24.904686050560244,0.0,10747.891543912552
3639,50.21202631235103,0.1746697399361424,0.1061299604130344,25.86616997792496,67.16210439631463,24.909199319632403,0.0,11217.2112536116
3640,51.85518392979445,0.1803337459694107,0.1028297477930773,28.66344694356287,67.16203750570621,24.9137125858056,0.0,11686.937757878468
3641,51.756397242761786,0.1612893610286112,0.0800105335318245,30.64836529176438,67.161970598884,24.918225849079427,24.968716838127943,12159.078912670047
3642,47.7948172880315,0.2278425125581834,0.0155685282752346,33.855428334942765,67.16190367584538,24.922739109453463,4771.180670783541,12633.36399587441
3643,46.802172143412974,0.1564034720386964,0.0359310316973463,35.53251415159465,67.16183673658782,24.92725236692731,15501.284351516731,13109.56031679262
3644,45.8418387475166,0.2989215192426143,-0.0345627937818358,37.92673841059604,67.16176978110867,24.931765621500567,1461.406039123149,13587.466929001186
3645,48.764194000881815,0.1637544324049517,0.0550045394705714,39.60471204188484,67.16170280940543,24.936278873172817,5612.640166060864,14066.909518206836
3646,46.82825422274496,0.2013994896500025,0.008969396524442,40.533691608102544,67.16163582147544,24.94079212194366,5766.789128558242,14547.736223888083
3647,47.27661677599008,0.1870174620187943,0.0228479735694224,42.3407744246934,67.16156881731612,24.945305367812672,9626.693318210157,15029.814206633226
3648,47.62371668935614,0.1500688024423453,0.0313290109144804,44.6201571763408,67.1615017969249,24.949818610779463,9003.623964422413,15513.026813992783
3649,46.92609146988411,0.1541544313523814,0.036254208214923,47.36258278145692,67.16143476029916,24.95433185084363,5983.089242116409,15997.271229091646
3650,45.96458801350167,0.2005161120443397,0.0202211139558755,48.295391832229576,67.16136770743631,24.958845088004743,776.8506691313798,16479.33009382788
3651,47.15187441486559,0.2204761723624366,0.0179289801520209,52.71198124913828,67.16130063833378,24.96335832226241,4866.194251067374,16938.789610860233
3652,46.75857261317801,0.2487328681555508,0.0015407431773543,53.38080794154142,67.16123355298899,24.967871553616224,5628.624712970432,17400.484666249882
3653,47.2807898012078,0.2011342622090905,0.0204428108268557,55.77471391148491,67.16116645139928,24.97238478206577,11529.843652817632,17864.24193072253
3654,46.7814353291845,0.2303385483199207,0.0223454579148184,56.64468055747205,67.16109933356209,24.976898007610654,7992.594704904021,18329.90487967932
3655,46.67227707634108,0.2908746598964279,0.0166760772328571,56.65411147902866,67.16103219947483,24.98141123025046,2038.617140945844,18797.331886106695
3656,49.319728081683,0.2150398566398674,0.1016941693422576,58.45564905504207,67.16096504913489,24.98592444998477,1547.128611011489,19266.39455566235
3657,48.28761641279043,0.2362427275892736,0.0484759474460606,61.68871434477057,67.1608978825397,24.990437666813204,3529.655060635376,19736.97627075268
3658,45.730767423133535,0.2376124311481473,0.0069903183681686,63.06807220614578,67.16083069968663,24.99495088073533,2184.217280266976,20208.97091515644
3659,46.81788248994765,0.1910269000721403,0.0284251735015281,65.18521068576148,67.1607635005731,24.999464091750763,6815.688168290027,20682.281754843592
3660,45.659495012515855,0.182382471967617,0.0242099944700464,65.6226233122072,67.16069628519645,25.00397729985908,12281.361650857732,21156.820454016914
3661,44.98869940435383,0.2026238908975166,0.0215139546262329,68.82736290989251,67.16062905355417,25.008490505059875,10571.127593799189,21630.092674403288
3662,46.2292440060298,0.2284934500803321,0.0120230630720233,73.88392610973254,67.1605618056436,25.01300370735275,8691.465462641823,22103.91890572211
3663,46.68614384796528,0.2048451664040061,0.0381693236229819,79.67052660601048,67.16049454146211,25.017516906737303,4476.858428377755,22578.874039198014
3664,46.110774757337765,0.2725788287092198,-0.0039896836192027,80.8043268568279,67.16042726100719,25.02203010321311,2023.3927910059008,23054.888305191034
3665,48.780572523557474,0.1945991015851595,0.0483488083430948,81.48057316065037,67.16035996427613,25.026543296779767,5218.397501919564,23531.897429901
3666,49.7254390547601,0.1523987936754063,0.0682226893081909,86.5136514065086,67.16029265126639,25.03105648743689,6010.004224735423,24009.84211813104
3667,50.46538596347458,0.1170513677389882,0.0846046262029107,87.76569615013113,67.16022532197533,25.03556967518405,2835.4877791371373,24488.667591837566
3668,51.28334923095905,0.1134949282424949,0.1071005704658173,76.83869187249898,67.16015797640036,25.040082860020835,2069.4182397916416,24968.323177758502
3669,51.18203025730836,0.1192246337146029,0.1214406948134135,72.90457804743518,67.16009061453887,25.04459604194688,102.10906110069024,25448.761938341235
3670,50.6964188848333,0.1283389678123874,0.1105110411335804,75.14025902452467,67.16002323638824,25.049109220961725,1000.8214924057168,25929.940340834422
3671,51.76889615987887,0.1425847602863141,0.1118323028537673,77.1362885462555,67.15995584194589,25.053622397065,0.0,26411.81796022142
3672,28.5207546859022,-0.225420862070702,-0.1184448236000859,0.0,67.16937784640126,24.75129365788628,0.0,616.3790179107834
3673,30.58245688384074,-0.1259931677465171,-0.1067580122186785,0.6959767731231854,67.16931169999658,24.75580703776186,0.0,156.38986513351887
3674,33.22263697111941,0.1984175233573641,-0.2659546608468775,1.464344941956882,67.1692455375114,24.76032041475324,0.0,319.1590934128562
3675,31.071408115995037,0.4230223196662507,-0.389768865913204,2.2546987285793256,67.1691793589432,24.764833788860027,0.0,148.89257292315568
3676,30.405990130281698,0.2120656270416599,-0.2834394016286419,2.746064623032312,67.16911316428944,24.769347160081804,0.0,38.63479541632874
3677,29.62313661266604,-0.070388735086401,-0.1603919520618641,0.5373464034239954,67.16904695354754,24.77386052841816,0.0,148.9789269514322
3678,29.1837575270054,-0.116549871222493,-0.1191454636170708,0.0,67.16898072671493,24.778373893868693,0.0,648.4614713530743
3679,30.293458482746612,-0.0647401812851662,-0.1532346084724969,0.0,67.16891448378912,24.782887256432986,0.0,580.7696231132205
3680,33.98232821615078,0.033622493717743,-0.1271592321084195,0.8210686179759764,67.16884822476749,24.787400616110634,0.0,84.24768395040765
3681,40.06553024344467,0.0351842080167444,-0.2466769057211917,2.7241236544300302,67.16878194964752,24.791913972901227,0.0,359.14760466512615
3682,43.31631396844881,0.0791023395605098,-0.0174280559470372,3.219293403256968,67.16871565842666,24.79642732680434,0.0,295.21458319145853
3683,39.509220781203965,0.1235528275759243,-0.006891026486126,2.193842330526025,67.16864935110233,24.8009406778196,0.0,108.05904602522679
3684,42.44173447301092,0.1284728165797382,0.0232761332359717,8.426557966008012,67.168583027672,24.805454025946563,7138.363172043905,40.28764089605516
3685,44.28073517341711,0.0991640803544137,0.0451520316074236,22.72180035896729,67.1685166881331,24.80996737118484,14441.013669990723,521.9688633158925
3686,43.73659091972113,0.1167235019371582,0.041255569925213,26.034378020157398,67.16845033248305,24.814480713534007,14310.455874970914,1016.0506324687462
3687,43.72360310439048,0.1070489263211845,0.0497541518655173,24.530995443876844,67.16838396071931,24.81899405299368,13739.903020090322,1514.0232101558859
3688,44.15740179675925,0.094736579147593,0.0498516407780664,24.338030114656725,67.16831757283931,24.823507389563417,16490.858772411484,2013.0011608828402
3689,44.248006086422784,0.1744074603579343,0.0235159266985174,20.74085323760873,67.16825116884051,24.82802072324284,9917.63315302358,2512.385532959052
3690,43.10089328197049,0.0949114425303791,0.0445946163396688,17.88560783772595,67.16818474872035,24.832534054031527,16338.804054361191,3011.9741795712
3691,43.71876684318711,0.1186570300007444,0.0345549772491667,15.54387417218543,67.16811831247621,24.83704738192906,13675.961480736656,3511.679918538569
3692,44.43732872575412,0.1234889118221933,0.0432590077412236,16.094935835518147,67.1680518601056,24.841560706935045,14801.672649690292,4011.45899166387
3693,44.29697538521129,0.1734735676756945,0.0125240967751061,15.756282794808063,67.16798539160591,24.84607402904907,3585.6512719047214,4511.28702622882
3694,44.69548963724339,0.1670291483477115,0.0223061722866406,16.494343267108167,67.16791890697458,24.85058734827073,6042.671347269965,5011.149371543316
3695,42.28579095665472,0.3947370770976661,-0.0774073040604899,15.589078874793158,67.16785240620905,24.8551006645996,4668.393131447704,5511.036691447465
3696,40.57925131493587,0.5010799343515517,-0.1452166866154954,15.742794097365882,67.16778588930674,24.85961397803529,3619.820971226621,6004.3388541775275
3697,42.98909691249174,0.4033465165725104,-0.1011945729070903,16.17480684326711,67.1677193562651,24.864127288577382,5765.200909951181,6434.872867863939
3698,45.69520562169016,0.224260013229265,0.0383230234444833,14.835818834576086,67.16765280708155,24.86864059622547,905.7425831046478,6874.8158211711725
3699,44.1568327742538,0.1166519231917359,0.0406559584312287,19.09043214137789,67.16758624175353,24.873153900979155,15902.57699066977,7322.472009108011
3700,44.18010286905631,0.1683933671048983,0.0126386742200017,18.95391832229581,67.16751966027847,24.87766720283801,7732.074856901846,7776.509504460085
3701,44.45847262482961,0.1246579112790464,0.0357726168451785,20.15523664964813,67.16745306265378,24.88218050180164,14805.878858778393,8235.872984780937
3702,47.22203739278977,0.220531744968817,0.0065677184282563,19.851545253863144,67.16738644887691,24.886693797869643,9096.071415491024,8699.718821295792
3703,50.52653658988134,0.2386771405643608,0.0534180805588062,20.14670162848469,67.16731981894526,24.8912070910416,1076.2275766215512,9167.366651196628
3704,47.84822545888216,0.3078344101152791,-0.0088107709838197,22.17499309964119,67.16725317285629,24.895720381317098,2234.839165258957,9637.236884669104
3705,48.42540755459538,0.1442061023371479,0.0449626522044703,26.075417068799123,67.16718651060738,24.900233668695748,472.1855231489784,10106.187244482686
3706,48.24888356275322,0.1071136880961081,0.0785551233317274,24.400303155573937,67.16711983219601,24.90474695317712,0.0,10577.98215490518
3707,49.78752120239528,0.146170244111257,0.1042628509120739,24.248208379272327,67.16705313761955,24.909260234760826,0.0,11052.257340388092
3708,51.37625787697741,0.1768734886520399,0.1001303561300084,29.351627137341428,67.16698642687547,24.913773513446444,682.8227887366893,11528.70669964631
3709,50.7090638612078,0.1401093094593882,0.0993311149664864,32.77967737487936,67.16691969996116,24.918286789233587,11522.113585598943,12007.071417065077
3710,47.45608102240181,0.144850275735152,0.0456472387904106,33.39307872604441,67.16685295687402,24.922800062121823,17704.84287764803,12487.131370422934
3711,45.9691877827689,0.2730663139803833,-0.0036727210023727,34.96773303916161,67.16678619761151,24.92731333211076,8254.077335264801,12968.698304362242
3712,45.835904798251526,0.3735465751532645,-0.0511877942886375,37.79219525648097,67.16671942217107,24.931826599199976,587.2526983913399,13451.610370382898
3713,49.16953854110316,0.1891810967868178,0.0544004254386783,41.62355212355212,67.16665263055006,24.936339863389072,6464.934723903143,13935.72773138451
3714,47.373103693956125,0.1858547334085959,0.0283052348277506,42.55829998620117,67.16658582274594,24.94085312467766,9932.047903963436,14420.929000924823
3715,50.35436469318063,0.1737324528758833,0.0710835044564739,44.42665930729957,67.16651899875609,24.94536638306529,4516.786453159179,14907.108341182082
3716,51.45598941460268,0.1897774798493276,0.0647794145894214,46.79897902869758,67.16645215857794,24.9498796385516,1277.594288487079,15394.173084044534
3717,48.85155024664002,0.1587864381485394,0.0640678495932506,50.74948297256306,67.16638530220892,24.95439289113615,4200.575841164192,15882.04177009117
3718,46.29212575179,0.1435825269506177,0.0441733705270612,52.947774562491375,67.16631842964642,24.95890614081855,10664.721639492212,16370.64252349436
3719,46.044971189258746,0.1856543402160298,0.021569180430568,53.595205290713686,67.16625154088788,24.96341938759839,9700.471144359552,16859.911698369637
3720,47.0585440963213,0.2067922440150177,0.0281252851477876,54.41402590245246,67.16618463593073,24.967932631475264,10693.69918934842,17349.792745773186
3721,45.56296193203475,0.3483187456023375,-0.0520908087632352,55.8115522470361,67.16611771477233,24.972445872448755,6187.765116636367,17840.23526093242
3722,45.45770591713105,0.3017030726078371,-0.031289098218403,57.9503927242662,67.16605077741012,24.976959110518468,1697.5406902881214,18331.194178481885
3723,46.3725855752129,0.3062199514552095,0.0020239072967082,58.91773460107482,67.16598382384147,24.981472345684,1591.3694386639784,18822.629089814578
3724,47.857193892819545,0.2110603639418239,0.0716295625797096,59.713635736936425,67.16591685406384,24.98598557794492,5061.90554851428,19314.503661649604
3725,45.76298112640199,0.3094298418297889,-0.0100676540846559,62.057209815274334,67.16584986807463,24.990498807300845,4868.683834382015,19806.785138904354
3726,46.53321157498346,0.2525740466061655,0.006612474167752,63.6389348785872,67.16578286587122,24.99501203375136,4334.2861816567865,20299.443918029414
3727,48.55905571227651,0.1918182869023213,0.0550827245470073,66.23896247240619,67.16571584745104,24.99952525729606,9153.245117333929,20792.453179541142
3728,43.19237422965262,0.2745609684037896,-0.0237558532822696,67.71160738902675,67.1656488128115,25.00403847793455,3446.933039154267,21285.788570436183
3729,44.83291899051677,0.2387324510221014,0.005123881021334,69.77883422902026,67.16558176194998,25.0085516956664,9300.6573098634,21779.42792882395
3730,45.77673432293747,0.1215109076571012,0.0528752410132862,72.37655001377792,67.1655146948639,25.013064910491213,17236.61252918918,22263.41585385831
3731,47.24456999964732,0.1466394461261087,0.0658693909575404,77.25089556351612,67.16544761155066,25.01757812240859,9424.209830298232,22737.940949382864
3732,48.674461183684016,0.1648507267093012,0.0747701820976729,81.86350475665239,67.16538051200767,25.022091331418128,1217.1610625565395,23211.19628118715
3733,47.76610669942095,0.2399669201821428,0.0162318365548449,81.95450158555077,67.16531339623232,25.0266045375194,3396.458853701867,23685.057624804736
3734,51.400465395623286,0.1176135142928633,0.089387823407174,85.52302813017097,67.165246264222,25.03111774071202,3167.3610388436427,24159.972611253696
3735,50.444748134267215,0.0955667374165263,0.0892709236997336,92.0173721218806,67.16517911597413,25.03563094099557,0.0,24635.880306219846
3736,50.96962976230515,0.1066778639157647,0.1139724266037278,78.29316992564029,67.16511195148613,25.04014413836965,2004.7096168340788,25112.72427172983
3737,50.48627941081568,0.123243894418178,0.113416245401195,74.47836869661063,67.16504477075534,25.04465733283386,1000.4459766505084,25590.45216937815
3738,51.09658458851121,0.1456471173970307,0.1137095253471476,75.26895505927766,67.16497757377918,25.04917052438778,1181.281141681093,26069.015403695023
3739,52.08479499780233,0.1670281474866998,0.1115512818544577,77.109885564594,67.16491036055507,25.053683713031017,0.0,26548.368801165376
3740,28.514128331549315,-0.2721716188086391,-0.1422405610589321,0.0839547086440209,67.17432033592846,24.751353972763788,0.0,419.53638088072285
3741,33.97947029525902,-0.0329481266391593,-0.0755205069854589,2.117695814338997,67.17425436787,24.755867365087383,0.0,46.39065783920088
3742,32.46095671562371,0.3299197294848967,-0.3448431765725538,1.287056223235253,67.1741883837744,24.76038075452768,0.0,473.4124866966761
3743,31.1754679890141,0.4609933322661895,-0.3860890941905615,2.597486882076774,67.17412238363914,24.76489414108425,0.0,162.17743129675665
3744,29.00647370178029,-0.0124769023877981,-0.136594992861164,0.5006900358818658,67.17405636746165,24.769407524756662,0.0,222.56698565077645
3745,28.870225909427887,-0.110573239649525,-0.0928109936873102,0.0,67.17399033523935,24.77392090554456,0.0,458.5702677550086
3746,29.16877313089957,-0.0762314299179258,-0.077100591755457,0.0,67.1739242869697,24.778434283447474,0.0,497.1020138856916
3747,29.71832490827026,-0.0671404712814141,-0.0968271768023415,0.0,67.17385822265021,24.78294765846504,0.0,165.77238316957485
3748,31.24748462711248,0.108102138324212,-0.2063722102128871,0.7399834208344847,67.17379214227833,24.78746103059683,0.0,275.32287242888265
3749,35.82586622142584,0.1410068471518613,-0.1025562452237635,3.1199226305609296,67.17372604585144,24.79197439984245,0.0,182.1804870888771
3750,37.475873302205365,0.0853957120481525,-0.0165331023372012,1.7941135829763717,67.17365993336703,24.79648776620147,0.0,101.36779606867007
3751,33.38780661381237,0.0882011579543748,-0.129283254851644,1.0577587398093136,67.17359380482259,24.80100112967349,0.0,310.5073624736498
3752,43.13536161859157,0.1142437704373713,0.0438819207008239,4.629660314830157,67.17352766021551,24.80551449025811,1023.546759412592,99.16432309548094
3753,45.19218290201189,0.1117077478415612,0.0617357146500159,16.52987443079895,67.17346149954327,24.810027847954903,10552.82510438896,582.759286971188
3754,43.91705605217177,0.1084565665373241,0.0456333799238356,20.79207510699986,67.1733953228033,24.81454120276348,15941.72638990597,1076.55861562683
3755,43.3509043270116,0.0988853443255576,0.0490270051721333,24.345336644591608,67.17332912999308,24.819054554683422,15510.384275440869,1559.0718038104674
3756,43.921373867596046,0.1285159618596955,0.0422430017010374,25.698949986184022,67.17326292111002,24.823567903714324,13280.21268897452,2030.695694123727
3757,43.622879729718335,0.1274504873807894,0.0404624315844036,24.293012979839823,67.17319669615156,24.82808124985577,16696.103877570346,2507.569347935943
3758,43.09752148961869,0.0998274353978799,0.0490924052555552,21.59229068803537,67.1731304551152,24.832594593107373,21410.267370921625,2992.0031863226786
3759,43.39346694933906,0.1129722235934938,0.0387686068245656,17.921321902654867,67.17306419799833,24.83710793346869,16375.509656590855,3480.842153687338
3760,43.954279039411446,0.0916007310242458,0.0500675093485592,17.535507046145348,67.1729979247984,24.841621270939346,14398.533027670814,3972.4603371839125
3761,45.28666346179083,0.1239348817545265,0.0590614812091717,18.000138178803375,67.17293163551288,24.84613460551892,5949.595017579046,4465.735309631403
3762,45.06578126779806,0.1976921280507126,0.0135939379978444,18.16128587196468,67.17286533013917,24.850647937206983,2545.937354952613,4891.93494380603
3763,44.69978945896238,0.2593390709386826,-0.0026249149088358,17.301918035048992,67.17279900867476,24.85516126600315,3793.617352435431,5318.508366528786
3764,40.32121258535216,0.4939045477552143,-0.152648426532739,16.153962993648168,67.17273267111706,24.859674591907023,2353.596968282648,5756.9119321832995
3765,43.90638907383683,0.3238136696944769,-0.037061341356001,14.79842606654701,67.17266631746348,24.864187914918176,279.756814018382,6204.638486220891
3766,44.73670960028976,0.2473525128813875,0.0192608848180555,16.414873068432676,67.17259994771152,24.8687012350362,2960.5073410263226,6659.807992286045
3767,44.58320093957256,0.1044190098826191,0.0491767497961664,19.82749586321016,67.17253356185856,24.873214552260706,15830.208234975287,7120.993346666835
3768,43.8758211509763,0.1228743294945957,0.0280037208238803,20.74944842801985,67.17246715990208,24.87772786659125,16694.729860704134,7587.097600007519
3769,44.45006655825333,0.1295404639120711,0.0292716544441139,21.281318984547465,67.17240074183951,24.88224117802746,12116.211078343254,8057.267138460045
3770,46.3342153042104,0.2098820910911462,0.0021042310107811,18.98233020430701,67.17233430766825,24.88675448656891,4965.480618514952,8525.580747456277
3771,47.6446438755381,0.1515562295184799,0.0490264785431142,21.75317328918322,67.17226785738576,24.891267792215203,6278.065553462861,8996.90018458157
3772,47.28569161741688,0.2078207371721638,0.0302026454983739,20.872360976955985,67.17220139098949,24.89578109496593,5204.605082916601,9471.161427244992
3773,48.71734144557952,0.1777359630631551,0.0657847078458215,23.244757174392937,67.17213490847683,24.90029439482068,308.71461864593266,9947.943738794853
3774,48.4444343559432,0.10976243900372,0.0825135269814519,23.73423485580242,67.17206840984521,24.904807691779027,0.0,10426.90128845512
3775,49.58127015441394,0.114236843372218,0.1015906363813329,28.556123153389485,67.17200189509212,24.90932098584059,0.0,10907.74753685689
3776,49.112772056760576,0.1864540519134783,0.0657906464288712,27.77671913835957,67.17193536421493,24.913834277004955,6839.885441498584,11390.24328871506
3777,49.27750908589404,0.1577644949328165,0.0746661369867737,32.25206953642384,67.1718688172111,24.91834756527172,15461.989143413906,11874.1874679541
3778,49.38767798218544,0.1656610222897092,0.0704778770826085,34.65038631346579,67.17180225407805,24.92286085064047,7169.206310439382,12359.409932185577
3779,47.56135510341889,0.1927056483465861,0.0313306376754722,35.76931567328917,67.17173567481319,24.92737413311079,8903.296955813716,12845.765828441152
3780,47.11308850744655,0.2802952474558866,-0.0021115711905494,38.02483101117394,67.17166907941397,24.93188741268228,7381.083874975446,13333.131123863941
3781,46.84158342395091,0.1753406934632537,0.0310518735052498,40.954062629328185,67.1716024678778,24.93640068935453,15966.76773130344,13821.399039635324
3782,49.67867864967582,0.1687556704837392,0.0657719082984953,43.206787143054186,67.17153584020211,24.940913963127155,12773.15675690282,14310.477184889978
3783,50.47454094060939,0.163276227151319,0.0892095097642119,45.19950365366054,67.17146919638434,24.94542723399972,7489.921146701587,14800.285237295157
3784,50.69231777811113,0.143447383750859,0.0942507487055146,48.05487384530538,67.17140253642188,24.949940501971827,2310.150814992636,15290.753053757924
3785,49.736694230248354,0.1295759040764416,0.0968793852220289,51.90135209713023,67.17133586031215,24.95445376704308,5336.810544027123,15781.819121902938
3786,48.48662280563778,0.1571283655032441,0.063610408012269,54.50759249033683,67.17126916805263,24.95896702921305,7110.9963469775175,16273.42928339114
3787,45.96870663032172,0.1424927687713078,0.0420880452276288,54.25265773850614,67.17120245964065,24.963480288481342,15108.462684552776,16765.535675494255
3788,46.09023527373969,0.1322797633762895,0.0396911910122834,55.22793712079425,67.1711357350737,24.967993544847555,13561.317796894607,17258.095848926194
3789,46.88736358792777,0.2147809407079288,0.0153716908734124,57.69254101751,67.17106899434918,24.97250679831128,14126.982514472007,17751.072028889932
3790,45.5643881503461,0.347438350882589,-0.0515966469149266,58.52019853853579,67.1710022374645,24.977020048872102,7249.566497455698,18244.43049312876
3791,47.33982926969239,0.2306343271644735,0.0398184570022436,59.50820802869361,67.1709354644171,24.98153329652964,10290.823454572324,18738.141046063083
3792,47.37230011639902,0.219403523002975,0.0295361650499158,61.8185706401766,67.17086867520436,24.986046541283443,10804.563026366117,19232.176572225217
3793,46.348912401315154,0.3026857950032366,-0.0185047087784293,63.14226633581472,67.17080186982373,24.99055978313314,6440.246124820801,19726.512655511942
3794,50.172087647048784,0.1483727504476609,0.0946948398176387,64.97409754753375,67.1707350482726,24.99507302207832,658.2411496864008,20221.12725321184
3795,48.09164993279042,0.1571293620364659,0.0539567832468958,66.91525423728812,67.17066821054838,24.999586258118565,11250.106926745784,20716.000415929197
3796,47.08513288237808,0.20049318896687,0.0551381260982495,68.47960870763296,67.1706013566485,25.00409949125348,4364.070533186054,21211.114046052535
3797,46.28420427620638,0.2737955606131226,0.0030616204732717,71.72230652503792,67.17053448657035,25.00861272148264,9071.025339705868,21706.451688751986
3798,45.93953243670532,0.1441853523718963,0.0553179547601294,74.20378035320084,67.17046760031137,25.013125948805666,15325.315342993208,22201.998350539085
3799,47.443391171549294,0.1884720189134744,0.0531940999099889,76.57939795636563,67.17040069786893,25.017639173222136,7991.821748055835,22697.74034123792
3800,48.30887003242171,0.1796867373289153,0.0528529232295473,79.45066924244519,67.1703337792405,25.022152394731645,11199.500457780963,23193.665135954416
3801,48.56365634689451,0.1871059049129528,0.0426019476000753,81.08225406448058,67.17026684442344,25.026665613333787,9320.798521888584,23689.761254157696
3802,50.63047907579168,0.1667549289769211,0.0753871410135415,79.5048918285793,67.17019989341517,25.03117882902816,6092.3409070680345,24186.018153446767
3803,51.2809132632704,0.0967292297330564,0.0945499216081778,80.4986901971598,67.1701329262131,25.03569204181436,1804.2850274360649,24682.426135987578
3804,50.52317956568948,0.0957075204446345,0.1145332622680908,74.83935466078326,67.1700659428146,25.04020525169198,3288.8572203935487,25178.97626588023
3805,50.90680470726698,0.1196920485892425,0.1110499325420944,74.8303916161059,67.16999894321714,25.044718458660604,0.0,25675.66029602161
3806,50.92361360992837,0.1231825468042742,0.1044604777531347,75.951777349132,67.1699319274181,25.04923166271984,1067.4728403047188,26172.470603198828
3807,52.00120297740569,0.1449483506620284,0.1018342019808068,80.12434591021758,67.16986489541485,25.05374486386928,0.0,26669.400130367354
3808,28.745035113307534,-0.267568795642855,-0.1522653420046091,0.3266039823008849,67.17926284149023,24.75141412476804,0.0,351.5864907101542
3809,34.057891397312325,0.0189599256996107,-0.1126325641166379,2.503387252868796,67.17919705178058,24.75592752950606,0.0,143.89421033569727
3810,31.814922328028185,0.4287961184651866,-0.4252803916194686,0.8689588511460922,67.17913124607713,24.760440931361646,0.0,304.4549467625862
3811,31.757668738098943,0.5756282414828883,-0.4506386128971847,2.939347886156397,67.17906542437731,24.764954330334376,0.0,315.0372039507621
3812,29.388529839621143,0.0379805206022356,-0.1836946588523778,1.2790376106194692,67.1789995866786,24.769467726423848,0.0,142.30512924674417
3813,28.965038289398603,-0.109920408197213,-0.061679268411065,0.0,67.17893373297846,24.773981119629635,0.0,560.8774917287699
3814,29.0914126530986,-0.0775827868600048,-0.0561437239761486,0.0,67.17886786327436,24.778494509951347,0.0,404.0296337143057
3815,30.729714429518435,0.2716252853662587,-0.2888045790911074,0.0,67.17880197756375,24.78300789738857,0.0,84.7112468055098
3816,31.095280610915378,-0.0650007964150104,-0.1109901170340985,0.1706475217451331,67.17873607584411,24.787521281940887,0.0,227.8845707569741
3817,39.40395113672609,0.0802496571419724,0.0368294145639017,2.5699682276557536,67.17867015811285,24.792034663607904,0.0,138.66220833273744
3818,33.41216420676057,0.3091993791604777,-0.250549866213771,2.562689864678265,67.17860422436749,24.7965480423892,0.0,36.31566723236293
3819,33.63293705422537,0.1363702744070076,-0.1058350204774839,0.4979287489643744,67.17853827460544,24.80106141828437,0.0,185.52976355704982
3820,42.966765796131455,0.1109469339133443,0.0531201152318708,3.989783238989369,67.17847230882418,24.805574791293,1576.0624043500975,141.74817239562216
3821,45.560348896756096,0.1254647001255861,0.0518077768699525,8.025719026548675,67.17840632702116,24.810088161414694,4749.515381358788,450.7967105744723
3822,44.412573268803776,0.1708188910154421,0.0333909579156002,13.508781634628685,67.17834032919383,24.81460152864904,6976.451706174175,931.3413486949908
3823,43.4513932194248,0.1201940847416108,0.0351235582824359,17.836836283185846,67.17827431533966,24.81911489299562,12486.510921163095,1424.3693829105828
3824,43.256523295024905,0.0969392594426224,0.0466709755272254,20.51755113322278,67.17820828545608,24.82362825445404,16776.5263667165,1917.824908250011
3825,44.023058559491965,0.2043988221927887,0.0222798637461001,24.18693911362695,67.17814223954056,24.828141613023885,11789.1832153082,2411.2804335903684
3826,43.551385244528895,0.1423252873638066,0.0354828141131218,23.949709864603488,67.17807617759054,24.83265496870474,17043.018983651134,2904.73595892959
3827,43.42909706338031,0.1059180915058763,0.0484162881742123,21.089616128141397,67.17801009960347,24.837168321496208,19647.94677833541,3384.444734391224
3828,44.19727260190979,0.1360841117540084,0.0388242494513156,18.05505726507521,67.1779440055768,24.841681671397875,14021.323544869612,3782.8520869195804
3829,44.9222206360177,0.1415949465314741,0.0412916389623127,18.40057955015869,67.17787789550802,24.846195018409336,9283.450113521549,4203.031484838678
3830,45.01979173324504,0.1484638211989703,0.0257171324482927,19.543736203090504,67.17781176939451,24.85070836253017,3863.640304176306,4639.0707488946055
3831,44.77527166987578,0.2934043934342361,-0.0265223851273889,18.208862506902264,67.17774562723376,24.855221703759995,2689.8490745617232,5086.893075704295
3832,41.17384723014073,0.4835082213891679,-0.1495314905040521,17.70943708609272,67.1776794690232,24.859735042098382,1009.5094247295726,5543.6436495969565
3833,44.4960889733803,0.3078670270050795,-0.0214497289987822,15.93151063242199,67.17761329476029,24.86424837754493,408.7490465307302,6007.286297776546
3834,44.21865839874175,0.2344466578759158,-0.0072657978967131,18.26559050772628,67.17754710444244,24.86876171009923,7689.202740451076,6476.340974106523
3835,44.68150373584936,0.136295027026136,0.0315384100348288,20.77673520077274,67.17748089806715,24.87327503976088,13344.795998663352,6945.216594111023
3836,44.188193331909446,0.1017770486118415,0.0418302154098885,23.01021676101065,67.17741467563181,24.877788366529465,17430.959893719562,7415.842459896415
3837,44.300314113943685,0.1604073804010574,0.0133566940985895,22.6897265948633,67.17734843713389,24.88230169040458,12722.136145310204,7890.082714430591
3838,46.21189854096372,0.2635481200747332,-0.0112908483092961,22.935800082838615,67.17728218257083,24.886815011385824,2600.8240034908904,8367.32281502259
3839,46.05170508120035,0.2175763614847339,-0.0011635614684867,25.39445364238411,67.17721591194007,24.89132832947277,6933.973972325993,8847.077310655102
3840,45.91130264735102,0.2053069179045213,-0.0013459039161117,23.831677704194263,67.17714962523904,24.89584164466504,9186.405451265942,9328.958290736286
3841,50.26113912870037,0.1873773456953461,0.0814173914333237,24.0096578366446,67.1770833224652,24.900354956962204,0.0,9812.65247726457
3842,50.79823749192056,0.1773525822488584,0.1041420062593068,26.265590507726262,67.17701700361596,24.904868266363856,0.0,10297.904373633444
3843,49.72191204827814,0.1138569542214666,0.0960754772040539,26.773040838852097,67.17695066868875,24.9093815728696,0.0,10784.50371306585
3844,49.12494994209352,0.1524249401701758,0.0871588804724883,30.745966073645008,67.17688431768106,24.913894876479027,0.0,11272.27599845907
3845,48.35428182419965,0.1815683782071561,0.05641731483185,33.5888597821591,67.17681795059028,24.91840817719172,8804.19095953458,11761.075292394915
3846,47.2971837596139,0.155918478511275,0.0506735796156497,35.389823496966336,67.17675156741385,24.92292147500729,9314.738166157062,12250.778664276046
3847,46.73875559304263,0.1387520845930743,0.0442903845962761,37.54946874568786,67.1766851681492,24.927434769925306,10723.15854988285,12741.281871475574
3848,48.36909076232927,0.1863906322448692,0.0467147838795614,38.75120739616394,67.1766187527938,24.93194806194537,10050.719437480197,13232.49596921842
3849,47.54230485355028,0.2231880775221613,0.0138550323959592,41.0494967599614,67.17655232134506,24.936461351067088,11513.035195044837,13724.344626323053
3850,49.9468307922708,0.1485275422150713,0.085811965127633,43.35585275058595,67.1764858738004,24.94097463729004,11577.740193154184,14216.761982548212
3851,50.5843593900276,0.1783142813281258,0.0910732341378715,45.19346387203532,67.17641941015724,24.945487920613825,1065.744698362965,14709.690925184923
3852,47.99963034065398,0.1174352530430774,0.0828864866313632,47.26407284768211,67.17635293041305,24.95000120103804,8920.960702906636,15203.08169287344
3853,47.70553832880916,0.108886807515491,0.0815443637447445,51.50089692286463,67.17628643456523,24.954514478562263,10836.98586448564,15696.890736880108
3854,50.02065397567881,0.1895403866225252,0.0702165103326027,52.937086092715234,67.1762199226112,24.959027753186103,2418.581700875275,16191.079786432909
3855,48.11581863587434,0.161279423706663,0.0620974611470285,54.77304671351797,67.17615339454841,24.963541024909148,11663.050674650556,16685.615076926646
3856,46.56143388844151,0.1393452832552854,0.0490563848283023,55.041201598456645,67.17608685037428,24.96805429373099,14384.48085481302,17180.466709021446
3857,48.13440541799779,0.1704618228822559,0.0521647048888878,56.55046883618311,67.17602029008623,24.972567559651235,10630.146035509508,17675.608113553495
3858,48.39763514012407,0.2035624295547689,0.0474476484696298,57.96470912599944,67.17595371368166,24.977080822669457,10748.612090673829,18171.015602539315
3859,49.64824664883716,0.1628069481109429,0.0744442415090037,60.75682006062276,67.17588712115806,24.981594082785254,14059.678061688415,18666.66799059607
3860,49.8311404570153,0.1371865778122371,0.0855767937002429,62.9536998759818,67.1758205125128,24.98610733999823,14411.202507499298,19162.546274288932
3861,48.30659002691197,0.2344241771564052,0.0252016792045505,63.69119470855727,67.17575388774333,24.990620594307973,9687.687451939188,19658.633359343257
3862,48.683764467289045,0.1164292884312984,0.0768274736791611,64.74020959735248,67.17568724684705,24.995133845714083,8685.233323781546,20154.913827640055
3863,47.43149400747174,0.1443174173924874,0.0652141124465514,67.13152083908363,67.17562058982138,24.999647094216137,12195.618577877089,20651.373737399084
3864,47.36751014481096,0.2282513778985933,0.0416429127141824,68.78415677615237,67.17555391666376,25.004160339813748,7186.926856587528,21148.000451190204
3865,47.909788970919145,0.2209519673987877,0.0446868231293565,71.81465636213088,67.17548722737158,25.0086735825065,6371.2095748531365,21644.782487359294
3866,48.67760902717282,0.1550313044060476,0.080601276836954,73.51116009920094,67.17542052194227,25.01318682229399,10280.579429212004,22141.70939124276
3867,49.25270662924352,0.1511405588589675,0.0891321766136142,75.61664599696844,67.17535380037324,25.017700059175816,5871.659400584282,22638.771623195054
3868,49.07571068544557,0.1564569348885144,0.0727392848683986,78.03925079190196,67.17528706266195,25.02221329315156,12493.656468567064,23135.960460885897
3869,48.54317318625795,0.162475246932253,0.0453723692990164,82.47767980159824,67.17522030880578,25.026726524220823,14730.698544375278,23633.267913851625
3870,48.63654381030862,0.1470212642915979,0.0699312676405003,80.96762193441718,67.17515353880214,25.031239752383208,13923.812560906972,24130.68664849305
3871,48.55553513514192,0.1086328596694454,0.0832409188615236,78.9488839900799,67.17508675264843,25.035752977638307,20131.046637907515,24628.209922106867
3872,49.53632858928672,0.1065991100194967,0.1044541501721515,77.09969705315338,67.17501995034212,25.040266199985712,11112.781024073083,25125.83152468031
3873,51.259546318515376,0.1048768901900887,0.1158233604730234,75.66271863379701,67.17495313188054,25.044779419425,1830.699059458613,25623.545727427303
3874,50.803613380532006,0.1445163844278317,0.0904565628321293,80.78211135611909,67.17488629726118,25.0492926359558,1351.6129998818171,26121.347237157963
3875,51.50901202164075,0.1634752020063648,0.0837110679994271,82.92968426857858,67.17481944648141,25.053805849577667,0.0,26619.23115573466
3876,28.830533084618157,-0.2058574671674707,-0.1294094044121095,0.1433503659715508,67.1842053630433,24.75147411389694,0.0,346.15169603379053
3877,33.07343218424704,-0.0335093541743228,-0.1619492280554383,1.433821497651284,67.18413975168497,24.75598753101579,0.0,69.83448071257995
3878,31.901768448732387,0.3942433051015686,-0.3652248162689187,2.201463684065175,67.18407412437618,24.76050094525307,0.0,63.23021873392066
3879,32.19996591521128,0.5623003155098064,-0.4184586744510677,3.384700359016846,67.18400848111438,24.76501435660836,0.0,412.8416193578339
3880,30.048740964225363,0.1667228984346414,-0.2713390968455678,1.950704225352112,67.18394282189699,24.76952776508125,0.0,7.284487688695702
3881,28.901104350526765,-0.1405233542319162,-0.0373832469696854,0.0,67.18387714672156,24.774041170671342,0.0,484.68103642242744
3882,29.03599049811629,-0.0860472212053504,-0.0076152012247696,0.0,67.18381145558551,24.77855457337822,0.0,596.6886487231178
3883,29.17001578577468,-0.0738775857556896,-0.0677243443532683,0.0,67.18374574848633,24.78306797320148,0.0,294.13284057148235
3884,31.192389272444405,-0.0039237893984959,-0.1290284047772962,0.0598314218598867,67.18368002542148,24.78758137014071,0.0,226.01707450940384
3885,34.887397500458974,0.06102635478179,-0.0844214901810149,0.9001935305501799,67.18361428638842,24.792094764195493,0.0,46.5630217937214
3886,32.677535181227896,0.5237025797610529,-0.3678508644353965,2.253871681415929,67.1835485313846,24.79660815536544,0.0,210.50847081436086
3887,31.74752327007464,0.1807926009241071,-0.2432450973358397,0.8120508568269762,67.18348276040753,24.80112154365013,0.0,110.8684529604337
3888,37.913330743222346,0.1173325822976599,-0.0635981383316331,1.945557551471604,67.1834169734546,24.80563492904916,1190.5943519780371,136.62996779042282
3889,46.15362851728655,0.1295778680070262,0.0775583431254921,12.113152804642167,67.18335117052337,24.81014831156212,3493.4972108798274,356.82555754979313
3890,44.323371825774665,0.0848872005378537,0.0563276091688677,14.371582435791218,67.18328535161123,24.8146616911886,18765.5567747489,850.2810828897277
3891,43.813519535633816,0.089527776873622,0.0491415895679141,15.464374482187242,67.18321951671564,24.81917506792818,22618.60722797323,1343.736608229175
3892,42.81074833185321,0.1628537066581675,0.0149598693370092,17.966606871809024,67.1831536658341,24.82368844178048,16985.46589496246,1837.2869702746473
3893,43.061881538313806,0.3691541632090552,-0.0431790183451113,22.457568649096174,67.18308779896404,24.828201812745075,2247.556589825777,2309.4173670054356
3894,42.33047610252937,0.433938760979987,-0.1077176133913476,26.424409774955134,67.18302191610293,24.832715180821545,5329.622995727351,2681.214711097611
3895,43.23974993914342,0.1384488424603948,0.0317235900617894,23.877037855761262,67.18295601724823,24.83722854600951,18252.590525882813,3089.4038387155388
3896,43.50279640873242,0.1529781753555227,0.0224394878139681,20.914526373929878,67.18289010239737,24.84174190830855,12199.032532093785,3521.351988941268
3897,44.21244734669798,0.1231459904870751,0.0438550442568846,20.41506830412585,67.18282417154785,24.846255267718245,11358.709561106783,3969.310214764626
3898,45.092379600563405,0.1420663787066825,0.0436429872709944,20.646092239712782,67.18275822469708,24.85076862423821,4368.538852940851,4428.4226685959275
3899,46.02567292536266,0.1782567629404149,0.0350777355381498,18.99226412487913,67.18269226184256,24.85528197786801,9588.23003592674,4895.55217336188
3900,44.730732480743335,0.3971724638250288,-0.079846930579388,15.97292069632496,67.18262628298172,24.85979532860728,2689.636196359371,5365.308937393915
3901,42.98275188690143,0.3489667574765299,-0.0642681070457023,16.409831538249104,67.18256028811199,24.86430867645556,2475.221174319284,5834.828690331135
3902,44.02191711095201,0.1607948270131758,0.0239460739356592,20.63907284768213,67.18249427723083,24.86882202141248,10944.331748786302,6309.034133450131
3903,44.72310010067342,0.1647639500373598,0.0174575366201634,21.59417690078654,67.18242825033573,24.873335363477604,11679.412341512772,6786.943166713981
3904,44.7658585012583,0.1102940119585728,0.0414890048208775,23.0594646799117,67.18236220742412,24.87784870265056,16719.078144299114,7267.825217978359
3905,44.74832149754833,0.1562002289695775,0.0199678100681724,23.882937603533964,67.18229614849342,24.882362038930903,14524.895567564172,7751.126966423386
3906,46.10517096538061,0.2166410143904946,0.0205759163708625,21.01337562051849,67.18223007354112,24.886875372318265,9398.76772182164,8236.42246972796
3907,46.11539580347768,0.2001991824269133,0.0274761258983365,21.93684500827358,67.18216398256465,24.891388702812204,4860.5127753853085,8723.378986936777
3908,45.29792291878504,0.1410881624923754,0.025350395434931,25.031754797735736,67.18209787556144,24.895902030412334,12796.549686894452,9211.733105084313
3909,47.06840200028169,0.1402883608702908,0.0478853281766504,27.13297431648716,67.18203175252894,24.90041535511824,7840.338063695267,9701.273764231046
3910,48.72377428957747,0.1442305621658205,0.0661823783649658,27.771471969069317,67.18196561346463,24.90492867692951,4975.429636820082,10191.829987665998
3911,49.585948802133295,0.1511781078371843,0.0979003386446029,29.45425693390368,67.18189945836592,24.90944199584575,1534.1646072606925,10683.26187763311
3912,50.06838940069765,0.1449445725114807,0.1040843018230524,29.393905969943475,67.18183328723026,24.91395531186654,0.0,11175.453914466514
3913,48.9014173405219,0.1660118105199925,0.0893017428817146,33.23609001794836,67.18176710005511,24.91846862499149,0.0,11668.309905137334
3914,47.89765486796632,0.220129628319747,0.0362811174145558,35.348750517741266,67.18170089683788,24.922981935220182,1767.5770619088153,12161.749129544605
3915,47.787058766087824,0.2450140677454426,0.0241278711667238,38.72915516289343,67.18163467757604,24.927495242552208,2510.0862690422887,12655.7033679403
3916,47.44434714801988,0.2754949007154703,-0.0007673871552768,40.49958632101489,67.18156844226701,24.93200854698716,3499.571863279492,13150.114584454685
3917,45.19177637348685,0.2294511334786042,-0.0297108110933417,43.85936853715703,67.18150219090823,24.936521848524634,9580.63456964085,13644.933104671169
3918,45.216308077357965,0.1884302217225124,-0.0058580384761963,46.39740761169331,67.18143592349716,24.94103514716423,10630.292001626114,14140.116169158637
3919,47.15079995111264,0.1866041283886711,0.0154581661555862,47.40727974631186,67.18136964003122,24.94554844290553,9846.916527320407,14635.626775894818
3920,47.500134978783954,0.1655651165105656,0.0390263908530913,47.90914104508479,67.18130334050784,24.95006173574814,9873.471216035272,15131.43274673715
3921,47.30161490352212,0.1719948828271403,0.0388614066156669,50.9269670662808,67.18123702492449,24.95457502569164,10792.22683576186,15627.505969103531
3922,50.83001737688958,0.1810347416751599,0.0852499618144047,51.97738866675856,67.18117069327856,24.95908831273564,1550.5696767305324,16123.821775852499
3923,49.51413905514963,0.1758634824511346,0.0662363529355405,54.52543774989659,67.1811043455675,24.96360159687972,10295.90834725456,16620.358434889305
3924,50.11438072443712,0.1567114698575364,0.0846221055873714,55.53807947019868,67.18103798178876,24.96811487812348,12191.788631674548,17117.096726623276
3925,50.30119240004142,0.1926983486650579,0.0734400762776009,56.935016556291394,67.18097160193976,24.97262815646651,9599.095372784395,17614.019592150347
3926,50.31772131850168,0.1656087738016114,0.0820955764641186,58.80642935982342,67.18090520601791,24.977141431908407,4117.864621346508,18111.11183876953
3927,49.59773415445397,0.154959102429615,0.0816157466956963,60.0399889685604,67.18083879402067,24.98165470444876,9169.930937697687,18608.35989225937
3928,49.59673440739895,0.1487183593554933,0.0795524279663902,62.999310059334896,67.18077236594547,24.98616797408718,13855.512222852529,19105.75158749264
3929,49.00749118830987,0.2554790462187646,0.0090954819250183,64.35818834576084,67.18070592178972,24.990681240823235,5861.494014167809,19603.27599065336
3930,50.06517264870033,0.1900785350060562,0.0580197529460998,66.92411699779248,67.18063946155088,24.995194504656546,5370.0429855387,20100.923247657563
3931,49.03330298811419,0.1778854688742146,0.0490702633171292,68.7293906810036,67.18057298522633,24.999707765586685,5847.279175075814,20598.68445436184
3932,48.63850958297645,0.191851580073048,0.0584575252392563,70.30136420008267,67.18050649281355,25.004221023613265,6847.030749895207,21096.551545032657
3933,49.87814447271601,0.1753866408408187,0.0811135341427317,71.68650957696016,67.18043998430991,25.00873427873585,7193.818915003327,21594.517196123543
3934,49.60387172619179,0.1345882387185845,0.102030813215159,75.64287682557179,67.1803734597129,25.01324753095409,3672.347125756427,22092.574742996832
3935,48.84993308124174,0.1387793876354783,0.0912007680660879,78.22254415011038,67.18030691901987,25.017760780267515,9259.008489312098,22590.718107570978
3936,49.99209585370674,0.1317230973871133,0.0976936735509436,79.37425851841631,67.1802403622283,25.02227402667576,7012.811599438284,23088.94173530336
3937,50.53186953438548,0.1160741704036752,0.1007406629608877,81.86494688922615,67.1801737893356,25.026787270178406,2361.705264340042,23587.240540098755
3938,50.35513010526058,0.1354307344196997,0.0873239646547565,82.72387648194106,67.18010720033917,25.03130051077505,6693.3548298337855,24085.60985601899
3939,48.6260112883529,0.1644781543269204,0.0671151128297118,81.21874569262579,67.18004059523643,25.035813748465287,14434.908890617651,24584.045394846522
3940,51.03851840664005,0.1230163254550369,0.0997944528655368,79.55223263506066,67.17997397402483,25.04032698324872,6890.112754780068,25082.54320867614
3941,51.12467048979597,0.1336265311356282,0.1053264806834587,81.86900165471599,67.17990733670176,25.04484021512493,173.04158017875216,25581.099656856495
3942,50.81791175193992,0.1932331089509582,0.0934073767285884,86.56969529849722,67.17984068326467,25.049353444093512,775.7091296444738,26079.711376711668
3943,51.226489655035145,0.1947845830647345,0.0971614915682292,88.10249345639893,67.17977401371097,25.05386667015408,0.0,26578.375257545642
3944,28.81432926735796,-0.2471191533493265,-0.1053241603747218,0.0,67.18914790054433,24.75153394014844,0.0,634.3319955676195
3945,28.986660108166497,-0.2454576317877487,-0.1389220351157795,0.0085730088495575,67.18908246753986,24.7560473696145,0.0,342.698349683863
3946,30.204677325788907,-0.1013277629441733,-0.1799642776306291,0.21580547112462,67.18901701862825,24.76056079619986,0.0,98.32774133161507
3947,33.70355665731234,0.3714284320498671,-0.2567177082536025,3.559933637494815,67.18895155380696,24.765074219904104,0.0,236.0550453639147
3948,29.83326343641793,0.1217359482578688,-0.2522396382289674,1.267965726920951,67.18888607307346,24.76958764072681,0.0,47.554447288295755
3949,29.665796861894385,-0.1515578240369828,-0.0976464896314952,0.7367256637168142,67.18882057642527,24.774101058667583,0.0,191.23774949357494
3950,29.37908252854068,-0.163610225625715,-0.0981719722265195,0.0806295733811956,67.18875506385982,24.77861447372602,0.0,324.4039297622886
3951,29.147500841549316,-0.1164311990783119,0.0164061826009599,0.0,67.18868953537459,24.78312788590169,0.0,644.5278970588026
3952,29.378414672310047,-0.0899999518747071,-0.0283074425463726,0.0,67.18862399096705,24.787641295194216,0.0,523.6050434674847
3953,29.674590039729004,-0.0881666958286976,-0.0784905976188399,0.0012444690265486,67.1885584306347,24.792154701603167,0.0,329.1234374444523
3954,31.302923797043388,0.2724399659329183,-0.2278007139518258,2.1921801602652664,67.188492854375,24.79666810512813,0.0,9.858114958262108
3955,32.03082781785568,0.339687995269499,-0.2923637482301477,1.759900648544225,67.1884272621854,24.80118150576871,0.0,90.27291427129352
3956,36.33251452724636,0.0959290668326092,-0.0954724097463764,3.631324301907658,67.1883616540634,24.805694903524504,1858.525501287988,70.30889628232653
3957,44.08696650025425,0.1275292382174389,0.060643554624724,18.433130699088156,67.18829603000646,24.810208298395093,11365.010160872243,362.3002511802753
3958,43.9890249444494,0.1019081733999274,0.0522842602534416,22.38593339781679,67.18823039001205,24.81472169038007,21271.75962452326,835.705569039551
3959,44.68416629669753,0.1163133869293682,0.0545125898065919,21.924202678448168,67.18816473407759,24.819235079479032,20229.98034131428,1308.5682971585109
3960,45.97878230960102,0.2187640068344804,0.0692512458600006,23.566201850062136,67.18809906220062,24.823748465691555,3208.3188275231623,1602.4527265854176
3961,44.86471385907713,0.3261056780354252,0.0082409220278107,25.31762917933132,67.18803337437858,24.82826184901726,1294.0079945293216,1980.7469533578576
3962,43.75233945726961,0.3274801473858048,-0.0192785628026228,28.441619455575527,67.1879676706089,24.83277522945572,3218.4522438907206,2403.926422587423
3963,43.00071938253523,0.1626155823108807,0.0233503709168417,26.6681855840928,67.1879019508891,24.83728860700653,17139.677531215235,2852.080994092486
3964,43.58258225487721,0.1261136508233522,0.0391262239291991,25.48399116754071,67.1878362152166,24.841801981669285,12862.2895962642,3315.0972456610507
3965,44.30059206221458,0.1338899359529965,0.0425138203231018,22.465276818997665,67.18777046358892,24.84631535344357,11026.60440871112,3786.429247336255
3966,45.29628096806462,0.1659564875423368,0.0286369563816205,21.16109884041965,67.18770469600344,24.850828722329,3283.759297600762,4253.907885447996
3967,45.6440477872306,0.1141071654147318,0.0495543794665718,20.604939975162136,67.18763891245767,24.855342088325145,7411.699238162077,4728.045912460978
3968,45.03575758384108,0.2419459383697592,0.0148240036941558,15.471164459161148,67.18757311294908,24.8598554514316,3728.359675486743,5207.024486448545
3969,45.3029582792219,0.1991822457515006,0.0294755589802452,18.44150110375276,67.18750729747511,24.86436881164797,5264.987050962772,5689.6212399679325
3970,44.31761707323947,0.1282725978295729,0.0409403781885942,22.41148853907762,67.1874414660332,24.86888216897383,13703.499574095666,6174.987911387406
3971,44.48844869338033,0.1052961516901573,0.045265413436615,23.574703120684912,67.18737561862085,24.873395523408792,18585.2399350602,6662.519159969415
3972,45.33383661352112,0.1357247189842096,0.0378119057848262,24.06779895056613,67.18730975523547,24.877908874952432,14236.826363853495,7151.772326339788
3973,45.14122866904049,0.111880345889779,0.0440700629996045,25.24962032307054,67.18724387587456,24.882422223604355,19581.75130678679,7642.416715826408
3974,45.394860009023176,0.1295956019417583,0.0372412343511511,25.532284768211923,67.18717798053557,24.886935569364145,11857.81217418558,8134.200582019559
3975,45.3401595094298,0.1252122099798828,0.0407338339711521,25.61728565511528,67.18711206921591,24.891448912231404,16504.408104871636,8626.929057226156
3976,45.17297619016432,0.0885856330596607,0.0532034052329516,25.978323898936903,67.1870461419131,24.89596225220572,16016.639760004624,9120.449046400008
3977,45.26703322905631,0.1085988576673571,0.0448474103896874,28.778559602649008,67.18698019862454,24.90047558928669,14926.642172791637,9614.638664931586
3978,45.36133826685053,0.1306539110154402,0.0319746664877962,31.685879757308328,67.1869142393477,24.9049889234739,16156.51858730254,10109.399710474037
3979,45.591744958943735,0.1124660876303928,0.0366689614660461,33.73152233866519,67.18684826408003,24.90950225476694,16751.642394314564,10604.652203381633
3980,49.78835924365065,0.175878448157237,0.0687313883926444,31.31456953642383,67.18678227281897,24.91401558316544,2998.642672201033,11100.330364588619
3981,49.79271005111756,0.1852450403024302,0.0816381313058363,31.75220750551875,67.18671626556198,24.918528908668936,1348.2727308075457,11596.379609642323
3982,47.72287242285834,0.2611184380140038,0.0139993703809867,37.20333839150227,67.18665024230654,24.923042231277066,1848.7572642072016,12092.754272644002
3983,46.67727549552952,0.3199754488557291,-0.0319232083446725,40.011720904578034,67.18658420305002,24.9275555509894,3235.8363953887524,12589.41586197907
3984,46.71519609910372,0.3435958884470778,-0.0429360639577046,41.23207391064534,67.18651814778994,24.93206886780554,4800.445303868909,13086.331708803793
3985,47.1290505669281,0.2701382147049376,0.0041585903429198,43.1007869667265,67.18645207652372,24.936582181725075,4811.485640755463,13583.47390911008
3986,48.25768567875745,0.2283810289934944,0.0192938667955785,45.46997100648903,67.1863859892488,24.941095492747607,4000.2849157642254,14080.818487779694
3987,48.80958949380369,0.2240920479455645,0.0188096450983842,48.12080629573383,67.18631988596262,24.945608800872723,7962.805024919517,14578.344732232135
3988,48.32527887821697,0.1939037393863424,0.0341378446906297,49.22453767595916,67.18625376666266,24.950122106100025,8459.941921646885,15076.034656947686
3989,46.88805826584668,0.2482851294360141,-0.0117432557144923,52.86817429674573,67.18618763134631,24.95463540842909,8588.282089407523,15573.872569878396
3990,47.21191483247413,0.2044060408684299,0.0291420327016005,54.17400303573892,67.18612148001102,24.959148707859534,7946.281986185926,16071.84471888313
3991,48.56148447186431,0.1665028444104579,0.0600312419365979,54.19746276889133,67.18605531265428,24.963662004390937,9701.693962328698,16569.939001474453
3992,49.818205399553214,0.163932472156489,0.079252601657075,55.94373965802536,67.1859891292735,24.968175298022896,4668.736098897786,17068.144725101192
3993,49.789348433665616,0.183856854430242,0.067033737843642,58.00648902388512,67.18592292986611,24.97268858875501,11010.694768671008,17566.45240795762
3994,50.58610469174575,0.1568307419972122,0.0998083286861648,58.75620518477661,67.18585671442953,24.977201876586864,2208.3939105602485,18064.853612603736
3995,49.87651272120812,0.1542911731967731,0.0888954078955252,61.07433457454143,67.18579048296124,24.98171516151805,5537.578498697443,18563.340806228458
3996,48.706721910206966,0.1662733962824443,0.061953122180609,63.58236754966886,67.18572423545866,24.986228443548185,13116.99487097119,19061.90724275279
3997,49.51280307388249,0.2295676012029137,0.0269096876969807,66.30573951434877,67.18565797191924,24.99074172267684,10531.893382674694,19560.546862859374
3998,49.90421188366222,0.1889100641284443,0.0496287625608006,67.0825169035463,67.18559169234038,24.995254998903608,12290.95950544825,20059.254208881954
3999,49.90752803920312,0.1597634415729746,0.0695046681190909,69.89300978905283,67.18552539671956,24.999768272228103,7195.582233361726,20558.024352030345
4000,50.06080170732665,0.1464730606617693,0.0984375274621858,72.77057769198954,67.18545908505416,25.00428154264991,1262.4226030574173,21056.852829909636
4001,50.232474624707066,0.1370463412964747,0.0987984300127793,73.25534261684822,67.18539275734166,25.008794810168624,0.0,21555.73559269021
4002,50.6914190159184,0.1425036342912631,0.1124740757919357,75.14671814671821,67.18532641357949,25.01330807478384,167.85921018696664,22054.668956553433
4003,49.55478644093495,0.1446796739086633,0.0982046256470592,80.13761720904583,67.18526005376503,25.01782133649513,6906.378452307706,22553.649563294923
4004,50.28032528559297,0.1335387984381806,0.104713403776342,79.19801434087151,67.18519367789578,25.022334595302127,3683.365382107549,23052.674345170028
4005,50.72603960820322,0.1201088929937743,0.1078551349949968,80.82996007159576,67.1851272859691,25.02684785120441,2354.5020620633004,23551.740494168374
4006,50.789838239063634,0.133874494712236,0.1002817733529404,81.13549986229691,67.18506087798245,25.031361104201565,3548.1469215677657,24050.845435129628
4007,50.78715153004966,0.1285785908569501,0.1086828748171208,82.07099531293079,67.18499445393329,25.035874354293195,4630.862195774532,24549.986802115232
4008,51.01854498161292,0.1356493137883053,0.1017455481681594,83.50068927488283,67.184928013819,25.040387601478905,2176.6215241928826,25049.16241759887
4009,51.37845909503725,0.1641659803457444,0.1041100989336786,84.22029225255032,67.18486155763702,25.04490084575827,882.1787692265002,25548.37027409313
4010,51.92557596357924,0.1902728394810144,0.1020350653562325,86.61615883082862,67.18479508538479,25.049414087130906,1047.146480442534,26047.608517880493
4011,51.78510243406371,0.2073715964079848,0.0836693480156282,91.86344219374404,67.18472859705973,25.053927325596376,0.0,26546.875434577116
4012,28.803717134033988,-0.2466833447176706,-0.1096517940007809,0.0,67.19409045394998,24.75159360352044,0.0,1021.6896892320613
4013,28.865319359986188,-0.240220264115593,-0.1091037154892133,0.0,67.1940251993019,24.756107045300123,0.0,763.0691196412604
4014,28.88107975187957,-0.2485139127982063,-0.1178876667580206,0.0,67.19395992879,24.76062048419996,0.0,381.71085132418284
4015,31.92577884307269,-0.070652911299504,-0.1003372107171785,2.0139541309754074,67.19389464241176,24.765133920219547,0.0,84.58915552901524
4016,32.47912076917658,0.2309043397693077,-0.2328269991057698,2.9700193423597674,67.19382934016467,24.76964735335846,0.0,14.443581079502593
4017,31.75750269216264,0.3235558988333438,-0.3238767159534872,1.6588772123893802,67.19376402204621,24.774160783616303,0.0,7.867577709015289
4018,29.82852996620301,0.0127094085885068,-0.2094199897105907,0.3080752212389381,67.19369868805387,24.77867421099268,0.0,15.79152510749878
4019,29.19207490409628,-0.2196856525784292,0.0439137748625426,0.0,67.19363333818514,24.78318763548716,0.0,475.2439470878031
4020,29.188808673473467,-0.118509179352246,0.087966567135496,0.0,67.19356797243746,24.78770105709934,0.0,644.8379060238302
4021,29.52547383295553,-0.0661427881590343,0.0846597669765622,0.0,67.19350259080835,24.79221447582882,0.0,694.8865575691087
4022,29.78529004607436,0.0057006395207076,0.0073592660362362,0.1569711206300953,67.19343719329527,24.796727891675182,0.0,290.18699923197124
4023,30.561521839577487,-0.0374328953895721,-0.1134524532229232,0.2268710301021817,67.19337177989571,24.80124130463804,0.0,228.02286011066377
4024,41.5808782804148,0.143714191219867,0.0297006385443151,5.654085441725426,67.19330635060712,24.805754714716954,6774.172898375643,139.27927152688045
4025,43.63704030056339,0.1060936843158723,0.0617032616085159,16.338304335818837,67.193240905427,24.810268121911538,17184.164714341416,578.6612292940471
4026,43.93844616573521,0.1189301033389986,0.0534566622832285,21.86593952781997,67.19317544435285,24.814781526221385,23207.8578708264,668.4288692939742
4027,46.48091699257903,0.1893813258694627,0.0918201036197266,24.94342486546158,67.1931099673821,24.81929492764608,10335.716005151678,895.7125131580773
4028,46.740858269295785,0.2190312788581829,0.0786670109445203,26.05758077879039,67.19304447451222,24.823808326185205,3640.0045726125504,1287.5576332066087
4029,46.21340533895626,0.2735122799107075,0.0416409272525344,28.5657876570482,67.1929789657407,24.82832172183837,3646.601844176695,1735.8883636648713
4030,45.95914344168442,0.2924078206483966,0.0476732407954186,27.25113903078835,67.19291344106503,24.832835114605167,4486.915460061259,2206.5385025109977
4031,43.72202596028744,0.1998959485141499,0.0382579926067205,28.439132237114823,67.19284790048266,24.837348504485185,12039.074516249291,2673.244984487904
4032,43.63190880725946,0.1409046271511123,0.0366432169769879,29.34447052326385,67.19278234399107,24.84186189147801,11525.084813527184,3147.2090176053507
4033,44.16015027943668,0.1221608822511803,0.0409176107049944,26.550814692074027,67.19271677158773,24.84637527558324,15037.045016007793,3628.169022191337
4034,45.46877829529433,0.200588889914201,0.0122564905075584,22.622685824813487,67.19265118327009,24.850888656800475,5406.871597163078,4113.671876360122
4035,44.50041868354749,0.1285214943992734,0.0365664394916989,22.64705069761018,67.19258557903562,24.85540203512929,5564.081492930487,4602.280104339557
4036,44.19594821938459,0.1919491806564569,0.022152785608842,18.380019318338636,67.19251995888183,24.859915410569293,3963.881483668196,5093.100039358632
4037,45.38401140630871,0.2139586243647535,0.0284077757252995,17.63983986747654,67.19245432280614,24.864428783120083,5420.743125201442,5585.548662640617
4038,44.35905270040615,0.1916400758203651,0.0080619589777978,23.888658654510284,67.19238867080603,24.86894215278123,11595.41887490886,6079.230190920085
4039,45.33026581623293,0.1641652724140638,0.0287094289159231,24.4745411894577,67.19232300287896,24.873455519552344,9488.45232773041,6573.8668655022375
4040,44.93697124118378,0.1178102307346879,0.045288916584507,25.494343267108167,67.1922573190224,24.87796888343302,8993.950364927332,7069.258194195125
4041,44.92136332066225,0.1048315709726903,0.0458780679237962,26.33664459161147,67.1921916192338,24.88248224442283,14173.986639274755,7565.255928697782
4042,45.67990233123499,0.103417936955079,0.0497377557698069,26.22505864495653,67.19212590351066,24.886995602521395,10398.781516752711,8061.748142733994
4043,45.414519278181295,0.1153348228962873,0.0429721933879595,26.51483372429971,67.1920601718504,24.8915089577283,14466.917208369396,8558.648781598478
4044,45.44357408057986,0.1069134592704574,0.0465035796812955,28.446085876018213,67.1919944242505,24.89602231004312,19204.896377701,9055.890614196092
4045,45.00543389380284,0.0962294701304267,0.049018755554297,29.47804473902237,67.19192866070841,24.90053565946548,17165.938485222065,9553.420364745445
4046,44.88106950520493,0.1105111948705619,0.0418967167433164,31.411480612667315,67.19186288122158,24.905049005994936,17199.56500221431,10051.195277896973
4047,45.61309003450783,0.0873757028024524,0.0477600338866363,33.764462239403564,67.19179708578751,24.90956234963112,17454.054136254163,10549.180648893709
4048,47.92143492014087,0.2123593950304676,0.0297923648783919,34.67771333885667,67.19173127440362,24.914075690373583,3167.394297248612,11047.348017112838
4049,47.21567998407618,0.2540788402340896,0.0015934487345449,36.88933351731751,67.19166544706736,24.91858902822197,2019.7754738011176,11545.673824388106
4050,47.59528680985918,0.3069466645733764,-0.0143027848175492,39.35363159348246,67.19159960377621,24.92310236317584,673.4893988254107,12044.138404501253
4051,47.01064124993381,0.3057528341989717,-0.0089994454248898,41.69674392935981,67.19153374452762,24.927615695234785,3132.353773308392,12542.72521241038
4052,46.98804921293876,0.2875929493367607,-0.0076991781240078,42.64969646799118,67.19146786931903,24.932129024398417,2926.5953301195123,13041.420229445885
4053,47.06170094019031,0.2741302013353723,0.0100732922760517,42.153888582460006,67.1914019781479,24.93664235066632,3301.408499936122,13540.211499368987
4054,50.46337929796197,0.2404688688552254,0.0703171046737018,45.84555984555983,67.19133607101168,24.94115567403809,1008.289450640099,14039.088762948717
4055,50.24724587715235,0.2505161044251083,0.0286172275909102,48.17563465783664,67.19127014790783,24.94566899451332,2924.0281613480624,14538.043167494652
4056,50.68986441920861,0.2266633099782807,0.0467125793932506,49.86612436233284,67.19120420883381,24.9501823120916,5621.267117709782,15037.067034019494
4057,48.70210294881754,0.2294696210006934,0.0232931469993443,52.3572216097023,67.19113825378705,24.954695626772537,4505.655662485879,15536.153669134574
4058,46.05324911633805,0.1844714117862144,0.0093999943732147,54.20436343551506,67.191072282765,24.95920893855571,9490.860569891276,16035.297211962636
4059,48.25534466460715,0.1942201064053391,0.0399103648890604,55.71799475210607,67.19100629576512,24.963722247440725,7556.699738899861,16534.492508712916
4060,48.88407669014089,0.1919387392135338,0.0589055470795411,57.33568075117372,67.19094029278482,24.96823555342717,6025.787490455678,17033.735009241504
4061,48.99984288478877,0.1790698695513964,0.0621367071355992,58.323667495167086,67.1908742738216,24.97274885651464,6609.972575387412,17533.020681248898
4062,49.243128665018645,0.1655832144844664,0.0899999461320319,60.09623604025922,67.19080823887289,24.97726215670273,2304.052471520195,18032.345938696497
4063,48.63051345711098,0.1814860404171547,0.0655466209053245,60.97792494481237,67.19074218793611,24.98177545399104,1281.1863744217726,18531.70758177028
4064,50.75014612894441,0.1631454903641011,0.0862025753183162,63.71436456464746,67.1906761210087,24.986288748379152,3013.601260239146,19031.102746276218
4065,49.53546898116188,0.2183789784412316,0.0330308874759055,65.97364426659307,67.19061003808817,24.990802039866672,1764.337045183685,19530.52886078895
4066,49.42978675909066,0.1579919743586563,0.0601686351485173,67.21782860292093,67.19054393917189,24.99531532845319,16655.174253588197,20029.98361019112
4067,49.93099381339761,0.1204020210112407,0.0875218183383241,70.2057567828123,67.19047782425731,24.999828614138305,7986.278776653566,20529.46490453836
4068,49.92709741718739,0.1216217710383194,0.1078460779687408,72.72314904177581,67.19041169334191,25.0043418969216,2445.103521440489,21028.970852336974
4069,50.03180249614232,0.1333756943740194,0.1030739062074516,73.80766579346479,67.19034554642312,25.008855176802687,0.0,21528.499737554816
4070,50.98611858120506,0.1388665566161529,0.1177715662720324,75.59823521301533,67.19027938349834,25.013368453781144,0.0,22028.049999739385
4071,50.06228297235733,0.1589977025724662,0.0938637991369808,79.76426799007447,67.19021320456503,25.017881727856583,3791.493372410945,22527.620216789375
4072,49.49075297456229,0.1373389049854654,0.104104675112251,82.44822831931619,67.19014700962063,25.02239499902858,3018.601574425676,23027.209089951586
4073,50.291231288615165,0.1335274541396249,0.1095212377024057,80.90230122640213,67.19008079866258,25.026908267296744,1690.464998869184,23526.81543074835
4074,50.26991521833705,0.1189200420496462,0.1158204953682903,83.41781577495867,67.19001457168831,25.03142153266067,3454.211295161043,24026.43814951285
4075,50.531295713565946,0.1319913546222566,0.1093261750397474,84.74048538334257,67.18994832869528,25.035934795119942,3091.622601689392,24526.07624533253
4076,50.85056244188091,0.1370342726046125,0.1060974918836004,85.4540816326531,67.18988206968085,25.040448054674165,313.11320952217363,25025.728797200834
4077,51.59232864322683,0.1505654901669938,0.1097411267962542,86.90093689721692,67.18981579464257,25.044961311322947,1581.3233621269007,25525.39495620023
4078,52.70986222823825,0.1706946311332216,0.114595329796008,88.07292528260272,67.18974950357774,25.049474565065847,689.4168028168652,26025.073938578877
4079,52.61734961180414,0.1665277209751847,0.1087681085999348,93.37255172413788,67.18968319648388,25.053987815902488,0.0,26524.765019632243
4080,28.82083934834625,-0.2725779900509815,-0.0973717506511526,0.0,67.19903302321694,24.75165310401089,0.0,1454.0132099263299
4081,28.78122152121047,-0.2518191008439343,-0.0956028992561191,0.0,67.19896794692774,24.7561665580706,0.0,1084.5410646838006
4082,28.73910855124328,-0.2435541389367205,-0.1091606387841051,0.0,67.19890285481806,24.760680009251303,0.0,765.0792138358538
4083,28.990010410449475,-0.2399156478892116,-0.1205707422178229,0.0004148803761582,67.1988377468854,24.765193457552613,0.0,347.90275296342963
4084,34.11130110696377,0.0243808032687726,-0.071148841426998,2.434403542762249,67.19877262312721,24.76970690297414,0.0,80.50108934580621
4085,31.956954698491565,0.5612489224674035,-0.434199599452406,2.43274287295876,67.19870748354106,24.77422034551544,0.0,40.41238173041256
4086,31.82507208225353,0.1810108997027224,-0.2657085444738628,1.7065727699530515,67.19864232812436,24.77873378517613,0.0,33.981146849948665
4087,32.94617594843169,-0.0181545972741232,-0.084869401121073,1.641978720464281,67.1985771568746,24.7832472219558,0.0,88.5452895111244
4088,30.774906911971847,-0.0551614266316999,-0.1144127393191831,0.0933443800055233,67.19851196978932,24.787760655854026,0.0,207.73476228024612
4089,29.23810065399284,-0.1048741866367338,0.0535213070712758,0.0,67.19844676686596,24.792274086870407,0.0,658.4732821311889
4090,29.227924841549324,-0.046899034919956,0.0026064513031577,0.0048329190831262,67.19838154810203,24.79678751500455,0.0,555.7605749672257
4091,30.70016249366361,-0.0073901572579788,-0.0745489663889921,0.1262591417138126,67.19831631349501,24.801300940256027,0.0,259.5138435477712
4092,37.997899463017845,0.0778512523711778,-0.0812867480008642,1.3607848556031503,67.19825106304239,24.805814362624453,2609.307733579056,100.59399774192175
4093,40.46473649701812,0.1331625512988156,0.0093174178224146,3.2606052231587688,67.19818579674163,24.8103277821094,4530.267553474345,113.48152939531987
4094,42.86845435572025,0.1973564837792683,0.0083757472479359,10.39853469726293,67.19812051459024,24.814841198710475,6557.625229433863,191.6952552274575
4095,44.41155666815413,0.1786745399918937,0.0549195929605697,22.290625431451065,67.1980552165857,24.81935461242725,14121.769473575428,626.2993084642416
4096,44.8219829422852,0.2921761721184007,0.036555107701059,24.993092014368617,67.19798990272547,24.82386802325935,5192.311647758749,1093.9584969934676
4097,46.32658270437475,0.2769726539506785,0.072858658533537,27.104877711759023,67.19792457300701,24.828381431206346,4331.913078241161,1566.9815083493406
4098,45.94406819049739,0.306281188456957,0.0488083130042752,26.504144791378845,67.19785922742786,24.83289483626783,3168.0793693958126,2052.8314352494813
4099,44.38326463327718,0.218586908307582,0.0396756612308355,28.80657640232109,67.19779386598546,24.8374082384434,10227.065903376422,2544.1703471404353
4100,43.18003409912794,0.1481217876325794,0.0312646958809341,30.836622050503667,67.19772848867728,24.841921637732643,15253.633791111488,3038.3364870698892
4101,43.902248564727344,0.1097089551214957,0.0392879739412914,30.295871876294363,67.19766309550083,24.84643503413517,16148.818553325142,3534.1440918191265
4102,45.19965943754937,0.1398870108500191,0.0382122063447511,23.996964261073558,67.19759768645355,24.85094842765055,5753.121288742172,4030.987511080666
4103,44.04439534760183,0.1001579964671076,0.0463612733202047,24.10175341709236,67.19753226153296,24.8554618182784,6622.811237646947,4528.5258271230405
4104,43.21977730973503,0.2188554597911288,0.0085834706002305,18.733646149599775,67.19746682073647,24.859975206018287,4954.239092338575,5026.5526973283895
4105,45.38647519522286,0.1860416028137242,0.0461439477162729,17.16765558161997,67.19740136406158,24.864488590869826,6209.131309897872,5524.936006037631
4106,44.10049738268857,0.2355075997013923,-0.0209526432348189,23.62019894998617,67.1973358915058,24.8690019728326,7275.425130569505,6023.587280207066
4107,44.69782403864661,0.1719280172242012,0.0157476881655377,24.84725866593012,67.19727040306655,24.873515351906203,10396.446252507914,6522.44506097365
4108,44.80841208478875,0.1384715641171931,0.0421065749483314,26.70201601767468,67.19720489874133,24.878028728090225,8437.64439312055,7021.465333120897
4109,45.696613493594725,0.1172673817235989,0.0526585857483421,28.499033683048037,67.19713937852762,24.88254210138428,13784.436990029666,7520.615751036186
4110,45.43491174098593,0.0832976317743184,0.0577829129724977,28.910660038663355,67.19707384242285,24.88705547178793,19382.133365879057,8019.872014246911
4111,45.39712237239438,0.0935121172731366,0.0535310697332909,29.53824910245789,67.1970082904245,24.89156883930079,19450.88292499768,8519.215514044552
4112,45.81052344309861,0.108566979288968,0.0500285914995718,29.86951118475559,67.1969427225301,24.89608220392245,20224.48566601644,9018.63176009838
4113,44.942292637677774,0.1148828392911578,0.0394501458096179,31.657876570481843,67.196877138737,24.900595565652505,18106.20939436009,9518.109301403932
4114,45.03751952017376,0.123273429474669,0.0386700834571725,31.87989520132376,67.19681153904276,24.90510892449055,17953.48525851828,10017.638969456044
4115,45.72207128899007,0.1138736895633942,0.0409490635927706,32.93377483443708,67.19674592344481,24.90962228043616,16638.08060979222,10517.213336758734
4116,49.33705469149007,0.1824211799622665,0.0677781531293153,28.91404525386312,67.19668029194061,24.91413563348896,3226.487502650022,11016.826322456258
4117,48.03113620408941,0.2470357274441182,0.0331947067329738,38.374448123620304,67.19661464452764,24.91864898364851,1140.2186071216163,11516.472900460916
4118,47.86109201731386,0.2572215913322105,0.0073513298725974,40.66133480419192,67.19654898120334,24.923162330914423,1717.008037811312,12016.148880345734
4119,47.50518432198016,0.2664653549198188,0.0063215210113429,43.19773855488141,67.1964833019652,24.92767567528631,3145.2518018785936,12515.85074063797
4120,47.35551149854482,0.2613151124845451,0.026649649548773,45.11528372221455,67.19641760681063,24.932189016763715,3421.1052350212726,13015.575500485236
4121,47.54819582042255,0.2630657597759569,0.0366432519996311,43.78928472797569,67.19635189573715,24.936702355346288,2479.8964305048617,13515.320619780745
4122,48.34396482374106,0.3739247038366835,-0.0096452934881886,45.79928216454997,67.1962861687422,24.9412156910336,859.3869440970043,14015.083920612115
4123,49.67566298376709,0.2691472378096959,0.026530528004504,49.46984959293503,67.19622042582326,24.94572902382524,2111.149419914412,14514.863524944163
4124,50.09225566957751,0.2381730621650123,0.0458034420905129,50.636702568351296,67.1961546669777,24.950242353720792,3186.595395739232,15014.65780473872
4125,49.14792844143986,0.2415949158743482,0.0359595530299935,52.51388696973886,67.19608889220308,24.954755680719884,2539.826145611438,15514.465341698153
4126,47.31934659098593,0.1856397399666665,0.0494505606715497,54.43054404860536,67.1960231014968,24.959269004822083,5581.600472532788,16014.284894547656
4127,49.575805472915086,0.1973948823191385,0.065313171823593,55.1061776061776,67.19595729485634,24.963782326026987,5559.768957380433,16514.115372262535
4128,49.96940329883425,0.2482341013237333,0.0498691251930391,57.75995590464379,67.19589147227913,24.96829564433421,3141.945583137714,17013.955812002772
4129,50.07200534823111,0.1896688378195391,0.0829686651223127,59.280573555770026,67.19582563376264,24.97280895974332,4700.345651922324,17513.805360823593
4130,50.25095021744106,0.1504200393387621,0.1110016625831493,60.81414587067419,67.19575977930428,24.977322272253925,4404.00724225939,18013.663260440397
4131,49.78000757071558,0.1836751376409624,0.0819633364171679,61.99255480490832,67.19569390890157,24.98183558186562,2992.793763790088,18513.528834448127
4132,49.90755490079695,0.1911370607112662,0.0619202372450193,64.33544740107541,67.19562802255193,24.986348888578,4160.012439159696,19013.401477562325
4133,51.38732625951987,0.1220695248732506,0.0747133972816553,65.16777041942605,67.19556212025282,24.99086219239065,0.0,19513.280646517218
4134,51.19652685939062,0.1520475093768852,0.0809267420360956,67.60361229835932,67.19549620200168,24.99537549330318,4158.7469645098745,20013.165852311813
4135,50.25364711935433,0.1328663890222771,0.0920196634097291,70.25275938189849,67.19543026779594,24.99988879131518,2984.598948873211,20513.056653610463
4136,50.06884329074654,0.1250070915764061,0.1044398862826,72.50959017524492,67.19536431763306,25.00440208642624,2501.4564432715624,21012.952651067444
4137,50.523839053816246,0.1447898445820553,0.1004411731332417,73.8330573951435,67.1952983515105,25.00891537863596,1687.858683234632,21512.853482452487
4138,50.9351805889686,0.1317746906682361,0.1170969308212649,75.67981246552677,67.19523236942571,25.013428667943924,1000.6775445477172,22012.7588184346
4139,50.47892707394795,0.1506313977905531,0.1022653835196206,78.09769877359794,67.1951663713761,25.017941954349748,2869.3841440503,22512.668358934952
4140,50.940933610346086,0.1540830383311153,0.1036665636674342,78.74079691162282,67.19510035735915,25.022455237853013,0.0,23012.58182994398
4141,50.7640028553102,0.171446500251002,0.1003146558571422,80.56010476978221,67.19503432737228,25.026968518453312,2871.600145271586,23512.498980754903
4142,50.4266013086849,0.1696689434902708,0.102138187323896,82.55679625034468,67.19496828141295,25.031481796150256,3435.5748826884865,24012.419581538474
4143,50.53747728229513,0.1394357015235428,0.1167870556711776,83.84557101529138,67.19490221947859,25.035995070943425,659.9967649096611,24512.34342121093
4144,50.835669453533455,0.1457694642352447,0.1212096776201238,86.38336546405944,67.19483614156664,25.040508342832418,1397.070713374049,25012.27030556293
4145,51.28967965623244,0.139078100687233,0.1280975014240714,88.69856788763425,67.19477004767455,25.045021611816825,1355.9870561743642,25512.200055608326
4146,52.50560399648115,0.1340968856240723,0.1345721857101589,92.95053733810964,67.19470393779976,25.04953487789626,0.0,26012.13250611904
4147,52.14513968022353,0.1714457401405285,0.1120562573147467,94.09850993377482,67.19463781193969,25.054048141070304,0.0,26512.067504329665
4148,28.68556967058484,-0.3081011632095911,-0.0651324830861679,0.0,67.20397560830187,24.751712441617755,0.0,1790.74159702695
4149,28.78463962408465,-0.2635604392484522,-0.0555807456816666,0.0,67.20391071037407,24.756225907923856,0.0,1454.1000313021298
4150,28.74933537841562,-0.250270672745558,-0.0483267414808517,0.0,67.20384579666914,24.76073937135184,0.0,1010.543033022506
4151,28.68573105493784,-0.3040851048733551,0.0172003951294473,0.0,67.20378086718455,24.765252831901275,0.0,623.736164971212
4152,29.92738048746481,-0.2091905854306502,-0.1026544937911288,0.7888704777685723,67.2037159219178,24.769766289571773,0.0,255.9567545208257
4153,35.82108751355368,0.0981013025289545,-0.1101610128377865,2.1619192477876106,67.2036509608664,24.774279744362914,0.0,48.43444789427172
4154,38.063764240842914,0.1480373444761301,-0.0650457330952518,2.009534337432638,67.20358598402785,24.778793196274307,0.0,15.82491456442263
4155,37.35795402909998,0.1665133129055027,-0.0706520297983262,1.910687128439099,67.20352099139964,24.783306645305533,0.0,32.44712208502231
4156,32.163316652718,0.0100982972839303,-0.1374026527574749,0.0381373497305513,67.20345598297924,24.78782009145619,0.0,157.8267255894329
4157,29.718647667640003,-0.0939866301253367,-0.0234677558984697,0.0,67.20339095876416,24.79233353472586,0.0,616.1019235883339
4158,29.111652149900525,-0.1113288888231945,-0.0411649106150931,0.0035931453841901,67.2033259187519,24.796846975114143,0.0,376.5346987453881
4159,33.511194916012194,0.0282883169978624,-0.0174692783493372,1.5279812076827417,67.20326086293994,24.801360412620635,429.2024918667414,38.88958563022344
4160,38.11338102584776,0.0991005649859984,0.0121141348299705,3.3284510156142058,67.20319579132578,24.80587384724493,2095.319247888228,174.6905360508266
4161,32.30273550273056,0.0883181703030132,-0.1476282343721588,0.0570127001656543,67.20313070390691,24.81038727898661,0.0,307.7315819100197
4162,38.35346526774651,0.0417758654335522,-0.2717234010386397,2.322700911350456,67.20306560068082,24.814900707845275,0.0,74.71312162110605
4163,41.19350983420452,0.1611755342946005,-0.1156025146916663,14.14750931419898,67.20300048164496,24.81941413382052,7591.201761888787,514.4155386040134
4164,45.43898903538868,0.2221271295593801,0.0543796328247016,26.49261355791799,67.20293534679689,24.82392755691193,3139.2153631510214,1011.5874658314822
4165,43.75018327577468,0.3482537627868043,-0.0051140956773237,27.948632974316496,67.20287019613404,24.8284409771191,3510.372243897569,1510.6273714504327
4166,43.4436604500028,0.3443839673501075,-0.0149149541523163,27.82652497929893,67.20280502965392,24.832954394441632,3533.2612786826385,2010.1444996314967
4167,45.41109696468917,0.1569378960949924,0.0065697117467973,30.781569494335454,67.20273984735401,24.837467808879104,3423.010146081605,2509.8539326227174
4168,43.96212792220965,0.1218730693359036,0.0387180109883465,32.98743267504489,67.20267464923178,24.84198122043113,12033.515435937505,3009.659883854367
4169,44.43187130465939,0.1053165595146668,0.0494689664040493,31.572474782368385,67.20260943528476,24.84649462909729,11373.98672751934,3509.5211168397686
4170,45.287785211097,0.130533344715227,0.0321498226650337,28.965321912130413,67.20254420551038,24.85100803487717,5098.811437156675,4009.4169554035198
4171,44.42177421952488,0.1073143144438275,0.0449777206061428,26.183011049723746,67.20247895990613,24.85552143777037,11361.22121213234,4509.335890648067
4172,43.50784595982879,0.1728545082594717,0.0223318125399196,23.3791246720972,67.2024136984695,24.86003483777649,10106.24416147874,5009.271007519274
4173,44.28288037575752,0.3297554115747106,-0.0322649328173231,18.584311559176918,67.20234842119797,24.86454823489513,1583.0553702077525,5509.217900805152
4174,45.39387933883655,0.242005319973142,0.0032913442280864,24.47768412325549,67.20228312808904,24.869061629125863,8170.30918517011,6009.173631207482
4175,46.139271632773735,0.2391584117127864,0.0117767224979198,24.856136959823267,67.20221781914015,24.873575020468287,5584.547764627252,6509.136162435389
4176,46.10498054037263,0.2024743304176996,0.0256127512800044,25.94369307203974,67.2021524943488,24.878088408922007,11956.938614790011,7009.104039171252
4177,45.70146030703286,0.1368371642347708,0.0368291548459549,28.14228539884073,67.20208715371248,24.882601794486607,13995.473613392343,7509.076193674396
4178,45.50823867933215,0.0899006664074149,0.0542171417195733,30.3060576790396,67.20202179722864,24.88711517716169,21181.341580128883,8009.051824814591
4179,45.30203637631848,0.0971457413386397,0.0529116226254096,31.773423485580235,67.20195642489475,24.89162855694683,21498.468457695977,8509.030319747708
4180,46.23548718372449,0.1337312390229733,0.0397419945398604,31.487023743787965,67.2018910367083,24.89614193384165,13630.686222443948,9009.011201674617
4181,45.69837725480051,0.1357380377153834,0.0326684224701611,34.044042523816096,67.20182563266675,24.90065530784572,16382.484162871908,9508.994094071159
4182,45.67296413161425,0.2617722962226208,-0.0124820194595126,33.59312913907286,67.20176021276764,24.90516867895865,8969.88850815551,10008.97869564911
4183,46.46444269796219,0.337797650486584,-0.0422972841755543,31.78158221731327,67.20169477700834,24.90968204718002,3579.5315707272093,10508.964762453716
4184,47.961910280422565,0.2745457929776153,0.010933057098852,32.96037006351836,67.20162932538639,24.914195412509432,2023.2432622139925,11008.952094850696
4185,46.780700243380295,0.281288732304111,-0.0114568012314716,36.83015741507872,67.20156385789922,24.91870877494648,978.6100436803852,11508.9405278943
4186,47.30650653246691,0.2708211205199762,-0.0011040876515949,41.255518763796914,67.20149837454433,24.923222134490764,2128.335809272361,12008.929924110545
4187,47.16640931084509,0.2846444555672566,0.0019423509056286,41.95636564484949,67.20143287531914,24.92773549114186,4679.008962634622,12508.920168001336
4188,46.58650560493167,0.305995127924871,-0.0108188234181693,44.47687422338809,67.20136736022118,24.93224884489938,5569.521697510346,13008.911161829192
4189,46.85483084596029,0.3018708230442915,-0.0029878816771755,45.69508830022075,67.2013018292479,24.936762195762903,6232.308702253861,13508.902822321948
4190,47.2299876280685,0.3558280623412102,-0.0172932054203615,48.15504625155323,67.20123628239675,24.94127554373205,3824.8344384944426,14008.89507810226
4191,49.43028486532286,0.2850874772116149,0.019208094278535,50.06553532008829,67.20117071966519,24.945788888806383,2229.662916768841,14508.88786762069
4192,49.12237721771099,0.2824056084962459,0.0094223552717863,51.66712630998344,67.2011051410507,24.950302230985525,4304.591444596749,15008.881137541464
4193,48.529966230529794,0.2942541069023983,0.0149947338728057,54.2373068432671,67.20103954655076,24.95481557026905,2580.2306945057408,15508.874841398234
4194,46.72543656991166,0.2061899178805942,0.0267595267179509,55.42504141358365,67.20097393616278,24.95932890665656,6964.214038876879,16008.86893853291
4195,48.93360739874986,0.1804629877729648,0.0563212849395941,55.88160618186837,67.20090830988427,24.96384224014766,10544.458706110818,16508.863393215343
4196,50.68388323765066,0.2141191497363629,0.0795798825526151,57.19798703984559,67.20084266771268,24.96835557074192,1279.48432096367,17008.858173909513
4197,50.049958891348936,0.1830886597188409,0.0928855552412313,60.0919508490957,67.20077700964546,24.97286889843896,4866.130363111565,17508.853252689056
4198,49.49513568485721,0.1813102823413968,0.0883739248635687,59.89830274596385,67.2007113356801,24.97738222323836,2262.5576643665854,18008.84860472465
4199,48.62305540160599,0.1667059159356195,0.0696861783159872,63.02786975717441,67.20064564581399,24.98189554513971,3132.792462276665,18508.844207871138
4200,49.59749668617553,0.1681775398931586,0.0711153391619498,64.99903421633556,67.20057994004463,24.98640886414263,8147.475531291582,19008.84004231427
4201,50.639957462909166,0.1317303126181023,0.0883692656330679,65.7508617123949,67.20051421836952,24.99092218024669,244.4983109510336,19507.43930079158
4202,51.51985842502069,0.1645669020168489,0.0865919497504092,68.44943510608985,67.20044848078604,24.995435493451502,0.0,20005.906329980997
4203,50.48973282131259,0.156093423629633,0.0935103676281785,71.42506549014202,67.20038272729168,24.99994880375665,698.1820783104878,20504.44800753133
4204,50.673319229415824,0.1438993538239857,0.0930308698598878,73.98332874069993,67.2003169578839,25.004462111161736,1525.9082378723383,21003.05901774341
4205,50.8183269285041,0.1488880198656218,0.1061859391947629,75.90638356542122,67.20025117256016,25.00897541566636,2001.3805875617045,21501.734537283275
4206,51.07760667679207,0.1453486262992248,0.0987835367955184,79.22006338707459,67.2001853713179,25.013488717270096,1000.6897617072618,22000.47017952904
4207,50.73751518316894,0.1419520797474805,0.1095451810987301,79.3885367869937,67.20011955415454,25.018002015972563,2782.047098481012,22499.26194631068
4208,50.78699537660236,0.143955940306053,0.1159780552305903,81.88003309431885,67.20005372106756,25.022515311773347,1953.0430997437013,22998.10618587221
4209,50.758183994282966,0.1522960717913171,0.1185072581466168,82.84473248758964,67.19998787205445,25.02702860467204,1970.605347094397,23496.999556205297
4210,51.01726240264902,0.1455793052790766,0.1150977055293976,83.86658388520969,67.19992200711262,25.031541894668244,1000.5213227206984,23995.938992913463
4211,50.86580004509312,0.1537329183838078,0.1082363610544984,84.84397847979028,67.1998561262395,25.036055181761554,1333.0589808986836,24494.92168100665
4212,51.60732724336504,0.1456593996921263,0.1205906795771297,86.51371089982085,67.19979022943258,25.040568465951555,891.7553202048608,24993.945030052168
4213,52.20644220236319,0.1409765709383431,0.1257859741223236,88.05404660140631,67.19972431668927,25.04508174723786,0.0,25493.006652249594
4214,53.34095387170437,0.148126005698533,0.1362217691533534,90.67953667953664,67.19965838800702,25.04959502562005,0.0,25992.10434300387
4215,52.23959407865895,0.1702194974275274,0.1137829396587803,92.23371964679912,67.19959244338331,25.05410830109773,0.0,26491.236063711727
4216,28.587712613667065,-0.4017286224120803,0.0122700787514276,0.0,67.20891820916145,24.751771616338967,0.0,2124.751231594861
4217,28.717989651958,-0.3843310935507751,0.0587013024493402,0.0,67.20885348959756,24.75628509485787,0.0,1709.163322987698
4218,28.68931836251108,-0.4092494248924364,0.1319809453689584,0.0,67.20878875429986,24.7607985704995,0.0,1330.1754772504078
4219,28.595233436661623,-0.3698218345527148,0.1377125961279702,0.0,67.20872400326584,24.76531204326345,0.0,882.1226642491134
4220,28.70115807753045,-0.2522279516341694,-0.0648947007404745,0.0161780973451327,67.20865923649303,24.76982551314932,0.0,500.4854089517916
4221,29.882559920348463,-0.1715198590129669,-0.1807702262292351,0.3210730088495575,67.20859445397892,24.774338980156685,0.0,170.08055799053813
4222,32.417024344366226,0.3053589930331902,-0.3097270368774275,2.582021541010771,67.20852965572101,24.778852444285167,0.0,175.31376500166172
4223,31.98767710986329,0.5580967794594438,-0.4230720486619198,3.85637342908438,67.2084648417168,24.78336590553433,0.0,39.62884155546538
4224,30.089093481897027,0.1032186107797704,-0.2140834890152452,1.33425376225321,67.20840001196383,24.78787936390379,0.0,134.84165995633526
4225,29.15806472030678,-0.0923849628148782,-0.0428418092868282,0.0,67.20833516645955,24.79239281939312,0.0,459.96394533351355
4226,29.067184119944795,-0.0907943212358588,-0.0267581497268561,0.0,67.20827030520144,24.796906272001927,0.0,614.8932328453408
4227,29.35494754245652,-0.1044520985712402,-0.0316330411384888,0.0,67.20820542818706,24.8014197217298,0.0,415.7483485945539
4228,29.987904906370066,-0.1003692394909054,-0.0422996111163362,0.010087052646124,67.20814053541389,24.805933168576324,0.0,292.3111340704549
4229,31.46410048063047,-0.0435570533283421,-0.0859652759113293,0.1529102723627817,67.20807562687938,24.810446612541107,0.0,243.94573859358178
4230,38.57138063342362,0.028030916759976,-0.1859660666970266,2.8339320254213884,67.20801070258112,24.81496005362372,0.0,242.1769871945299
4231,41.93889715607581,0.1122974057813737,-0.0181137097423367,5.573147123893808,67.20794576251652,24.819473491823786,3853.591843315215,699.9483077323231
4232,42.93963282261437,0.1433813314508343,0.0318968713086476,23.46828796462623,67.2078808066831,24.82398692714088,15471.610882511168,1160.6809420173036
4233,42.70568922610729,0.3679282818319298,-0.066205672583771,28.97470279236936,67.20781583507835,24.828500359574587,3445.6379387317056,1615.1034217338909
4234,42.75237189518862,0.1714066678510948,0.0231228565898479,30.19801022523144,67.20775084769977,24.83301378912451,16584.959221776502,2089.7954246532963
4235,43.693909120900926,0.1035016920863579,0.0496675028124984,31.61061213209893,67.2076858445449,24.83752721579025,6771.585575351012,2574.088337760289
4236,44.216799697817024,0.1374874742404902,0.06586368688514,34.41506830412583,67.20762082561113,24.8420406395714,91.73828167015408,3063.4321640870057
4237,44.8599745353521,0.1616360501805176,0.0311827700304691,33.69690693178679,67.20755579089601,24.846554060467533,3460.8423723601104,3555.7421837082466
4238,45.45026640056338,0.1252630945752705,0.0421057282566381,31.456503728251857,67.20749074039703,24.85106747847826,3901.740653309356,4049.9368303371307
4239,44.17867517380282,0.2059478942440791,-0.0166170836829434,27.361502347417836,67.20742567411166,24.85558089360317,3929.519507971522,4545.401432449808
4240,43.88910832354273,0.1388507004256255,0.0323356959410805,24.604583736020984,67.20736059203743,24.860094305841866,11585.574110015326,5041.761600293629
4241,44.29981719146486,0.2474446190766761,-0.0041350593726552,19.449123291453816,67.20729549417179,24.864607715193927,7322.760351970787,5538.776569419497
4242,45.52139762500346,0.3447329747195213,-0.0421988377354432,23.628606930829765,67.2072303805122,24.86912112165896,1130.3489793585225,6036.284597117046
4243,44.89467229908816,0.2905907307566983,-0.0231321235244415,24.596021000276327,67.2071652510562,24.873634525236533,2395.2963722540776,6530.377097416942
4244,45.25188153690144,0.2989661914539144,-0.0361844254964873,26.96755040044187,67.20710010580123,24.87814792592627,4286.986207952956,7024.380759380001
4245,47.33678482621843,0.2152243537142852,0.0247148045917096,27.74720419715588,67.20703494474483,24.88266132372776,5232.966930511982,7519.177153832533
4246,47.04028174599367,0.1392364306474106,0.0486414883946766,29.90553790912857,67.20696976788443,24.887174718640583,14584.035530202891,8014.619459984141
4247,46.486994060845085,0.1093845257542825,0.0597127387530798,32.44255730461199,67.20690457521752,24.891688110664344,13851.826304873635,8510.594873783544
4248,45.70903770014087,0.1027682761187301,0.0554694135549683,33.466031483015755,67.2068393667416,24.89620149979864,20410.3612648962,9007.015328214338
4249,45.77076123225353,0.1454098699207827,0.0360523522777081,36.02927368130351,67.20677414245417,24.900714886043048,15138.002374522344,9503.811084998752
4250,45.749642296365415,0.1205676378132367,0.0410004261230129,38.01448875396716,67.20670890235264,24.905228269397178,16837.48579675793,10000.9262148919
4251,48.35486580060431,0.1969403886974302,0.0405980683423546,31.9873068432671,67.20664364643454,24.909741649860617,7204.196982384383,10498.315349222737
4252,50.540233385287706,0.2896149319175842,0.0353982011617027,34.99103077135366,67.20657837469736,24.914255027432965,430.5741670423329,10995.941305201914
4253,48.09364136446255,0.3059862482861166,-5.761245893356218e-05,38.35918311025252,67.20651308713852,24.91876840211381,1165.936192997293,11493.77332310047
4254,47.37653398176926,0.2353041635352532,0.0189689353968121,41.63027877449627,67.20644778375554,24.92328177390276,3884.281955434518,11991.785739326087
4255,46.38883984279801,0.1831712058944269,0.023146188148977,44.01158940397351,67.20638246454592,24.9277951427994,13990.570541626834,12489.956974811528
4256,47.52672523573031,0.2571793931989815,0.0107107906525793,44.91612546635346,67.20631712950708,24.932308508803303,7215.576203237851,12988.268754804454
4257,47.88791807609288,0.277814271838596,0.0033169003849617,46.95344017684442,67.20625177863651,24.936821871914105,4436.194093039005,13486.705500644965
4258,47.3469194753354,0.2912355422642045,-0.0066414791705266,49.78553684791609,67.2061864119317,24.941335232131376,6525.56431736648,13985.25385092915
4259,47.73541711170532,0.3357272559334796,-0.0251108375263763,51.32064017660046,67.2061210293901,24.94584858945471,4103.124775570912,14483.902281095723
4260,48.9855935484571,0.2873776541356183,0.026425404897392,52.38407397184656,67.20605563100918,24.950361943883703,2788.763171478754,14982.64079865265
4261,48.36627833604803,0.3353825549422825,0.0008766266929101,54.09314198978888,67.20599021678645,24.954875295417963,3416.134881566389,15481.460697048487
4262,47.30683149424826,0.2951715299567288,-0.0024857545758574,57.198122325003446,67.20592478671935,24.95938864405708,5278.213400874402,15980.354355481375
4263,48.496417313349,0.2534404413563168,0.0246201795001209,56.968538705671335,67.20585934080533,24.96390198980064,8958.633533993288,16479.315074932227
4264,49.26283352024805,0.2534434407325404,0.0455108440038704,58.73460107482431,67.20579387904189,24.968415332648235,694.3455926098072,16978.336943019865
4265,50.19502722750831,0.1538516551423401,0.0947238636003023,60.52166114790288,67.20572840142647,24.97292867259948,5989.898716883862,17477.41472192761
4266,49.66760970829451,0.153292697549371,0.085194130917246,61.960843788777055,67.20566290795657,24.977442009653952,6161.846733263796,17976.54375494444
4267,48.3579453029777,0.2068723554698009,0.0402009620179043,64.06617038875105,67.20559739862962,24.981955343811247,2854.893523557917,18475.719888119533
4268,49.19300445968842,0.225141103562764,0.0491336785153299,66.78064249276163,67.20553187344315,24.986468675070977,1751.2970556555574,18974.93940424618
4269,51.82517584298719,0.1665713247333196,0.1063993628406053,66.86732864432493,67.20546633239454,24.99098200343272,1536.599628471979,19474.198966967717
4270,51.419569614342535,0.1620683823975029,0.0954778399580803,68.26742100179386,67.2054007754813,24.995495328896084,2094.089848593636,19973.495573257806
4271,51.00817503435436,0.1688161544588911,0.0938672369293321,69.91404525386318,67.20533520270085,25.00000865146065,406.405547418296,20472.826512832045
4272,50.75280961048846,0.1350121049022542,0.1082064823379965,73.57133002207509,67.2052696140507,25.00452197112602,622.8954482341617,20972.189333346225
4273,50.89765159091767,0.1407911840512689,0.112758132661982,76.35835518145444,67.20520400952832,25.009035287891795,2515.524821569971,21471.58181044559
4274,51.19404826098391,0.143787346258613,0.105432587493824,78.87970235634562,67.20513838913112,25.01354860175757,2029.1302050941,21971.00192187948
4275,50.38358385970756,0.1317835604569348,0.0965026833247923,84.54973099737892,67.2050727528566,25.01806191272293,2725.3520792946188,22470.4478250769
4276,50.12897414007451,0.1549562632217134,0.1019545406218441,84.15284866878187,67.20500710070218,25.022575220787488,1622.9007432606495,22969.917837629975
4277,50.10442333126911,0.1543037558901265,0.1113179198427809,84.0790960451977,67.20494143266535,25.027088525950827,1774.0714861976685,23469.41042027036
4278,50.58919157567927,0.1473389620048692,0.1171687948587155,86.21548635987872,67.20487574874356,25.031601828212548,2669.363655384103,23968.924161972667
4279,51.57540829650269,0.1446424631811892,0.1252150211176995,86.68196224335122,67.20481004893423,25.036115127572245,238.5129270719108,24468.45776687706
4280,51.39291654906162,0.1133131699508626,0.1271455630001863,89.39299986220199,67.20474433323487,25.040628424029503,1116.705044829373,24968.010042773432
4281,50.80075844272802,0.1185438775068737,0.1236811223312621,89.00716450812894,67.20467860164291,25.04514171758393,0.0,25467.57989095825
4282,52.32326702193469,0.1341571453910899,0.1231870873708228,90.0578751550227,67.20461285415578,25.04965500823513,0.0,25967.166297236858
4283,51.775600693145705,0.1300757357587103,0.1153755423938469,92.67894591611476,67.20454709077099,25.054168295982688,0.0,26466.76832395787
4284,28.64330769668097,-0.3475637373779044,-0.0619504144469155,0.0,67.21386082575235,24.75183062817249,0.0,2410.745606519606
4285,28.61415191712078,-0.3929987359335711,0.0458848587883558,0.0,67.21379628455485,24.75634411887058,0.0,1999.6276128446434
4286,28.562173999610348,-0.3619006093928155,0.0410833842787857,0.0,67.2137317276669,24.760857606692248,0.0,1574.3667945267787
4287,28.47439390446901,-0.3384135344607163,0.0158411960253075,0.0,67.21366715508597,24.765371091637096,0.0,1205.4169919363528
4288,28.47538359042976,-0.2450964055421769,-0.092975972786079,0.0,67.21360256680957,24.76988457370473,0.0,872.4726230582982
4289,28.978394227357963,-0.2445241707429505,-0.1154498311170749,0.0,67.21353796283525,24.774398052894707,0.0,467.30503429196307
4290,32.25436910393201,0.0699818957639204,-0.2199899585819529,0.4847227982856355,67.21347334316047,24.778911529206653,0.0,111.8263936041383
4291,32.3280898986726,0.5375385994801284,-0.4239385860699329,2.581305309734514,67.21340870778279,24.78342500264015,0.0,209.91916416738812
4292,31.53327643138597,0.509210799528949,-0.3867233194142838,3.3649302197042985,67.2133440566997,24.78793847319478,0.0,126.99937016532847
4293,29.563486666279577,0.0339061178213754,-0.1572644989928549,0.726807686990184,67.21327938990869,24.79245194087015,0.0,163.90569028922164
4294,28.994674674025173,-0.1232320618830754,-0.0670714383427524,0.0,67.2132147074073,24.796965405665844,0.0,466.07761802991723
4295,29.65668760814604,0.0542616754367422,-0.1867320778993336,0.5531591317572241,67.213150009193,24.801478867581466,0.0,900.2720878520311
4296,31.439995457042297,0.3906314194079673,-0.3185875688683532,0.7769953051643194,67.21308529526328,24.8059923266166,0.0,667.7163316292844
4297,31.79887622971834,-0.053793239928436,-0.0549260908583823,0.3470035901684619,67.2130205656157,24.81050578277084,0.0,211.19013273497075
4298,42.70254457070424,0.1151771915370063,0.0598264532977944,4.350179508423087,67.21295582024773,24.81501923604377,0.0,211.27814018856404
4299,43.91444929577465,0.133810417164309,0.058848351400387,4.671499585749792,67.21289105915686,24.81953268643501,2142.407058364563,677.6578199745582
4300,43.41621914535139,0.1586242281411593,0.031897962671788,13.9432555570896,67.21282628234061,24.824046133944137,7235.050125148469,1083.920641349542
4301,44.18480315440288,0.1611250720944635,0.0369827896170624,23.26397901422062,67.21276148979649,24.828559578570747,12778.92802059611,1542.1951234309802
4302,43.60117185732395,0.1421344330915904,0.0492144334893659,32.56144711405689,67.21269668152198,24.833073020314423,17284.365356897833,2020.3582950556138
4303,43.44726597074331,0.1112801023723652,0.0466385104690557,33.37220226581928,67.21263185751458,24.837586459174773,10405.70399509796,2506.244642426445
4304,43.72590919373222,0.1426327397011986,0.0375069089672525,35.41439823131132,67.2125670177718,24.84209989515139,2006.703356603752,2996.2246625620432
4305,44.74468176953711,0.1292050577438664,0.0524751475961858,34.59306342407074,67.21250216229116,24.84661332824385,3293.980648015362,3489.0489032213613
4306,45.69482662759289,0.1716748692141421,0.0414052768792594,31.673940063527134,67.21243729107009,24.85112675845177,2856.0616733016395,3983.661917040108
4307,45.07155443249136,0.1351318459455432,0.0321508684271837,29.05112615724748,67.21237240410613,24.85564018577474,9650.124605753535,4479.471206422997
4308,43.74184949062563,0.1473170615058169,0.0321248011833279,26.079408921419688,67.21230750139677,24.86015361021233,13866.593942778023,4976.1192016192435
4309,45.10334114633804,0.184976821357387,0.0252422054910096,21.6924882629108,67.21224258293951,24.864667031764164,13404.666357713177,5473.377597788533
4310,44.55131345338029,0.2890307807959027,-0.0327116103127057,22.6958022645678,67.2121776487318,24.869180450429816,5969.6349402531205,5971.0938986830415
4311,44.52314145478875,0.337565514857114,-0.0388178549845736,25.163904998619163,67.2121126987712,24.87369386620889,1327.9942220678502,6469.162416068996
4312,44.158924936100455,0.3277913660904373,-0.0502156786834664,27.5382917069132,67.21204773305514,24.878207279100977,2586.143536002596,6967.50761633992
4313,44.74292669934005,0.429488737137155,-0.1061417555659049,27.957890376915632,67.21198275158116,24.882720689105675,565.300099346701,7466.07409564849
4314,47.36949229901477,0.2502538012463544,0.0173421748159187,30.533186145991444,67.21191775434673,24.88723409622257,2856.239595564619,7964.820300504865
4315,47.57140406937605,0.159810607843473,0.0483176946310878,32.717559359469895,67.21185274134932,24.891747500451267,13041.027995463834,8463.714458595798
4316,46.34185008467716,0.1315641529700637,0.047803548474829,34.19191501103752,67.21178771258646,24.896260901791354,16828.516544256672,8962.731863311512
4317,45.80548844760565,0.1170159576843448,0.0452400661964489,36.95374206020435,67.2117226680556,24.90077430024242,14908.81128233865,9461.853014619957
4318,45.952308040985145,0.1179237271835548,0.042979231407657,37.57477924944813,67.21165760775423,24.90528769580407,16959.941349064127,9961.06231717341
4319,47.74269910791048,0.1666192689616117,0.0388798223314626,36.86553344389166,67.21159253167984,24.90980108847589,15626.792458483073,10460.34715019638
4320,50.40326159644281,0.2480824729031581,0.0622298049631271,36.89800995024876,67.21152743982995,24.91431447825749,0.0,10959.697190995495
4321,48.52601897606969,0.2784019925617851,0.0218052687578579,37.68311221669433,67.21146233220199,24.918827865148444,96.45094052926034,11459.103914952399
4322,48.35295360796023,0.2835324443931032,0.0164107430085531,39.71641791044778,67.21139720879347,24.923341249148365,2473.185062031697,11958.560220559535
4323,49.49152661929581,0.2195369596774918,0.0486691089775305,43.11460922397128,67.21133206960188,24.927854630256828,5310.131950091821,12458.060144478919
4324,48.94718231963298,0.2631569244268911,0.0209914140442714,45.377397543811234,67.21126691462469,24.93236800847344,2944.345030863443,12957.598642412337
4325,47.6339391343646,0.261400103300234,0.0126180555586935,47.25403615289086,67.21120174385938,24.9368813837978,4428.600244862659,13457.171418687103
4326,47.32570985406101,0.3058459485224734,0.0018036115238457,49.62922588657376,67.2111365573034,24.941394756229496,4125.6116747209335,13956.774792397106
4327,48.64161777788081,0.2765839822040472,0.0228079036891628,51.49365342163356,67.2110713549543,24.945908125768124,2254.81036235738,14456.405591263048
4328,47.41263936685613,0.3245987551729669,-0.0239180354635719,54.52903848806731,67.2110061368095,24.950421492413284,5117.72605597665,14956.061066745367
4329,48.9407857144512,0.2759187582165207,0.0332035966145855,55.31784335355764,67.2109409028665,24.95493485616456,4210.284997586469,15455.738825594704
4330,47.88007509363412,0.2927082026446326,0.0109533049342353,56.647075055187656,67.21087565312277,24.959448217021563,3494.6407839476933,15955.436774261776
4331,49.28918307666394,0.2429358062937139,0.0450078332876632,57.671081677704194,67.2108103875758,24.96396157498388,3244.6965888869254,16455.153073418285
4332,50.65152255719017,0.2405759893981042,0.056934342352185,59.41417344547088,67.21074510622303,24.968474930051087,1017.2765434431776,16954.88610051415
4333,49.70354022841092,0.1950611118082945,0.0739768667412259,60.67761977081323,67.21067980906199,24.97298828222282,3930.783909789487,17454.634418770434
4334,47.6911592230464,0.1507699179050999,0.0569820957374489,63.85996136865344,67.2106144960901,24.97750163149864,9445.04260534564,17954.39675132825
4335,48.56083616307336,0.1594281076161644,0.0580062477072384,65.28731188733953,67.21054916730485,24.98201497787816,7543.281052459409,18454.171959612046
4336,49.83687825743623,0.1693743697199193,0.0659708925213997,66.85980405685115,67.21048382270374,24.986528321360968,3947.088196777013,18953.95902510778
4337,50.19647726144775,0.1819095103480314,0.06653517550056,67.71377361091965,67.2104184622842,24.991041661946664,5149.970184676988,19453.757033942304
4338,49.7975412053376,0.1908760793393876,0.0671336358248753,70.57282893828526,67.21035308604371,24.99555499963484,9483.039812293062,19953.56516378841
4339,50.55476096991045,0.1536844506763583,0.0956257065758463,72.23493726733767,67.21028769397975,25.000068334425084,2930.4225197345554,20453.382672679865
4340,50.74650890142309,0.1515986649805418,0.1053229837318677,75.12175951461666,67.21022228608977,25.00458166631702,2673.2882436260725,20953.208889435682
4341,50.83567435366243,0.1569159468356469,0.1015593539806835,77.05391616105899,67.21015686237126,25.00909499531021,1728.8503053028544,21453.043205410508
4342,51.05621376030037,0.1464566434579836,0.1087990476331022,78.3371452190686,67.21009142282169,25.01360832140427,0.0,21952.88506738488
4343,50.542439509698056,0.1652726787286136,0.0982998014871889,81.8841858541293,67.21002596743854,25.0181216445988,1336.4752222747925,22452.733971391623
4344,50.10877645433775,0.1783316817863481,0.0949895779575938,84.49903421633552,67.20996049621921,25.02263496489337,827.0154486610029,22952.58945735699
4345,49.97339258682945,0.1562506959042955,0.1220427224839029,85.36396247240617,67.2098950091612,25.02714828228761,1728.567725216242,23452.45110442893
4346,50.5496032357474,0.1588872396588826,0.1247671332907907,87.19318808604525,67.209829506262,25.03166159678109,770.9557994328381,23952.318526875773
4347,51.56393859510544,0.1463957211110834,0.1198751815858436,88.69891139589363,67.20976398751901,25.03617490837341,47.32056614818029,24452.19137050579
4348,51.55013917163081,0.1232229956409925,0.1252409324930624,89.97309602649005,67.20969845292977,25.04068821706418,1382.187811424266,24952.069309508166
4349,49.627264772642064,0.1061928311735649,0.1239585102423612,92.0,67.20963290249169,25.045201522852988,484.18698438952384,25451.95204366095
4350,50.02626817629346,0.1051479485528679,0.1175313188831792,92.31398234969664,67.20956733620224,25.04971482573942,0.0,25951.839295871923
4351,51.22066713174671,0.1147304859198576,0.1180805047333063,93.60347682119205,67.20950175405889,25.054228125723096,0.0,26451.730809995795
4352,28.725685106082167,-0.2239975735686382,-0.2287967468185621,0.2020467431890472,67.21880345803122,24.75188947711626,0.0,2683.095413515419
4353,28.554571242201348,-0.340146349015561,-0.0890444629875915,0.0,67.21873909520261,24.75640297995994,0.0,2275.768268516955
4354,28.48895489974007,-0.3197405061254171,-0.04924980975917,0.0,67.21867471672687,24.76091647992805,0.0,1895.025873327754
4355,28.50193745576112,-0.2920858610691416,-0.0701230959581094,0.0,67.21861032260152,24.76542997702019,0.0,1395.6549104329838
4356,28.442106474065287,-0.2446532946376345,-0.0946745878474378,0.0,67.21854591282406,24.76994347123595,0.0,896.9850595918961
4357,28.61401908617109,-0.2334223056685932,-0.1028876736236413,0.0,67.218481487392,24.77445696257493,0.0,401.63635906321946
4358,31.192047818344875,0.1428723604220756,-0.2503893229072647,0.7970433821497652,67.21841704630287,24.77897045103673,0.0,37.03063010298813
4359,32.463976267739724,0.5469775477778578,-0.433188162235435,2.6528046421663447,67.21835258955419,24.783483936620915,0.0,323.23659482566865
4360,31.74310933292902,0.5963613071320994,-0.4379757359917107,4.128626692456481,67.21828811714349,24.787997419327105,0.0,204.51340061138242
4361,29.898056659030143,0.0665676681476307,-0.2131391776838705,0.7489638021552918,67.21822362906829,24.792510899154887,0.0,99.35815917508036
4362,29.688353200549667,0.0115977211677885,-0.1715144337353059,1.5083551995580722,67.21815912532604,24.79702437610385,0.0,537.8444133746298
4363,31.426718937631637,0.5727054898617284,-0.4135005710049835,4.375017272350423,67.2180946059143,24.801537850173588,0.0,990.9850130999109
4364,31.95907040202435,0.6263030413085264,-0.4497244815464528,2.582964601769912,67.21803007083057,24.806051321363693,0.0,881.0789558962808
4365,32.482061247487586,0.438548956453601,-0.3465044222400417,1.343421779988944,67.21796552007238,24.81056478967377,0.0,396.37402837801426
4366,37.370500945873104,0.0437950285687591,0.0083520906806916,0.906401216645928,67.21790095363721,24.815078255103387,998.1693614803684,13.810617158669363
4367,42.78774984269727,0.1709244725997073,0.0236073423215527,5.889318778499379,67.21783637152261,24.819591717652163,1564.4422610390104,448.44113539685344
4368,43.570808920428384,0.1144382002222462,0.0436842861630639,22.900649440375844,67.21777177372603,24.82410517731968,11603.634608931072,947.2061412605179
4369,43.54099733676059,0.1039904123523763,0.0422633498193779,23.324772162386083,67.21770716024503,24.828618634105528,16858.411897466965,1446.823933947662
4370,43.36664586757221,0.0833075794101716,0.0543150684024912,30.67845792455437,67.21764253107708,24.83313208800932,10105.896728918802,1946.6380036689864
4371,43.3564262853199,0.1050305870117087,0.0689180406165476,34.6078485560315,67.21757788621967,24.83764553903063,6164.841275681789,2446.5280579810074
4372,41.30457155887326,0.0876044563164772,0.0979925620249148,36.29163214581606,67.2175132256704,24.842158987169057,1485.341195866479,2946.455422931079
4373,45.55305667366199,0.1257848100087273,0.083446440050587,34.78983706158519,67.21744854942668,24.846672432424203,3528.548949946912,3446.4038619751736
4374,47.12298648647888,0.1930867689539002,0.0571629083107571,33.420602043634354,67.21738385748603,24.85118587479565,511.0542585053804,3946.3042101958326
4375,45.18972709450704,0.1957369453371999,0.0217950188128636,29.789146644573307,67.21731914984598,24.855699314283,6071.572411653422,4446.1730293754645
4376,44.508188524757706,0.1150049942575622,0.0438819758552101,26.42592848267292,67.217254426504,24.860212750885854,16663.2193690653,4946.068367355811
4377,45.33913688767913,0.1397056607622125,0.0506834957073778,22.715725528096083,67.21718968745763,24.86472618460378,14635.037079720309,5445.982921532859
4378,45.71373806760565,0.2145580829965636,0.0262033180877271,21.73018503175918,67.21712493270434,24.869239615436392,9016.99451593895,5945.911844989271
4379,46.55849231505323,0.2362328087854742,0.0125733273255046,26.760536133757096,67.21706016224162,24.873753043383296,3982.1187400723775,6445.851794358492
4380,44.03792314764327,0.4443705577491538,-0.1173807879666593,28.403838188595884,67.21699537606702,24.87826646844406,3135.1642382866103,6945.800388792167
4381,44.593355277344585,0.4250857113395411,-0.1095033342345651,28.94349267753523,67.21693057417797,24.88277989061829,3319.520376433356,7445.755886861565
4382,47.55743296319538,0.3211665418730597,-0.0176795977638247,30.52676600441501,67.21686575657199,24.88729330990559,1997.36396826661,7945.716985409248
4383,47.85022493732801,0.1951084335126107,0.0519613109174777,31.72008842221608,67.2168009232466,24.891806726305543,12008.187297023438,8445.68268983461
4384,45.28489801219016,0.3174681788999073,-0.0389580047812101,34.48611303026116,67.21673607419929,24.89632013981774,6424.543748751941,8945.652227880531
4385,46.30744111970131,0.1457327288994103,0.0327157609767583,35.85949384594108,67.21667120942755,24.900833550441785,13976.061870332887,9445.624990792314
4386,46.84359426563383,0.1359986572684843,0.0442080673338849,37.00607566970452,67.21660632892883,24.905346958177272,12828.066326314758,9945.600492221309
4387,47.999682796659314,0.1723195617574617,0.0341487899455841,38.5243161094225,67.2165414327007,24.90986036302379,15247.889576418016,10445.578338929556
4388,50.63729864320366,0.2153881050898541,0.0809168958031407,37.40742273730684,67.2164765207406,24.914373764980944,0.0,10945.558209532863
4389,49.48098441231961,0.2134629621330376,0.0613157596639762,39.85055885193873,67.21641159304602,24.918887164048314,0.0,11445.53983879606
4390,49.84074858614048,0.256762275768492,0.0478649814798635,39.828894715054496,67.21634664961447,24.923400560225502,0.0,11945.523005893843
4391,49.88646917874521,0.2396948056346253,0.0471965400257312,42.41698841698841,67.21628169044345,24.92791395351212,1827.1756927814868,12445.507525487063
4392,48.08364083653184,0.3004304407623138,0.0031446503444818,44.58138892724008,67.21621671553041,24.93242734390773,4375.889016746572,12945.493240861124
4393,48.51465540019596,0.265749066971868,0.0209183713682322,47.10376707603148,67.21615172487284,24.936940731411948,4030.591497870676,13445.480018619013
4394,49.16978531000005,0.2486478016108861,0.0455905334639559,49.48260149130078,67.21608671846828,24.941454116024367,4095.368001403561,13945.467744492236
4395,48.32031216919555,0.2682709195841586,0.0287410986006639,51.283703601490295,67.21602169631417,24.94596749774458,6805.425866570553,14445.456320031593
4396,46.91150591778672,0.3412652996148353,-0.0382447369872521,55.79080999034083,67.215956658408,24.950480876572183,4953.216327429762,14945.44565996227
4397,46.78503255436658,0.3204146469495669,-0.019246052485312,56.14035329837152,67.21589160474728,24.95499425250678,5617.341047454285,15445.435690051614
4398,47.8900496200967,0.2773043940063381,0.0178415973191563,57.55198122325006,67.21582653532946,24.959507625547943,2191.8987246163542,15945.42634537578
4399,50.94459878186287,0.1921024989378038,0.1023191498447373,58.79287981233617,67.21576145015206,24.9640209956953,2668.657146698769,16444.971574738447
4400,51.20101038927896,0.1588922393390709,0.1163352640334869,59.84461602095685,67.2156963492125,24.96853436294841,1221.3682889478243,16944.081534248864
4401,48.091291976592665,0.1985615233304494,0.0808353854830186,61.86025658711548,67.21563123250831,24.973047727306906,2326.031186768096,17443.24247335572
4402,48.42468024804471,0.1287681079831632,0.0699180057585678,64.34900717043575,67.21556610003698,24.977561088770347,11025.110229986278,17942.450137283726
4403,49.91721029782288,0.1637811959193545,0.0721466557696412,67.07698675496691,67.21550095179595,24.982074447338363,4058.220725559441,18441.700731583696
4404,49.03880304667129,0.2317975893250336,0.0278058935070563,68.98510755653615,67.21543578778274,24.98658780301052,891.633267039031,18940.990861548868
4405,50.98925341412899,0.1721929849430315,0.0874530663449433,69.24862183020947,67.2153706079948,24.99110115578645,0.0,19440.31748097405
4406,50.25301216995447,0.1811885323780121,0.0658233839462472,71.71657237477575,67.2153054124296,24.995614505665703,415.0150343132224,19939.677848561303
4407,50.72542196357667,0.1855357636371751,0.0932185890447633,73.88340002759763,67.21524020108464,25.000127852647903,645.056663749966,20439.069490743914
4408,49.969920806581136,0.1675289886991456,0.0817995835657488,76.06429359823396,67.21517497395739,25.00464119673265,5920.267999924288,20938.490169785116
4409,50.51170256345247,0.1821067087309189,0.0826957729289985,77.3765696150131,67.21510973104532,25.00915453791953,3039.2221062746034,21437.937856348315
4410,50.767801895628445,0.166473325053636,0.0943816620034025,79.89581036383679,67.2150444723459,25.013667876208128,1198.526475903686,21937.410705793325
4411,50.09133138148753,0.2308827149008614,0.0801803523181581,81.6960121429557,67.2149791978566,25.01818121159807,3109.78701827788,22436.9070376569
4412,50.62981606548015,0.2171590130055938,0.1041466253272614,83.81360375275938,67.2149139075749,25.02269454408892,1149.4756123879592,22936.425317775072
4413,50.43180669604304,0.1835820496664008,0.110655882954526,85.51572847682114,67.21484860149828,25.0272078736803,0.0,23435.964142722736
4414,51.38168863861044,0.1531562299321821,0.1296956990567772,87.63165150261922,67.21478327962417,25.031721200371788,0.0,23935.522226175326
4415,51.80585427812975,0.1720383433784749,0.1236744002412943,89.50406280126704,67.2147179419501,25.036234524163003,0.0,24435.098386957892
4416,52.0846404258238,0.1404001006640458,0.1199254257322676,91.061491796498,67.2146525884735,25.04074784505352,1045.7860921955655,24934.691538505864
4417,51.42276368517856,0.1255084601284188,0.1189500950603976,93.02909141045085,67.21458721919184,25.045261163042927,1126.2644898615035,25434.300679597738
4418,49.95442655914015,0.1052247211186938,0.1129885058577813,95.61650819898026,67.21452183410263,25.049774478130846,163.39161720705013,25933.924886134755
4419,50.50015011912251,0.1142796966972744,0.1069856402971171,96.27152317880793,67.21445643320325,25.05428779031688,0.0,26433.563303855346
4420,31.355775540342705,-0.1408451203196638,-0.2379378890007363,1.8529777532126577,67.22374610595477,24.75194816316827,0.0,2923.37400654562
4421,28.683853808477828,-0.2800821926191903,-0.1383361361478295,0.0,67.22368192149753,24.756461678123912,0.0,2429.577154818403
4422,28.545770030273644,-0.2830429943158177,-0.0983587290699199,0.0,67.22361772143647,24.760975190204853,0.0,1938.9622791466516
4423,28.48512000930646,-0.2601621727450722,-0.0937957733984899,0.0,67.22355350576915,24.76548869941068,0.0,1454.752311690194
4424,28.4404316556391,-0.2473158304472635,-0.0953761485409638,0.0,67.2234892744931,24.770002205740973,0.0,986.4247850041434
4425,28.516472040287635,-0.2311995171764188,-0.1011206733295561,0.0,67.2234250276058,24.77451570919533,0.0,542.908109409097
4426,29.305604547341385,-0.073233852958599,-0.1788862571892112,0.7975943591870595,67.22336076510481,24.779029209773352,0.0,154.13153950245416
4427,31.621975396435023,0.517831237694869,-0.409133847001131,3.650683985076691,67.22329648698765,24.78354270747462,0.0,82.82982244462514
4428,29.80201431685844,0.0558875827634524,-0.230320859332525,1.493501106194691,67.22323219325182,24.788056202298744,0.0,133.15436921852896
4429,29.77827297301716,0.0377005932549072,-0.2089530493042407,1.7021570796460168,67.22316788389486,24.792569694245305,0.0,493.45284242005494
4430,31.509409328625136,0.5907210934953354,-0.4264067535443513,4.886140666021829,67.22310355891426,24.7970831833139,0.0,784.0072812249094
4431,31.618819029479088,0.6252045849792325,-0.4597290745830564,3.402653033024734,67.22303921830759,24.801596669504125,0.0,1214.4430208967099
4432,32.656195880381546,0.7015959111110577,-0.4873813789353148,2.3967376278683994,67.22297486207235,24.80611015281557,0.0,817.0346106690846
4433,32.981298969733466,0.4967072539487973,-0.3967307002218813,1.7036320950145003,67.22291049020605,24.81062363324784,0.0,325.45499501516184
4434,39.02474797112677,0.0719473660630959,0.015752329648004,2.798398232532449,67.22284610270617,24.8151371108005,6749.949472572337,112.67684294125213
4435,40.93662875072119,0.2607755184131047,-0.0531144049361088,8.355761260016578,67.22278169957029,24.819650585473177,2383.484833536623,596.5713544964208
4436,43.82969967394367,0.1600672017257512,0.0326865474715239,23.699254349627168,67.22271728079589,24.824164057265445,7028.81551298964,1026.3186003094527
4437,43.12979093507042,0.0937707447278545,0.048184910899936,28.0973487986744,67.22265284638047,24.828677526176904,16693.09151544654,1499.0873373824013
4438,42.74009254489988,0.1084754201887364,0.0442297239180363,31.44386134511807,67.22258839632158,24.83319099220715,9320.71093238604,1977.8958011191837
4439,43.84510632424762,0.1369873044047665,0.0386876666964702,36.02639215144397,67.2225239306167,24.83770445535577,2304.060947084624,2465.1330095448616
4440,45.8585666437585,0.1163160971140415,0.0494559307075194,36.21099903274838,67.22245944926338,24.84221791562236,1502.7573901694602,2956.6348623194253
4441,45.88905866935197,0.10105479921954,0.0849863247757769,34.25784164709134,67.22239495225911,24.846731373006527,7371.559613168162,3450.5794677284566
4442,45.98504188512093,0.1017025328995093,0.096498013122391,33.55022799502556,67.22233043960138,24.851244827507845,5935.650099537128,3946.0496216844545
4443,45.05765376030127,0.1714732164147699,0.0363904995078257,28.037031919303583,67.22226591128772,24.85575827912593,8888.858019089794,4442.534926162479
4444,43.95692354231282,0.3121486048336216,-0.0492580868927505,24.965874550980946,67.22220136731565,24.86027172786036,11058.463525662935,4939.729296553045
4445,44.99105592965464,0.3036021770432981,-0.0287524575538564,25.600856590218296,67.22213680768267,24.864785173710736,3196.9526051123376,5437.438227323276
4446,46.38862281369629,0.264933323501794,-0.0044367636051808,22.571922067154897,67.22207223238628,24.869298616676648,6114.26332037254,5935.5322784362315
4447,48.84818559225353,0.2305138671426712,0.0705521352153095,28.581331123998897,67.22200764142399,24.8738120567577,2458.394578730891,6433.922006089861
4448,47.05359898942884,0.3354832746805892,-0.0031840272038181,28.535044150110377,67.22194303479326,24.87832549395348,4208.084635316332,6932.543640844009
4449,46.11065049332874,0.2892267829994424,-0.0202037997699965,30.045423167195903,67.22187841249168,24.88283892826357,7293.868756816912,7431.35050200374
4450,49.42613303422536,0.2349172891439398,0.0386142143896812,28.112123722728523,67.22181377451666,24.88735235968759,5396.0731795047,7930.307638091604
4451,47.667216389973774,0.2768082416439855,0.0053422704895944,29.995854635898848,67.22174912086581,24.89186578822512,3298.42900847907,8429.388363669606
4452,46.40759801549296,0.3102191124619077,-0.0145293028331804,34.437448218724114,67.22168445153656,24.89637921387575,2464.172358694155,8928.5719539031
4453,49.07310188042255,0.1673063220885041,0.0615061744031253,34.69814968240817,67.22161976652642,24.900892636639096,8178.684602230226,9427.842069433762
4454,47.06458658000005,0.1274322075305238,0.0442067188086118,37.63918806959404,67.22155506583292,24.905406056514725,18750.0651630444,9927.185655359923
4455,47.98263645140849,0.1590311805722735,0.0465937388873675,38.93731013532175,67.22149034945349,24.909919473502256,13011.23113666126,10426.592155901257
4456,50.90009901822632,0.1885105643583687,0.0897777348391647,38.52023760187871,67.2214256173857,24.914432887601272,0.0,10926.052943981405
4457,50.310965528169056,0.2152276925606024,0.0713517495521152,38.88911902789286,67.22136086962703,24.918946298811367,0.0,11425.560900171338
4458,49.19353351661975,0.2771714823509478,0.0315564780527286,40.521264843965774,67.22129610617495,24.923459707132142,0.0,11925.110097272702
4459,49.220168302957774,0.3118678509288048,0.0154027688694044,42.36025959679648,67.22123132702698,24.9279731125632,1001.631479368405,12424.695560870015
4460,49.9332219292958,0.2309551127948713,0.0605670233352969,43.59210162938414,67.22116653218063,24.932486515104102,116.02249560503743,12924.313085350444
4461,49.555254806829495,0.227359848950603,0.0452530175690457,46.22723509933775,67.22110172163337,24.93699991475449,2016.7473488899536,13423.959090958653
4462,50.67892133653149,0.1924140907942437,0.0812563903646283,48.87113686534216,67.22103689538271,24.941513311513923,2933.8744714694017,13923.6305115792
4463,47.277812235703664,0.3212805309389768,-0.0131442327218731,51.19136313465784,67.22097205342612,24.94602670538201,3439.598283504873,14423.324705831585
4464,46.87082169035597,0.3589694522083871,-0.0387856614615747,54.70488410596026,67.2209071957611,24.95054009635836,6294.86161009272,14923.039386012133
4465,46.36191216708434,0.293012535231008,-0.0255829903358681,57.00510556092179,67.22084232238514,24.95505348444255,4803.834044434156,15422.772560819425
4466,48.49875416213578,0.2222550237162196,0.0366258743330881,56.84671633554085,67.22077743329577,24.95956686963418,5966.924987297883,15922.52248887382
4467,50.460317970635046,0.2259742963196498,0.0903866421042707,59.21079514080619,67.22071252849042,24.96408025193285,0.0,16422.287640713857
4468,49.61095454028155,0.2024406842324198,0.0746452226380812,61.345384296950506,67.22064760796658,24.96859363133814,207.653218844366,16922.066667507897
4469,49.16153551027031,0.163490923178289,0.08656751796254,62.52289023717599,67.2205826717218,24.97310700784968,1886.773358618886,17421.858375173968
4470,51.06215801175935,0.1561270584892493,0.1018621872143565,64.2087760452601,67.22051771975354,24.97762038146704,2484.538369796032,17921.661702791484
4471,50.54215392860772,0.1739065651228876,0.0785867608228273,66.62094659859251,67.22045275205924,24.982133752189803,3547.681467754754,18421.475704557444
4472,51.01094053613358,0.2529410544631607,0.0665641484694912,69.53084034773008,67.22038776863646,24.9866471200176,116.50547645092104,18921.29953458863
4473,50.859115690759054,0.1593029539595134,0.0968135079763648,70.25503726193762,67.22032276948266,24.991160484950008,0.0,19421.1324340606
4474,50.52043518125001,0.1980633108719839,0.071155333028346,73.43156732891832,67.22025775459528,24.995673846986616,1030.2421178898626,19920.9737202945
4475,50.57126953996691,0.2025271956390967,0.0863310488819573,75.88363435819659,67.22019272397183,25.00018720612703,2736.365123893564,20420.82277744216
4476,50.41659408873965,0.2331630966800824,0.0645808486048136,76.99296745725317,67.22012767760981,25.004700562370857,2392.331794690316,20920.679048502097
4477,50.82170536299739,0.1870745452171716,0.0911830184900695,79.21398042189435,67.2200626155067,25.00921391571768,1394.8924180682238,21420.54202845629
4478,49.86532423400247,0.2124837037414922,0.070754940759551,82.26140907210808,67.21999753765996,25.013727266167084,2494.631285297139,21920.411258343003
4479,49.40648481227801,0.2160831257420605,0.0781480327599805,84.0609487038058,67.21993244406707,25.018240613718685,2233.4103179179288,22420.28632013107
4480,50.69130410638635,0.1590427091263841,0.1125976343369397,84.23948710878255,67.21986733472552,25.02275395837207,836.220843688948,22920.16683224702
4481,50.66494225721856,0.1755289266383735,0.1071165873903436,85.90466335540836,67.21980220963279,25.027267300126848,1030.021946175557,23420.05244569611
4482,50.499994497351,0.1818610934660485,0.1014327256889197,87.81318984547464,67.21973706878636,25.0317806389826,2646.9974834844365,23919.942840648848
4483,51.55742943991173,0.1491730017000044,0.1151181971269845,91.1225334621223,67.2196719121837,25.03629397493893,420.420960177171,24419.837723465367
4484,51.801025572586894,0.1704615384440718,0.1171948074535012,92.00441257584116,67.21960673982228,25.04080730799543,1047.9126263951007,24919.736824061503
4485,51.93774490322022,0.1372690125053042,0.1240358947664391,94.63603752759384,67.2195415516996,25.04532063815171,0.0,25419.639893600717
4486,50.87174643621624,0.115178345032381,0.1189484629029554,97.2592388306674,67.2194763478131,25.04983396540735,424.2222611652497,25919.54670243622
4487,50.00610239687916,0.1196369164072618,0.1059299476357597,98.6593543046358,67.21941112816026,25.05434728976195,0.0,26419.457038306664
4488,36.12175144618728,-0.0047136349872987,-0.0942947591603436,2.7394551237726463,67.22868876947963,24.752006686326467,0.0,3035.550566405151
4489,28.887235356304835,-0.2535972596022575,-0.1865313184164976,0.261374636979671,67.22862476339623,24.756520213360496,0.0,2563.45407804528
4490,28.68654361489842,-0.3041299674340583,-0.1345843349367136,0.0,67.22856074175236,24.761033737520645,0.0,2104.287617930697
4491,28.66092261311673,-0.2743926157125799,-0.1003858519459585,0.0,67.22849670454558,24.76554725880653,0.0,1658.1832319856628
4492,28.490144022848483,-0.2586803164713159,-0.0967144817647522,0.0,67.22843265177337,24.770060777217743,0.0,1242.7802300679853
4493,28.54575537839328,-0.2399472665294907,-0.0979085653612147,0.0,67.22836858343331,24.774574292753865,0.0,860.4683033817475
4494,28.679049313582976,-0.2122411773460991,-0.1043082497951446,0.0277739394776841,67.22830449952293,24.77908780541449,0.0,443.62761215656496
4495,29.15684330193897,-0.1119058214048614,-0.1610900539429715,1.0479215577958845,67.22824040003975,24.783601315199228,0.0,116.42319943800787
4496,29.50110508543598,-0.0344189522244109,-0.1887713995760502,1.4164709133618902,67.22817628498127,24.78811482210765,0.0,417.06231270831626
4497,31.616675649215274,0.6121117088739731,-0.4317591870856202,4.941420281845814,67.22811215434504,24.79262832613937,0.0,831.5641686530503
4498,31.911027711442397,0.7153788057668695,-0.4803626427463814,3.772727272727271,67.22804800812862,24.797141827293974,0.0,1164.871428024958
4499,32.05994272830987,0.6296193081864174,-0.4619092697703725,2.5857497928748967,67.22798384632947,24.80165532557105,0.0,1297.4096064342964
4500,33.16150915462465,0.764760512711474,-0.5142081344874412,2.928107286050047,67.22791966894518,24.8061688209702,0.0,800.1152574028253
4501,32.437814657909605,0.428627721863441,-0.3834384220194654,1.7245956034840315,67.22785547597323,24.81068231349101,0.0,311.60417690659403
4502,39.36942284905351,0.1119084774209577,-0.0007524899031501,3.6769379577172874,67.22779126741115,24.815195803133093,6722.21474052779,11.098859576852544
4503,42.42599656193728,0.2076927297665008,0.0035186324347196,13.325963797153516,67.22772704325646,24.819709289896025,6988.603626699283,414.8327309850437
4504,44.76260833206141,0.121943548693129,0.0648200246205717,25.179870040094013,67.22766280350673,24.8242227737794,5605.71453767063,914.819736510754
4505,42.99829171280466,0.1062233942786713,0.0466946177985397,30.124067421939763,67.22759854815942,24.82873625478281,16575.539103072166,1414.815926401703
4506,42.81647405720054,0.1209509135090989,0.0374193030749487,34.629404449357466,67.22753427721206,24.833249732905863,15149.949990728814,1914.8141060084151
4507,44.71258831359901,0.1449559815378357,0.0794521637245327,35.27978414279784,67.22746999066217,24.83776320814816,5469.335221812441,2414.813039392484
4508,45.82095737147869,0.1346464374851519,0.0582189461408493,37.32762667403009,67.22740568850733,24.842276680509265,3619.3890266132153,2914.8123386493753
4509,44.55993120333287,0.0925682733908088,0.0510396362029109,37.30650283031893,67.22734137074498,24.846790149988788,17869.135141664945,3414.8118430662194
4510,44.31588682450706,0.1454940510013968,0.0281693115379212,33.8229770781552,67.22727703737267,24.85130361658633,8298.216092946845,3914.811474032747
4511,45.72333278295776,0.1617651799410706,0.029357660192708,29.62510356255177,67.22721268838792,24.85581708030148,5483.082499327301,4414.811188553802
4512,43.00433468676057,0.3556895203535076,-0.0884235828881404,25.74965479149406,67.22714832378824,24.860330541133845,3536.450951019883,4914.810961128055
4513,46.80754025852058,0.2167509633710131,0.0343457191865116,26.801683687551744,67.22708394357112,24.86484399908299,4284.368185097942,5414.810775672
4514,47.94230867118145,0.2746175086361377,0.0044088054031441,24.93975404173,67.2270195477341,24.869357454148528,2032.63683286258,5914.810621543608
4515,48.14666912601579,0.20587827835455,0.0489403314786364,23.79781496335224,67.2269551362747,24.873870906330065,1875.785863783463,6414.810491417055
4516,48.87409159733833,0.2775051147888261,0.0211043197646297,28.95163073521283,67.22689070919043,24.87838435562718,4741.535322415382,6914.8103800861945
4517,47.28477362087127,0.2957126226925844,-0.0112816603091258,30.210206057253504,67.22682626647875,24.882897802039466,6663.803770206538,7414.810283746927
4518,48.744421663636885,0.2156497653275428,0.0398515540066359,32.42476164156419,67.22676180813727,24.88741124556653,9027.89940491407,7914.810199560608
4519,48.443410278732415,0.2198172015960922,0.0393803730772567,33.326843413421706,67.2266973341634,24.89192468620795,6413.203128070702,8414.81012535834
4520,48.38496656338218,0.1902015681496313,0.0618450659397546,31.56714562033712,67.22663284455473,24.896438123963343,3725.6865788335617,8914.810059462308
4521,48.64700948718312,0.1967180910773257,0.0486722349274231,33.004142502071254,67.22656833930867,24.90095155883229,3949.943605819474,9414.810000547885
4522,47.96328009691568,0.2032253371608712,0.0315789850760679,33.405356896313684,67.22650381842284,24.90546499081439,8678.852847217742,9914.80994756016
4523,46.93635271116603,0.2310773554464414,0.0034785081620959,36.57196081137022,67.22643928189468,24.90997841990924,9360.794985044871,10414.809899643806
4524,47.36124106741723,0.2845486168106542,-0.0045416134428154,37.8100165562914,67.2263747297217,24.91449184611644,6202.019777181675,10914.80985610454
4525,50.17840728712038,0.2473798215598676,0.0626535549467586,38.3919105466593,67.22631016190142,24.91900526943556,0.0,11414.809816362302
4526,50.31671317716022,0.2701975671459456,0.0374920590467707,42.603836070097984,67.22624557843135,24.923518689866224,0.0,11914.80977994471
4527,48.3230279440563,0.3058261582035054,-0.0029184336583292,42.43722406181016,67.22618097930896,24.92803210740801,1173.532253566676,12414.809746445288
4528,50.11965525912747,0.2120694973321092,0.0665290318026057,44.34032859312441,67.22611636453178,24.93254552206053,832.5143100719151,12914.809715529018
4529,51.30237323470112,0.1578501472981929,0.0964771131062532,46.14469142620463,67.22605173409731,24.93705893382337,0.0,13414.809686904948
4530,50.87168855750108,0.1335300576207456,0.1050577159704435,48.80684799116389,67.22598708800305,24.94157234269612,0.0,13914.809660325924
4531,50.62261433023613,0.1599965310483622,0.1028431798321316,50.481706475217486,67.22592242624646,24.946085748678385,143.36249886402754,14414.80963557956
4532,49.674424109539096,0.2285434856026181,0.0543725382099176,52.66491857576595,67.22585774882512,24.95059915176976,1372.6876408897676,14914.809612482475
4533,50.24603233686047,0.2351102828625798,0.0583109042782783,54.6784481568411,67.22579305573646,24.95511255196983,910.0298158877272,15414.809590871475
4534,50.453056707261965,0.1870725752198695,0.0805551302548709,56.79354126414575,67.22572834697799,24.959625949278205,0.0,15914.809570609112
4535,50.77721611661972,0.1784294114850254,0.1009625278074896,58.69704501518916,67.22566362254724,24.96413934369448,0.0,16414.80955157223
4536,50.81782075537189,0.2206403864565429,0.1021834031310993,61.60466399889606,67.22559888244167,24.96865273521824,0.0,16914.809533648982
4537,49.99456241162165,0.1659146647040889,0.0976992143390304,62.89423607280749,67.2255341266588,24.973166123849094,0.0,17414.809516748363
4538,50.65088300911424,0.1864920860425179,0.1002230997798075,64.18239514348784,67.22546935519608,24.97767950958663,592.7412931731658,17914.809500780793
4539,50.60235782914105,0.1572829573051491,0.0768669063195252,67.25575623879772,67.22540456805108,24.98219289243044,3395.2116133101126,18414.809485671554
4540,51.108252094552974,0.1634251850475002,0.0844148217060406,68.28394039735099,67.22533976522125,24.986706272380133,888.3223162044692,18914.80947135304
4541,50.55316359469387,0.1370072531186005,0.104664266298349,71.88582460011028,67.22527494670405,24.991219649435298,1480.4906443638934,19414.80945776327
4542,49.50551450501174,0.1770209285193024,0.0518162479817112,74.49385613695982,67.22521011249701,24.99573302359553,7904.46027041681,19914.809444848714
4543,50.759435796887445,0.2206235508188791,0.0715820361941724,76.623206401766,67.22514526259761,25.000246394860422,1118.6715803592888,20414.809432557027
4544,50.74200217021812,0.2310963753893574,0.0644737565918964,79.15737161789065,67.22508039700334,25.00475976322958,2756.661574448947,20914.809420845275
4545,50.72237522959307,0.19403763644935,0.0872479420019285,81.13795006207752,67.22501551571168,25.0092731287026,2023.04607612466,21414.809409674697
4546,50.29203949809709,0.2144130883294197,0.0935989639471242,83.12286265857695,67.22495061872014,25.01378649127907,209.5763950152607,21914.809399005586
4547,48.519186357574526,0.2459062468475747,0.0679818887476566,86.27345474613686,67.2248857060262,25.0182998509586,4634.652173576329,22414.809388805716
4548,49.30975352985522,0.20997313333241,0.0910842744970337,86.4409047027996,67.22482077762733,25.02281320774077,5201.810799423824,22914.809379043003
4549,49.17060966154804,0.1921635814915882,0.0792245854305895,87.441087196468,67.22475583352104,25.027326561625188,3906.3784500527977,23414.809369691247
4550,51.76589897375777,0.1532980665839584,0.1248628468579271,89.83629599007851,67.22469087370477,25.03183991261145,61.60776148090094,23914.809360723335
4551,51.494036918712254,0.124999500887755,0.1269063965963856,92.81897146008548,67.22462589817604,25.036353260699148,836.2007585101488,24414.809352116117
4552,52.0362673771405,0.1275659937013958,0.1218025929804932,94.29820936639116,67.22456090693235,25.04086660588788,212.2750878320822,24914.809343847413
4553,52.46648041426642,0.1512941345505187,0.1235327937865703,95.23676227247654,67.22449589997113,25.04537994817725,0.0,25414.809335898615
4554,51.65041633799092,0.1246782209924387,0.1249415486537292,96.97850351384866,67.22443087728989,25.049893287566853,0.0,25914.809328249863
4555,50.69035383042473,0.1192321018032336,0.1163196744344902,98.6912575841147,67.22436583888614,25.05440662405628,0.0,26414.80932088502
4556,36.82673641731347,0.0589937677936576,-0.054050824946518,3.3208955223880605,67.23363144856248,24.752065046588857,0.0,3222.269215925442
4557,29.967530918977506,-0.0986737984801446,-0.2910647400713693,1.2307586016305103,67.23356762085537,24.75657858566764,0.0,2775.679024099843
4558,28.719404429879752,-0.2477543349318104,-0.2349969299257725,0.0,67.23350377763114,24.7610921218734,0.0,2345.683306270121
4559,28.69935245628855,-0.2984944610873805,-0.1298953738617047,0.0,67.23343991888736,24.76560565520574,0.0,1943.9511459177709
4560,28.611255498432207,-0.2963686843190727,-0.0990310613872919,0.0,67.23337604462152,24.77011918566425,0.0,1557.890809462698
4561,28.57565430647492,-0.2511190552202666,-0.1028400034390368,0.0,67.23331215483115,24.774632713248504,0.0,1146.9085005265529
4562,28.69352991895743,-0.2226337903739108,-0.1036967803441621,0.0,67.23324824951385,24.779146237958127,0.0,811.4958868400597
4563,28.9444838586064,-0.1904716675896169,-0.1086173681971157,0.0,67.23318432866712,24.78365975979269,0.0,612.426179021499
4564,29.673682931307614,-0.0286305431119528,-0.1928814542530648,2.226234952262349,67.23312039228847,24.788173278751803,0.0,748.3560290848357
4565,31.937393954391613,0.6575260180056953,-0.4597142930818061,4.68487278761062,67.23305644037546,24.792686794835053,0.0,1102.7752381337414
4566,31.905804310593137,0.7031614108168314,-0.4893267179686809,2.9886630720309686,67.23299247292563,24.79720030804203,0.0,1517.5331328458774
4567,32.03257650186569,0.5952240482662741,-0.4630949814744752,2.373548922056385,67.23292848993653,24.801713818372328,0.0,1352.0289117088614
4568,32.92372051459529,0.7125605830895199,-0.4979458132768977,2.52732807527328,67.23286449140566,24.80622732582556,0.0,859.0577333243508
4569,31.96172188759603,0.4379558552722954,-0.3921521722603862,1.747720364741641,67.23280047733054,24.81074083040129,0.0,359.4124139387855
4570,38.88221030988949,0.08743660434194,0.0127792052436552,5.787372202265818,67.23273644770873,24.815254332099133,7825.847192326642,79.0225128923302
4571,42.76883254239439,0.1958848659800254,0.0302953666624185,20.71389119027893,67.23267240253776,24.81976783091868,4880.331967977965,567.8170713395376
4572,43.46669037309936,0.1211886322789348,0.0465099093897714,22.803095205195515,67.23260834181514,24.82428132685952,7741.715077815294,1041.7282061487983
4573,43.334978292472016,0.1004041886986347,0.0495124054991947,28.508497996407343,67.2325442655384,24.82879481992124,15228.130633699056,1500.7139597469718
4574,43.15960303577466,0.0940371262508668,0.0493867584077623,34.18834576083953,67.23248017370507,24.833308310103465,15169.059395913158,1979.6684374305853
4575,45.30415610075436,0.1025714911892051,0.0576128792403745,35.70751588836694,67.23241606631268,24.83782179740576,5641.028298301416,2466.9339827704275
4576,46.48448701039106,0.1173641753757563,0.0341988450450883,36.99530192068536,67.23235194335875,24.84233528182773,1380.284095065232,2958.1366144337685
4577,46.49128620345401,0.1543518974421563,0.0419771848600239,37.71027908261952,67.23228780484084,24.846848763368968,7468.546632779815,3451.8663333979084
4578,46.1208407595938,0.1450482108697066,0.0555968496624536,36.74506010777946,67.23222365075642,24.85136224202907,3497.157044291129,3947.174956511538
4579,45.87126455339047,0.1106021141523834,0.0514116283281688,33.422768720641066,67.23215948110304,24.85587571780763,1549.6474855547172,4443.534526776527
4580,46.66817020255812,0.1878532614142166,0.0184761104617235,26.65832411504425,67.23209529587821,24.86038919070424,7202.554147955695,4940.628304544948
4581,46.6880242103236,0.2433485662074654,0.0106301204191671,29.36117256637169,67.23203109507949,24.864902660718503,4664.652217951683,5438.254958749732
4582,49.088389575618265,0.2446313058918274,0.0492366134835498,28.2701244813278,67.23196687870434,24.86941612785001,1773.0074927284925,5936.280480969987
4583,48.53757050748343,0.2589930664500368,0.0276269575537368,27.39422013274336,67.23190264675033,24.87392959209836,1614.606383642628,6434.612257223119
4584,48.23444803547954,0.2301952139146669,0.0469161427913224,27.48185456050781,67.23183839921494,24.878443053463133,2418.4816303280995,6933.184250582373
4585,44.525010581770005,0.4734961461751434,-0.1209720467233455,30.44719039072207,67.23177413609572,24.88295651194393,136.12172074241138,7431.94811633663
4586,47.56145392821483,0.3295750666920662,-0.0119873766263515,33.5678586221179,67.23170985739017,24.887469967540365,3073.260035184128,7930.8676546154875
4587,47.03031676410436,0.1969091756430653,0.0268317514613544,35.46439414849573,67.23164556309584,24.89198342025201,10777.679260665926,8429.915225301462
4588,48.200746905774686,0.2487242766431375,0.0253208100733983,35.646644573322284,67.23158125321021,24.89649687007848,5840.427133916463,8929.06936115053
4589,49.74990948605637,0.1798044037605972,0.0686159211242402,34.715133940900294,67.23151692773078,24.90101031701935,4276.401171143511,9428.313136842009
4590,50.14063292626265,0.1693843747194065,0.069589544925863,34.893000138064345,67.23145258665511,24.905523761074218,2691.2883376294985,9927.633028880467
4591,48.14582656508777,0.1618201864510574,0.0569163513971004,37.675832527290325,67.23138822998068,24.9100372022427,10495.270706652038,10427.0181022952
4592,46.94299106126766,0.2208146090344079,0.013984831832772,38.26732946699809,67.23132385770501,24.914550640524386,9671.140736200869,10926.459419902401
4593,47.37611777513188,0.3317125342619525,-0.0090445532465915,40.29186801049291,67.23125946982563,24.919064075918847,2543.6733164395864,11425.94960620759
4594,46.85468875622775,0.3718965226147544,-0.0413255209096073,41.05084979964075,67.23119506634,24.92357750842569,1025.6413510194695,11925.482520722473
4595,45.26678782323948,0.4019079874461648,-0.0663787871226776,43.19110742888706,67.23113064724572,24.92809093804454,2659.095135681773,12425.053009958954
4596,45.79083792836121,0.4023854578523698,-0.0716562199006711,44.52795802844128,67.23106621254021,24.93260436477496,1004.1476813575804,12924.656716839392
4597,50.801786139892414,0.1770092394982621,0.0914112202063485,46.24737858719647,67.23100176222103,24.93711778861654,750.2419475118006,13424.289932642434
4598,51.64650419342812,0.1289116867640735,0.1212004478328243,48.82818106541542,67.23093729628566,24.941631209568904,0.0,13923.949480763784
4599,51.07149566319584,0.1379633462513499,0.1231200374467269,51.1912515523665,67.23087281473163,24.94614462763164,428.9731417954456,14423.632624611522
4600,51.29645682080301,0.1471470089681711,0.124365481328599,52.61410044150113,67.23080831755642,24.950658042804324,0.0,14923.336993993738
4601,51.32984835801574,0.1345419257194156,0.1266103768314071,53.865875534704,67.23074380475757,24.955171455086585,0.0,15423.060525802939
4602,51.55631422951594,0.1314277432534397,0.1258501363333049,58.03047855468209,67.23067927633254,24.95968486447799,804.295870632492,15922.801415846823
4603,51.75369515676057,0.1447045801387047,0.1212246694690318,58.85998342999171,67.2306147322789,24.96419827097814,826.2637753487545,16422.558079484963
4604,51.41790212193843,0.1643240321476943,0.1372017009012464,59.86041695430072,67.23055017259406,24.968711674586643,0.0,16922.329119223537
4605,50.56710920061269,0.1588192224258134,0.1204742324269036,62.02221608941631,67.2304855972756,24.97322507530309,0.0,17422.113297883254
4606,49.47731289059508,0.2209499597539951,0.0619297496245106,63.793317686041696,67.230421006321,24.97773847312709,0.0,17921.909516257423
4607,49.83268173892385,0.1825171847820149,0.0511763097556492,66.95681567328919,67.23035639972774,24.98225186805821,2025.9709477353845,18421.716794403237
4608,51.365815018873256,0.1334835878000489,0.094395485267232,67.82062966031484,67.23029177749333,24.986765260096075,0.0,18921.534255900264
4609,51.133422809049264,0.1485451801977927,0.0987187119457316,71.382503104733,67.2302271396153,24.991278649240265,390.6149818919957,19421.36111452696
4610,49.76648165206127,0.1854319885445005,0.0600946709946746,76.708885209713,67.2301624860911,24.995792035490386,6274.284426995147,19921.19666295743
4611,51.25912140778819,0.206694896640126,0.0812651198875566,78.32570325427467,67.23009781691825,25.00030541884601,1122.7102362476253,20421.040263100585
4612,51.5881237429868,0.2016736029600879,0.0907653544541354,79.71373414230555,67.23003313209425,25.00481879930678,1022.007869838358,20920.891337843546
4613,50.21559948254141,0.2540610671794555,0.0666297061459259,81.88714128035315,67.2299684316166,25.00933217687226,1423.9577606009989,21420.749363929317
4614,50.11373734420021,0.2264988375921686,0.0835752895111056,83.29840044125756,67.22990371548275,25.013845551542044,0.0,21920.61386581799
4615,49.24550983285161,0.2223455462189036,0.0843021787031031,84.90706012134584,67.22983898369026,25.018358923315745,427.1927692100157,22420.48441037808
4616,48.6273959413947,0.2308108779573343,0.077005153311215,88.95203969128994,67.22977423623658,25.02287229219295,4793.104312474511,22920.360602253462
4617,50.41563429291392,0.1453794589477168,0.1027398306526254,89.09312913907286,67.22970947311923,25.02738565817327,1335.46225833675,23420.242079843345
4618,51.83538658061544,0.1788246022539283,0.1110326175953217,90.42058782944666,67.22964469433565,25.03189902125628,932.2699140249174,23920.128511761974
4619,51.80153700460053,0.1630088409334923,0.1174080306545447,93.308679453567,67.22957989988339,25.0364123814416,2419.0634115053444,24420.019593760593
4620,51.55645218898859,0.1256378528324339,0.1221431985197497,95.21636539257624,67.22951508975993,25.0409257387288,1172.2009807667168,24919.915045996488
4621,51.37468774067656,0.1491579086439083,0.1061917244610718,96.03713930691704,67.2294502639627,25.04543909311751,307.7131082403639,25419.814610643833
4622,50.2323149198289,0.1399140535429089,0.0849346926701363,96.83496619290744,67.22938542248927,25.0499524446073,676.1773528951967,25919.71804975806
4623,50.825519162764856,0.1346397563329419,0.1107722912543584,99.88537494821163,67.22932056533706,25.05446579319777,0.0,26419.625143404413
4624,33.34925753286764,0.3219954116593713,-0.2708335437325674,2.664960575459954,67.23857414316,24.7521232439534,0.0,3457.8971335728634
4625,30.18992970596047,-0.0128067989916825,-0.3794000965613184,1.9849260129995845,67.23851049383164,24.75663679504333,0.0,3042.1848588078233
4626,28.729666197359904,-0.2314841763619307,-0.2734630920670121,0.0,67.23844682902953,24.761150343261097,0.0,2646.3890088605053
4627,28.654333513803437,-0.2534132694698944,-0.1746863324710901,0.0,67.2383831487512,24.76566388860628,0.0,2246.245183316629
4628,28.617448858050604,-0.3121436951260453,-0.1069144978857597,0.0,67.23831945299416,24.77017743107845,0.0,1853.1035476358456
4629,28.639483974667414,-0.2823293475872102,-0.1138742754177309,0.1147835707371041,67.23825574175596,24.77469097067724,0.0,1517.727507396267
4630,29.104977857453,-0.2301327382367743,-0.1155272638187811,0.9271294247787608,67.23819201503422,24.77920450740224,0.0,1232.8978211563256
4631,28.99427936067156,-0.1806555031710954,-0.110824911702184,0.0,67.23812827282639,24.78371804125301,0.0,1112.0149674294173
4632,29.450751515686072,-0.0715082394576681,-0.1720133273329965,0.7342821611164845,67.23806451513003,24.788231572229176,0.0,1192.099095904538
4633,31.437034094893622,0.535637610028987,-0.4383388365289722,3.105692180160265,67.23800074194271,24.79274510033033,0.0,1450.2126097528792
4634,32.04893837781402,0.6883650440553927,-0.4811925572549044,2.822025701257426,67.23793695326196,24.79725862555605,0.0,1805.0721532107661
4635,32.39934766811491,0.7604993129371058,-0.5023984720104889,2.5934263223311684,67.23787314908535,24.80177214790595,0.0,1361.0886402009419
4636,32.366397888541044,0.7584040047883568,-0.496266113087675,2.2303122409505387,67.23780932941035,24.806285667379605,0.0,861.5603103090817
4637,31.861303892318567,0.3578757866227379,-0.3699467697821366,1.5852343425964333,67.23774549423457,24.810799183976627,0.0,361.73456375946813
4638,39.28203087552884,0.1046605511246551,0.0112617934945126,4.403290474215402,67.23768164355549,24.81531269769659,3756.694267030807,12.219823008432135
4639,43.30462503607635,0.1821717769612214,0.0440783027464509,25.04714502972488,67.23761777737067,24.819826208539112,5482.38915492756,509.9030954456082
4640,44.26525499133067,0.1205182082245353,0.0484038299951305,32.26668509050712,67.23755389567764,24.82433971650377,10282.563493396532,1009.8305513556185
4641,43.80662301795773,0.1404201791371534,0.0156870952665204,30.43899405831145,67.23748999847396,24.82885322159017,6545.431508369265,1509.4601640904928
4642,43.023823916084574,0.1029562879343286,0.0436826530550671,33.97347333517547,67.23742608575714,24.83336672379789,12964.602600662498,2007.7736740934797
4643,45.713668025889696,0.155353629911924,0.0397207249385952,35.630305544034286,67.2373621575247,24.83788022312656,4745.589423276676,2506.7589165053846
4644,45.99423847009261,0.1304550643771029,0.0525531501319915,35.475058725991424,67.23729821377421,24.842393719575725,1000.5295526649792,3006.053763913476
4645,47.60920148338028,0.1509639828547249,0.0557785224847199,36.314277823805575,67.23723425450316,24.846907213145016,0.0,3505.460578246059
4646,46.224800142525936,0.1984017100347838,0.0207480584592867,36.01727235042144,67.23717027970913,24.851420703834016,1984.487118340838,4005.0146453258058
4647,45.02554269746028,0.1727667872722714,0.0288341153844153,34.261848832389106,67.2371062893896,24.85593419164233,4376.613070739348,4504.6676628346695
4648,44.73019119725302,0.2786400601475428,-0.0345270725810259,26.329694624844542,67.23704228354211,24.86044767656954,6350.678598631822,5000.4898226339765
4649,46.94980059414885,0.1974788632986311,0.0272733464410696,30.357724699710065,67.23697826216424,24.864961158615248,3599.466584919515,5489.8576395952905
4650,47.49012629422535,0.2278175411108242,0.0291832475408874,29.947804473902227,67.23691422525346,24.86947463777905,2209.308623885346,5980.984479119794
4651,47.63046438506219,0.3385583994375701,-0.0207366332900051,30.05540204476376,67.23685017280731,24.87398811406054,4797.100301559447,6473.469994956349
4652,47.33939717322466,0.3300340443999078,-0.0190796343514541,29.96407847471678,67.23678610482332,24.878501587459297,3364.081079647929,6967.026066506524
4653,48.12433002421668,0.2340438685411137,0.0447034654370316,30.31928709588285,67.236722021299,24.88301505797495,1483.6622957011682,7461.4402528513765
4654,47.288268512467866,0.2542924812625166,0.0304907921294764,30.608875985068444,67.23665792223193,24.88752852560708,0.0,7956.552587775797
4655,48.39652291010639,0.2179673021375668,0.0490551482049969,32.81066151084106,67.23659380761957,24.89204199035526,4017.6722798492337,8452.240384469353
4656,47.89772777507046,0.2975460849772869,-0.0005985921827231,35.68019884009944,67.23652967745946,24.896555452219115,3322.2261285756904,8948.408012119547
4657,48.74632974720743,0.2624348087212607,0.0366596429982426,35.63520795909907,67.23646553174913,24.901068911198227,1408.003483694118,9444.979850986794
4658,49.99415209398014,0.1593178427015058,0.0695150996373316,36.63446655610835,67.2364013704861,24.90558236729219,4100.6439140068505,9941.895333355418
4659,48.3727056746343,0.1946590427169009,0.036570450888979,37.8385316036434,67.2363371936679,24.91009582050062,12591.385298839432,10439.105385662057
4660,48.04752959444432,0.1766752755676579,0.0572033808036135,38.09843987298082,67.23627300129203,24.91460927082309,12545.701534335918,10936.569831816056
4661,48.91389730411759,0.2270464896353156,0.0405181912957445,39.59624672278185,67.23620879335603,24.9191227182592,1250.60504689208,11434.255468506279
4662,49.14898746513869,0.2515785014046828,0.027446029349191,41.173727059472895,67.23614456985742,24.923636162808545,0.0,11932.134618400707
4663,46.56664293395892,0.3338091419335572,-0.0181904016002883,44.24989650890026,67.23608033079365,24.92814960447072,2433.4709777512976,12430.184028559786
4664,49.215580238854095,0.2725679340448874,0.0388947314024441,44.63026370288557,67.23601607616233,24.932663043245338,1104.0148509254432,12928.38402182502
4665,47.24823106796635,0.3626117141495397,-0.0081824092381078,44.18031202540386,67.23595180596092,24.93717647913198,986.8326018561278,13426.717835993548
4666,51.16064556014085,0.1699402575572917,0.1036848444084127,47.21320077326704,67.23588752018694,24.941689912130244,1613.4161476807085,13925.171104107807
4667,51.33634368183101,0.1359711042539095,0.1193541161969346,50.4131455399061,67.23582321883796,24.946203342239738,1879.3978686111325,14423.731441955162
4668,51.34679192178101,0.1344604235452938,0.1200582903691282,52.20985779373187,67.2357589019114,24.95071676946004,122.77113425020184,14922.38811786808
4669,51.849222929327645,0.1387241360435404,0.1234930812194782,53.93814717658427,67.23569456940486,24.955230193790747,0.0,15421.131786304673
4670,50.80811992672923,0.1097402763261608,0.1175233074153301,54.24344465912227,67.23563022131574,24.959743615231464,2806.099082384843,15919.954271308867
4671,49.460890538531,0.1306750805696561,0.087711931651643,57.11997790970593,67.23556585764166,24.96425703378179,5897.133881614894,16418.84838928238
4672,50.89727203372083,0.1515758823952907,0.1121310211119297,59.17699848129227,67.2355014783801,24.96877044944132,2031.433793323962,16917.807803009608
4673,51.038157160907325,0.1770959894875076,0.1041116033389808,61.320601213458346,67.23543708352855,24.973283862209648,610.567841360385,17416.826900690074
4674,50.669721260347686,0.1784350391043339,0.0948792183780288,63.19191501103751,67.23537267308454,24.97779727208637,1080.3329377857006,17915.90069511689
4675,49.56805884071427,0.1969563227202737,0.049918221321543,64.92608935466076,67.23530824704555,24.98231067907108,899.187816324934,18415.024739208366
4676,51.54898606251551,0.1732454252220319,0.097327322002846,66.4287684457316,67.2352438054091,24.986824083163384,0.0,18914.19505487132
4677,51.56186362158114,0.1291756845737792,0.1213629025140173,71.81594922737304,67.23517934817271,24.99133748436287,0.0,19413.408072810726
4678,50.69914179204472,0.1495971607694995,0.0981099485909721,76.79759933774832,67.23511487533385,24.99585088266913,2067.9976271137893,19912.660581369313
4679,51.58156109362584,0.1621089406526331,0.0988935493356601,78.18198123620309,67.23505038689005,25.000364278081776,402.1895932055765,20411.94968286701
4680,51.32208253918049,0.2038601706070768,0.087760267338505,80.14707505518767,67.23498588283881,25.0048776706004,0.0,20911.272756163962
4681,49.97146334844371,0.2344713101314254,0.0657908941237069,80.08112582781457,67.23492136317766,25.00939106022459,2058.560024819116,21410.627424461163
4682,49.34306452135765,0.2260814319390893,0.0724008935382025,82.78214679911699,67.23485682790404,25.01390444695395,3306.9708799139994,21910.01152749985
4683,48.79872601892372,0.2249073270167628,0.0786692406127116,84.49427349247965,67.2347922770155,25.01841783078809,2444.0331345432337,22409.42309746004
4684,48.60485991544704,0.2398736267648652,0.0649371541879319,85.05118653421636,67.23472771050952,25.022931211726583,3592.88286666108,22908.860338009723
4685,50.10882549877487,0.2017009995381411,0.0885874596050808,89.35002759381898,67.23466312838359,25.02744458976904,1624.1202587352775,23408.321606036097
4686,50.66121770948676,0.2129286138043145,0.0852270216028763,91.8308498896247,67.23459853063522,25.03195796491506,1835.4985723816744,23907.805395653366
4687,51.21867824917414,0.1793512785328263,0.0995676697740049,93.71211912312148,67.23453391726196,25.036471337164222,1423.1215588255948,24407.310324180944
4688,51.01558059143369,0.198004292726768,0.078849820835002,97.17538291706911,67.2344692882612,25.04098470651614,1438.7708605507537,24906.83511980185
4689,51.02460365485583,0.162446774974733,0.1050180493956306,98.58479370774108,67.23440464363051,25.045498072970425,1452.6853246255714,25406.378610673346
4690,51.08367329238661,0.1665083755543247,0.1009134191801405,100.4502964290638,67.23433998336735,25.050011436526653,1006.5984797860502,25905.93971529364
4691,50.304719447360746,0.149462211430757,0.1066549908984131,104.4877275234418,67.23427530746926,25.05452479718442,0.0,26405.517433968213
4692,30.108603905066374,-0.0279171069962181,-0.2675601032204847,1.5926438053097345,67.24351685322884,24.75218127841809,0.0,3742.5931663457964
4693,29.64368615794668,-0.1065744956332571,-0.3218883716003203,0.3259637971535166,67.2434533822817,24.75669484148557,0.0,3350.7778634816195
4694,28.69128277413847,-0.2256086947156303,-0.267022664139653,0.0,67.24338989590414,24.761208401681703,0.0,2943.503197265295
4695,28.5378161793174,-0.2915602736792151,-0.1476894575779442,0.0,67.2433263940937,24.765721959006108,0.0,2559.8020250188106
4696,28.65021930434712,-0.2882274138356144,-0.1452832613589705,0.0,67.24326287684794,24.770235513458363,0.0,2222.8274206418782
4697,29.4732292950726,-0.2130362829418629,-0.1966176868357685,0.5819162173372042,67.2431993441644,24.774749065038066,0.0,1914.421126458459
4698,31.52760161933354,-0.0846253964225689,-0.1357934250701844,2.149889380530974,67.24313579604062,24.77926261374479,0.0,1697.5124447605083
4699,29.34889521430944,-0.1004475113099879,-0.1564010782164628,0.7255633900179732,67.24307223247415,24.78377615957816,0.0,1611.8587873856277
4700,30.10355911172015,0.1679459012247539,-0.2932319035592102,1.4066648230088497,67.24300865346258,24.788289702537764,0.0,1667.981943038745
4701,31.931715671389476,0.6213491855970057,-0.4685083204213478,2.735379510576524,67.2429450590034,24.79280324262319,0.0,1861.2308081792314
4702,32.43467380081583,0.6620957245640626,-0.4606535787693066,3.405143805309734,67.2428814490942,24.79731677983404,0.0,1860.84156508933
4703,32.57031275940226,0.7460932783582995,-0.4875881138912707,2.887366818873668,67.2428178237325,24.80183031416988,0.0,1365.1431719788645
4704,32.23698993194695,0.7302087209373951,-0.4563414988716449,2.949841094376123,67.24275418291589,24.80634384563034,0.0,874.3571520323542
4705,31.52479977751245,0.2629154165403589,-0.2919201910579881,0.9900497512437813,67.24269052664185,24.810857374215,0.0,382.97302837290096
4706,39.69737957000001,0.1269188884581862,0.0109977165156776,5.4073460370063495,67.24262685490797,24.81537089992345,3005.0256401372403,107.73873155596888
4707,43.84122331571905,0.1476432337317986,0.0860585533427968,22.31208517699115,67.24256316771178,24.819884422755305,379.4760808804858,585.6450092298425
4708,44.27525321789998,0.1595794219724496,0.0571330049166568,33.289582757667866,67.24249946505084,24.82439794271013,2790.7728412682136,1043.3895737920855
4709,43.235420253795766,0.1955074980232725,-0.0086897134992603,36.71438441343097,67.24243574692264,24.828911459787555,9063.976674186684,1494.104559450495
4710,43.39424477549297,0.1421959066514122,0.0349813967706067,36.97473073736536,67.24237201332478,24.833424973987142,15601.743623599315,1968.7648580051448
4711,45.245086649947474,0.1640905103206911,0.0376604473762502,35.20022123893804,67.2423082642548,24.83793848530851,9469.874717817082,2451.939860461088
4712,47.18797572934587,0.2278879484054202,0.0085829154496856,34.32623426911907,67.24224449971018,24.84245199375124,1148.3201507332758,2940.3481966735435
4713,47.50775208564716,0.1346749609442781,0.0527181203665533,35.4968196902655,67.2421807196885,24.846965499314926,51.710364784722,3432.096437415808
4714,45.413250252901655,0.155578463023356,0.0401363252594972,39.22346755223471,67.2421169241873,24.851479001999166,5342.120902414106,3925.929748917778
4715,44.74384195703816,0.1505953942447991,0.0316227995108424,35.66413163716815,67.2420531132041,24.855992501803573,12200.674873935528,4421.149492026415
4716,46.43818103375986,0.271543277769487,-0.0084652514776794,26.75929252452675,67.24198928673646,24.86050599872772,5264.419551775903,4917.336806435285
4717,47.706230559118445,0.2645789416865239,0.0029479718059182,30.83211275390356,67.24192544478188,24.865019492771207,2194.728703819865,5414.225679140225
4718,47.50596307739713,0.2203173164687563,0.0136043918461877,31.401906604034277,67.24186158733794,24.86953298393363,4078.9881595099096,5911.639209313275
4719,45.74800102000001,0.3712395930090978,-0.0545999008028004,30.95619126589276,67.24179771440211,24.874046472214584,2878.772852595775,6409.455248084228
4720,48.19099455183101,0.273750277948165,0.0165295890777741,31.45098039215686,67.24173382597199,24.87855995761367,3715.02962248789,6907.586772019373
4721,44.11221871781308,0.4871449639513434,-0.1649141278870012,33.27212481016153,67.24166992204508,24.883073440130488,2377.3100899190385,7405.970122033079
4722,48.62653723704228,0.217113948126876,0.0516880049920441,32.042805854736265,67.24160600261892,24.887586919764622,0.0,7904.557665270433
4723,48.82017595197187,0.1391830489731332,0.1026169311734968,30.412317039491853,67.24154206769103,24.89210039651568,0.0,8403.313056075236
4724,48.85062987300858,0.223504756998433,0.0626373750076856,32.397046646425615,67.24147811725894,24.89661387038323,825.1257025353245,8902.208082992214
4725,48.409799602377504,0.266568427908017,0.0252711130199832,36.66160430760736,67.24141415132019,24.9011273413669,804.078709757548,9401.22051581947
4726,48.87269601134016,0.2457686526479671,0.0320287522008431,37.21442387399834,67.2413501698723,24.90564080946628,2426.060914093891,9900.332601530814
4727,49.14357529830989,0.1681679636267805,0.0700000740551692,38.19773543220107,67.2412861729128,24.910154274680945,7531.399466241082,10399.529991996498
4728,48.55901930676058,0.1600977454963146,0.0671854545448218,38.8452085059376,67.24122216043921,24.91466773701051,8907.327234958017,10898.800965593904
4729,49.33500707295778,0.142141536908397,0.0854482294732251,39.90955537144436,67.24115813244907,24.919181196454566,6168.914992788976,11398.135852871439
4730,49.56261470648248,0.1804009769238626,0.0702197104666697,41.388643271622,67.24109408893989,24.92369465301272,404.66101905022856,11897.526606529407
4731,48.05680257690142,0.275641040032906,0.0031545142186742,45.084507042253534,67.2410300299092,24.928208106684544,2683.380318961027,12396.966475120744
4732,48.13244730979413,0.32819116159134,5.193792674765755e-05,47.79701533784717,67.24096595535453,24.93272155746966,216.61679358931585,12896.449752439898
4733,48.80977668049443,0.3043140763486218,0.0125404101842482,44.94130644938543,67.24090186527337,24.937235005367643,1170.8784077895082,13395.971582859385
4734,49.61857915345848,0.2781610539147802,0.0383924220432764,45.20190449903395,67.2408377596633,24.941748450378107,1848.910230004176,13895.527808617424
4735,51.708389238642205,0.1607123581147773,0.1018887851847502,48.18504208638055,67.24077363852179,24.94626189250064,1047.2173598952322,14395.114848828678
4736,51.10010865408061,0.1683643996896721,0.1109883961118783,50.78271673108778,67.24070950184638,24.95077533173484,2001.201715996868,14894.729602836249
4737,50.60267698372843,0.1649782414948155,0.1020432381856026,52.34704015454668,67.2406453496346,24.9552887680803,1249.673783887073,15394.369372335728
4738,49.84778224589761,0.1016152958827099,0.102748650879732,53.48902994342486,67.24058118188394,24.959802201536625,1511.276947517752,15894.031798190985
4739,49.5127436546606,0.1470730803864726,0.0789139176923295,56.43805187637969,67.24051699859194,24.9643156321034,2478.720322347253,16393.714808777597
4740,49.64996425915495,0.153635114063655,0.0967041642432286,57.9993095829881,67.24045279975613,24.96882905978023,230.83887920753,16893.416577497035
4741,49.5760284366354,0.1467326784489687,0.0926619402519863,60.87261937620757,67.24038858537398,24.973342484566707,1500.0522343816178,17393.135487596322
4742,50.274161277650165,0.19201318321706,0.065889221882943,62.78102995996135,67.24032435544302,24.97785590646244,1659.4193780655855,17892.87010288105
4743,49.87418888003313,0.1873117044788219,0.0612331493573629,63.16165102153506,67.24026010996079,24.98236932546701,0.0,18392.6191432033
4744,50.66875603106666,0.1942352585694307,0.0724007037108721,66.35255967986754,67.24019584892478,24.98688274158001,0.0,18892.38146383191
4745,50.96161126323943,0.1276125989495275,0.1052472614628968,74.59790113228391,67.24013157233253,24.99139615480105,0.0,19392.156038012075
4746,51.28463992591193,0.1358392078487996,0.10377694465042,77.4641723042938,67.24006728018152,24.995909565129743,1346.5372704411718,19891.941942154033
4747,51.7291065667881,0.1562664861234531,0.1008026911446397,77.3453366445916,67.2400029724693,25.00042297256566,0.0,20391.738343189456
4748,51.465782475830125,0.1804575122090335,0.1012639952333853,76.57335907335906,67.23993864919333,25.0049363771084,565.4524803692527,20891.54448775483
4749,51.04256933218544,0.1871806484989006,0.0952767244671195,80.71688741721852,67.23987431035115,25.009449778757567,2473.892983952587,21391.35969288187
4750,49.18129470117762,0.2229182999551964,0.0713423634820819,83.6515444015444,67.23980995594026,25.013963177512764,5563.644368964263,21891.18333796376
4751,48.5072472060756,0.2293808808063841,0.0730021628019633,85.87162162162163,67.23974558595816,25.018476573373576,3291.3243550183324,22391.014857797552
4752,49.47205992295295,0.2090839063698955,0.0914558720601927,87.23030219401129,67.23968120040237,25.022989966339605,2008.446607238863,22890.8537365366
4753,50.39451075954473,0.2480237826134041,0.0668181616617086,89.29208057395144,67.23961679927041,25.027503356410453,2456.2154069114736,23390.69950242348
4754,51.21389114208958,0.2076502880348664,0.1014290191285739,89.67039800995025,67.23955238255976,25.03201674358572,2007.657997887885,23890.551723170676
4755,50.65032120984949,0.1754735769486413,0.0840803774672221,93.245822400221,67.23948795026793,25.036530127864985,3986.227714054428,24390.410001923363
4756,50.62384493676006,0.1922965372825149,0.083865668856042,96.9748861597903,67.23942350239244,25.04104350924787,3909.725336097965,24890.27397370406
4757,50.51737713267517,0.1404820481927959,0.1097404459465277,100.20904578047434,67.23935903893076,25.04555688773397,3237.900944409196,25390.143302273755
4758,50.03304807082785,0.1587192703165268,0.1010274268001984,104.7924944812362,67.23929455988042,25.05007026332285,0.0,25890.017677348274
4759,50.56878450775665,0.1467322179913491,0.1096243028543319,109.93805187637972,67.23923006523894,25.054583636014147,0.0,26389.89681216203
4760,28.70220402786388,-0.2324386274935763,-0.3082822295634695,0.0,67.24845957872566,24.75223914998093,0.0,4049.0035051578725
4761,28.857902721618945,-0.2339690271178391,-0.3059777946278952,0.0,67.24839628616222,24.75675272499234,0.0,3644.558233916701
4762,28.717870506102734,-0.2160174221882115,-0.2193888146457714,0.0,67.24833297821166,24.76126629713325,0.0,3266.677219392898
4763,28.65681170083013,-0.2681658970742335,-0.2025959315077897,0.0,67.24826965487156,24.76577986640326,0.0,2925.6717845080498
4764,29.71094856580477,-0.1821420147976389,-0.2880190169763664,0.6960730088495576,67.24820631613949,24.77029343280196,0.0,2609.593734819093
4765,33.21687314091313,0.1616733463865105,-0.2467983697803249,1.5760929717764252,67.24814296201303,24.77480699632894,0.0,2350.8551022566025
4766,32.60702767678973,0.2986840722658204,-0.2997379274907306,2.379510576524264,67.24807959248972,24.77932055698381,0.0,2177.8567359866565
4767,29.178149189078365,-0.1194409357396133,-0.1485424227915091,0.7595688821334804,67.24801620756706,24.78383411476614,0.0,2111.7765537146192
4768,31.448296340107788,0.5492878882460128,-0.4176860887287791,3.828796462622632,67.24795280724267,24.788347669675545,0.0,2154.814903835302
4769,31.97340010996269,0.6901546538467975,-0.4677948648460371,4.531176551914833,67.24788939151412,24.79286122171161,0.0,2288.383811528787
4770,32.225278832883795,0.7150031436729138,-0.4872093862049689,3.650269448666573,67.24782596037892,24.79737477087394,0.0,1817.014894695774
4771,32.39896261219014,0.7589054092028578,-0.488860740066704,4.048362581180046,67.24776251383463,24.80188831716212,0.0,1319.8000138212471
4772,32.43151149519692,0.7119483900022775,-0.4370237225022518,4.578001934503246,67.24769905187881,24.80640186057574,0.0,824.6913209147043
4773,31.64583506797013,0.3621973673069998,-0.3089726094282012,2.191919191919192,67.24763557450899,24.810915401114407,0.0,343.5836534129322
4774,36.386439290965896,0.3154476372878823,-0.1326446091581462,3.0352355948597483,67.24757208172278,24.815428938777707,0.0,45.03945227211125
4775,42.233602228489744,0.298021441896635,0.0121074772333492,20.220671548984388,67.24750857351768,24.819942473565245,701.2211863377435,390.8428380899761
4776,43.16096549680311,0.2122752480963829,0.0331441025993291,30.456996681415937,67.24744504989124,24.82445600547661,3148.8791245493994,886.7900336170421
4777,43.82877501150018,0.1553387977133971,0.0205146645386046,37.13299197342929,67.24738151084105,24.8289695345114,6717.093750788241,1385.6532766312675
4778,44.88224355952683,0.2039066555015963,0.0374835442066116,39.37359900373599,67.24731795636461,24.8334830606692,10406.334152797852,1885.1189463868222
4779,45.49273914066984,0.2357527749584802,0.0208117781125646,37.70094104622199,67.24725438645949,24.83799658394961,2629.682076010051,2384.8085626934308
4780,47.248929857287465,0.2982296661063681,0.0191495979779857,35.973454997926176,67.24719080112322,24.842510104352247,0.0,2884.6057475933085
4781,47.3145176584335,0.2373817910622287,0.0005570279659432,36.05055946954,67.24712720035336,24.84702362187668,972.900027998606,3384.462846165443
4782,46.15518087267608,0.1539144671290654,0.0278365879800978,39.74827395747031,67.24706358414748,24.851537136522506,1878.8746167800184,3884.356728568292
4783,45.642291443802826,0.16098265108815,0.0454225404395648,37.3483844241922,67.24699995250306,24.85605064828933,4858.864240653856,4384.274812572188
4784,45.749913292535226,0.2461496969790741,0.0095553303283297,29.879453189726597,67.24693630541769,24.860564157176743,7109.309837163054,4884.209666794982
4785,45.78305423645435,0.3593623371801427,-0.0370941091624928,32.245820091198006,67.24687264288893,24.865077663184348,2288.303094954963,5384.1566197459815
4786,46.53371623736576,0.2297934375006281,0.0110824547522806,34.197432003313544,67.24680896491427,24.869591166311725,7965.181666826848,5884.112587498482
4787,46.74294280025138,0.3568756036381282,-0.0420272903910308,33.059384062974736,67.24674527149125,24.874104666558488,5945.158409505524,6384.075452126932
4788,48.69234515109856,0.2979769507130432,0.0072366739113026,33.82326931048778,67.24668156261745,24.878618163924216,3265.125981200132,6884.043710946261
4789,49.00155422724185,0.2024972315194832,0.0663889012078095,32.49730402322689,67.24661783829042,24.88313165840852,954.5509344898358,7384.0162682426635
4790,48.56658016129597,0.2024908640729699,0.0579665676112002,32.55650732246478,67.24655409850763,24.88764515001099,0.0,7883.992306236588
4791,49.899316121511525,0.1780722889393481,0.094110818705383,33.94957170489086,67.24649034326667,24.892158638731217,0.0,8383.97120221634
4792,49.149087645448056,0.1494849214808245,0.1064438478684366,32.47287035758665,67.24642657256508,24.8966721245688,0.0,8883.952473649584
4793,48.42479674171644,0.291214622411229,0.0244366788379497,37.96144278606967,67.24636278640038,24.90118560752333,0.0,9383.935740839941
4794,46.95972010281695,0.3046172880306518,0.0034117406391016,38.479977906655634,67.2462989847701,24.90569908759443,550.5967200092157,9883.920700919567
4795,47.46866291998623,0.2979182836525839,-0.0029164175832712,38.85696534585119,67.24623516767178,24.910212564781656,1183.0664341961483,10383.907109347174
4796,47.51194950296843,0.1811917043260777,0.0294545557370728,38.67403009802568,67.24617133510296,24.91472603908464,11774.131390774766,10883.894766523641
4797,47.41024040251832,0.1505121316134057,0.0542601657487672,40.577799254452565,67.24610748706114,24.919239510502955,15654.6240834665,11383.883507908427
4798,47.93134664853712,0.1635272358681796,0.0580815165698405,40.43568865581009,67.24604362354387,24.923752979036195,15555.930013270006,11883.873196653643
4799,47.77645693076158,0.2942114638688086,0.0024154271028162,44.28752759381897,67.24597974454873,24.928266444683985,2606.769523442534,12383.863718015338
4800,47.28106854137988,0.3742689441031258,-0.0449376674397264,46.3987857044294,67.24591585007317,24.932779907445884,3509.956471034468,12883.854975055632
4801,49.341926180000016,0.2574371892873862,0.0310455487763709,47.55592377796187,67.24585194011478,24.937293367321512,6003.923110132544,13383.846885325296
4802,48.50217077169016,0.2381562904780815,0.0467745661247427,47.864402098867714,67.24578801467108,24.941806824310465,4830.38182412425,13883.839378251494
4803,47.35938254549298,0.3263046027619847,-0.004840515145786,47.60811930405967,67.24572407373955,24.94632027841234,0.0,14383.832393073608
4804,47.94662594464791,0.3184497194902397,0.00291523637735,48.0082850041425,67.24566011731775,24.950833729626723,0.0,14883.82587719359
4805,49.65433392574112,0.2612343747977955,0.0401552264222028,49.22909191277947,67.24559614540323,24.95534717795321,0.0,15383.819784854852
4806,49.68739398521128,0.2360813273893572,0.0438786927476842,53.32449599558132,67.24553215799348,24.95986062339142,0.0,15883.814076060484
4807,49.27613849845071,0.2217980430774389,0.0455037471457684,55.44821872410935,67.24546815508606,24.964374065940927,0.0,16383.808715695048
4808,49.33229219610936,0.2523373719058586,0.0415232603945503,57.13723595195361,67.24540413667845,24.968887505601337,185.09630788337847,16883.803672803537
4809,49.846681999975175,0.1983547020166148,0.0720107736104079,58.06247414149771,67.24534010276821,24.973400942372248,0.0,17383.798919994086
4810,50.22145874091122,0.2288575303020768,0.0540771723688593,60.78102995996132,67.24527605335281,24.97791437625325,0.0,17883.794432933697
4811,51.332765018106834,0.1541849039013111,0.0998533303976191,62.77494135504344,67.24521198842982,24.982427807243948,0.0,18383.790189941326
4812,51.51335631539736,0.1277671902849915,0.1119155109589017,67.75193156732891,67.24514790799675,24.98694123534393,0.0,18883.786171627777
4813,50.70106679654117,0.130984731133379,0.1070027211897545,76.71562543097502,67.24508381205113,24.99145466055282,0.0,19383.782360609737
4814,52.83657864271651,0.1434970561189423,0.1140996138256011,73.64768339768338,67.24501970059045,24.99596808287017,0.0,19883.778741246173
4815,52.40973196247414,0.1533139651351985,0.1070153363261645,75.0767637719177,67.24495557361227,25.000481502295624,0.0,20383.775299436864
4816,52.418601158926485,0.1567128642175685,0.1033746824056598,76.76638609079623,67.24489143111403,25.004994918828743,0.0,20883.772022424855
4817,51.09240173718312,0.1864242687929298,0.0827583610610561,79.87268710301022,67.24482727309334,25.009508332469142,149.18673473935564,21383.76889865283
4818,49.69832107704229,0.2283210816432214,0.0742146281270779,81.82684341342171,67.24476309954768,25.014021743216425,586.8010277018053,21883.765917618148
4819,49.74807881701814,0.2093190585139744,0.0811888642322449,84.58256183501453,67.24469891047453,25.018535151070168,2518.71350992236,22383.763069753415
4820,50.387030293743976,0.1790525041250785,0.0945742932352559,88.13547852506562,67.24463470587143,25.023048556029988,1253.9464826753206,22883.760346329957
4821,51.174670155686506,0.1709522240040718,0.1029650597161333,92.28522147095347,67.24457048573592,25.02756195809548,2744.0313771046067,23383.75773936664
4822,51.38586247170532,0.1745353512297926,0.1120953128664643,92.32436534216336,67.24450625006547,25.03207535726624,2095.998110721748,23883.755241547984
4823,50.08761099173034,0.1416699077194745,0.106118551897537,93.04370605266786,67.2444419988576,25.036588753541857,2464.4910339714093,24383.75284616121
4824,50.33019945931616,0.1598622582077721,0.0976679247525299,97.35350889287191,67.24437773210985,25.04110214692194,3877.4840831968095,24883.750547029427
4825,49.82520637489046,0.1832367933565074,0.0844499451924563,101.31693537274356,67.24431344981967,25.045615537406075,3490.900986646279,25383.74833846649
4826,49.4915475122322,0.2547049238898556,0.0528835085523494,102.17096373914244,67.24424915198465,25.05012892499387,0.0,25883.74621522289
4827,51.7057260707928,0.1615658008980172,0.1081610533099924,107.11291879222394,67.24418483860225,25.05464230968493,0.0,26383.74417244936
4828,28.775193218478787,-0.220573406505232,-0.2943980704413121,0.3733923385423868,67.25340231960715,24.75229685863991,0.0,4347.5738484652775
4829,28.81613040522389,-0.2293097546244671,-0.2616418759161928,0.0234936428966279,67.25333920542978,24.75681044556164,0.0,3973.6348226095765
4830,28.789168840599864,-0.2110775712841817,-0.259041715626512,0.0,67.25327607590866,24.76132402961371,0.0,3630.1720398249067
4831,28.70016953167888,-0.2260459005614279,-0.278679245683513,0.0635622495509188,67.25321293104138,24.76583761079572,0.0,3309.8263808768365
4832,32.64280484637169,0.1577521551871055,-0.2722274248688821,2.439574115044248,67.25314977082547,24.77035118910724,0.0,3028.4469489914745
4833,33.72874194714109,0.4482419701473647,-0.3230032372249388,3.5359955782782926,67.25308659525851,24.7748647645479,0.0,2808.563898831737
4834,33.3930673257384,0.5288327945378187,-0.3799310498776849,2.7483407079646023,67.25302340433807,24.779378337117265,0.0,2665.4401933775907
4835,29.844561355794163,0.0775140226282872,-0.2511878990876204,1.34338682899834,67.25296019806171,24.783891906814937,0.0,2611.725769310022
4836,30.222831089764963,0.1823454777931276,-0.2692843197655563,2.349004424778762,67.25289697642697,24.78840547364052,0.0,2438.1813492955316
4837,31.95738076962667,0.6577309381342583,-0.4195017342471862,4.259817477876105,67.25283373943145,24.7929190375936,0.0,1994.7538381720324
4838,32.165205874678485,0.7238757727266683,-0.4648940173493638,4.160835292490666,67.2527704870727,24.797432598673776,0.0,1583.5125060978726
4839,32.55246309940226,0.7309146999580343,-0.4584316514586499,5.4340666943406655,67.25270721934825,24.80194615688065,0.0,1239.3469404134664
4840,32.20649296593835,0.6548369541499028,-0.4122928839451002,4.0814548471857295,67.25264393625571,24.806459712213805,0.0,803.752899171951
4841,31.764783944391617,0.359557943206292,-0.3108845650144802,2.4527101769911503,67.25258063779258,24.810973264672835,0.0,418.22853348638694
4842,35.35854272823009,0.3594274483743715,-0.2382776168226338,3.2844303097345127,67.25251732395645,24.81548681425734,0.0,22.209264806431015
4843,42.65426611411457,0.2122545568465994,0.0474783354464495,19.31488655229662,67.2524539947449,24.820000360966933,0.0,429.6196569574493
4844,43.383455345680346,0.1439317529684298,0.0642426806598157,31.689988938053094,67.25239065015543,24.82451390480117,519.9179688265605,924.02153275877
4845,44.15578218014087,0.1521738481742293,0.081606159745755,35.56282794808063,67.25232729018565,24.82902744575968,926.8090885756532,1422.313664912708
4846,45.39588489810776,0.1438642772772246,0.0881837456458605,39.10027624309392,67.2522639148331,24.833540983842056,0.0,1921.4933071632704
4847,46.33066381955237,0.195658184349763,0.0604968587549807,41.58413926499036,67.2522005240953,24.83805451904788,0.0,2417.3276724313882
4848,48.20368211163306,0.1770043354572557,0.0866642134458442,40.9269135120199,67.25213711796987,24.84256805137674,0.0,2911.9537672091083
4849,47.81913904291561,0.2214577026371175,0.0419232981467533,39.34351250518172,67.25207369645427,24.84708158082825,0.0,3408.1485308740557
4850,45.4711198842062,0.2105493792565091,0.0323606410932737,40.21016995992816,67.25201025954614,24.851595107402005,0.0,3905.3140813932605
4851,46.440486138282886,0.1762666981245492,0.0273524147152803,40.04949536845017,67.25194680724299,24.856108631097594,0.0,4403.121590396278
4852,47.42449304626782,0.2063877441160136,0.0356266592482291,33.64570954815533,67.25188333954239,24.86062215191461,227.62412083003463,4901.375460520177
4853,45.77052275591546,0.3472863088150847,-0.0215174611955482,26.39463866242919,67.25181985644184,24.86513566985266,182.75059945881657,5399.952135884712
4854,46.17898157734147,0.2111725429348692,0.0169848560422735,33.495232831283694,67.25175635793892,24.869649184911324,649.0078441854623,5898.769764482153
4855,47.30423014132729,0.2795243796943518,-0.0038030206731076,35.21388082400112,67.2516928440312,24.874162697090217,410.3803343836065,6397.752989822776
4856,45.32371895338032,0.4411619278607921,-0.0933249078768741,34.78058547362608,67.2516293147162,24.87867620638892,0.0,6896.764503382437
4857,48.58024482394367,0.240310775166831,0.0337541141930482,36.21637669152168,67.25156576999147,24.883189712807035,0.0,7395.877165728289
4858,48.1189980808451,0.1717626703010805,0.0631397896450368,32.85114609223972,67.25150220985455,24.88770321634416,0.0,7895.102120027599
4859,48.56866091866559,0.183199241616531,0.0716753913466401,34.32311092692361,67.25143863430299,24.89221671699988,0.0,8394.419331938769
4860,48.06317136478875,0.1831467778862681,0.073616059005399,33.60301021817178,67.25137504333435,24.89673021477381,0.0,8893.813262876018
4861,47.682355000966496,0.2439700759973624,0.0490536048942997,37.20585392793043,67.25131143694612,24.901243709665533,0.0,9393.271676526823
4862,46.21568265085484,0.3272385548097163,-0.0174783357593995,40.60406021267778,67.25124781513594,24.905757201674646,0.0,9892.78480625424
4863,47.79155684476718,0.2967696228931546,0.005381418592696,40.55188614066602,67.25118417790125,24.91027069080075,426.3859254080288,10392.344762195919
4864,45.94458232197184,0.2939119260365362,-0.0307367075753752,42.55937586302127,67.25112052523966,24.914784177043447,988.99243795234,10891.945101291003
4865,46.17166708175342,0.149970474937835,0.0391698732663651,43.45423167195913,67.25105685714863,24.91929766040232,2628.6472036589075,11391.580510288644
4866,47.28892919651564,0.156250765772351,0.0527669137791918,43.51796076264159,67.25099317362579,24.92381114087697,4324.984262366849,11891.246568585577
4867,49.70127202013273,0.2600303563617708,0.0334913250225336,44.62906124706207,67.25092947466862,24.928324618466995,1187.6622054259526,12390.93956837439
4868,49.28414833239437,0.2782585434868109,0.0253926306474114,46.23432753383042,67.25086576027469,24.932838093172,508.60559271488415,12890.656376576797
4869,50.48420090084508,0.2444513843622356,0.0538646100014454,49.25448771057717,67.2508020304415,24.93735156499156,415.3755007719989,13390.394327670767
4870,50.77984380347456,0.1920241751736899,0.0985322803702744,51.49827514833724,67.25073828516662,24.94186503392529,1567.0976587628963,13890.1511396302
4871,48.33677298923926,0.1805836777785411,0.0695416226907802,52.798426066547,67.25067452444758,24.946378499972795,315.763542818792,14389.924847360235
4872,48.18725040040292,0.2987013201008058,-0.0012905518158612,48.41023871947012,67.25061074828187,24.950891963133657,0.0,14889.713749540979
4873,50.64517419279152,0.2048896913691701,0.0599028168055106,48.46350213881605,67.2505469566671,24.955405423407463,0.0,15389.5163658094
4874,51.11876310190976,0.2365469475048679,0.057188197192888,51.25251828342762,67.25048314960073,24.95991888079384,0.0,15889.331402028205
4875,48.417462211408456,0.3183990375876966,0.0141539441259144,55.957056061861365,67.25041932708034,24.96443233529236,0.0,16389.15772189465
4876,50.219651338370845,0.2687622524466149,0.0528609974623794,58.62059919922683,67.2503554891034,24.968945786902623,0.0,16888.99432359372
4877,49.25874189374363,0.2990237072990825,0.0291565734493012,61.364012694908254,67.25029163566754,24.97345923562424,0.0,17388.840320486168
4878,50.89731864463154,0.2296516667054626,0.0732346890997031,62.68934584598399,67.2502277667702,24.9779726814568,0.0,17888.69492500805
4879,51.88777676033136,0.1380459521162336,0.1195003213292093,62.89617561783791,67.25016388240893,24.98248612439989,0.0,18388.55743521755
4880,51.80186076071846,0.1646471780058053,0.1121515053220573,66.16800221055541,67.25009998258128,24.98699956445314,0.0,18888.42722347056
4881,50.990019626536,0.1338367268614927,0.109325350029091,74.72331906668506,67.25003606728477,24.991513001616102,0.0,19388.3037268354
4882,52.61292033597078,0.1508470290571784,0.1099109613721403,72.05064164481855,67.2499721365169,24.99602643588841,0.0,19888.18643897354
4883,52.42185015183264,0.1763667945656115,0.1048350247450865,71.96478386963126,67.24990819027522,25.000539867269644,0.0,20388.07490319722
4884,52.62624251150872,0.1597159838024897,0.100882337727797,73.83918209450124,67.24984422855727,25.00505329575941,0.0,20887.968706532607
4885,52.07845189408452,0.1522845418893111,0.0990056283785441,76.30737365368682,67.24978025136053,25.009566721357302,0.0,21387.867474610164
4886,50.78270776932986,0.1638259805453584,0.100185178198237,77.11100386100385,67.24971625868254,25.01408014406292,1299.869629396666,21887.770867257026
4887,50.26380972591013,0.1703268819068856,0.1024568438138583,81.42002206287918,67.24965225052084,25.018593563875854,119.15147253019654,22387.678574681682
4888,51.778091204552624,0.1321145581722111,0.1195010905111032,86.04480904453331,67.24958822687292,25.02310698079571,0.0,22887.590314156525
4889,52.29660123822671,0.168250459702202,0.106693738694952,89.9638720353006,67.24952418773633,25.02762039482209,862.8068981998592,23387.50582712498
4890,51.51513079389821,0.1779632095726459,0.1032776486278245,96.2265765144198,67.24946013310858,25.032133805954576,0.0,23887.42487666949
4891,49.82841723080302,0.159460497325345,0.1064186633052973,96.12500000000004,67.24939606298717,25.036647214192783,115.50662128107716,24387.347245303114
4892,49.94263689944808,0.1431403698771768,0.1132678736513864,96.93845729267288,67.24933197736964,25.041160619536303,741.0325248963597,24887.27273300824
4893,48.99430556152425,0.1979243452597643,0.0688237165367707,100.8717382300152,67.24926787625351,25.04567402198473,1197.2970268299737,25387.20115552148
4894,49.59292706506625,0.2111326786177952,0.0650254797757404,102.67356512141282,67.24920375963626,25.050187421537668,0.0,25887.132342814304
4895,49.79262705283944,0.2193838958854559,0.0684691510409739,105.91335540838854,67.24913962751545,25.05470081819471,0.0,26387.066137741287
