cell_id,lon,lat,road_length_m
0,66.90250842394018,24.74779484755205,0.0
1,66.90243265080301,24.75230750534918,0.0
2,66.90235685924681,24.756820160211454,0.0
3,66.90228104926867,24.761332812138477,0.0
4,66.90220522086565,24.765845461129803,0.0
5,66.90212937403484,24.770358107185025,0.0
6,66.9020535087733,24.77487075030371,0.0
7,66.90197762507815,24.779383390485428,0.0
8,66.90190172294645,24.783896027729778,0.0
9,66.90182580237523,24.788408662036314,0.0
10,66.9017498633616,24.792921293404618,0.0
11,66.90167390590265,24.79743392183428,0.0
12,66.9015979299954,24.801946547324857,0.0
13,66.90152193563696,24.80645916987594,0.0
14,66.90144592282441,24.8109717894871,0.0
15,66.90136989155478,24.815484406157914,0.0
16,66.90129384182515,24.819997019887957,0.0
17,66.90121777363261,24.82450963067681,0.0
18,66.90114168697423,24.82902223852405,0.0
19,66.90106558184704,24.83353484342926,0.0
20,66.9009894582481,24.838047445391997,0.0
21,66.90091331617451,24.842560044411858,75.72680788257783
22,66.90083715562332,24.847072640488413,4259.236503768671
23,66.90076097659158,24.85158523362124,16.491540733670018
24,66.90068477907637,24.856097823809918,0.0
25,66.90060856307471,24.860610411054022,0.0
26,66.9005323285837,24.86512299535312,0.0
27,66.90045607560039,24.86963557670681,0.0
28,66.90037980412183,24.874148155114657,730.5424562176979
29,66.90030351414505,24.87866073057624,322.6857858733385
30,66.90022720566712,24.883173303091137,585.9002979944455
31,66.90015087868515,24.887685872658924,7995.232303632633
32,66.90007453319609,24.89219843927918,7077.915175962953
33,66.89999816919709,24.896711002951488,424.86691463638334
34,66.89992178668513,24.901223563675412,0.0
35,66.8998453856573,24.905736121450552,0.0
36,66.89976896611064,24.910248676276467,0.0
37,66.89969252804217,24.914761228152738,0.0
38,66.89961607144896,24.919273777078953,0.0
39,66.89953959632808,24.92378632305468,0.0
40,66.89946310267655,24.9282988660795,0.0
41,66.89938659049139,24.932811406153,0.0
42,66.89931005976968,24.937323943274745,0.0
43,66.89923351050845,24.941836477444312,0.0
44,66.89915694270474,24.946349008661304,0.0
45,66.89908035635558,24.950861536925267,0.0
46,66.89900375145803,24.955374062235798,0.0
47,66.8989271280091,24.959886584592475,0.0
48,66.89885048600587,24.964399103994875,0.0
49,66.89877382544533,24.968911620442565,0.0
50,66.89869714632455,24.97342413393514,0.0
51,66.89862044864053,24.977936644472177,0.0
52,66.89854373239034,24.982449152053253,0.0
53,66.89846699757099,24.986961656677938,790.7874593154684
54,66.89839024417954,24.991474158345817,1608.8362009461048
55,66.89831347221295,24.99598665705647,164.47572040757183
56,66.89823668166834,25.000499152809482,0.0
57,66.89815987254268,25.00501164560442,0.0
58,66.89808304483302,25.009524135440873,119.26729904526935
59,66.89800619853634,25.014036622318418,275.12028139778886
60,66.89792933364973,25.01854910623663,0.0
61,66.89785245017022,25.023061587195095,0.0
62,66.89777554809476,25.027574065193388,0.0
63,66.89769862742044,25.032086540231084,147.4888589819037
64,66.89762168814424,25.036599012307764,0.0
65,66.89754473026319,25.041111481423023,0.0
66,66.89746775377434,25.045623947576416,0.0
67,66.89739075867469,25.050136410767546,0.0
68,66.90744998328564,24.747863954342897,0.0
69,66.90737438834728,24.752376626401773,0.0
70,66.90729877503315,24.75688929552681,0.0
71,66.9072231433404,24.76140196171759,0.0
72,66.90714749326604,24.76591462497368,0.0
73,66.90707182480722,24.770427285294655,0.0
74,66.90699613796096,24.7749399426801,0.0
75,66.9069204327244,24.779452597129584,0.0
76,66.9068447090946,24.78396524864269,0.0
77,66.90676896706864,24.788477897218996,0.0
78,66.90669320664362,24.792990542858075,0.0
79,66.90661742781658,24.797503185559506,0.0
80,66.90654163058464,24.802015825322854,0.0
81,66.90646581494484,24.80652846214771,0.0
82,66.90638998089429,24.811041096033655,0.0
83,66.90631412843004,24.815553726980255,0.0
84,66.90623825754918,24.820066354987087,0.0
85,66.90616236824879,24.82457898005374,0.0
86,66.90608646052593,24.82909160217978,0.0
87,66.90601053437766,24.833604221364784,0.0
88,66.90593458980106,24.838116837608336,0.0
89,66.9058586267932,24.84262945091001,1191.4055550257917
90,66.9057826453512,24.847142061269377,3837.562366844647
91,66.90570664547205,24.851654668686027,6793.019729462032
92,66.90563062715287,24.856167273159535,47.22264815607572
93,66.9055545903907,24.86067987468948,0.0
94,66.9054785351826,24.865192473275428,0.0
95,66.90540246152564,24.869705068916964,0.0
96,66.90532636941688,24.874217661613667,1956.7595540746565
97,66.90525025885344,24.87873025136512,3037.204948807816
98,66.9051741298323,24.88324283817089,5221.528755650923
99,66.90509798235055,24.887755422030562,12566.819668176664
100,66.90502181640528,24.892268002943723,6837.502330118997
101,66.90494563199348,24.896780580909926,584.2446276172731
102,66.9048694291123,24.901293155928766,8.646369066103015
103,66.9047932077587,24.905805727999812,0.0
104,66.9047169679298,24.910318297122668,0.0
105,66.90464070962261,24.914830863296874,0.0
106,66.90456443283426,24.919343426522047,0.0
107,66.90448813756171,24.92385598679773,0.0
108,66.90441182380208,24.928368544123526,0.0
109,66.90433549155239,24.932881098499006,0.0
110,66.90425914080967,24.937393649923735,0.0
111,66.90418277157102,24.941906198397316,0.0
112,66.90410638383345,24.94641874391932,0.0
113,66.90402997759404,24.95093128648932,0.0
114,66.90395355284977,24.955443826106897,0.0
115,66.90387710959777,24.95995636277162,0.0
116,66.90380064783503,24.964468896483094,1218.7481068817021
117,66.90372416755861,24.96898142724087,701.6466128398547
118,66.90364766876554,24.97349395504454,0.0
119,66.90357115145287,24.97800647989369,0.0
120,66.90349461561763,24.982519001787878,0.0
121,66.9034180612569,24.98703152072671,4981.707384724514
122,66.90334148836767,24.99154403670974,3101.4465335079954
123,66.903264896947,24.996056549736572,1792.4192896490135
124,66.9031882869919,25.00056905980676,0.0
125,66.90311165849945,25.005081566919905,0.0
126,66.90303501146666,25.009594071075572,1718.700899482047
127,66.90295834589055,25.014106572273352,1330.889536666013
128,66.90288166176819,25.018619070512813,0.0
129,66.90280495909658,25.023131565793538,539.7702218545392
130,66.90272823787275,25.027644058115115,5892.516027027973
131,66.90265149809373,25.032156547477115,4342.182049141943
132,66.9025747397566,25.036669033879125,731.3645071015482
133,66.90249796285829,25.04118151732071,1317.6772153233394
134,66.9024211673959,25.045693997801465,1051.7074745036412
135,66.90234435336646,25.050206475320966,0.0
136,66.91239156100394,24.74793289838107,0.0
137,66.9123161442673,24.752445584668138,0.0
138,66.91224070919817,24.75695826802236,0.0
139,66.9121652557937,24.761470948443314,0.0
140,66.91208978405093,24.765983625930588,0.0
141,66.91201429396699,24.770496300483735,0.0
142,66.91193878553894,24.775008972102356,0.0
143,66.91186325876389,24.779521640786015,0.0
144,66.91178771363893,24.784034306534302,0.0
145,66.91171215016114,24.78854696934678,0.0
146,66.91163656832762,24.79305962922303,0.0
147,66.91156096813543,24.797572286162637,0.0
148,66.9114853495817,24.802084940165166,0.0
149,66.91140971266346,24.806597591230197,0.0
150,66.91133405737784,24.811110239357323,0.0
151,66.9112583837219,24.815622884546094,0.0
152,66.91118269169273,24.82013552679612,0.0
153,66.91110698128739,24.82464816610694,0.0
154,66.911031252503,24.82916080247817,0.0
155,66.91095550533657,24.833673435909365,0.0
156,66.91087973978527,24.838186066400105,486.6891092884125
157,66.91080395584612,24.84269869394997,662.1759951649287
158,66.91072815351619,24.847211318558543,48.59319425547703
159,66.91065233279258,24.851723940225398,12755.776945618294
160,66.91057649367235,24.856236558950105,12566.46467780801
161,66.91050063615256,24.860749174732256,0.0
162,66.91042476023033,24.86526178757142,0.0
163,66.91034886590269,24.869774397467175,1944.2410773444788
164,66.91027295316671,24.874287004419102,7817.7836669810395
165,66.91019702201949,24.87879960842678,12664.992900544408
166,66.91012107245807,24.883312209489798,7665.374072689351
167,66.91004510447952,24.887824807607704,9039.777437447574
168,66.90996911808092,24.892337402780107,1789.096783886772
169,66.90989311325932,24.896849995006566,0.0
170,66.90981709001181,24.901362584286673,0.0
171,66.9097410483354,24.905875170619986,0.0
172,66.90966498822723,24.910387754006106,0.0
173,66.90958890968429,24.914900334444603,0.0
174,66.90951281270368,24.919412911935055,0.0
175,66.90943669728246,24.923925486477053,0.0
176,66.90936056341766,24.92843805807015,0.0
177,66.90928441110638,24.932950626713943,0.0
178,66.90920824034562,24.937463192408007,0.0
179,66.90913205113252,24.941975755151926,0.0
180,66.90905584346403,24.94648831494527,0.0
181,66.90897961733727,24.951000871787617,0.0
182,66.90890337274931,24.955513425678557,0.0
183,66.90882710969714,24.960025976617665,2125.3986927240485
184,66.90875082817784,24.96453852460451,11747.481837933625
185,66.9086745281885,24.96905106963869,5423.801256715046
186,66.90859820972611,24.973563611719776,0.0
187,66.90852187278774,24.978076150847343,2775.881414805696
188,66.90844551737044,24.982588687020964,6860.223786456212
189,66.90836914347126,24.987101220240245,11151.99163381239
190,66.90829275108726,24.991613750504737,10971.782553642117
191,66.90821634021543,24.996126277814028,4354.580073424479
192,66.90813991085287,25.0006388021677,1751.1605439873174
193,66.90806346299658,25.00515132356534,2221.927516146299
194,66.90798699664363,25.009663842006514,4620.909998499561
195,66.90791051179104,25.01417635749081,1840.025223583
196,66.90783400843587,25.01868887001781,0.0
197,66.90775748657515,25.023201379587096,2092.6814940693926
198,66.90768094620591,25.027713886198235,3521.004526152794
199,66.90760438732521,25.03222638985082,2996.7186221312627
200,66.90752780993007,25.036738890544417,551.0801327486672
201,66.9074512140175,25.04125138827863,1631.0323546311013
202,66.90737459958456,25.04576388305301,0.0
203,66.90729796662829,25.050276374867156,0.0
204,66.9173331570518,24.74800167966421,0.0
205,66.91725791851975,24.75251438014588,0.0
206,66.91718266169855,24.75702707769571,0.0
207,66.91710738658526,24.761539772313263,0.0
208,66.917032093177,24.766052463998136,0.0
209,66.91695678147084,24.770565152749885,0.0
210,66.91688145146391,24.7750778385681,0.0
211,66.91680610315329,24.779590521452345,0.0
212,66.91673073653607,24.784103201402218,0.0
213,66.91665535160936,24.788615878417275,0.0
214,66.91657994837027,24.793128552497105,0.0
215,66.91650452681586,24.797641223641286,0.0
216,66.91642908694324,24.802153891849397,0.0
217,66.9163536287495,24.80666655712102,0.0
218,66.91627815223173,24.8111792194557,0.0
219,66.91620265738699,24.81569187885306,0.0
220,66.91612714421241,24.82020453531264,0.0
221,66.91605161270509,24.824717188834047,0.0
222,66.91597606286204,24.829229839416843,0.0
223,66.91590049468044,24.83374248706062,0.0
224,66.9158249081573,24.83825513176492,1219.590217357683
225,66.91574930328976,24.842767773529367,0.0
226,66.91567368007485,24.847280412353513,0.0
227,66.91559803850969,24.85179304823694,4221.657538403721
228,66.91552237859136,24.856305681179233,2915.021226172382
229,66.91544670031692,24.860818311179965,1007.1657349975637
230,66.91537100368345,24.865330938238703,1422.5377613561122
231,66.91529528868807,24.869843562355054,8081.75315464708
232,66.9152195553278,24.874356183528562,10335.623700541417
233,66.91514380359975,24.878868801758838,3738.9988660443905
234,66.91506803350094,24.883381417045435,18.865448834072872
235,66.91499224502854,24.88789402938795,2870.5203157307856
236,66.91491643817956,24.892406638785946,263.48157830491533
237,66.91484061295108,24.896919245239012,0.0
238,66.91476476934018,24.90143184874672,0.0
239,66.91468890734394,24.905944449308663,0.0
240,66.91461302695939,24.910457046924403,112.87692613755831
241,66.91453712818362,24.914969641593526,2134.0105755813
242,66.91446121101373,24.91948223331561,3166.94826734888
243,66.91438527544675,24.923994822090233,0.0
244,66.91430932147975,24.928507407916975,0.0
245,66.9142333491098,24.933019990795415,0.0
246,66.91415735833397,24.937532570725143,0.0
247,66.91408134914931,24.942045147705716,0.0
248,66.91400532155289,24.94655772173674,0.0
249,66.91392927554178,24.951070292817764,0.0
250,66.913853211113,24.955582860948383,0.0
251,66.91377712826365,24.96009542612819,1969.5383096882888
252,66.91370102699076,24.964607988356736,2139.798026147261
253,66.91362490729142,24.969120547633626,3596.8194823437916
254,66.91354876916266,24.973633103958424,3497.7390610897414
255,66.91347261260157,24.978145657330725,3366.690520589631
256,66.91339643760514,24.98265820775009,5429.671484430659
257,66.91332024417048,24.987170755216113,10630.398014218243
258,66.91324403229463,24.99168329972836,5288.172574823701
259,66.91316780197464,24.996195841286422,1859.2677509037214
260,66.91309155320752,25.000708379889883,4070.6496847570515
261,66.91301528599035,25.00522091553831,7899.2924846857895
262,66.91293900032021,25.009733448231295,0.0
263,66.91286269619411,25.0142459779684,0.0
264,66.91278637360911,25.018758504749226,96.88828845575135
265,66.91271003256226,25.02327102857334,4204.463740653057
266,66.91263367305056,25.02778354944034,3024.707722162448
267,66.91255729507114,25.03229606734978,1811.125855627975
268,66.91248089862094,25.03680858230126,2401.235922528248
269,66.91240448369709,25.041321094294354,1396.845419670764
270,66.91232805029657,25.045833603328642,2517.959290333496
271,66.91225159841646,25.050346109403698,0.0
272,66.92227477138594,24.748070298189905,0.0
273,66.92219971106142,24.75258301283263,0.0
274,66.92212463249102,24.757095724544484,0.0
275,66.9220495356718,24.76160843332507,0.0
276,66.92197442060093,24.766121139173954,0.0
277,66.92189928727548,24.770633842090717,0.0
278,66.92182413569256,24.77514654207494,0.0
279,66.92174896584929,24.779659239126193,0.0
280,66.92167377774271,24.784171933244053,0.0
281,66.92159857137001,24.78868462442811,0.0
282,66.92152334672824,24.793197312677925,0.0
283,66.92144810381451,24.79770999799309,0.0
284,66.92137284262591,24.802222680373173,0.0
285,66.92129756315956,24.806735359817758,0.0
286,66.92122226541252,24.81124803632642,0.0
287,66.92114694938195,24.81576070989874,0.0
288,66.9210716150649,24.820273380534292,0.0
289,66.92099626245844,24.824786048232657,0.0
290,66.9209208915597,24.82929871299341,0.0
291,66.9208455023658,24.833811374816133,1142.039617561907
292,66.92077009487377,24.838324033700406,110.490316661889
293,66.92069466908076,24.842836689645804,0.0
294,66.9206192249838,24.847349342651896,0.0
295,66.92054376258,24.851861992718277,0.0
296,66.9204682818665,24.85637463984452,0.0
297,66.92039278284031,24.8608872840302,547.4762126629626
298,66.92031726549855,24.865399925274893,6282.250809130974
299,66.92024172983831,24.86991256357819,10129.50537483046
300,66.92016617585668,24.87442519893966,7494.806346734844
301,66.9200906035507,24.87893783135888,0.0
302,66.92001501291749,24.88345046083543,0.0
303,66.91993940395413,24.887963087368895,0.0
304,66.9198637766577,24.892475710958845,0.0
305,66.91978813102529,24.89698833160487,0.0
306,66.91971246705393,24.90150094930654,0.0
307,66.91963678474073,24.906013564063436,0.0
308,66.91956108408277,24.91052617587514,3921.91058742106
309,66.91948536507714,24.91503878474123,3248.284396614163
310,66.91940962772087,24.919551390661287,3441.543749005023
311,66.91933387201107,24.92406399363489,1266.759488854057
312,66.9192580979448,24.9285765936616,0.0
313,66.91918230551913,24.93308919074103,0.0
314,66.91910649473114,24.937601784872736,274.577248059914
315,66.91903066557788,24.942114376056306,0.0
316,66.91895481805646,24.94662696429132,0.0
317,66.9188789521639,24.95113954957735,0.0
318,66.91880306789729,24.95565213191398,0.0
319,66.91872716525369,24.960164711300784,1005.9660781933806
320,66.91865124423016,24.96467728773736,3071.209986942947
321,66.91857530482376,24.969189861223267,10833.990792060094
322,66.9184993470316,24.973702431758102,7746.38033899664
323,66.91842337085068,24.978214999341436,4679.0524931784375
324,66.91834737627809,24.982727563972844,2577.372786924961
325,66.9182713633109,24.987240125651915,0.0
326,66.91819533194614,24.991752684378223,1409.0293404419767
327,66.91811928218088,24.996265240151352,595.2066569580589
328,66.91804321401223,25.00077779297089,1748.2151275412218
329,66.91796712743714,25.005290342836407,1162.0355205047456
330,66.91789102245276,25.00980288974748,265.43307744176144
331,66.91781489905608,25.014315433703697,0.0
332,66.91773875724422,25.018827974704628,67.32455531471619
333,66.91766259701414,25.023340512749876,1975.053170799946
334,66.91758641836299,25.027853047839,1379.5197939643538
335,66.91751022128777,25.03236557997159,2850.213823961423
336,66.91743400578552,25.036878109147217,1685.2427068303764
337,66.91735777185332,25.041390635365474,7874.334434743473
338,66.91728151948818,25.04590315862593,1146.0703179460122
339,66.91720524868717,25.050415678928182,0.0
340,66.92721640396307,24.748138753955825,0.0
341,66.92714152184898,24.752651482726005,0.0
342,66.92706662153225,24.757164208566323,0.0
343,66.92699170301005,24.76167693147635,0.0
344,66.92691676627945,24.766189651455672,0.0
345,66.92684181133761,24.770702368503866,0.0
346,66.92676683818158,24.7752150826205,0.0
347,66.92669184680852,24.779727793805176,0.0
348,66.92661683721552,24.784240502057436,0.0
349,66.92654180939971,24.78875320737689,0.0
350,66.92646676335816,24.7932659097631,0.0
351,66.92639169908801,24.797778609215644,0.0
352,66.92631661658635,24.802291305734112,0.0
353,66.92624151585028,24.80680399931806,0.0
354,66.92616639687692,24.81131668996709,0.0
355,66.92609125966338,24.81582937768077,0.0
356,66.92601610420674,24.820342062458682,0.0
357,66.9259409305041,24.824854744300392,0.0
358,66.92586573855257,24.829367423205493,672.9946502622646
359,66.92579052834927,24.833880099173566,555.4448424853554
360,66.92571529989127,24.838392772204166,0.0
361,66.92564005317566,24.842905442296892,0.0
362,66.92556478819958,24.84741810945132,0.0
363,66.92548950496007,24.851930773667025,0.0
364,66.92541420345427,24.85644343494359,203.8148734883968
365,66.92533888367926,24.86095609328059,5071.880718665801
366,66.92526354563212,24.865468748677596,13353.740341393133
367,66.92518818930995,24.869981401134204,7074.045583892129
368,66.92511281470983,24.87449405064999,478.4419262908235
369,66.9250374218289,24.879006697224522,0.0
370,66.92496201066419,24.883519340857383,0.0
371,66.92488658121279,24.888031981548156,0.0
372,66.92481113347183,24.892544619296416,0.0
373,66.92473566743837,24.897057254101743,0.0
374,66.9246601831095,24.90156988596372,0.0
375,66.92458468048228,24.906082514881927,0.0
376,66.92450915955385,24.91059514085594,2910.458613374164
377,66.92443362032125,24.915107763885334,5499.213100987464
378,66.92435806278154,24.919620383969697,1344.031531074968
379,66.92428248693186,24.92413300110861,4982.7884482227
380,66.92420689276925,24.928645615301644,1244.5354247685898
381,66.92413128029078,24.93315822654838,1061.3404666030751
382,66.92405564949355,24.9376708348484,184.49418567338887
383,66.92398000037464,24.942183440201287,0.0
384,66.92390433293113,24.946696042606614,0.0
385,66.92382864716008,24.951208642063964,0.0
386,66.92375294305855,24.955721238572924,1645.2349756673386
387,66.92367722062362,24.960233832133067,9028.474652997638
388,66.9236014798524,24.96474642274397,0.0
389,66.9235257207419,24.969259010405217,446.1999430688309
390,66.92344994328924,24.97377159511639,322.1062114614982
391,66.92337414749147,24.978284176877057,1839.3125614795563
392,66.92329833334566,24.982796755686824,3878.4162488516354
393,66.92322250084887,24.98730933154525,0.0
394,66.92314664999816,24.99182190445193,2924.657754915946
395,66.92307078079062,24.996334474406424,2361.8451598183765
396,66.92299489322329,25.000847041408324,2026.970947850978
397,66.92291898729327,25.005359605457215,0.0
398,66.92284306299757,25.00987216655268,0.0
399,66.92276712033328,25.01438472469428,0.0
400,66.92269115929746,25.01889727988162,1061.9079653172744
401,66.92261517988717,25.023409832114268,1870.3414862391558
402,66.92253918209947,25.027922381391804,282.3666924479295
403,66.92246316593143,25.032434927713812,21.53976112936159
404,66.92238713138006,25.036947471079877,0.0
405,66.92231107844245,25.041460011489573,6632.462864409021
406,66.92223500711563,25.045972548942476,0.0
407,66.9221589173967,25.050485083438183,0.0
408,66.93215805473994,24.748207046959585,0.0
409,66.93208335083912,24.752719789823644,0.0
410,66.932008628779,24.757232529758845,0.0
411,66.93193388855666,24.761745266764738,0.0
412,66.93185913016924,24.766258000840917,0.0
413,66.93178435361388,24.770770731986953,0.0
414,66.93170955888765,24.775283460202434,0.0
415,66.93163474598771,24.779796185486923,0.0
416,66.93155991491115,24.784308907839996,0.0
417,66.93148506565511,24.788821627261253,0.0
418,66.93141019821668,24.79333434375026,0.0
419,66.931335312593,24.79784705730659,0.0
420,66.93126040878118,24.802359767929833,0.0
421,66.93118548677832,24.806872475619556,0.0
422,66.93111054658151,24.811385180375346,0.0
423,66.9310355881879,24.81589788219678,0.0
424,66.93096061159456,24.820410581083433,0.0
425,66.93088561679863,24.824923277034877,439.7812940386352
426,66.93081060379721,24.82943597005072,908.4460803750019
427,66.93073557258741,24.833948660130503,0.0
428,66.93066052316632,24.838461347273824,0.0
429,66.93058545553107,24.842974031480264,0.0
430,66.93051036967876,24.847486712749397,0.0
431,66.93043526560645,24.8519993910808,0.0
432,66.93036014331126,24.856512066474053,2612.1831105801293
433,66.93028500279031,24.861024738928744,2550.4437993574634
434,66.93020984404072,24.86553740844444,1114.4924352372002
435,66.93013466705952,24.87005007502073,7316.759775093532
436,66.93005947184386,24.87456273865718,1745.1859544588242
437,66.92998425839085,24.87907539935338,0.0
438,66.92990902669756,24.88358805710891,0.0
439,66.92983377676106,24.88810071192335,0.0
440,66.92975850857847,24.892613363796265,0.0
441,66.92968322214689,24.897126012727256,0.0
442,66.9296079174634,24.901638658715882,0.0
443,66.9295325945251,24.906151301761742,0.0
444,66.92945725332909,24.91066394186441,694.4216205334284
445,66.92938189387243,24.915176579023452,3957.5271175758603
446,66.92930651615221,24.919689213238463,3437.3242014198077
447,66.92923112016557,24.924201844509017,2718.805179952504
448,66.92915570590952,24.92871447283469,1242.496241592836
449,66.92908027338122,24.933227098215074,1220.596273218692
450,66.92900482257765,24.937739720649738,5223.987899757376
451,66.92892935349602,24.94225234013827,1217.024279230875
452,66.92885386613335,24.94676495668024,943.045717542774
453,66.9287783604867,24.951277570275238,5287.553881917939
454,66.9287028365532,24.955790180922836,18072.76946049392
455,66.92862729432991,24.960302788622624,13553.892836289528
456,66.9285517338139,24.96481539337417,7054.650323111033
457,66.92847615500222,24.96932799517707,0.0
458,66.928400557892,24.97384059403089,345.2676916101195
459,66.92832494248032,24.978353189935223,3225.9445971284
460,66.9282493087642,24.98286578288964,1331.046077964012
461,66.92817365674074,24.987378372893726,2557.304472986001
462,66.92809798640702,24.99189095994706,41.99545115826335
463,66.92802229776012,24.99640354404922,1148.6511374358863
464,66.9279465907971,25.00091612519979,2101.934056115807
465,66.92787086551505,25.00542870339836,722.4281563708911
466,66.92779512191098,25.00994127864449,0.0
467,66.927719359982,25.01445385093778,0.0
468,66.9276435797252,25.018966420277792,1080.9504173538926
469,66.92756778113763,25.02347898666413,339.31805708917165
470,66.92749196421632,25.027991550096367,2957.5536182168676
471,66.92741612895836,25.032504110574074,2426.4645566589315
472,66.92734027536083,25.03701666809684,1549.1075075704662
473,66.92726440342078,25.04152922266425,1245.4477853061119
474,66.92718851313526,25.046041774275874,0.0
475,66.92711260450133,25.05055432293131,0.0
476,66.93709972367326,24.748275177198817,0.0
477,66.93702519798862,24.752787934123205,0.0
478,66.93695065418794,24.757300688119695,0.0
479,66.93687609226838,24.76181343918788,0.0
480,66.93680151222699,24.76632618732732,0.0
481,66.93672691406098,24.77083893253762,0.0
482,66.93665229776744,24.775351674818346,0.0
483,66.93657766334351,24.779864414169065,0.0
484,66.93650301078627,24.78437715058937,0.0
485,66.93642834009289,24.788889884078834,0.0
486,66.93635365126049,24.793402614637042,0.0
487,66.93627894428616,24.797915342263565,0.0
488,66.93620421916705,24.80242806695798,0.0
489,66.93612947590026,24.806940788719874,0.0
490,66.9360547144829,24.811453507548812,0.0
491,66.93597993491213,24.81596622344439,0.0
492,66.93590513718502,24.820478936406186,267.252372871184
493,66.93583032129867,24.824991646433748,1061.2991948256395
494,66.93575548725025,24.829504353526698,0.0
495,66.93568063503685,24.834017057684594,0.0
496,66.93560576465559,24.83852975890702,0.0
497,66.93553087610356,24.843042457193537,0.0
498,66.93545596937787,24.847555152543748,0.0
499,66.93538104447568,24.852067844957226,0.0
500,66.93530610139402,24.856580534433547,0.0
501,66.93523114013006,24.861093220972297,718.7266874693235
502,66.93515616068089,24.865605904573034,10410.20863787863
503,66.93508116304359,24.870118585235367,4855.373947016687
504,66.93500614721529,24.874631262958857,5084.720093701295
505,66.93493111319309,24.879143937743088,412.78817079520377
506,66.93485606097408,24.883656609587646,36.67367795581628
507,66.93478099055541,24.888169278492096,0.0
508,66.93470590193411,24.89268194445603,0.0
509,66.93463079510732,24.897194607479026,0.0
510,66.93455567007213,24.901707267560656,0.0
511,66.93448052682564,24.906219924700505,0.0
512,66.93440536536494,24.91073257889816,3837.5210051079944
513,66.93433018568716,24.915245230153193,8385.932584246802
514,66.93425498778934,24.919757878465187,8657.742090596454
515,66.93417977166864,24.924270523833723,6885.648993969453
516,66.9341045373221,24.928783166258377,525.5782844804265
517,66.93402928474681,24.933295805738734,0.0
518,66.93395401393991,24.937808442274363,7859.990471021743
519,66.93387872489845,24.942321075864864,11244.79240353766
520,66.93380341761952,24.946833706509807,12791.105234376304
521,66.93372809210024,24.951346334208765,8906.303034083376
522,66.93365274833768,24.955858958961336,21333.356315266425
523,66.93357738632889,24.960371580767077,18665.75861403847
524,66.93350200607102,24.964884199625594,15078.632591408033
525,66.93342660756112,24.96939681553645,0.0
526,66.93335119079626,24.973909428499237,896.2980198735884
527,66.93327575577356,24.978422038513525,3956.650085120246
528,66.93320030249008,24.9829346455789,908.2810983996084
529,66.93312483094289,24.987447249694934,1063.4438467891996
530,66.93304934112908,24.99195985086123,664.8847380703608
531,66.93297383304575,24.996472449077356,90.04313147013066
532,66.93289830668996,25.000985044342894,1057.7371483378788
533,66.93282276205876,25.00549763665742,1579.6174032072308
534,66.93274719914929,25.01001022602052,1355.8362660710372
535,66.93267161795858,25.014522812431775,1081.2160989340057
536,66.93259601848371,25.019035395890764,2179.1585294743504
537,66.93252040072177,25.02354797639707,2114.765022824977
538,66.93244476466981,25.02806055395028,4367.203066645932
539,66.93236911032491,25.032573128549966,3203.35710289735
540,66.93229343768414,25.037085700195718,1285.6666227776982
541,66.93221774674457,25.041598268887114,1119.1028810969215
542,66.93214203750325,25.046110834623725,1443.7511650030076
543,66.93206630995732,25.05062339740515,0.0
544,66.94204141071972,24.74834314467119,0.0
545,66.94196706325413,24.752855915622305,0.0
546,66.94189269771579,24.75736868364651,0.0
547,66.94181831410184,24.76188144874341,0.0
548,66.9417439124094,24.766394210912548,0.0
549,66.94166949263563,24.77090697015352,0.0
550,66.94159505477764,24.7754197264659,0.0
551,66.94152059883257,24.779932479849265,0.0
552,66.94144612479755,24.784445230303202,0.0
553,66.94137163266973,24.788957977827284,0.0
554,66.9412971224462,24.79347072242109,0.0
555,66.94122259412413,24.797983464084197,0.0
556,66.94114804770058,24.802496202816187,0.0
557,66.94107348317276,24.807008938616633,0.0
558,66.94099890053775,24.81152167148513,0.0
559,66.94092429979266,24.816034401421245,62.14278255430697
560,66.94084968093465,24.820547128424558,1261.2631081588443
561,66.94077504396081,24.825059852494647,0.0
562,66.94070038886827,24.82957257363109,0.0
563,66.94062571565415,24.83408529183348,0.0
564,66.9405510243156,24.838598007101364,0.0
565,66.94047631484969,24.843110719434357,0.0
566,66.94040158725355,24.847623428832023,0.0
567,66.94032684152432,24.852136135293943,0.0
568,66.9402520776591,24.8566488388197,0.0
569,66.940177295655,24.861161539408865,0.0
570,66.94010249550914,24.865674237061018,2321.9552164238103
571,66.94002767721864,24.870186931775763,3547.7999554149874
572,66.93995284078059,24.874699623552647,6925.411087793464
573,66.93987798619212,24.87921231239126,3544.688428993526
574,66.93980311345032,24.883724998291196,1395.6968936335334
575,66.93972822255233,24.888237681252022,0.0
576,66.93965331349521,24.89275036127332,0.0
577,66.93957838627612,24.897263038354666,0.0
578,66.93950344089214,24.90177571249565,0.0
579,66.93942847734037,24.90628838369584,0.0
580,66.93935349561794,24.91080105195483,5106.8780090229675
581,66.93927849572191,24.915313717272188,9022.317758221014
582,66.93920347764943,24.919826379647507,22339.48198497205
583,66.93912844139754,24.92433903908035,14847.977013293164
584,66.9390533869634,24.928851695570316,2257.188677275542
585,66.93897831434408,24.933364349116978,3029.6333207950415
586,66.9389032235367,24.937876999719908,7761.796965895957
587,66.93882811453831,24.942389647378704,21909.725034347004
588,66.93875298734608,24.946902292092936,14889.69302452806
589,66.93867784195706,24.951414933862186,6861.788812614061
590,66.93860267836831,24.95592757268603,14546.658221733487
591,66.938527496577,24.96044020856405,19888.81611948731
592,66.93845229658015,24.964952841495837,6152.348103084281
593,66.93837707837493,24.96946547148097,8782.031992871935
594,66.93830184195836,24.97397809851902,449.4586590672994
595,66.93822658732758,24.97849072260957,4410.010610629247
596,66.93815131447963,24.98300334375221,4180.386086327452
597,66.93807602341164,24.987515961946514,2130.2219737414493
598,66.93800071412065,24.992028577192066,2109.7821774281697
599,66.93792538660384,24.99654118948845,1517.672707300232
600,66.9378500408582,25.001053798835247,2049.4501024924357
601,66.93777467688084,25.005566405232024,459.12995301062097
602,66.93769929466886,25.010079008678375,0.0
603,66.93762389421931,25.01459160917389,0.0
604,66.93754847552933,25.019104206718133,314.4360556667675
605,66.93747303859594,25.0236168013107,1348.9896846432987
606,66.93739758341623,25.028129392951158,1713.464108877074
607,66.93732210998732,25.032641981639102,681.0804935353897
608,66.93724661830623,25.037154567374106,708.3886182839669
609,66.93717110837008,25.041667150155757,730.5276770723735
610,66.93709558017594,25.046179729983628,0.0
611,66.93702003372087,25.050692306857318,0.0
612,66.94698311583609,24.748410949374332,0.0
613,66.94690894659237,24.752923734318614,0.0
614,66.94683475931924,24.757436516336966,0.0
615,66.94676055401378,24.76194929542898,0.0
616,66.94668633067313,24.76646207159423,0.0
617,66.94661208929446,24.770974844832285,0.0
618,66.9465378298749,24.775487615142744,0.0
619,66.94646355241157,24.780000382525156,0.0
620,66.94638925690165,24.784513146979133,0.0
621,66.94631494334223,24.78902590850424,0.0
622,66.94624061173046,24.79353866710004,0.0
623,66.9461662620635,24.79805142276614,0.0
624,66.94609189433845,24.80256417550211,0.0
625,66.94601750855246,24.807076925307516,0.0
626,66.94594310470264,24.811589672181942,0.0
627,66.94586868278614,24.816102416124984,1248.7211994837999
628,66.94579424280009,24.820615157136206,0.0
629,66.94571978474163,24.825127895215193,0.0
630,66.94564530860785,24.829640630361524,0.0
631,66.94557081439592,24.83415336257476,0.0
632,66.94549630210294,24.83866609185452,0.0
633,66.94542177172605,24.84317881820035,0.0
634,66.94534722326235,24.84769154161185,0.0
635,66.94527265670898,24.852204262088584,0.0
636,66.94519807206306,24.856716979630153,0.0
637,66.94512346932173,24.861229694236105,0.0
638,66.94504884848207,24.86574240590604,1943.3658934051314
639,66.94497420954123,24.87025511463954,259.7552299434791
640,66.94489955249632,24.87476782043619,2065.6202554031006
641,66.94482487734446,24.879280523295545,5067.430926541503
642,66.94475018408278,24.883793223217214,1313.2123780941372
643,66.94467547270837,24.888305920200764,0.0
644,66.94460074321834,24.892818614245773,0.0
645,66.94452599560984,24.897331305351827,0.0
646,66.94445122987995,24.901843993518497,0.0
647,66.94437644602579,24.906356678745382,0.0
648,66.9443016440445,24.91086936103205,0.0
649,66.94422682393312,24.91538204037807,1809.524406299602
650,66.94415198568883,24.919894716783038,12930.722658105673
651,66.94407712930871,24.924407390246536,11402.47488023978
652,66.94400225478988,24.928920060768146,4771.938863727746
653,66.94392736212941,24.933432728347444,1438.2402444401366
654,66.94385245132443,24.937945392983995,2460.3018177124222
655,66.94377752237206,24.942458054677413,15577.376349425398
656,66.94370257526941,24.946970713427252,20256.756837117508
657,66.94362761001352,24.951483369233102,16127.619591067838
658,66.94355262660157,24.955996022094542,16017.859993624008
659,66.9434776250306,24.960508672011162,5660.593700404175
660,66.94340260529773,24.96502131898254,6707.449701282592
661,66.94332756740006,24.969533963008242,9842.797099244353
662,66.94325251133469,24.974046604087878,1972.7780609975973
663,66.94317743709874,24.978559242220996,5296.926480057683
664,66.94310234468927,24.983071877407205,6894.592843046651
665,66.94302723410335,24.98758450964607,2374.4170157542976
666,66.94295210533815,24.99209713893718,5595.89755501155
667,66.94287695839071,24.996609765280112,3025.480132822276
668,66.94280179325814,25.001122388674457,2455.311569353691
669,66.94272660993752,25.005635009119786,1897.481814126567
670,66.94265140842595,25.010147626615684,0.0
671,66.94257618872051,25.01466024116173,0.0
672,66.94250095081829,25.019172852757514,0.0
673,66.94242569471638,25.02368546140261,0.0
674,66.9423504204119,25.02819806709661,0.0
675,66.94227512790187,25.03271066983908,537.1711773130995
676,66.94219981718341,25.037223269629628,0.0
677,66.94212448825361,25.041735866467803,883.9442245739589
678,66.94204914110954,25.04624846035321,0.0
679,66.9419737757483,25.05076105128543,0.0
680,66.95192483897902,24.74847859130591,0.0
681,66.95185084796009,24.752991390209775,0.0
682,66.95177683895501,24.757504186188694,0.0
683,66.9517028119609,24.762016979242254,0.0
684,66.9516287669749,24.766529769370024,0.0
685,66.95155470399422,24.771042556571587,0.0
686,66.95148062301593,24.77555534084652,0.0
687,66.95140652403724,24.7800681221944,0.0
688,66.95133240705523,24.784580900614817,0.0
689,66.9512582720671,24.789093676107345,0.0
690,66.95118411906994,24.793606448671557,0.0
691,66.95110994806096,24.798119218307043,0.0
692,66.95103575903724,24.802631985013385,0.0
693,66.95096155199596,24.80714474879014,0.0
694,66.95088732693424,24.811657509636905,836.2342424036043
695,66.95081308384918,24.816170267553257,586.572149967794
696,66.95073882273797,24.820683022538777,0.0
697,66.95066454359777,24.82519577459305,0.0
698,66.95059024642562,24.82970852371564,0.0
699,66.95051593121872,24.834221269906138,0.0
700,66.9504415979742,24.838734013164128,0.0
701,66.95036724668918,24.843246753489172,0.0
702,66.9502928773608,24.847759490880872,0.0
703,66.95021848998618,24.8522722253388,0.0
704,66.95014408456245,24.85678495686253,0.0
705,66.95006966108676,24.86129768545165,0.0
706,66.94999521955619,24.86581041110573,1839.6099830881733
707,66.94992075996788,24.870323133824364,1625.8375998291183
708,66.94984628231902,24.874835853607113,1526.4280711573433
709,66.94977178660665,24.879348570453583,5804.535414613287
710,66.94969727282793,24.883861284363345,2532.3961082113346
711,66.94962274097999,24.88837399533596,0.0
712,66.94954819105996,24.892886703371033,0.0
713,66.9494736230649,24.897399408468136,0.0
714,66.949399036992,24.901912110626853,0.0
715,66.94932443283835,24.906424809846754,0.0
716,66.94924981060109,24.910937506127432,0.0
717,66.94917517027726,24.915450199468463,843.5787641629599
718,66.94910051186409,24.91996288986943,2691.4649300230512
719,66.9490258353586,24.92447557732991,7066.944108692777
720,66.94895114075796,24.92898826184949,11523.87642522849
721,66.94887642805925,24.93350094342775,995.4434035729599
722,66.94880169725961,24.938013622064254,3672.3591807188955
723,66.94872694835614,24.942526297758608,18065.758501729262
724,66.94865218134593,24.947038970510388,21639.380516642916
725,66.94857739622611,24.95155164031916,20321.122609534388
726,66.9485025929938,24.95606430718452,17775.1674039956
727,66.9484277716461,24.960576971106043,15885.566661321238
728,66.9483529321801,24.965089632083316,20899.870389251642
729,66.9482780745929,24.96960229011591,14766.244963799747
730,66.94820319888163,24.974114945203418,5356.704284497802
731,66.9481283050434,24.97862759734542,15487.87257071206
732,66.9480533930753,24.983140246541502,17230.84455950776
733,66.9479784629744,24.98765289279123,14721.73133620923
734,66.94790351473785,24.99216553609419,7866.573891434909
735,66.94782854836272,24.99667817644997,3570.260760562708
736,66.94775356384612,25.00119081385816,1676.7678367837527
737,66.94767856118516,25.00570344831832,1379.5324582234193
738,66.9476035403769,25.01021607983006,396.7543260763678
739,66.94752850141847,25.01472870839293,0.0
740,66.94745344430694,25.019241334006534,0.0
741,66.94737836903946,25.02375395667045,1080.1234484970978
742,66.94730327561305,25.02826657638426,712.3788878140099
743,66.94722816402486,25.032779193147547,765.4092207146136
744,66.94715303427193,25.03729180695989,0.0
745,66.94707788635141,25.041804417820874,0.0
746,66.94700272026033,25.04631702573008,0.0
747,66.94692753599581,25.05082963068709,0.0
748,66.95686658010531,24.748546070463593,0.0
749,66.95679276731398,24.75305888329346,0.0
750,66.9567189365798,24.757571693199363,0.0
751,66.95664508789989,24.762084500180883,0.0
752,66.95657122127139,24.766597304237592,0.0
753,66.95649733669151,24.771110105369072,0.0
754,66.95642343415739,24.7756229035749,0.0
755,66.95634951366614,24.78013569885465,0.0
756,66.95627557521495,24.784648491207914,0.0
757,66.95620161880095,24.78916128063427,0.0
758,66.9561276444213,24.793674067133292,0.0
759,66.95605365207314,24.798186850704568,0.0
760,66.95597964175363,24.80269963134766,0.0
761,66.9559056134599,24.80721240906217,933.138881559933
762,66.95583156718911,24.811725183847663,496.9038554973675
763,66.9557575029384,24.81623795570372,0.0
764,66.95568342070489,24.820750724629924,0.0
765,66.95560932048576,24.82526349062586,0.0
766,66.95553520227814,24.829776253691108,0.0
767,66.95546106607914,24.834289013825234,0.0
768,66.95538691188598,24.838801771027835,0.0
769,66.95531273969571,24.843314525298474,0.0
770,66.95523854950548,24.84782727663675,0.0
771,66.95516434131247,24.852340025042228,0.0
772,66.95509011511382,24.856852770514504,0.0
773,66.95501587090662,24.86136551305314,0.0
774,66.95494160868803,24.865878252657733,2866.0416784676418
775,66.95486732845517,24.870390989327852,3798.248999345948
776,66.95479303020518,24.87490372306308,144.08913637543114
777,66.95471871393521,24.879416453863005,4596.361784941973
778,66.95464437964235,24.883929181727204,1995.5869537582805
779,66.95457002732374,24.888441906655256,674.645027294195
780,66.95449565697655,24.892954628646738,0.0
781,66.95442126859787,24.89746734770124,0.0
782,66.95434686218482,24.901980063818343,0.0
783,66.95427243773456,24.906492776997613,0.0
784,66.95419799524419,24.911005487238647,4517.481512560011
785,66.95412353471083,24.91551819454102,8626.743578317815
786,66.95404905613162,24.92003089890431,0.0
787,66.95397455950365,24.92454360032811,1129.780296509425
788,66.95390004482408,24.929056298811986,9992.483478276967
789,66.95382551209003,24.933568994355536,14462.71433388138
790,66.95375096129861,24.93808168695832,20860.989642387787
791,66.95367639244691,24.94259437661994,22293.05923987849
792,66.95360180553207,24.947107063339974,24047.19737408073
793,66.95352720055122,24.951619747117988,20173.382194082726
794,66.95345257750145,24.956132427953584,19181.750012738004
795,66.95337793637988,24.96064510584633,18662.77728005559
796,66.95330327718364,24.96515778079581,18744.63374729124
797,66.95322859990982,24.969670452801605,21214.131065381494
798,66.95315390455556,24.9741831218633,19011.49896329665
799,66.95307919111795,24.978695787980488,18711.93510436541
800,66.9530044595941,24.983208451152727,16994.788640594445
801,66.95292970998112,24.987721111379617,21293.482603397762
802,66.9528549422761,24.992233768660732,8335.58423738848
803,66.9527801564762,24.996746422995656,2882.9159342686226
804,66.95270535257849,25.00125907438398,2002.0061417365148
805,66.95263053058007,25.005771722825276,2443.054369727107
806,66.95255569047804,25.010284368319127,1657.3048178542986
807,66.95248083226953,25.01479701086511,945.8062663534984
808,66.95240595595163,25.019309650462823,23.182366912820893
809,66.95233106152143,25.023822287111837,5753.830016806459
810,66.95225614897603,25.028334920811734,2682.8659497931903
811,66.95218121831257,25.032847551562103,0.0
812,66.95210626952809,25.037360179362526,0.0
813,66.95203130261972,25.04187280421258,0.0
814,66.95195631758455,25.04638542611185,0.0
815,66.95188131441968,25.050898045059927,0.0
816,66.9618083391716,24.748613386845037,0.0
817,66.96173470461073,24.75312621356734,0.0
818,66.96166105215029,24.75763903736664,0.0
819,66.96158738178742,24.762151858242536,0.0
820,66.96151369351928,24.7666646761946,0.0
821,66.96143998734308,24.771177491222403,0.0
822,66.96136626325594,24.775690303325536,0.0
823,66.96129252125502,24.780203112503568,0.0
824,66.96121876133748,24.78471591875609,0.0
825,66.96114498350045,24.78922872208268,0.0
826,66.96107118774115,24.793741522482915,0.0
827,66.96099737405669,24.79825431995636,0.0
828,66.96092354244422,24.802767114502622,1787.6638970489623
829,66.96084969290091,24.807279906121266,1021.1320837911346
830,66.96077582542391,24.81179269481187,0.0
831,66.96070194001038,24.816305480574027,0.0
832,66.96062803665745,24.82081826340731,0.0
833,66.96055411536229,24.825331043311294,0.0
834,66.960480176122,24.829843820285564,0.0
835,66.96040621893381,24.834356594329705,0.0
836,66.96033224379482,24.838869365443287,0.0
837,66.96025825070215,24.843382133625905,0.0
838,66.96018423965299,24.847894898877122,0.0
839,66.96011021064444,24.85240766119653,0.0
840,66.9600361636737,24.856920420583712,0.0
841,66.95996209873789,24.861433177038236,0.0
842,66.95988801583414,24.865945930559704,829.7122301785006
843,66.95981391495957,24.870458681147674,6688.750266686983
844,66.95973979611134,24.87497142880174,166.97427309619502
845,66.9596656592866,24.879484173521476,3714.7162653635473
846,66.95959150448249,24.883996915306476,3826.515989586356
847,66.9595173316961,24.888509654156305,2110.154986061059
848,66.95944314092463,24.893022390070545,0.0
849,66.95936893216518,24.897535123048794,0.0
850,66.95929470541488,24.902047853090615,0.0
851,66.95922046067086,24.906560580195595,4625.040555812628
852,66.95914619793028,24.911073304363324,18026.443652097703
853,66.95907191719024,24.915586025593377,18830.385135541135
854,66.95899761844788,24.92009874388534,1045.5600828343524
855,66.95892330170034,24.92461145923878,3651.710234641998
856,66.95884896694476,24.92912417165329,12711.494079427617
857,66.9587746141782,24.933636881128454,21695.09384062537
858,66.95870024339786,24.938149587663847,21456.880294713388
859,66.95862585460084,24.94266229125905,21319.32435422506
860,66.95855144778425,24.947174991913656,19779.052990276825
861,66.95847702294523,24.951687689627235,19233.30389726652
862,66.95840258008089,24.956200384399374,20269.025435577856
863,66.95832811918834,24.96071307622965,18747.012915223087
864,66.95825364026476,24.965225765117655,18696.902724351443
865,66.9581791433072,24.969738451062966,18759.026421233964
866,66.95810462831282,24.974251134065156,15742.51992566492
867,66.95803009527873,24.978763814123823,16560.76203590103
868,66.95795554420202,24.98327649123853,20245.614108039244
869,66.95788097507985,24.987789165408884,14967.060702159393
870,66.95780638790929,24.992301836634454,12364.798005194612
871,66.9577317826875,24.99681450491481,2829.741918495202
872,66.95765715941155,25.001327170249553,2275.535966597997
873,66.95758251807858,25.005839832638266,3143.723339076009
874,66.95750785868567,25.01035249208052,2990.091523583134
875,66.95743318122999,25.01486514857591,4046.429497115539
876,66.95735848570858,25.019377802124005,6251.3426297801125
877,66.95728377211859,25.023890452724398,1874.1034780792747
878,66.95720904045712,25.028403100376668,3951.7464357493827
879,66.95713429072127,25.0329157450804,0.0
880,66.95705952290815,25.03742838683517,0.0
881,66.95698473701484,25.04194102564057,0.0
882,66.95690993303849,25.046453661496173,0.0
883,66.95683511097616,25.050966294401572,0.0
884,66.96675011613463,24.74868054044793,0.0
885,66.96667665980708,24.75319338102908,0.0
886,66.9666031856232,24.757706218688213,0.0
887,66.96652969358023,24.762219053424896,0.0
888,66.96645618367529,24.76673188523872,0.0
889,66.9663826559056,24.77124471412927,0.0
890,66.96630911026828,24.775757540096105,0.0
891,66.9662355467605,24.780270363138836,0.0
892,66.96616196537946,24.78478318325701,0.0
893,66.96608836612228,24.789296000450232,0.0
894,66.96601474898617,24.79380881471807,0.0
895,66.96594111396821,24.7983216260601,859.0261358327646
896,66.96586746106566,24.80283443447593,7952.999158466505
897,66.96579379027561,24.807347239965104,8172.009470075156
898,66.96572010159525,24.811860042527215,0.0
899,66.96564639502176,24.816372842161854,0.0
900,66.96557267055225,24.820885638868596,0.0
901,66.96549892818388,24.825398432647013,0.0
902,66.96542516791384,24.829911223496698,0.0
903,66.96535138973925,24.834424011417216,0.0
904,66.96527759365728,24.83893679640817,0.0
905,66.96520377966512,24.843449578469123,0.0
906,66.96512994775986,24.84796235759966,0.0
907,66.96505609793866,24.852475133799373,0.0
908,66.96498223019869,24.856987907067825,0.0
909,66.96490834453711,24.861500677404617,0.0
910,66.96483444095104,24.866013444809298,0.0
911,66.96476051943763,24.870526209281483,1587.581634248591
912,66.96468657999402,24.87503897082074,1570.7270042899613
913,66.96461262261741,24.87955172942664,2983.3881725176834
914,66.96453864730485,24.884064485098783,1821.5122634641425
915,66.96446465405357,24.888577237836746,2679.442449575598
916,66.96439064286068,24.893089987640106,0.0
917,66.96431661372333,24.89760273450844,0.0
918,66.96424256663862,24.902115478441335,3067.416247046627
919,66.96416850160375,24.90662821943837,19171.732278606567
920,66.96409441861582,24.911140957499136,19283.465050516526
921,66.96402031767197,24.915653692623202,20532.283645693486
922,66.96394619876935,24.92016642481015,13150.125294499494
923,66.96387206190508,24.924679154059575,20087.11715591317
924,66.96379790707631,24.929191880371047,19612.777399026196
925,66.96372373428017,24.933704603744147,21390.95152192221
926,66.9636495435138,24.93821732417848,16815.274157828244
927,66.9635753347743,24.94273004167359,21099.615046250332
928,66.96350110805884,24.947242756229084,18578.316743139858
929,66.96342686336452,24.95175546784454,18994.840391825583
930,66.9633526006885,24.956268176519544,18974.13673992754
931,66.96327832002791,24.960780882253665,20548.24670045971
932,66.96320402137982,24.9652935850465,17904.077796719677
933,66.96312970474143,24.969806284897626,19322.426200841117
934,66.96305537010981,24.974318981806626,14886.342968371311
935,66.9629810174821,24.978831675773073,7655.372402273711
936,66.96290664685544,24.98334436679655,13224.295471420555
937,66.96283225822697,24.987857054876667,15032.982299482008
938,66.96275785159372,24.992369740012975,7102.053075277171
939,66.96268342695294,24.99688242220507,1483.4713479771042
940,66.96260898430164,25.001395101452527,1266.1446383632733
941,66.962534523637,25.00590777775495,577.0652762105836
942,66.96246004495615,25.010420451111898,4507.617227120389
943,66.96238554825612,25.014933121522965,6021.683212004944
944,66.96231103353412,25.019445788987724,6480.574274656503
945,66.96223650078723,25.023958453505777,0.0
946,66.96216195001256,25.02847111507669,2581.5747224545494
947,66.96208738120723,25.032983773700053,0.0
948,66.96201279436835,25.037496429375455,0.0
949,66.96193818949303,25.04200908210246,0.0
950,66.96186356657837,25.046521731880667,0.0
951,66.96178892562149,25.051034378709666,0.0
952,66.97169191095112,24.74874753126994,0.0
953,66.97161863285967,24.753260385676363,0.0
954,66.97154533695523,24.757773237161732,0.0
955,66.97147202323497,24.76228608572563,0.0
956,66.97139869169608,24.76679893136764,0.0
957,66.97132534233572,24.77131177408733,0.0
958,66.97125197515106,24.7758246138843,0.0
959,66.97117859013929,24.78033745075811,0.0
960,66.97110518729755,24.784850284708355,0.0
961,66.97103176662304,24.789363115734606,0.0
962,66.97095832811293,24.793875943836454,0.0
963,66.9708848717644,24.798388769013474,2924.443135298511
964,66.97081139757456,24.802901591265236,2549.1205891387353
965,66.97073790554064,24.807414410591342,0.0
966,66.97066439565978,24.811927226991354,0.0
967,66.97059086792913,24.81644004046486,0.0
968,66.97051732234587,24.820952851011437,0.0
969,66.97044375890718,24.82546565863068,0.0
970,66.9703701776102,24.82997846332216,0.0
971,66.97029657845209,24.83449126508545,581.4347914516644
972,66.97022296143001,24.839004063920132,0.0
973,66.97014932654113,24.843516859825808,0.0
974,66.97007567378265,24.84802965280204,0.0
975,66.97000200315162,24.85254244284841,0.0
976,66.96992831464527,24.857055229964505,0.0
977,66.96985460826077,24.861568014149903,192.0613169013356
978,66.96978088399524,24.86608079540419,1249.1128304477454
979,66.96970714184586,24.870593573726946,0.0
980,66.96963338180973,24.875106349117743,7804.7604242661155
981,66.96955960388408,24.879619121576177,3298.1025320478825
982,66.969485808066,24.884131891101816,1608.4736805903278
983,66.96941199435264,24.88864465769426,1308.6693133977165
984,66.9693381627412,24.893157421353077,0.0
985,66.96926431322879,24.897670182077846,1407.2947629880325
986,66.96919044581257,24.902182939868155,13351.199457502802
987,66.96911656048968,24.906695694723584,17869.53922533263
988,66.96904265725726,24.911208446643716,18772.705516823487
989,66.96896873611249,24.915721195628134,21365.607442761066
990,66.96889479705243,24.92023394167642,21737.027624146027
991,66.96882084007433,24.924746684788147,19541.108536440624
992,66.96874686517525,24.929259424962904,22785.169862319748
993,66.96867287235237,24.933772162200285,19942.641558597355
994,66.96859886160283,24.93828489649986,22394.58397538972
995,66.96852483292376,24.942797627861207,19637.843454843925
996,66.96845078631227,24.947310356283918,21357.558701518275
997,66.96837672176557,24.951823081767568,23479.119214102233
998,66.96830263928074,24.956335804311742,22517.64764208157
999,66.9682285388549,24.960848523916024,21226.692618182602
1000,66.9681544204852,24.965361240579995,22668.736151968165
1001,66.96808028416883,24.969873954303242,16956.847803752644
1002,66.96800612990286,24.97438666508534,13576.064998750922
1003,66.96793195768446,24.97889937292588,3839.33752527811
1004,66.9678577675107,24.983412077824443,5922.4348218227
1005,66.96778355937876,24.98792477978061,4363.528311731146
1006,66.96770933328575,24.99243747879396,1575.2903063693211
1007,66.96763508922884,24.996950174864082,3242.9517568481765
1008,66.9675608272051,25.001462867990558,7712.304902668395
1009,66.96748654721168,25.005975558172963,6805.934534874011
1010,66.9674122492457,25.010488245410894,3779.2660400451696
1011,66.96733793330426,25.015000929703913,1450.0456192559855
1012,66.96726359938455,25.01951361105163,2046.0118281271925
1013,66.96718924748365,25.02402628945362,933.4741378485658
1014,66.96711487759866,25.028538964909455,0.0
1015,66.96704048972676,25.033051637418723,0.0
1016,66.966966083865,25.037564306981015,0.0
1017,66.96689166001053,25.042076973595908,0.0
1018,66.96681721816049,25.04658963726299,0.0
1019,66.96674275831197,25.051102297981835,0.0
1020,66.97663372357779,24.748814359308756,0.0
1021,66.97656062372529,24.753327227506873,0.0
1022,66.97648750610307,24.757840092784896,0.0
1023,66.97641437070837,24.762352955142422,0.0
1024,66.97634121753833,24.766865814579024,0.0
1025,66.97626804659014,24.771378671094283,0.0
1026,66.97619485786096,24.775891524687776,0.0
1027,66.97612165134802,24.780404375359087,0.0
1028,66.97604842704845,24.7849172231078,0.0
1029,66.97597518495944,24.78943006793349,0.0
1030,66.97590192507819,24.79394290983574,2621.8877954442764
1031,66.97582864740184,24.79845574881414,3870.4595203344907
1032,66.97575535192757,24.802968584868246,0.0
1033,66.9756820386526,24.807481417997664,0.8694650762886418
1034,66.97560870757405,24.811994248201962,1007.8025843266605
1035,66.9755353586891,24.81650707548073,1811.9068259773653
1036,66.97546199199498,24.82101989983354,2649.5329776658054
1037,66.97538860748875,24.825532721259975,116.78983132822043
1038,66.97531520516766,24.83004553975962,0.0
1039,66.97524178502887,24.834558355332053,463.78520780333446
1040,66.97516834706954,24.83907116797687,1175.3119642210372
1041,66.97509489128683,24.84358397769362,1544.7937923818827
1042,66.9750214176779,24.848096784481918,1374.2511808800791
1043,66.9749479262399,24.852609588341323,0.0
1044,66.97487441697005,24.857122389271424,6244.618085960287
1045,66.97480088986546,24.8616351872718,10106.059611473243
1046,66.97472734492335,24.86614798234205,14526.938786677667
1047,66.9746537821408,24.870660774481728,4553.782001813113
1048,66.97458020151502,24.87517356369043,5160.119582259893
1049,66.97450660304317,24.879686349967745,1111.9429070059368
1050,66.97443298672239,24.884199133313246,3728.93633395457
1051,66.97435935254985,24.888711913726514,1676.0209777484247
1052,66.97428570052269,24.893224691207124,2183.120667868469
1053,66.97421203063809,24.89773746575468,6271.5971716822805
1054,66.97413834289317,24.902250237368744,4281.196552640105
1055,66.97406463728515,24.906763006048898,16218.316492449962
1056,66.97399091381111,24.911275771794745,19939.152397106292
1057,66.97391717246823,24.915788534605845,14099.98901031868
1058,66.97384341325362,24.9203012944818,20013.895268471824
1059,66.97376963616453,24.92481405142217,19784.919512872686
1060,66.97369584119802,24.929326805426548,23756.02164710011
1061,66.97362202835126,24.93383955649452,23847.162629740644
1062,66.9735481976214,24.938352304625667,21452.0101923554
1063,66.9734743490056,24.942865049819563,16788.73936106953
1064,66.97340048250098,24.947377792075805,22634.68695679574
1065,66.97332659810472,24.951890531393964,20985.00512578597
1066,66.97325269581394,24.956403267773634,22313.756425443386
1067,66.97317877562574,24.960916001214382,21652.314499616088
1068,66.97310483753733,24.96542873171581,18504.356142458986
1069,66.97303088154585,24.96994145927749,18852.83147592649
1070,66.97295690764838,24.974454183898995,7664.4744323662735
1071,66.97288291584209,24.978966905579924,3286.422746282582
1072,66.97280890612413,24.983479624319855,4134.56889986655
1073,66.97273487849164,24.987992340118375,510.8892458393385
1074,66.97266083294174,24.99250505297506,1123.0288200461005
1075,66.97258676947153,24.997017762889495,12330.58211507877
1076,66.97251268807823,25.001530469861265,13444.237188856516
1077,66.9724385887589,25.00604317388996,10915.437798063542
1078,66.97236447151069,25.010555874975147,2122.8115896950203
1079,66.97229033633073,25.015068573116427,1915.650560194047
1080,66.97221618321616,25.019581268313367,1133.1424936450067
1081,66.97214201216414,25.02409396056557,513.907782240306
1082,66.97206782317174,25.0286066498726,0.0
1083,66.97199361623609,25.033119336234055,0.0
1084,66.97191939135436,25.037632019649507,0.0
1085,66.97184514852364,25.042144700118556,0.0
1086,66.97177088774107,25.046657377640766,0.0
1087,66.97169660900379,25.051170052215735,0.0
1088,66.98157555397134,24.748881024562074,0.0
1089,66.98150263236059,24.753393906518298,0.0
1090,66.98142969302344,24.757906785555402,0.0
1091,66.98135673595709,24.762419661672965,0.0
1092,66.98128376115872,24.766932534870573,0.0
1093,66.9812107686255,24.771445405147798,0.0
1094,66.98113775835466,24.775958272504237,0.0
1095,66.98106473034335,24.780471136939447,0.0
1096,66.98099168458876,24.784983998453022,0.0
1097,66.98091862108808,24.789496857044558,520.1284170086738
1098,66.9808455398385,24.794009712713613,1118.3220442040003
1099,66.98077244083719,24.79852256545978,0.0
1100,66.98069932408134,24.80303541528263,0.0
1101,66.98062618956813,24.807548262181754,1143.5049596733288
1102,66.98055303729471,24.81206110615673,1806.1201947949612
1103,66.98047986725831,24.816573947207136,1012.3885720808455
1104,66.98040667945608,24.821086785332565,5741.068810578172
1105,66.98033347388521,24.82559962053258,6704.2029936274375
1106,66.98026025054286,24.830112452806777,1773.453102261996
1107,66.98018700942622,24.834625282154736,0.0
1108,66.98011375053244,24.83913810857603,0.0
1109,66.98004047385872,24.843650932070254,1913.4523817998097
1110,66.97996717940221,24.84816375263697,4745.203324784883
1111,66.97989386716011,24.852676570275783,1294.0929467217006
1112,66.97982053712957,24.857189384986263,16950.6261515685
1113,66.97974718930773,24.861702196767986,16165.549236143723
1114,66.97967382369183,24.866215005620543,22511.538945336528
1115,66.97960044027899,24.87072781154351,20323.96500610011
1116,66.97952703906638,24.875240614536473,4731.798296925983
1117,66.97945362005119,24.87975341459902,3351.1652165527294
1118,66.97938018323055,24.884266211730722,2667.771312832327
1119,66.97930672860164,24.888779005931166,2881.5130389373803
1120,66.97923325616163,24.893291797199932,1919.671527357492
1121,66.97915976590768,24.8978045855366,872.9499569650563
1122,66.97908625783694,24.902317370940764,1890.892709212578
1123,66.9790127319466,24.906830153412,5219.017959496951
1124,66.97893918823375,24.911342932949882,15707.473073808385
1125,66.97886562669564,24.91585570955401,15470.943190287084
1126,66.97879204732935,24.92036848322395,13922.439690479492
1127,66.9787184501321,24.924881253959292,21657.450067561556
1128,66.97864483510101,24.929394021759617,26515.579149385303
1129,66.97857120223324,24.93390678662451,18493.33810236629
1130,66.97849755152593,24.93841954855355,24144.4323441168
1131,66.97842388297626,24.942932307546332,7076.988161166805
1132,66.97835019658136,24.947445063602416,18080.866709520218
1133,66.9782764923384,24.95195781672141,21558.132460104578
1134,66.9782027702445,24.956470566902873,18311.31050024222
1135,66.97812903029684,24.960983314146407,21314.743585967004
1136,66.97805527249257,24.96549605845159,21927.19768531626
1137,66.97798149682882,24.970008799818004,18972.00964321992
1138,66.97790770330272,24.974521538245224,4175.361025576239
1139,66.97783389191144,24.979034273732843,4046.2931115239066
1140,66.97776006265212,24.98354700628045,6396.580658992207
1141,66.97768621552191,24.988059735887614,14212.347371975338
1142,66.97761235051797,24.992572462553927,12061.809263461515
1143,66.9775384676374,24.99708518627898,18378.789445280072
1144,66.97746456687734,25.001597907062333,15026.723169133898
1145,66.977390648235,25.006110624903595,2444.332834237902
1146,66.97731671170743,25.010623339802333,3347.404176393844
1147,66.97724275729183,25.015136051758144,4084.6498554348777
1148,66.97716878498528,25.019648760770597,756.8593427442647
1149,66.97709479478497,25.02416146683928,1404.9396246620317
1150,66.97702078668802,25.028674169963786,0.0
1151,66.97694676069153,25.033186870143687,0.0
1152,66.97687271679268,25.037699567378585,0.0
1153,66.97679865498861,25.042212261668052,0.0
1154,66.97672457527639,25.046724953011665,0.0
1155,66.97665047765321,25.051237641409017,0.0
1156,66.98651740208847,24.748947527027592,0.0
1157,66.98644465872229,24.75346042270834,0.0
1158,66.98637189767304,24.75797331547093,0.0
1159,66.98629911893784,24.762486205314953,0.0
1160,66.98622632251396,24.766999092239974,0.0
1161,66.98615350839853,24.771511976245577,0.0
1162,66.98608067658883,24.77602485733136,0.0
1163,66.98600782708196,24.78053773549689,0.0
1164,66.98593495987518,24.785050610741738,0.0
1165,66.98586207496564,24.789563483065503,0.0
1166,66.98578917235055,24.794076352467762,0.0
1167,66.98571625202709,24.798589218948095,0.0
1168,66.98564331399245,24.803102082506083,0.0
1169,66.9855703582438,24.807614943141296,0.0
1170,66.98549738477838,24.812127800853343,1420.1648451502374
1171,66.98542439359338,24.81664065564178,1883.0638023863976
1172,66.98535138468587,24.821153507506196,4782.9734161514525
1173,66.98527835805315,24.82566635644618,8308.411396779593
1174,66.98520531369235,24.830179202461313,4153.588199558226
1175,66.98513225160066,24.834692045551165,2065.1461728131894
1176,66.9850591717753,24.839204885715326,510.46520715180617
1177,66.98498607421338,24.84371772295338,0.0
1178,66.98491295891213,24.84823055726491,3511.3459392276977
1179,66.98483982586872,24.852743388649476,3130.509911522823
1180,66.98476667508031,24.85725621710669,8960.635522494358
1181,66.9846935065441,24.861769042636126,14742.775237393103
1182,66.98462032025725,24.866281865237347,17126.425132238084
1183,66.98454711621694,24.87079468490997,29516.69693551693
1184,66.98447389442035,24.875307501653552,14428.860054952896
1185,66.98440065486464,24.879820315467676,13371.11624940332
1186,66.98432739754698,24.884333126351933,18811.73710603254
1187,66.98425412246455,24.88884593430591,13579.05168343217
1188,66.98418082961453,24.893358739329166,1300.4981239242295
1189,66.98410751899407,24.897871541421306,434.7333339531036
1190,66.98403419060034,24.902384340581907,3478.169848931363
1191,66.9839608444305,24.906897136810553,7849.056355694104
1192,66.98388748048174,24.911409930106817,5470.273395866224
1193,66.98381409875121,24.9159227204703,8822.423886954177
1194,66.98374069923608,24.92043550790056,20038.76842357103
1195,66.98366728193353,24.92494829239721,18752.20236787015
1196,66.98359384684068,24.9294610739598,27487.705266316432
1197,66.98352039395472,24.933973852587947,24355.231607911555
1198,66.98344692327284,24.9384866282812,20349.573793053725
1199,66.98337343479213,24.942999401039174,16334.240737836037
1200,66.98329992850978,24.947512170861422,19302.33731349671
1201,66.98322640442295,24.952024937747556,19415.34680108786
1202,66.98315286252885,24.95653770169714,13544.320116512989
1203,66.98307930282455,24.961050462709764,19109.548640953155
1204,66.98300572530722,24.965563220785008,19538.366643389785
1205,66.98293212997409,24.97007597592247,19539.08889295816
1206,66.98285851682225,24.974588728121706,17817.33503578351
1207,66.98278488584882,24.97910147738232,15461.136360765873
1208,66.982711237051,24.983614223703892,14932.393957412944
1209,66.98263757042596,24.98812696708601,18253.02395065769
1210,66.9825638859708,24.992639707528237,14022.868752018028
1211,66.98249018368271,24.99715244503019,16417.39641445573
1212,66.98241646355882,25.001665179591427,14255.945525106026
1213,66.9823427255963,25.00617791121153,3315.4793129002574
1214,66.98226896979223,25.010690639890104,1671.692834674005
1215,66.9821951961438,25.015203365626718,775.9345583541417
1216,66.98212140464817,25.019716088420964,843.9708162565714
1217,66.98204759530246,25.024228808272426,4127.62700667857
1218,66.9819737681038,25.028741525180678,195.00529635800197
1219,66.98189992304935,25.03325423914531,904.5908437544803
1220,66.98182606013626,25.037766950165903,0.0
1221,66.98175217936168,25.042279658242055,0.0
1222,66.9816782807227,25.04679236337334,0.0
1223,66.98160436421648,25.05130506555933,0.0
1224,66.9914592678859,24.749013866703002,0.0
1225,66.9913867027671,24.7535267760747,0.0
1226,66.9913141200085,24.758039682529194,0.0
1227,66.99124151960729,24.762552586066082,0.0
1228,66.99116890156068,24.76706548668493,0.0
1229,66.9910962658659,24.77157838438533,0.0
1230,66.9910236125201,24.77609127916686,0.0
1231,66.99095094152051,24.7806041710291,0.0
1232,66.99087825286433,24.785117059971626,0.0
1233,66.99080554654873,24.78962994599403,0.0
1234,66.99073282257095,24.794142829095886,0.0
1235,66.99066008092814,24.79865570927678,0.0
1236,66.99058732161755,24.80316858653629,0.0
1237,66.99051454463633,24.807681460874,0.0
1238,66.99044174998168,24.81219433228949,789.7231396713555
1239,66.9903689376508,24.816707200782343,2219.293092171988
1240,66.9902961076409,24.82122006635215,4282.309946344103
1241,66.99022325994915,24.825732928998466,8630.082824769594
1242,66.99015039457272,24.830245788720905,288.0200849341502
1243,66.99007751150883,24.83475864551903,0.0
1244,66.99000461075465,24.839271499392435,679.9699579776609
1245,66.9899316923074,24.84378435034069,1505.2420764609979
1246,66.98985875616421,24.848297198363383,5310.0763947597125
1247,66.98978580232233,24.852810043460096,7049.585326176482
1248,66.98971283077888,24.857322885630413,19599.081579720158
1249,66.9896398415311,24.86183572487391,16079.099790463093
1250,66.98956683457615,24.866348561190176,32033.678776319714
1251,66.9894938099112,24.870861394578792,28032.63062850763
1252,66.98942076753342,24.87537422503934,19163.157714005538
1253,66.98934770744002,24.87988705257141,13099.284425101914
1254,66.98927462962818,24.88439987717457,18764.218105172284
1255,66.98920153409506,24.88891269884841,9152.774661768543
1256,66.98912842083784,24.89342551759252,3822.686532038222
1257,66.9890552898537,24.89793833340647,2650.7078866489014
1258,66.98898214113981,24.90245114628985,2733.660068148764
1259,66.98890897469335,24.906963956242233,5571.536697439548
1260,66.98883579051149,24.911476763263227,2877.550674004742
1261,66.98876258859138,24.915989567352383,11376.803781174474
1262,66.98868936893025,24.920502368509318,23128.377154769187
1263,66.9886161315252,24.925015166733584,17590.54365290051
1264,66.98854287637347,24.929527962024775,22846.00661408187
1265,66.98846960347218,24.934040754382483,19592.369381098673
1266,66.9883963128185,24.938553543806286,23721.42714887715
1267,66.98832300440964,24.94306633029577,18064.69385138241
1268,66.9882496782427,24.94757911385051,20305.246845146896
1269,66.98817633431489,24.952091894470097,20003.101622857477
1270,66.98810297262335,24.956604672154103,21058.31931384414
1271,66.98802959316525,24.961117446902122,20945.971787016897
1272,66.98795619593777,24.965630218713745,19345.74932081257
1273,66.98788278093805,24.97014298758854,19594.079972822452
1274,66.9878093481633,24.974655753526108,21380.21892859116
1275,66.98773589761059,24.979168516526013,20384.958348724103
1276,66.98766242927715,24.983681276587856,19430.15149567459
1277,66.98758894316009,24.988194033711206,20102.172161788974
1278,66.98751543925661,24.99270678789566,17854.273660423216
1279,66.98744191756384,24.997219539140797,12566.022215589872
1280,66.98736837807895,25.001732287446202,11520.261246315875
1281,66.98729482079908,25.006245032811453,7841.999469824028
1282,66.98722124572139,25.010757775236137,1412.4177327711268
1283,66.98714765284302,25.015270514719845,428.1160117091532
1284,66.98707404216114,25.019783251262165,0.0
1285,66.98700041367287,25.024295984862654,1665.380909611151
1286,66.98692676737541,25.028808715520935,597.2239592082
1287,66.98685310326586,25.033321443236563,1002.6353731619563
1288,66.98677942134137,25.037834168009134,0.0
1289,66.98670572159911,25.042346889838235,0.0
1290,66.98663200403624,25.046859608723445,0.0
1291,66.98655826864986,25.051372324664342,0.0
1292,66.99640115132034,24.749080043586005,0.0
1293,66.99632876445172,24.753592966615077,0.0
1294,66.99625635998657,24.758105886727893,0.0
1295,66.99618393792215,24.762618803924067,0.0
1296,66.99611149825564,24.767131718203153,0.0
1297,66.99603904098423,24.771644629564754,0.0
1298,66.99596656610518,24.77615753800844,0.0
1299,66.99589407361566,24.78067044353379,0.0
1300,66.99582156351288,24.7851833461404,0.0
1301,66.99574903579405,24.789696245827837,0.0
1302,66.99567649045638,24.794209142595683,0.0
1303,66.99560392749703,24.798722036443536,0.0
1304,66.99553134691327,24.803234927370962,0.0
1305,66.99545874870226,24.80774781537755,0.0
1306,66.9953861328612,24.812260700462875,3019.586499256723
1307,66.99531349938731,24.81677358262653,12813.380607896606
1308,66.99524084827779,24.821286461868095,8033.490192367827
1309,66.9951681795298,24.825799338187142,10584.872882448506
1310,66.99509549314055,24.83031221158327,0.0
1311,66.99502278910727,24.834825082056042,0.0
1312,66.99495006742713,24.83933794960505,0.0
1313,66.99487732809732,24.84385081422989,4630.635528138808
1314,66.99480457111503,24.84836367593011,8599.620105749827
1315,66.99473179647747,24.85287653470533,15747.262736138828
1316,66.99465900418183,24.85738939055511,20100.68799864294
1317,66.99458619422528,24.861902243479037,24430.245048622677
1318,66.994513366605,24.866415093476697,32961.25937253999
1319,66.99444052131823,24.870927940547677,20036.9371111571
1320,66.99436765836212,24.87544078469155,22084.296598468598
1321,66.99429477773387,24.879953625907895,8862.669486022958
1322,66.99422187943067,24.88446646419632,10142.845799078455
1323,66.99414896344965,24.88897929955638,7297.208910740257
1324,66.99407602978808,24.893492131987674,6132.035099144727
1325,66.99400307844306,24.89800496148977,2613.58653082763
1326,66.99393010941186,24.90251778806227,3396.782527252761
1327,66.99385712269158,24.907030611704744,5130.489915058009
1328,66.99378411827945,24.91154343241678,3293.0780172889185
1329,66.99371109617262,24.91605625019797,4010.2137499482706
1330,66.99363805636828,24.920569065047886,15735.025032771215
1331,66.99356499886363,24.92508187696611,21666.230959951656
1332,66.99349192365582,24.92959468595223,18920.172803328136
1333,66.99341883074202,24.934107492005825,18808.262785147817
1334,66.99334572011941,24.938620295126494,18558.71211599559
1335,66.99327259178519,24.9431330953138,17691.36027012826
1336,66.99319944573648,24.94764589256734,19625.49834953016
1337,66.99312628197052,24.9521586868867,18811.92631497176
1338,66.99305310048442,24.95667147827145,20961.799836237442
1339,66.99297990127538,24.961184266721183,20494.69920371231
1340,66.99290668434055,24.965697052235473,17363.080392185486
1341,66.99283344967712,24.97020983481393,15294.393257044028
1342,66.99276019728227,24.97472261445611,19929.177358818833
1343,66.99268692715312,24.979235391161605,19327.499130272074
1344,66.99261363928686,24.983748164930017,13003.196289101994
1345,66.9925403336807,24.988260935760906,15209.659101752612
1346,66.9924670103317,24.99277370365386,17782.027104398825
1347,66.99239366923709,24.997286468608483,15859.877137123798
1348,66.99232031039405,25.001799230624336,14971.595613515012
1349,66.99224693379969,25.006311989701015,11329.769222780269
1350,66.99217353945122,25.0108247458381,4978.708348486601
1351,66.99210012734575,25.01533749903518,0.0
1352,66.99202669748047,25.01985024929184,0.0
1353,66.99195324985253,25.024362996607657,0.0
1354,66.99187978445904,25.028875740982222,770.3318065345643
1355,66.99180630129725,25.03338848241512,1792.3885730098614
1356,66.99173280036426,25.037901220905944,80.47473114720346
1357,66.99165928165719,25.04241395645426,0.0
1358,66.99158574517325,25.046926689059664,0.0
1359,66.99151219090957,25.05143941872174,0.0
1360,67.0013430523485,24.74914605767435,0.0
1361,67.00127084373284,24.753658994327193,0.0
1362,67.00119861756396,24.758171928064755,0.0
1363,67.00112637383909,24.76268485888661,0.0
1364,67.00105411255544,24.76719778679235,0.0
1365,67.00098183371027,24.77171071178155,0.0
1366,67.00090953730073,24.776223633853803,0.0
1367,67.00083722332407,24.78073655300868,0.0
1368,67.00076489177746,24.785249469245752,0.0
1369,67.0006925426582,24.789762382564632,0.0
1370,67.00062017596342,24.79427529296487,0.0
1371,67.00054779169037,24.798788200446072,0.0
1372,67.00047538983623,24.803301105007808,0.0
1373,67.00040297039823,24.80781400664966,0.0
1374,67.00033053337357,24.812326905371215,3166.5165171633294
1375,67.00025807875946,24.81683980117205,12622.856903383381
1376,67.0001856065531,24.821352694051757,6765.444864408701
1377,67.00011311675168,24.825865584009907,8875.638908348941
1378,67.00004060935245,24.830378471046096,0.0
1379,66.99996808435257,24.834891355159893,0.0
1380,66.99989554174925,24.839404236350887,547.7985841844664
1381,66.99982298153971,24.843917114618666,8504.99812772294
1382,66.99975040372112,24.8484299899628,4449.840809351568
1383,66.9996778082907,24.852942862382875,19862.176925827564
1384,66.99960519524565,24.857455731878492,16535.039191070333
1385,66.99953256458315,24.861968598449213,19059.748634659827
1386,66.99945991630041,24.86648146209462,27350.830115596393
1387,66.99938725039462,24.87099432281431,21387.872940622823
1388,66.99931456686298,24.87550718060786,31634.38055900414
1389,66.99924186570269,24.88002003547485,16131.061078705317
1390,66.99916914691093,24.88453288741487,7183.134156260296
1391,66.99909641048485,24.8890457364275,4411.725344015557
1392,66.99902365642171,24.89355858251232,5146.630647070191
1393,66.9989508847187,24.89807142566892,1850.7629864481721
1394,66.99887809537296,24.902584265896877,1364.3419151717287
1395,66.99880528838169,24.90709710319577,2829.136382126582
1396,66.99873246374212,24.911609937565196,2630.1014715721685
1397,66.99865962145137,24.916122769004733,5849.887536383031
1398,66.99858676150667,24.920635597513968,15449.067617244895
1399,66.99851388390519,24.925148423092477,17552.22537191073
1400,66.99844098864413,24.92966124573984,18608.94817502991
1401,66.99836807572066,24.934174065455665,13628.464222733874
1402,66.99829514513193,24.938686882239505,15979.469405115251
1403,66.99822219687518,24.943199696090968,15320.804792396315
1404,66.99814923094756,24.94771250700962,20690.256173644782
1405,66.99807624734626,24.95222531499505,20972.615474971022
1406,66.99800324606842,24.95673812004686,20249.60130556703
1407,66.99793022711127,24.961250922164606,24026.42416767723
1408,66.99785719047195,24.96576372134789,12437.329193844264
1409,66.99778413614762,24.9702765175963,9504.062503857282
1410,66.99771106413553,24.974789310909408,13702.843923337827
1411,66.99763797443275,24.979302101286795,16673.64144950154
1412,66.99756486703654,24.983814888728055,13660.31173980673
1413,66.99749174194403,24.988327673232778,14063.664507645733
1414,66.9974185991524,24.992840454800536,13482.559058567
1415,66.99734543865881,24.99735323343092,13573.433687772924
1416,66.99727226046045,25.00186600912352,10694.104719578809
1417,66.99719906455444,25.006378781877906,9875.835651683403
1418,66.99712585093803,25.010891551693675,1026.2537308042788
1419,66.99705261960831,25.015404318570404,722.377186301047
1420,66.99697937056246,25.01991708250769,120.72301917072936
1421,66.99690610379764,25.024429843505096,0.0
1422,66.99683281931108,25.02894260156224,0.0
1423,66.99675951709985,25.03345535667867,1180.6657986473674
1424,66.99668619716114,25.037968108854002,1950.0489080926654
1425,66.99661285949216,25.0424808580878,1630.060940380194
1426,66.99653950409001,25.046993604379658,376.6389037092571
1427,66.99646613095187,25.051506347729166,0.0
1428,67.0062849709271,24.749211908965712,0.0
1429,67.00621294056715,24.75372485920876,0.0
1430,67.00614089269733,24.758237806537473,0.0
1431,67.0060688273148,24.762750750951437,0.0
1432,67.00599674441683,24.767263692450236,0.0
1433,67.0059246440006,24.771776631033447,0.0
1434,67.00585252606339,24.77628956670067,0.0
1435,67.0057803906024,24.780802499451458,0.0
1436,67.0057082376148,24.785315429285415,0.0
1437,67.00563606709785,24.789828356202122,0.0
1438,67.00556387904875,24.794341280201145,0.0
1439,67.00549167346476,24.798854201282094,0.0
1440,67.00541945034306,24.803367119444527,0.0
1441,67.00534720968085,24.807880034688033,0.0
1442,67.00527495147537,24.812392947012203,5822.5762360945
1443,67.00520267572385,24.816905856416607,10496.360929654034
1444,67.00513038242346,24.82141876290084,15914.0781023119
1445,67.00505807157143,24.82593166646447,11003.406968661548
1446,67.00498574316498,24.830444567107097,0.0
1447,67.00491339720132,24.834957464828292,0.0
1448,67.00484103367762,24.83947035962764,3956.4864551619994
1449,67.00476865259114,24.84398325150473,8004.252894626331
1450,67.00469625393906,24.848496140459137,5735.194807563502
1451,67.00462383771857,24.853009026490458,8874.223293063491
1452,67.00455140392691,24.85752190959825,12909.850601588565
1453,67.00447895256127,24.862034789782122,10530.7626564469
1454,67.00440648361885,24.866547667041644,14798.32392487595
1455,67.00433399709686,24.871060541376405,25047.914739341908
1456,67.00426149299248,24.875573412785982,16698.86641467311
1457,67.00418897130294,24.88008628126996,17040.80106866003
1458,67.00411643202543,24.884599146827934,2425.879504028752
1459,67.00404387515714,24.889112009459478,1876.8240732265788
1460,67.00397130069526,24.893624869164174,2297.065247751646
1461,67.00389870863702,24.898137725941606,115.36608396495885
1462,67.00382609897957,24.90265057979136,2000.8343979980825
1463,67.00375347172013,24.907163430713016,1500.5637197483782
1464,67.00368082685591,24.911676278706164,4073.0074413949956
1465,67.00360816438406,24.91618912377038,4366.709483162845
1466,67.00353548430182,24.920701965905266,9351.284791842536
1467,67.00346278660633,24.92521480511038,15597.565361657042
1468,67.00339007129485,24.929727641385323,19531.337510739726
1469,67.00331733836451,24.934240474729677,16308.584031052007
1470,67.00324458781253,24.938753305143027,15319.709667263742
1471,67.00317181963605,24.94326613262494,15800.701688076942
1472,67.00309903383233,24.94777895717503,18782.264872544696
1473,67.00302623039849,24.952291778792866,19711.556795383676
1474,67.00295340933175,24.956804597478026,17214.673390817043
1475,67.00288057062932,24.961317413230095,16671.17863540392
1476,67.00280771428831,24.965830226048677,3764.084607177719
1477,67.00273484030593,24.970343035933336,5904.654612200668
1478,67.00266194867939,24.974855842883667,6956.055453628379
1479,67.00258903940585,24.979368646899246,15176.565175301312
1480,67.00251611248251,24.983881447979666,14817.898384414153
1481,67.00244316790649,24.988394246124507,10408.34367870837
1482,67.00237020567506,24.992907041333364,6555.460955783985
1483,67.00229722578531,24.9974198336058,2027.0969840590594
1484,67.00222422823445,25.001932622941425,3472.7724752749787
1485,67.00215121301966,25.006445409339804,6561.769396491338
1486,67.00207818013811,25.010958192800537,0.0
1487,67.00200512958698,25.015470973323204,281.408114548483
1488,67.00193206136339,25.019983750907382,1841.0342410673934
1489,67.00185897546459,25.024496525552667,0.0
1490,67.00178587188769,25.02900929725864,1082.74641086842
1491,67.0017127506299,25.03352206602489,4907.3087478205425
1492,67.00163961168839,25.038034831850993,2372.5273915449884
1493,67.00156645506027,25.042547594736547,1499.8925154541446
1494,67.00149328074276,25.04706035468113,173.6113033829648
1495,67.00142008873301,25.05157311168432,0.0
1496,67.01122690701278,24.74927759745785,0.0
1497,67.01115505491138,24.75379056125751,0.0
1498,67.01108318534335,24.758303522143784,0.0
1499,67.01101129830596,24.762816480116268,0.0
1500,67.01093939379642,24.76732943517453,0.0
1501,67.01086747181199,24.771842387318166,0.0
1502,67.01079553234985,24.776355336546757,0.0
1503,67.01072357540727,24.780868282859867,0.0
1504,67.01065160098146,24.785381226257098,0.0
1505,67.01057960906962,24.789894166738037,0.0
1506,67.01050759966901,24.794407104302245,0.0
1507,67.01043557277687,24.798920038949323,0.0
1508,67.01036352839036,24.80343297067885,0.0
1509,67.01029146650676,24.8079458994904,0.0
1510,67.01021938712326,24.812458825383565,5962.78628274173
1511,67.01014729023709,24.81697174835791,5277.741366416983
1512,67.01007517584547,24.821484668413056,17529.217010865086
1513,67.01000304394559,24.825997585548546,3177.1114529342817
1514,67.00993089453472,24.830510499763996,3838.4306199677794
1515,67.00985872761004,24.835023411058955,8891.52331402849
1516,67.00978654316879,24.83953631943303,6096.195607247696
1517,67.00971434120815,24.844049224885808,4517.51849953525
1518,67.00964212172536,24.848562127416855,3771.653349878893
1519,67.00956988471764,24.853075027025756,8989.368534091365
1520,67.00949763018217,24.857587923712117,9051.918263026777
1521,67.00942535811616,24.86210081747549,8907.493119183255
1522,67.00935306851689,24.86661370831548,13586.34965948838
1523,67.00928076138148,24.87112659623166,9540.976965440244
1524,67.00920843670718,24.875639481223633,13090.32312326367
1525,67.0091360944912,24.88015236329095,5945.656002675891
1526,67.00906373473074,24.88466524243322,2070.8944909642837
1527,67.00899135742299,24.889178118650012,3613.7826064979804
1528,67.00891896256519,24.89369099194092,39.89783421824845
1529,67.00884655015452,24.898203862305532,3416.199134623837
1530,67.00877412018816,24.90271672974342,3341.680351355777
1531,67.00870167266338,24.907229594254176,3160.2806326604955
1532,67.0086292075773,24.911742455837377,2501.624060545853
1533,67.00855672492716,24.91625531449261,3679.0683241396373
1534,67.0084842247102,24.920768170219468,3881.772236035673
1535,67.00841170692354,24.925281023017522,5803.260108145088
1536,67.00833917156443,24.929793872886364,10988.906672741123
1537,67.00826661863003,24.93430671982557,13624.059563273107
1538,67.00819404811756,24.938819563834745,13996.081287712215
1539,67.00812146002423,24.94333240491345,19430.312118639828
1540,67.0080488543472,24.94784524306128,22764.03190030423
1541,67.00797623108365,24.952358078277822,22217.517867782924
1542,67.00790359023082,24.956870910562653,17457.74267477401
1543,67.00783093178589,24.961383739915362,23042.214142697947
1544,67.00775825574603,24.96589656633553,9398.447760963129
1545,67.00768556210843,24.97040938982275,3277.248487838699
1546,67.00761285087029,24.97492221037661,2217.8387466252775
1547,67.0075401220288,24.979435027996672,9261.882893574748
1548,67.00746737558113,24.983947842682543,16193.629969608657
1549,67.00739461152445,24.988460654433805,9143.648633012624
1550,67.00732182985598,24.992973463250035,4325.469277774704
1551,67.00724903057291,24.997486269130825,5003.627256423962
1552,67.00717621367241,25.001999072075765,7247.670562687791
1553,67.00710337915163,25.006511872084424,2761.7137043406215
1554,67.00703052700779,25.0110246691564,0.0
1555,67.00695765723805,25.015537463291267,301.1805261433558
1556,67.0068847698396,25.020050254488634,1173.2123011728454
1557,67.0068118648096,25.024563042748056,0.0
1558,67.00673894214528,25.02907582806914,1119.8360109032246
1559,67.00666600184371,25.03358861045146,5600.309854023751
1560,67.0065930439022,25.038101389894617,7168.073635883535
1561,67.00652006831781,25.042614166398177,9956.328601113717
1562,67.00644707508776,25.047126939961746,770.2100538754293
1563,67.00637406420925,25.051639710584883,0.0
1564,67.01616886056235,24.749343123148474,0.0
1565,67.01609718672219,24.753856100471157,0.0
1566,67.01602549545878,24.75836907488142,0.0
1567,67.01595378676929,24.762882046378824,0.0
1568,67.01588206065097,24.767395014962965,0.0
1569,67.01581031710104,24.771907980633436,0.0
1570,67.01573855611679,24.776420943389795,0.0
1571,67.0156667776954,24.780933903231627,0.0
1572,67.0155949818341,24.785446860158537,0.0
1573,67.01552316853018,24.789959814170093,0.0
1574,67.01545133778085,24.79447276526588,0.0
1575,67.01537948958328,24.798985713445482,0.0
1576,67.0153076239348,24.803498658708488,0.0
1577,67.01523574083257,24.80801160105447,349.8705259976916
1578,67.01516384027381,24.812524540483015,9038.034088363562
1579,67.01509192225579,24.817037476993704,4210.126818612681
1580,67.0150199867757,24.821550410586124,7425.168761002155
1581,67.01494803383079,24.82606334125986,2375.7053412731584
1582,67.01487606341826,24.83057626901449,11055.093025729984
1583,67.01480407553537,24.83508919384961,4078.443224850646
1584,67.01473207017933,24.839602115764777,3179.595148793495
1585,67.01466004734735,24.8441150347596,5886.453331355008
1586,67.01458800703662,24.848627950833652,6404.71273858044
1587,67.01451594924444,24.85314086398652,10110.351911689062
1588,67.01444387396793,24.857653774217788,10003.727122637323
1589,67.01437178120439,24.862166681527036,18533.268232053724
1590,67.014299670951,24.866679585913847,18187.460233572507
1591,67.01422754320497,24.871192487377805,10007.685003540271
1592,67.01415539796353,24.875705385918504,14658.813573529245
1593,67.01408323522392,24.880218281535512,4849.313170627486
1594,67.0140110549833,24.884731174228428,2990.7102085876213
1595,67.01393885723894,24.889244063996827,0.0
1596,67.01386664198797,24.893756950840295,7896.02880526663
1597,67.01379440922769,24.89826983475842,6668.3006421666
1598,67.01372215895525,24.90278271575078,6817.282007663428
1599,67.01364989116786,24.90729559381697,3538.0882217693343
1600,67.01357760586278,24.911808468956565,4743.036566902647
1601,67.01350530303715,24.916321341169137,5840.733839927124
1602,67.01343298268822,24.92083421045429,4227.67936675113
1603,67.0133606448132,24.925347076811615,4466.586421055511
1604,67.01328828940927,24.929859940240675,10638.051500694028
1605,67.01321591647363,24.934372800741066,15897.640660844198
1606,67.01314352600349,24.938885658312373,21302.77082198552
1607,67.01307111799608,24.943398512954182,20165.11111533803
1608,67.01299869244855,24.94791136466607,19271.922798770738
1609,67.01292624935812,24.952424213447625,15048.081430157656
1610,67.01285378872201,24.956937059298436,6166.431443718044
1611,67.0127813105374,24.96144990221809,9285.874207491259
1612,67.01270881480147,24.965962742206155,7021.30010852449
1613,67.01263630151146,24.97047557926224,8943.024290825875
1614,67.01256377066453,24.974988413385912,4372.140445489078
1615,67.01249122225788,24.979501244576767,13292.343955216864
1616,67.0124186562887,24.98401407283439,13159.009862402372
1617,67.01234607275421,24.98852689815836,10549.853813341368
1618,67.01227347165155,24.993039720548264,9445.20705064795
1619,67.01220085297795,24.99755254000368,1407.8369863718863
1620,67.0121282167306,25.002065356524213,1013.8596624751256
1621,67.01205556290665,25.00657817010944,76.3455910230271
1622,67.01198289150335,25.011090980758937,0.0
1623,67.01191020251784,25.0156037884723,308.34940502635027
1624,67.01183749594733,25.02011659324911,0.0
1625,67.01176477178898,25.02462939508895,0.0
1626,67.01169203003998,25.029142193991415,1020.2869695955258
1627,67.01161927069754,25.033654989956087,2952.9110309472494
1628,67.01154649375883,25.038167782982555,7371.536498226148
1629,67.01147369922097,25.042680573070392,8387.682687915547
1630,67.01140088708124,25.047193360219197,6170.189624195136
1631,67.01132805733678,25.05170614442855,0.0
1632,67.02111083153241,24.749408486035325,0.0
1633,67.02103933595635,24.753921476847452,0.0
1634,67.02096782300023,24.758434464748106,0.0
1635,67.02089629266142,24.76294744973685,0.0
1636,67.02082474493706,24.767460431813277,0.0
1637,67.02075317982445,24.77197341097696,0.0
1638,67.02068159732082,24.7764863872275,0.0
1639,67.0206099974234,24.780999360564472,0.0
1640,67.02053838012944,24.785512330987455,0.0
1641,67.0204667454362,24.790025298496037,0.0
1642,67.02039509334085,24.79453826308979,0.0
1643,67.0203234238407,24.79905122476831,0.0
1644,67.02025173693295,24.803564183531183,0.0
1645,67.02018003261487,24.808077139377982,2183.1874150044896
1646,67.02010831088363,24.812590092308284,7717.43411587591
1647,67.02003657173653,24.81710304232169,3715.6693246238387
1648,67.01996481517077,24.821615989417783,113.41400297830067
1649,67.01989304118358,24.82612893359613,1926.2727140185364
1650,67.01982124977218,24.83064187485633,7060.434049505267
1651,67.01974944093386,24.835154813197956,6419.368493458808
1652,67.0196776146658,24.8396677486206,15029.015908892345
1653,67.01960577096523,24.844180681123838,8003.006750415567
1654,67.01953390982939,24.84869361070726,5465.044543893571
1655,67.01946203125549,24.85320653737045,4260.590432189373
1656,67.01939013524077,24.857719461112996,9726.896343360739
1657,67.01931822178244,24.86223238193446,11147.007820939221
1658,67.01924629087775,24.866745299834452,13118.738005887377
1659,67.0191743425239,24.87125821481255,15082.700940799716
1660,67.01910237671814,24.875771126868333,8209.080412207006
1661,67.01903039345763,24.880284036001385,7512.207810945098
1662,67.01895839273966,24.884796942211292,5801.495328463047
1663,67.0188863745614,24.889309845497635,3873.9906092136666
1664,67.01881433892011,24.893822745860007,9773.184893668971
1665,67.01874228581299,24.898335643297976,15776.027155742026
1666,67.01867021523724,24.902848537811156,10233.412352172352
1667,67.01859812719009,24.907361429399103,3119.320373869059
1668,67.01852602166876,24.91187431806141,6540.600827971466
1669,67.01845389867044,24.91638720379767,4560.711018271039
1670,67.01838175819239,24.92090008660746,7982.664556417303
1671,67.01830960023176,24.92541296649036,6217.545874600832
1672,67.0182374247858,24.929925843445968,5230.3977560229005
1673,67.01816523185171,24.934438717473864,7551.038939846113
1674,67.01809302142672,24.938951588573623,15911.964506258031
1675,67.01802079350801,24.94346445674485,15450.747127204255
1676,67.0179485480928,24.947977321987107,14746.295949689174
1677,67.01787628517829,24.952490184299993,13898.532264799207
1678,67.0178040047617,24.95700304368309,3929.1298527394056
1679,67.01773170684021,24.96151590013599,1339.6390051917638
1680,67.01765939141104,24.96602875365826,1190.5052110109991
1681,67.0175870584714,24.970541604249505,8366.313944508707
1682,67.01751470801847,24.97505445190931,14553.85792242479
1683,67.01744234004948,24.979567296637246,12669.559691496052
1684,67.01736995456164,24.984080138432905,5775.688536667746
1685,67.01729755155208,24.98859297729587,1007.2763408722617
1686,67.01722513101805,24.993105813225736,436.8372414752206
1687,67.01715269295676,24.997618646222083,1178.9881384407108
1688,67.01708023736536,25.00213147628449,1276.2731359000813
1689,67.0170077642411,25.006644303412564,4189.3677925948805
1690,67.01693527358113,25.011157127605863,1339.815022089707
1691,67.01686276538265,25.015669948863994,1305.784705732381
1692,67.01679023964287,25.020182767186526,0.0
1693,67.016717696359,25.024695582573063,0.0
1694,67.01664513552818,25.02920839502318,2556.3651558289635
1695,67.01657255714764,25.03372120453647,3224.1628842542905
1696,67.01649996121452,25.038234011112507,11444.10485674606
1697,67.01642734772608,25.042746814750885,6354.378666996844
1698,67.01635471667947,25.047259615451203,4366.358222737466
1699,67.01628206807187,25.051772413213016,533.7657347103675
1700,67.02605281987974,24.749473686116144,0.0
1701,67.02598150257045,24.753986690384135,0.0
1702,67.02591016792447,24.758499691741587,0.0
1703,67.02583881593905,24.76301269018808,0.0
1704,67.02576744661145,24.7675256857232,0.0
1705,67.02569605993891,24.772038678346522,0.0
1706,67.02562465591863,24.776551668057643,0.0
1707,67.02555323454794,24.781064654856134,0.0
1708,67.02548179582406,24.785577638741582,0.0
1709,67.02541033974423,24.790090619713585,0.0
1710,67.02533886630569,24.7946035977717,0.0
1711,67.02526737550568,24.799116572915533,0.0
1712,67.02519586734147,24.80362954514466,939.9222320472202
1713,67.02512434181027,24.80814251445866,1245.7163988835068
1714,67.02505279890936,24.81265548085712,3950.9586179794005
1715,67.02498123863593,24.817168444339618,7701.690081928117
1716,67.02490966098725,24.821681404905757,5461.982137344043
1717,67.02483806596058,24.826194362555096,6044.777555093271
1718,67.02476645355308,24.830707317287235,9980.667377848336
1719,67.02469482376209,24.83522026910175,13792.848315052654
1720,67.02462317658477,24.839733217998226,8585.271284751578
1721,67.0245515120184,24.84424616397625,8473.936279403451
1722,67.02447983006019,24.84875910703541,1733.555747880753
1723,67.02440813070737,24.853272047175288,4444.485765894666
1724,67.02433641395719,24.85778498439546,5552.011781544082
1725,67.02426467980688,24.86229791869552,8317.332206361632
1726,67.02419292825365,24.86681085007504,5410.824816493707
1727,67.02412115929476,24.87132377853362,8135.626967565875
1728,67.02404937292741,24.87583670407084,3162.1614055406144
1729,67.02397756914884,24.880349626686286,9455.272470929327
1730,67.02390574795628,24.884862546379523,5910.468166255263
1731,67.02383390934696,24.889375463150163,7098.605455928731
1732,67.0237620533181,24.89388837699777,6839.159389444753
1733,67.02369017986689,24.898401287921946,15093.25694178017
1734,67.02361828899063,24.902914195922257,11553.139971645238
1735,67.02354638068648,24.9074271009983,10383.005451947727
1736,67.02347445495172,24.91194000314967,16951.64830607864
1737,67.0234025117835,24.916452902375926,13717.153796941517
1738,67.02333055117907,24.920965798676683,14417.96160763914
1739,67.02325857313568,24.92547869205149,10837.636766506723
1740,67.02318657765046,24.929991582499962,3950.615650258053
1741,67.02311456472073,24.934504470021675,7588.681238335678
1742,67.02304253434365,24.939017354616215,14927.424212628897
1743,67.02297048651644,24.94353023628316,13849.880841100628
1744,67.02289842123632,24.948043115022113,13344.304779531636
1745,67.02282633850055,24.95255599083264,19468.80546276109
1746,67.02275423830626,24.95706886371433,7211.509048078768
1747,67.0226821206507,24.961581733666776,1707.438520435774
1748,67.02260998553109,24.96609460068957,1234.2997634835804
1749,67.02253783294461,24.97060746478227,1763.1417055591323
1750,67.02246566288852,24.97512032594449,15667.852371963932
1751,67.02239347535999,24.979633184175803,15807.154150638236
1752,67.02232127035622,24.984146039475803,6037.6810101883475
1753,67.02224904787444,24.98865889184406,0.0
1754,67.02217680791185,24.99317174128018,0.0
1755,67.02210455046563,24.997684587783727,1007.7550728950248
1756,67.02203227553301,25.00219743135431,2626.5724042081115
1757,67.0219599831112,25.0067102719915,12702.780043101815
1758,67.0218876731974,25.01122310969489,9182.616835150959
1759,67.02181534578878,25.015735944464055,12079.150445092455
1760,67.02174300088255,25.02024877629859,1308.1540301299947
1761,67.02167063847594,25.02476160519809,1032.8957966284365
1762,67.0215982585661,25.029274431162136,1110.0132801204822
1763,67.02152586115027,25.033787254190305,0.0
1764,67.02145344622562,25.038300074282184,0.0
1765,67.02138101378937,25.04281289143737,984.3442029879299
1766,67.02130856383867,25.047325705655442,4789.139872030363
1767,67.02123609637076,25.051838516935987,137.59298424843527
1768,67.03099482556102,24.749538723388685,0.0
1769,67.03092368652128,24.75405174107895,0.0
1770,67.03085253018814,24.758564755859613,0.0
1771,67.03078135655889,24.76307776773026,0.0
1772,67.03071016563075,24.767590776690472,0.0
1773,67.03063895740102,24.772103782739837,0.0
1774,67.03056773186691,24.77661678587794,0.0
1775,67.03049648902571,24.781129786104366,0.0
1776,67.03042522887466,24.78564278341868,0.0
1777,67.030353951411,24.79015577782049,0.0
1778,67.030282656632,24.794668769309368,0.0
1779,67.0302113445349,24.7991817578849,0.0
1780,67.03014001511697,24.80369474354666,6972.509523873631
1781,67.03006866837542,24.808207726294253,7908.2783329608355
1782,67.02999730430756,24.812720706127234,8329.995273470115
1783,67.02992592291058,24.817233683045224,8459.204107850814
1784,67.02985452418174,24.821746657047772,7827.989602349508
1785,67.02978310811831,24.826259628134487,7495.15146199959
1786,67.02971167471752,24.83077259630494,7988.607702951404
1787,67.02964022397663,24.835285561558717,10169.990120755472
1788,67.02956875589283,24.8397985238954,7340.993773247391
1789,67.0294972704634,24.844311483314574,4647.318372114185
1790,67.02942576768561,24.848824439815836,4652.349990823848
1791,67.02935424755663,24.853337393398753,2951.7722653371907
1792,67.02928271007376,24.857850344062925,9720.084901669123
1793,67.0292111552342,24.862363291807924,7578.821434904786
1794,67.02913958303523,24.866876236633342,7601.969000879972
1795,67.02906799347404,24.871389178538756,6479.725803616146
1796,67.0289963865479,24.875902117523758,10410.414342603364
1797,67.02892476225404,24.880415053587935,10679.13441384643
1798,67.02885312058966,24.884927986730858,8911.113927827771
1799,67.02878146155206,24.889440916952132,6555.354189831538
1800,67.02870978513837,24.89395384425132,18670.255338983756
1801,67.02863809134593,24.898466768628023,16730.745960215503
1802,67.02856638017191,24.902979690081825,13912.301284666135
1803,67.02849465161356,24.907492608612305,16061.029594467096
1804,67.0284229056681,24.912005524219047,12494.460050393684
1805,67.02835114233275,24.91651843690164,13126.91685566346
1806,67.02827936160475,24.921031346659678,10678.423815396882
1807,67.02820756348133,24.925544253492724,8504.098184792449
1808,67.02813574795968,24.93005715740039,7704.744343724132
1809,67.02806391503708,24.93457005838224,11198.70443938437
1810,67.0279920647107,24.939082956437872,7378.5747740350025
1811,67.0279201969778,24.943595851566858,11654.724132825688
1812,67.02784831183558,24.948108743768802,15644.60864765724
1813,67.02777640928127,24.952621633043282,8465.217234639958
1814,67.0277044893121,24.957134519389875,6399.5972708697755
1815,67.02763255192527,24.961647402808183,2979.5488787676495
1816,67.027560597118,24.966160283297775,2108.164023755291
1817,67.02748862488747,24.970673160858247,1554.1975325732305
1818,67.02741663523098,24.97518603548918,13625.348592768692
1819,67.02734462814571,24.979698907190173,18579.88175158949
1820,67.02727260362883,24.9842117759608,11223.446450242402
1821,67.02720056167762,24.988724641800644,9631.604522632691
1822,67.02712850228924,24.993237504709295,1946.8976782338466
1823,67.02705642546091,24.99775036468635,2969.4413494792484
1824,67.02698433118987,25.002263221731372,6804.612359018784
1825,67.02691221947333,25.00677607584397,4451.493857657304
1826,67.02684009030845,25.01128892702372,5976.377443254043
1827,67.0267679436925,25.01580177527021,2442.9888849813187
1828,67.02669577962263,25.020314620583022,0.0
1829,67.02662359809608,25.024827462961756,0.0
1830,67.02655139911005,25.029340302405988,3487.04616970089
1831,67.02647918266172,25.0338531389153,689.820891709046
1832,67.02640694874832,25.038365972489288,0.0
1833,67.02633469736705,25.042878803127547,0.0
1834,67.02626242851511,25.047391630829633,638.1917483015543
1835,67.02619014218968,25.051904455595167,0.0
1836,67.03593684853296,24.749603597850694,0.0
1837,67.03586588776547,24.75411662892964,0.0
1838,67.03579490974793,24.758629657099927,0.0
1839,67.03572391447757,24.763142682361142,0.0
1840,67.03565290195169,24.767655704712862,0.0
1841,67.03558187216751,24.772168724154668,0.0
1842,67.03551082512229,24.776681740686158,0.0
1843,67.0354397608133,24.781194754306902,0.0
1844,67.03536867923783,24.78570776501649,0.0
1845,67.03529758039309,24.790220772814497,0.0
1846,67.03522646427638,24.794733777700518,6.556886347156463
1847,67.03515533088496,24.799246779674146,3483.446498747194
1848,67.03508418021606,24.803759778734943,9007.11086532068
1849,67.03501301226694,24.808272774882496,9190.74057634489
1850,67.03494182703486,24.812785768116402,8856.120362299602
1851,67.03487062451708,24.817298758436245,8855.816895581755
1852,67.03479940471087,24.821811745841597,6981.847863006124
1853,67.03472816761344,24.826324730332047,7836.1293394722115
1854,67.03465691322207,24.83083771190719,6098.276914925375
1855,67.03458564153401,24.835350690566592,8404.549858571201
1856,67.0345143525465,24.83986366630986,9360.192496174855
1857,67.03444304625681,24.844376639136552,7115.319835132959
1858,67.03437172266216,24.848889609046278,3675.4636174608145
1859,67.0343003817598,24.8534025760386,4811.151026748723
1860,67.03422902354698,24.857915540113122,5899.806455007062
1861,67.03415764802098,24.862428501269424,7702.373595738111
1862,67.034086255179,24.86694145950708,19512.57645979106
1863,67.03401484501832,24.871454414825685,9015.39221400619
1864,67.03394341753614,24.875967367224817,10642.035236602385
1865,67.03387197272973,24.880480316704077,8134.946057376582
1866,67.03380051059632,24.884993263263034,9850.948514520764
1867,67.03372903113315,24.88950620690128,5905.860749139769
1868,67.03365753433748,24.89401914761839,10983.503597500074
1869,67.03358602020653,24.898532085413965,8701.425166218376
1870,67.03351448873754,24.903045020287582,14605.863686154848
1871,67.03344293992774,24.907557952238825,12558.452698316343
1872,67.03337137377436,24.91207088126729,13545.062590020816
1873,67.03329979027465,24.91658380737254,10718.977432446285
1874,67.03322818942586,24.921096730554183,9183.909381274883
1875,67.03315657122519,24.925609650811797,11205.622559103487
1876,67.03308493566989,24.930122568144967,8081.020529732874
1877,67.03301328275717,24.934635482553276,9554.389818900765
1878,67.0329416124843,24.93914839403632,10974.14360087316
1879,67.03286992484846,24.94366130259366,8631.295206837129
1880,67.03279821984691,24.948174208224916,7758.964531009453
1881,67.03272649747687,24.952687110929652,14947.607169736028
1882,67.03265475773559,24.957200010707457,8896.213974348742
1883,67.03258300062024,24.96171290755792,5180.438848974822
1884,67.03251122612808,24.966225801480626,4994.244166064465
1885,67.03243943425635,24.97073869247517,11051.006275743566
1886,67.03236762500225,24.975251580541123,11284.372537181118
1887,67.03229579836298,24.97976446567807,9454.53615367465
1888,67.03222395433582,24.984277347885616,13103.197133389524
1889,67.03215209291795,24.988790227163342,15288.829008915172
1890,67.03208021410659,24.99330310351081,10275.65034730775
1891,67.03200831789896,24.997815976927647,1832.9262843711422
1892,67.03193640429225,25.002328847413402,9345.39332296492
1893,67.03186447328376,25.006841714967692,6295.280479749027
1894,67.03179252487062,25.011354579590083,8613.02676019751
1895,67.03172055905011,25.015867441280164,7821.09882000968
1896,67.03164857581939,25.020380300037534,3197.510261610608
1897,67.0315765751757,25.02489315586176,726.8829283791333
1898,67.03150455711625,25.029406008752453,1530.04208510972
1899,67.03143252163825,25.03391885870919,698.5463898671769
1900,67.0313604687389,25.03843170573155,0.0
1901,67.03128839841541,25.042944549819126,0.0
1902,67.03121631066502,25.047457390971505,0.0
1903,67.03114420548488,25.05197022918827,0.0
1904,67.04087888875222,24.749668309499928,0.0
1905,67.04080810625976,24.754181353933973,0.0
1906,67.04073730656056,24.758694395460292,0.0
1907,67.04066648965184,24.763207434078485,0.0
1908,67.04059565553088,24.767720469788113,0.0
1909,67.04052480419502,24.772233502588765,0.0
1910,67.04045393564141,24.776746532480036,0.0
1911,67.04038304986739,24.781259559461503,0.0
1912,67.04031214687025,24.785772583532744,0.0
1913,67.04024122664718,24.79028560469336,478.30485947467685
1914,67.04017028919552,24.794798622942928,4190.175526430874
1915,67.04009933451248,24.799311638281026,7748.219653312812
1916,67.04002836259535,24.80382465070723,6975.5603316455845
1917,67.0399573734414,24.808337660221156,10623.506773425535
1918,67.03988636704787,24.81285066682236,7745.865527677655
1919,67.03981534341204,24.81736367051043,10583.046450681839
1920,67.03974430253116,24.821876671284958,11798.680892182208
1921,67.03967324440252,24.826389669145534,8943.620427910866
1922,67.03960216902331,24.830902664091727,7376.656700307619
1923,67.03953107639086,24.835415656123136,3446.2145522724672
1924,67.03945996650238,24.839928645239343,6580.677865569251
1925,67.03938883935515,24.844441631439928,4990.632256172266
1926,67.03931769494642,24.848954614724477,3369.3819428478905
1927,67.03924653327344,24.853467595092567,4081.264619630599
1928,67.03917535433342,24.857980572543806,1626.6510972669782
1929,67.03910415812372,24.86249354707775,5062.028150849947
1930,67.0390329446415,24.867006518694005,6046.803474319164
1931,67.03896171388404,24.871519487392156,3232.81995578624
1932,67.0388904658486,24.876032453171778,4288.0772398757235
1933,67.0388192005324,24.880545416032454,9134.338955723078
1934,67.03874791793271,24.88505837597379,7794.229490935573
1935,67.03867661804678,24.889571332995345,11015.154487176278
1936,67.03860530087184,24.894084287096724,3053.122827750108
1937,67.03853396640514,24.898597238277503,9341.85707720304
1938,67.03846261464395,24.903110186537276,14025.784997885645
1939,67.03839124558546,24.907623131875617,12562.32986966055
1940,67.03831985922696,24.91213607429212,12371.479013707527
1941,67.03824845556566,24.91664901378637,10860.871578866629
1942,67.03817703459883,24.921161950357945,8957.012345267136
1943,67.0381055963237,24.925674884006437,9085.013379000495
1944,67.0380341407375,24.930187814731433,10449.957459290215
1945,67.03796266783745,24.934700742532527,9365.892954522456
1946,67.0378911776208,24.939213667409284,9653.220888406902
1947,67.03781967008483,24.943726589361304,10752.744530069574
1948,67.03774814522673,24.948239508388177,4876.996214092373
1949,67.03767660304375,24.95275242448948,4533.11915417992
1950,67.03760504353312,24.957265337664804,11001.84588015635
1951,67.03753346669205,24.961778247913728,14813.188330346358
1952,67.0374618725178,24.966291155235854,11973.658275210757
1953,67.03739026100759,24.97080405963075,8428.792844468797
1954,67.03731863215863,24.975316961098017,2913.8974665868104
1955,67.03724698596822,24.97982985963724,5528.552345949246
1956,67.0371753224335,24.984342755247997,7080.3354428667235
1957,67.03710364155174,24.988855647929878,12575.449644747758
1958,67.03703194332019,24.993368537682464,11674.11479866087
1959,67.03696022773602,24.99788142450536,13434.610506414794
1960,67.03688849479649,25.00239430839813,5331.149190762306
1961,67.03681674449882,25.00690718936039,13325.726394395151
1962,67.03674497684021,25.011420067391697,13517.109283277581
1963,67.03667319181791,25.015932942491652,8455.159586190843
1964,67.03660138942912,25.02044581465984,5078.650529694153
1965,67.03652956967109,25.02495868389585,2912.67176602425
1966,67.03645773254102,25.02947155019927,818.2703770724474
1967,67.03638587803611,25.03398441356968,370.2719404880165
1968,67.0363140061536,25.038497274006676,471.66147552343904
1969,67.0362421168907,25.043010131509845,0.0
1970,67.03617021024463,25.047522986078757,0.0
1971,67.0360982862126,25.052035837713024,0.0
1972,67.0458209461755,24.749732858334156,0.0
1973,67.04575034196081,24.754245916089715,0.0
1974,67.04567972058265,24.758758970938477,0.0
1975,67.04560908203831,24.76327202288004,0.0
1976,67.04553842632505,24.767785071913988,0.0
1977,67.04546775344019,24.772298118039885,0.0
1978,67.04539706338096,24.776811161257342,0.0
1979,67.04532635614464,24.781324201565933,0.0
1980,67.04525563172855,24.78583723896524,1161.355042212674
1981,67.04518489012987,24.79035027345484,4505.497060696642
1982,67.04511413134598,24.794863305034337,8368.575227292758
1983,67.04504335537409,24.799376333703293,16677.811277919125
1984,67.04497256221148,24.80388935946132,7321.792335808944
1985,67.04490175185542,24.80840238230797,6599.810138586172
1986,67.04483092430318,24.812915402242847,7113.710206753352
1987,67.04476007955203,24.817428419265543,5939.38110609793
1988,67.04468921759927,24.82194143337563,6614.516090739644
1989,67.04461833844209,24.826454444572693,14680.562034462191
1990,67.04454744207781,24.830967452856328,6922.393794936733
1991,67.04447652850371,24.8354804582261,2966.136845366154
1992,67.04440559771699,24.83999346068162,4690.154911148342
1993,67.04433464971498,24.844506460222448,2329.440781725368
1994,67.04426368449491,24.849019456848183,2522.1871405327643
1995,67.04419270205403,24.853532450558408,1921.5434837489809
1996,67.04412170238962,24.858045441352704,4791.680144690538
1997,67.04405068549895,24.86255842923067,5984.5789721805095
1998,67.04397965137923,24.867071414191876,7902.077868864541
1999,67.04390860002778,24.87158439623591,11558.837236314012
2000,67.04383753144181,24.876097375362367,7497.321635609852
2001,67.04376644561857,24.880610351570827,10225.699200027397
2002,67.04369534255538,24.88512332486087,9673.218992823888
2003,67.0436242222494,24.88963629523209,14495.29898105152
2004,67.04355308469796,24.894149262684067,5877.511911988688
2005,67.04348192989829,24.898662227216384,13899.078920488155
2006,67.04341075784762,24.90317518882864,16442.574657978173
2007,67.04333956854323,24.90768814752042,17526.76091177756
2008,67.04326836198233,24.91220110329129,11564.106597538064
2009,67.04319713816223,24.916714056140854,10297.663614162937
2010,67.04312589708012,24.921227006068698,6897.44124729945
2011,67.04305463873325,24.925739953074395,8351.99522992498
2012,67.0429833631189,24.930252897157537,6095.029560188651
2013,67.04291207023431,24.934765838317716,7715.561873115849
2014,67.04284076007673,24.93927877655452,9370.668847118865
2015,67.04276943264334,24.943791711867526,9627.878625575486
2016,67.04269808793144,24.948304644256332,9513.609179913616
2017,67.04262672593828,24.952817573720502,13369.279037310578
2018,67.04255534666105,24.957330500259644,4906.995146295658
2019,67.04248395009704,24.961843423873347,15192.199868405907
2020,67.04241253624346,24.96635634456118,14364.462493069894
2021,67.04234110509753,24.97086926232274,3902.5173291883734
2022,67.04226965665654,24.975382177157613,16642.401291515762
2023,67.04219819091769,24.97989508906539,8572.574057853302
2024,67.04212670787823,24.984407998045654,8678.806315130938
2025,67.04205520753537,24.98892090409798,8361.748111858898
2026,67.04198368988637,24.993433807221983,13585.739663400911
2027,67.04191215492847,24.997946707417217,18862.22894742799
2028,67.04184060265884,25.00245960468329,5086.038602562378
2029,67.04176903307479,25.00697249901979,11546.624250003646
2030,67.04169744617349,25.011485390426294,9377.839222991774
2031,67.0416258419522,25.01599827890239,13324.17976903273
2032,67.04155422040814,25.020511164447676,8810.855530752553
2033,67.04148258153853,25.025024047061738,5654.794704245123
2034,67.0414109253406,25.029536926744147,189.18019563073307
2035,67.04133925181159,25.0340498034945,712.4562003261562
2036,67.0412675609487,25.0385626773124,0.0
2037,67.04119585274917,25.043075548197407,0.0
2038,67.04112412721021,25.04758841614912,0.0
2039,67.04105238432905,25.052101281167143,0.0
2040,67.05076302075955,24.749797244351146,0.0
2041,67.05069259482532,24.754310315394623,0.0
2042,67.05062215177097,24.758823383532242,0.0
2043,67.05055169159371,24.76333644876359,0.0
2044,67.05048121429087,24.767849511088247,0.0
2045,67.05041071985976,24.772362570505813,0.0
2046,67.05034020829761,24.776875627015844,0.0
2047,67.05026967960171,24.78138868061795,3778.041076253982
2048,67.05019913376937,24.78590173131171,10871.63600826131
2049,67.05012857079785,24.790414779096697,7241.57611986634
2050,67.05005799068444,24.794927823972507,6774.827050991077
2051,67.04998739342642,24.799440865938728,8096.5605144078245
2052,67.04991677902105,24.803953904994938,8235.287837045216
2053,67.04984614746562,24.80846694114071,6972.690192525273
2054,67.0497754987574,24.812979974375654,7257.964736666597
2055,67.0497048328937,24.817493004699344,7435.061081776278
2056,67.04963414987172,24.822006032111357,9167.111952260992
2057,67.04956344968879,24.826519056611293,9419.208188232093
2058,67.04949273234217,24.831032078198728,14301.774250015453
2059,67.04942199782914,24.835545096873243,6919.857165169799
2060,67.04935124614695,24.840058112634427,6479.387579923125
2061,67.0492804772929,24.844571125481874,9552.361427493064
2062,67.04920969126422,24.849084135415165,3895.1473844706147
2063,67.0491388880582,24.853597142433873,3305.2392864005537
2064,67.0490680676721,24.858110146537605,6365.39652226432
2065,67.0489972301032,24.862623147725927,8837.6058191541
2066,67.04892637534874,24.867136145998437,13524.985880652976
2067,67.04885550340599,24.87164914135472,16227.296916480982
2068,67.04878461427225,24.87616213379435,7756.893757523317
2069,67.04871370794474,24.88067512331693,11065.219771125256
2070,67.04864278442075,24.885188109922034,8924.963892602922
2071,67.04857184369753,24.88970109360925,11493.787525415693
2072,67.04850088577233,24.89421407437817,8898.112248169797
2073,67.04842991064243,24.898727052228363,18137.68902811668
2074,67.04835891830504,24.903240027159438,15144.026251515854
2075,67.04828790875747,24.907752999170977,15720.051392452287
2076,67.04821688199695,24.91226596826255,7997.793897598333
2077,67.04814583802076,24.916778934433754,8410.968226809608
2078,67.04807477682613,24.921291897684185,4902.448399966294
2079,67.04800369841033,24.925804858013407,5869.961442493261
2080,67.0479326027706,24.930317815421024,6336.964622104192
2081,67.04786148990421,24.93483076990661,8795.490975429793
2082,67.04779035980836,24.93934372146976,10173.624703357867
2083,67.04771921248036,24.943856670110073,10298.55815248087
2084,67.04764804791742,24.948369615827104,9700.6648270896
2085,67.04757686611683,24.95288255862047,9276.046374446645
2086,67.0475056670758,24.957395498489742,10068.425066412257
2087,67.04743445079158,24.961908435434513,18107.068777694338
2088,67.04736321726142,24.966421369454363,17520.263967479856
2089,67.04729196648258,24.97093430054888,8285.957578309575
2090,67.04722069845229,24.975447228717663,1441.639135116146
2091,67.04714941316782,24.97996015396029,10415.996528799922
2092,67.04707811062634,24.98447307627635,15384.06974657359
2093,67.04700679082515,24.988985995665413,7245.112775827773
2094,67.04693545376148,24.99349891212709,15938.654773040238
2095,67.04686409943257,24.998011825660964,20130.666010138782
2096,67.04679272783564,25.00252473626662,13206.545210717555
2097,67.046721338968,25.007037643943633,10850.356005299158
2098,67.04664993282675,25.011550548691616,15353.740343982327
2099,67.04657850940924,25.01606345051013,10494.704856801227
2100,67.04650706871269,25.020576349398777,8013.091705897583
2101,67.04643561073429,25.025089245357158,4737.196895338715
2102,67.04636413547128,25.029602138384835,0.0
2103,67.04629264292093,25.0341150284814,0.0
2104,67.04622113308045,25.03862791564645,496.90006435180175
2105,67.04614960594705,25.043140799879573,0.0
2106,67.046078061518,25.04765368118035,0.0
2107,67.0460064997905,25.052166559548372,0.0
2108,67.05570511246106,24.749861467548666,0.0
2109,67.05563486481002,24.75437455184648,0.0
2110,67.05556460008212,24.75888763323936,0.0
2111,67.05549431827468,24.763400711726902,0.0
2112,67.05542401938499,24.767913787308686,0.0
2113,67.05535370341032,24.772426859984293,4951.902959177121
2114,67.05528337034798,24.776939929753315,9686.226471233618
2115,67.05521302019524,24.78145299661533,11101.51905686853
2116,67.05514265294939,24.785966060569933,8931.734161045406
2117,67.05507226860772,24.79047912161671,6826.548123593713
2118,67.05500186716753,24.79499217975523,7441.314162907733
2119,67.05493144862608,24.799505234985087,11330.633347198635
2120,67.05486101298068,24.804018287305862,7079.43404667342
2121,67.05479056022861,24.808531336717156,7601.507044338789
2122,67.05472009036713,24.813044383218532,7543.236065664398
2123,67.05464960339357,24.817557426809593,6166.023611383435
2124,67.05457909930514,24.822070467489915,7710.2099078263545
2125,67.05450857809919,24.826583505259084,11168.563204898937
2126,67.05443803977296,24.831096540116693,8686.83696247066
2127,67.05436748432373,24.83560957206232,9107.118432802015
2128,67.05429691174879,24.840122601095544,9831.467987748369
2129,67.0542263220454,24.844635627215972,9744.74532646333
2130,67.05415571521085,24.849148650423167,5322.017392123023
2131,67.05408509124243,24.853661670716733,3530.353973592286
2132,67.05401445013736,24.85817468809624,8907.77951103095
2133,67.05394379189299,24.862687702561285,13528.692081662468
2134,67.05387311650652,24.86720071411146,13265.602158382102
2135,67.05380242397526,24.871713722746325,12343.703746780016
2136,67.05373171429648,24.876226728465483,10078.537612589871
2137,67.05366098746742,24.880739731268527,9021.907542997289
2138,67.05359024348537,24.885252731155024,11016.98680663867
2139,67.05351948234761,24.88976572812459,7603.021607094194
2140,67.05344870405139,24.894278722176786,16004.562375041047
2141,67.05337790859399,24.898791713311194,11699.99162217954
2142,67.05330709597266,24.903304701527425,17974.860349872833
2143,67.05323626618465,24.907817686825048,13960.657599540882
2144,67.05316541922727,24.912330669203648,12003.414734943974
2145,67.05309455509774,24.916843648662827,8990.86734527438
2146,67.05302367379335,24.92135662520216,6829.727704485413
2147,67.05295277531133,24.92586959882123,5734.579863703779
2148,67.05288185964896,24.930382569519637,7364.551567920412
2149,67.0528109268035,24.934895537296953,8674.151208913521
2150,67.05273997677217,24.939408502152773,12143.749380721678
2151,67.0526690095523,24.943921464086685,9315.265236784116
2152,67.0525980251411,24.94843442309827,8948.323215817378
2153,67.05252702353582,24.95294737918713,9946.594450129893
2154,67.05245600473373,24.95746033235283,8833.513068751434
2155,67.05238496873206,24.96197328259497,12903.123588069486
2156,67.0523139155281,24.966486229913134,15375.60001683755
2157,67.05224284511908,24.970999174306918,12203.96032959157
2158,67.05217175750225,24.975512115775892,5510.5990548699765
2159,67.05210065267487,24.98002505431966,11804.356266299272
2160,67.05202953063416,24.9845379899378,14743.884190539924
2161,67.05195839137743,24.9890509226299,14635.242998729329
2162,67.05188723490181,24.993563852395546,18837.281914878164
2163,67.0518160612047,24.99807677923434,21230.45884037231
2164,67.05174487028326,25.00258970314585,20496.414141150457
2165,67.0516736621347,25.007102624129676,8356.302606090498
2166,67.05160243675633,25.011615542185396,10519.009805740445
2167,67.05153119414537,25.016128457312618,14217.115308282371
2168,67.05145993429903,25.0206413695109,9661.19347384415
2169,67.05138865721463,25.025154278779855,4879.567778837996
2170,67.05131736288932,25.02966718511906,5348.080183918426
2171,67.0512460513204,25.034180088528103,3339.771559625933
2172,67.05117472250508,25.038692989006577,3128.402967655505
2173,67.05110337644064,25.04320588655406,0.0
2174,67.05103201312421,25.047718781170154,0.0
2175,67.05096063255314,25.052231672854433,0.0
2176,67.06064722123666,24.749925527924507,0.0
2177,67.06057715187153,24.754438625443058,0.0
2178,67.06050706547283,24.758951720057613,0.0
2179,67.06043696203793,24.763464811767758,328.7351696375245
2180,67.06036684156408,24.767977900573058,6823.616835276388
2181,67.06029670404855,24.772490986473123,12225.663281949264
2182,67.06022654948873,24.777004069467527,7025.158407585455
2183,67.06015637788184,24.781517149555857,8431.26664148593
2184,67.0600861892252,24.786030226737697,8716.225502568923
2185,67.06001598351611,24.790543301012637,7053.743955199159
2186,67.05994576075183,24.79505637238026,8438.958611079523
2187,67.05987552092971,24.79956944084014,9556.053831261814
2188,67.059805264047,24.804082506391882,7111.463892285897
2189,67.05973499010099,24.808595569035056,9984.768270122528
2190,67.05966469908898,24.813108628769257,7547.7790747210665
2191,67.05959439100828,24.817621685594073,7550.177585271046
2192,67.05952406585614,24.822134739509075,10992.19441317466
2193,67.05945372362986,24.826647790513853,9492.373600379493
2194,67.05938336432672,24.83116083860801,9259.117648065476
2195,67.05931298794404,24.83567388379111,7579.982523318911
2196,67.05924259447906,24.840186926062742,7938.103968865071
2197,67.05917218392908,24.84469996542251,8432.8891211582
2198,67.0591017562914,24.849213001869977,13304.082720294362
2199,67.05903131156327,24.853726035404755,9010.901830150258
2200,67.05896084974198,24.858239066026393,14764.373131731703
2201,67.05889037082484,24.862752093734514,13473.757400444136
2202,67.05881987480909,24.867265118528678,11665.22890553949
2203,67.05874936169202,24.871778140408495,13578.966674183617
2204,67.05867883147094,24.876291159373537,8769.93879295435
2205,67.05860828414306,24.88080417542338,11822.32076308064
2206,67.05853771970571,24.885317188557632,11034.207932119749
2207,67.05846713815616,24.889830198775865,6428.030486516686
2208,67.05839653949167,24.89434320607767,13027.777626146879
2209,67.0583259237095,24.89885621046264,8335.115946293701
2210,67.05825529080695,24.90336921193035,10783.646110303538
2211,67.05818464078125,24.9078822104804,12807.338069799616
2212,67.05811397362973,24.91239520611236,7837.676703563872
2213,67.05804328934958,24.916908198825823,15487.656114916621
2214,67.05797258793817,24.921421188620386,10357.002200782865
2215,67.05790186939267,24.92593417549563,6886.29294454639
2216,67.0578311337104,24.930447159451138,8515.315742961953
2217,67.05776038088861,24.9349601404865,9170.33883144745
2218,67.05768961092458,24.939473118601306,14126.363410014168
2219,67.05761882381559,24.943986093795132,10418.71376784619
2220,67.05754801955882,24.94849906606758,9031.283791424283
2221,67.05747719815163,24.953012035418233,10828.370326927761
2222,67.05740635959123,24.957525001846662,8470.908446293957
2223,67.05733550387487,24.96203796535248,13479.069966869938
2224,67.05726463099984,24.966550925935262,10585.179045586883
2225,67.0571937409634,24.971063883594596,14046.576040951933
2226,67.05712283376276,24.97557683833007,13609.670785082886
2227,67.05705190939523,24.980089790141264,13684.738184507341
2228,67.05698096785805,24.984602739027775,13739.132488017178
2229,67.0569100091485,24.989115684989198,20176.292037875995
2230,67.05683903326377,24.993628628025103,19688.25173606771
2231,67.05676804020115,24.998141568135086,20325.95054197071
2232,67.0566970299579,25.002654505318745,19427.594421495265
2233,67.05662600253127,25.00716743957565,19854.22448328771
2234,67.0565549579185,25.011680370905403,15153.686977144436
2235,67.05648389611683,25.016193299307574,16351.79981282914
2236,67.05641281712352,25.020706224781776,7729.675334281762
2237,67.05634172093582,25.025219147327576,6930.120324348962
2238,67.05627060755101,25.02973206694458,10946.459649517148
2239,67.05619947696628,25.03424498363237,12311.346395526556
2240,67.05612832917889,25.038757897390514,8074.246998872775
2241,67.0560571641861,25.04327080821863,2323.1332804947806
2242,67.05598598198513,25.04778371611629,2405.511189742349
2243,67.05591478257324,25.052296621083087,0.0
2244,67.06558934704313,24.749989425476453,0.0
2245,67.06551945596657,24.75450253618215,0.0
2246,67.0654495478998,24.759015643984785,928.5276919859409
2247,67.06537962284008,24.763528748883925,13249.105346980949
2248,67.06530968078478,24.76804185087916,10964.099102298804
2249,67.06523972173116,24.772554949970075,6969.062010555555
2250,67.06516974567656,24.777068046156263,7827.22421020317
2251,67.06509975261822,24.7815811394373,6560.192609472584
2252,67.06502974255349,24.786094229812775,6720.278100544905
2253,67.06495971547966,24.790607317282273,11654.317884985172
2254,67.06488967139404,24.795120401845377,15663.616959112338
2255,67.06481961029392,24.799633483501683,8444.81359946762
2256,67.0647495321766,24.804146562250764,6320.643873736423
2257,67.06467943703937,24.808659638092212,8643.028828134107
2258,67.06460932487956,24.81317271102561,8298.671169166511
2259,67.06453919569442,24.817685781050553,10705.390037905647
2260,67.06446904948125,24.8221988481666,11810.265474286804
2261,67.06439888623738,24.82671191237337,8038.912525790195
2262,67.06432870596007,24.83122497367043,10883.415033002477
2263,67.06425850864662,24.835738032057375,9308.513088713262
2264,67.06418829429433,24.840251087533794,8292.447518189225
2265,67.06411806290046,24.844764140099254,5850.306025843815
2266,67.06404781446237,24.849277189753366,19890.203361828142
2267,67.06397754897726,24.853790236495687,13081.418221528436
2268,67.06390726644248,24.85830328032584,12590.983275276085
2269,67.06383696685529,24.86281632124338,10940.43665937201
2270,67.06376665021298,24.867329359247904,9188.814849460887
2271,67.06369631651285,24.87184239433901,9638.599775477724
2272,67.06362596575218,24.876355426516266,9793.024838801735
2273,67.0635555979282,24.880868455779265,14917.149037033827
2274,67.06348521303828,24.8853814821276,12832.599454064346
2275,67.06341481107965,24.889894505560854,7477.660208576863
2276,67.06334439204957,24.894407526078613,4202.7979675695005
2277,67.06327395594539,24.89892054368046,4669.770349459199
2278,67.06320350276434,24.903433558365993,4286.988797367947
2279,67.06313303250369,24.90794657013478,8940.221138765244
2280,67.06306254516073,24.912459578986436,12993.083370593291
2281,67.06299204073278,24.916972584920522,15678.27153248627
2282,67.06292151921701,24.921485587936633,8412.661284896396
2283,67.0628509806108,24.925998588034368,7610.362901680044
2284,67.06278042491138,24.9305115852133,8207.110743712243
2285,67.062709852116,24.935024579473016,8047.310530635627
2286,67.06263926222199,24.939537570813116,11153.673675282998
2287,67.06256865522657,24.94405055923317,13994.512102459144
2288,67.06249803112703,24.948563544732792,8952.897162511386
2289,67.06242738992063,24.953076527311545,13253.76088902055
2290,67.06235673160465,24.95758950696901,15048.205165550899
2291,67.06228605617635,24.962102483704808,8340.530443523045
2292,67.06221536363302,24.966615457518497,11274.824106828444
2293,67.06214465397187,24.97112842840968,13916.70356198652
2294,67.0620739271902,24.97564139637794,11252.075832157927
2295,67.06200318328527,24.980154361422862,13447.997655420415
2296,67.06193242225436,24.98466732354405,13200.27796996523
2297,67.06186164409472,24.989180282741064,18694.49370713746
2298,67.0617908488036,24.993693239013506,17913.82286638981
2299,67.06172003637822,24.998206192360975,20561.8303000789
2300,67.06164920681594,25.00271914278305,19278.709802207642
2301,67.06157836011397,25.00723209027932,17744.4570696535
2302,67.06150749626953,25.01174503484936,12107.45058015422
2303,67.06143661527992,25.016257976492778,16588.878613565736
2304,67.06136571714241,25.020770915209162,9201.555343350283
2305,67.06129480185419,25.025283850998076,6984.135783643976
2306,67.06122386941256,25.02979678385914,7318.624140226037
2307,67.06115291981479,25.03430971379192,13329.165117799412
2308,67.06108195305808,25.03882264079602,8049.470988106251
2309,67.06101096913973,25.043335564871022,7279.101948547111
2310,67.06093996805697,25.0478484860165,2635.710361219753
2311,67.06086894980704,25.052361404232073,0.0
2312,67.07053148983712,24.75005316020229,0.0
2313,67.07046177705188,24.754566284061557,1357.2225439110334
2314,67.07039204731966,24.759079405018667,10713.464956637248
2315,67.07032230063788,24.763592523073214,11407.44193093107
2316,67.0702525370038,24.768105638224785,7152.774951518969
2317,67.07018275641477,24.772618750472958,8023.046852638636
2318,67.07011295886805,24.77713185981732,6673.143877073026
2319,67.07004314436098,24.781644966257456,7143.328275246008
2320,67.06997331289087,24.786158069792958,7121.448776272346
2321,67.06990346445502,24.79067117042341,6602.884339495364
2322,67.06983359905074,24.795184268148386,7301.666716443247
2323,67.06976371667534,24.799697362967493,9931.310757928175
2324,67.06969381732613,24.804210454880298,7049.434319609747
2325,67.06962390100037,24.808723543886398,9210.242523699319
2326,67.06955396769543,24.81323662998537,11163.291864089508
2327,67.06948401740857,24.81774971317681,11060.380449652928
2328,67.0694140501371,24.822262793460297,7443.038735331058
2329,67.06934406587831,24.826775870835423,7918.47761468269
2330,67.06927406462954,24.831288945301768,18156.151215912352
2331,67.06920404638805,24.835802016858914,13556.854767950092
2332,67.06913401115115,24.84031508550647,9240.65740002206
2333,67.06906395891612,24.844828151244,18919.877653937143
2334,67.0689938896803,24.8493412140711,13477.527192564965
2335,67.06892380344095,24.85385427398735,14295.450943488899
2336,67.06885370019538,24.85836733099234,8605.831335099947
2337,67.06878357994087,24.86288038508567,10851.594974862592
2338,67.0687134426747,24.867393436266898,6770.9453528587965
2339,67.0686432883942,24.87190648453563,9848.143484740142
2340,67.06857311709666,24.876419529891457,12392.95769576832
2341,67.06850292877934,24.88093257233396,10719.000837287085
2342,67.06843272343954,24.885445611862718,11653.650001468406
2343,67.06836250107453,24.88995864847733,3878.9546899440184
2344,67.06829226168166,24.89447168217737,5352.409115704226
2345,67.06822200525816,24.89898471296244,3713.641594207051
2346,67.06815173180131,24.903497740832115,4564.284791933653
2347,67.06808144130844,24.908010765785995,9894.853771124122
2348,67.0680111337768,24.912523787823652,7500.70539844155
2349,67.06794080920369,24.91703680694468,16589.45558609319
2350,67.06787046758636,24.92154982314867,12038.376946933826
2351,67.06780010892213,24.926062836435214,10669.668616015613
2352,67.06772973320828,24.930575846803876,8052.514156653678
2353,67.06765934044208,24.93508885425427,8688.294444400122
2354,67.06758893062077,24.939601858785977,10428.21449714836
2355,67.0675185037417,24.94411486039858,14061.566277574044
2356,67.06744805980206,24.948627859091662,14000.283411502722
2357,67.06737759879923,24.95314085486482,14132.589463036089
2358,67.06730712073039,24.95765384771764,14289.10301056036
2359,67.06723662559287,24.9621668376497,15986.718336177857
2360,67.06716611338393,24.966679824660613,16665.827438471475
2361,67.06709558410084,24.97119280874994,16295.15041195037
2362,67.06702503774085,24.975705789917278,13887.430947940005
2363,67.0669544743013,24.980218768162224,16747.453681687166
2364,67.06688389377936,24.984731743484346,16585.768184544137
2365,67.0668132961724,24.989244715883263,15431.582445701268
2366,67.0667426814776,24.993757685358535,15390.73084776626
2367,67.06667204969229,24.99827065190977,16218.374215412188
2368,67.06660140081368,25.00278361553653,16822.541950823725
2369,67.06653073483909,25.007296576238424,17705.758762820205
2370,67.06646005176577,25.011809534015054,16380.14709097997
2371,67.06638935159097,25.01632248886598,16298.224863751895
2372,67.06631863431194,25.0208354407908,17607.288058861697
2373,67.06624789992595,25.02534838978911,14791.560807046739
2374,67.06617714843033,25.0298613358605,17995.772656961744
2375,67.06610637982223,25.034374279004545,18305.25209668161
2376,67.06603559409896,25.038887219220847,9475.965706269439
2377,67.0659647912578,25.043400156508984,12858.080861423125
2378,67.06589397129596,25.04791309086855,9822.470260445047
2379,67.06582313421072,25.052426022299137,0.0
2380,67.07547364957536,24.750116732099823,1563.112744068596
2381,67.07540411508404,24.754629869079057,7857.732377267322
2382,67.07533456368914,24.759143003157053,4458.821610735502
2383,67.07526499538795,24.763656134333424,3374.309330285555
2384,67.0751954101778,24.768169262607714,9561.608347623667
2385,67.07512580805603,24.772682387979543,15554.763215694442
2386,67.0750561890199,24.777195510448482,4355.121618052836
2387,67.0749865530668,24.781708630014116,4478.291883376618
2388,67.07491690019398,24.786221746676038,5752.774150604252
2389,67.07484723039882,24.790734860433822,8741.8819525097
2390,67.07477754367858,24.79524797128707,4774.343578327897
2391,67.07470784003057,24.799761079235356,9591.146660010047
2392,67.07463811945213,24.80427418427827,6381.591396139608
2393,67.07456838194058,24.808787286415402,6006.408582738493
2394,67.0744986274932,24.81330038564633,4454.730554803029
2395,67.0744288561073,24.817813481970653,5519.76172637027
2396,67.07435906778024,24.822326575387937,8816.52854302361
2397,67.07428926250928,24.82683966589779,9688.549504425757
2398,67.07421944029173,24.831352753499793,14756.08760370908
2399,67.07414960112489,24.835865838193513,19348.33190571172
2400,67.07407974500607,24.840378919978566,17671.503820705377
2401,67.07400987193262,24.84489199885453,11859.056376621142
2402,67.07393998190176,24.849405074820975,16894.659279049843
2403,67.07387007491087,24.853918147877504,12454.221249256825
2404,67.0738001509572,24.858431218023707,5967.134369644499
2405,67.07373021003808,24.862944285259157,8646.208149515538
2406,67.0736602521508,24.86745734958345,6283.898879394161
2407,67.07359027729264,24.871970410996166,5041.763855589188
2408,67.07352028546092,24.876483469496904,8151.029025188377
2409,67.07345027665293,24.880996525085234,8380.548884086518
2410,67.073380250866,24.885509577760764,8320.408191756103
2411,67.07331020809737,24.890022627523063,1376.8827517961922
2412,67.07324014834434,24.894535674371735,1800.4056008297432
2413,67.07317007160424,24.89904871830635,3039.307009436033
2414,67.07309997787432,24.90356175932651,8685.65910469789
2415,67.07302986715194,24.90807479743179,12000.668446727443
2416,67.07295973943432,24.912587832621785,6473.350128103187
2417,67.0728895947188,24.91710086489608,12689.66347771258
2418,67.07281943300264,24.921613894254275,12875.754712259215
2419,67.07274925428311,24.926126920695935,12638.88386854875
2420,67.07267905855753,24.930639944220665,11408.030163267065
2421,67.07260884582318,24.93515296482804,7940.903736761938
2422,67.07253861607735,24.939665982517663,8926.583074888391
2423,67.07246836931732,24.944178997289114,14990.884847097559
2424,67.07239810554037,24.948692009141986,14084.822189485629
2425,67.07232782474378,24.953205018075852,16056.845618403227
2426,67.07225752692486,24.957718024090315,15753.61263883894
2427,67.07218721208082,24.962231027184952,16970.581397773665
2428,67.07211688020902,24.966744027359372,16184.90506734826
2429,67.0720465313067,24.97125702461314,17938.84312589051
2430,67.07197616537115,24.975770018945855,9625.406326113216
2431,67.07190578239967,24.980283010357105,11722.779379181939
2432,67.07183538238947,24.984795998846472,16406.830541519415
2433,67.07176496533789,24.989308984413558,17426.243276028654
2434,67.07169453124217,24.993821967057933,14254.176793624234
2435,67.07162408009958,24.9983349467792,22170.40087676816
2436,67.07155361190745,25.00284792357695,16100.596908201416
2437,67.07148312666298,25.007360897450763,19278.68904564375
2438,67.07141262436345,25.011873868400226,20853.347985385582
2439,67.07134210500621,25.016386836424946,19605.598254059725
2440,67.07127156858843,25.02089980152448,15666.063498314992
2441,67.07120101510745,25.025412763698448,16259.592760054744
2442,67.0711304445605,25.029925722946423,22093.660612266827
2443,67.07105985694483,25.03443867926799,19617.192728769638
2444,67.07098925225775,25.038951632662744,12741.598122682826
2445,67.07091863049651,25.043464583130294,11990.241686672103
2446,67.07084799165837,25.04797753067019,6012.680520515625
2447,67.07077733574059,25.052490475282045,0.0
2448,67.08041582621449,24.750180141166847,6301.327168192161
2449,67.08034647001982,24.75469329123246,8581.862987650224
2450,67.08027709696488,24.75920643839776,5860.081374657103
2451,67.08020770704698,24.763719582662336,6952.171620368386
2452,67.08013830026344,24.768232724025765,9009.34599259004
2453,67.08006887661159,24.772745862487643,10944.529695744439
2454,67.07999943608878,24.777258998047554,8394.399312816926
2455,67.07992997869229,24.781772130705075,7025.32255102884
2456,67.07986050441947,24.786285260459806,10846.440443866939
2457,67.07979101326767,24.790798387311327,10331.186756735
2458,67.07972150523413,24.795311511259218,3310.9031576697075
2459,67.07965198031624,24.79982463230308,1301.87036110094
2460,67.07958243851128,24.804337750442485,3790.5174183007007
2461,67.0795128798166,24.808850865677023,7843.9710358689335
2462,67.07944330422949,24.813363978006286,11940.14930203345
2463,67.07937371174728,24.817877087429856,14704.64089279658
2464,67.07930410236727,24.822390193947324,17188.846475660914
2465,67.07923447608681,24.826903297558275,18743.829260285456
2466,67.07916483290317,24.831416398262284,9210.485338348948
2467,67.0790951728137,24.83592949605896,13259.560301589554
2468,67.07902549581569,24.840442590947877,20373.102653218964
2469,67.07895580190645,24.844955682928624,20173.559936788908
2470,67.07888609108329,24.849468772000783,17805.160437667408
2471,67.07881636334355,24.85398185816394,20362.456747951037
2472,67.07874661868449,24.858494941417703,14708.37217323202
2473,67.07867685710345,24.863008021761637,7938.557765414284
2474,67.07860707859771,24.867521099195326,10301.249812569653
2475,67.07853728316461,24.872034173718376,11983.295596791493
2476,67.07846747080146,24.87654724533037,9766.088096859457
2477,67.07839764150552,24.881060314030886,2948.384071504405
2478,67.07832779527412,24.88557337981952,10010.498939226474
2479,67.07825793210455,24.89008644269586,3952.3366324200624
2480,67.0781880519941,24.89459950265948,3119.799401134117
2481,67.07811815494013,24.89911255970998,4465.16164655432
2482,67.07804824093989,24.903625613846945,9889.855265027598
2483,67.07797830999066,24.908138665069966,13539.319535541177
2484,67.0779083620898,24.912651713378622,8640.072201286872
2485,67.07783839723453,24.91716475877251,7511.40563884672
2486,67.07776841542224,24.921677801251217,10276.411700246812
2487,67.07769841665014,24.92619084081433,12714.121130550806
2488,67.07762840091557,24.93070387746143,13983.900087424332
2489,67.0775583682158,24.93521691119211,12185.60573367494
2490,67.07748831854813,24.939729942005965,11399.36508233369
2491,67.07741825190989,24.944242969902568,10753.540701387241
2492,67.0773481682983,24.948755994881523,13844.900513969651
2493,67.07727806771071,24.95326901694241,12687.134453395991
2494,67.07720795014436,24.95778203608482,7549.162274256046
2495,67.07713781559657,24.962295052308335,15387.176476285817
2496,67.07706766406463,24.966808065612554,12295.84947220063
2497,67.07699749554581,24.971321075997057,15200.040018594455
2498,67.0769273100374,24.975834083461443,16086.056107936807
2499,67.07685710753668,24.980347088005285,15353.72686642191
2500,67.07678688804096,24.984860089628178,18291.489038990505
2501,67.0767166515475,24.989373088329724,18226.024544128828
2502,67.07664639805358,24.993886084109494,15710.334118582303
2503,67.07657612755648,24.99839907696708,16746.3921828787
2504,67.0765058400535,25.002912066902088,13913.583149121949
2505,67.07643553554189,25.00742505391409,17816.42833414851
2506,67.07636521401895,25.011938038002672,21606.502247482833
2507,67.07629487548193,25.016451019167434,11476.384817450793
2508,67.07622451992816,25.02096399740796,9413.090881125318
2509,67.07615414735486,25.025476972723844,9691.473258682956
2510,67.07608375775935,25.02998994511467,12373.569035069655
2511,67.07601335113885,25.034502914580024,14535.943458040665
2512,67.07594292749069,25.03901588111951,9448.695911868474
2513,67.07587248681212,25.043528844732702,4051.4668482480965
2514,67.07580202910039,25.048041805419192,3297.1255172758406
2515,67.07573155435279,25.052554763178577,0.0
2516,67.08535801971122,24.75024338740118,6262.000306705196
2517,67.0852888418159,24.75475655051958,8194.537966390344
2518,67.08521964710357,24.759269710738582,7011.251515328522
2519,67.08515043557163,24.763782868057767,5918.660381525338
2520,67.0850812072174,24.76829602247674,6839.944997300541
2521,67.08501196203815,24.77280917399506,6703.851347033024
2522,67.0849427000313,24.77732232261234,9215.18004947195
2523,67.08487342119413,24.781835468328143,8965.836125882099
2524,67.08480412552399,24.786348611142078,9372.11208833768
2525,67.08473481301819,24.790861751053708,1894.168486114109
2526,67.08466548367407,24.795374888062643,0.0
2527,67.08459613748896,24.799888022168446,0.0
2528,67.08452677446016,24.804401153370733,0.0
2529,67.08445739458503,24.808914281669065,0.0
2530,67.08438799786089,24.813427407063035,2157.5144110476326
2531,67.08431858428503,24.817940529552235,6574.863916303204
2532,67.08424915385478,24.82245364913625,20399.90403725893
2533,67.08417970656751,24.82696676581466,7946.504585687869
2534,67.08411024242048,24.831479879587064,3606.4840338596423
2535,67.08404076141106,24.835992990453054,3011.532285756852
2536,67.08397126353651,24.840506098412195,5439.941884255311
2537,67.0839017487942,24.845019203464084,18699.008639760275
2538,67.08383221718142,24.84953230560831,22368.471358863004
2539,67.0837626686955,24.854045404844463,22267.18117482681
2540,67.08369310333377,24.858558501172137,17603.416607115872
2541,67.08362352109351,24.8630715945909,13007.358825018726
2542,67.08355392197204,24.867584685100354,9942.123114280028
2543,67.08348430596669,24.87209777270008,10648.269708445938
2544,67.08341467307476,24.876610857389664,10109.925057786928
2545,67.08334502329355,24.881123939168706,10997.91481182928
2546,67.08327535662039,24.88563701803678,8787.109344817403
2547,67.08320567305259,24.890150093993487,10770.607550861829
2548,67.08313597258743,24.894663167038402,2986.9566725312
2549,67.08306625522226,24.899176237171115,7046.633683543462
2550,67.08299652095437,24.903689304391225,12914.223070046319
2551,67.08292676978104,24.908202368698305,9553.445936307835
2552,67.08285700169962,24.912715430091954,14339.89320433665
2553,67.08278721670736,24.917228488571755,11264.92617563531
2554,67.08271741480162,24.921741544137298,12121.494317262837
2555,67.08264759597965,24.926254596788173,8348.881242092166
2556,67.08257776023876,24.93076764652395,6823.416062156618
2557,67.0825079075763,24.935280693344254,9944.967405768024
2558,67.08243803798952,24.939793737248642,10816.87011763541
2559,67.08236815147576,24.944306778236715,12484.483315891603
2560,67.08229824803226,24.948819816308067,7455.5235541158645
2561,67.08222832765634,24.953332851462267,2789.6387347024875
2562,67.08215839034533,24.957845883698923,4562.899482115352
2563,67.08208843609648,24.96235891301762,6460.3095695727325
2564,67.08201846490711,24.966871939417935,12412.285272583997
2565,67.08194847677451,24.97138496289947,14849.776485273167
2566,67.08187847169596,24.975897983461817,14206.834740156124
2567,67.08180844966876,24.980411001104542,13633.307556813515
2568,67.08173841069019,24.98492401582726,18977.203357940587
2569,67.08166835475758,24.989437027629545,19443.46536827753
2570,67.08159828186817,24.99395003651098,16038.74637455733
2571,67.08152819201926,24.99846304247118,17120.543213503097
2572,67.08145808520815,25.002976045509723,17071.357313939036
2573,67.08138796143214,25.00748904562617,13036.496085270865
2574,67.08131782068848,25.012002042820157,14873.834905287042
2575,67.08124766297448,25.01651503709124,12507.457445170878
2576,67.08117748828737,25.021028028439012,7170.630659028957
2577,67.08110729662451,25.025541016863084,7567.681662320058
2578,67.08103708798316,25.030054002363027,14494.05027834794
2579,67.08096686236057,25.03456698493843,15568.661930849454
2580,67.08089661975404,25.03907996458889,3390.176687358545
2581,67.08082636016086,25.043592941313992,231.80076611358209
2582,67.0807560835783,25.048105915113332,1022.8945887402831
2583,67.08068579000361,25.05261888598649,0.0
2584,67.0903002300223,24.750306470800634,1490.0855869694358
2585,67.09023123042894,24.754819646938223,8626.444437097232
2586,67.09016221406192,24.759332820177328,7009.504697076886
2587,67.0900931809186,24.763845990517535,6801.322228375996
2588,67.09002413099628,24.76835915795844,7424.8297000470575
2589,67.08995506429235,24.77287232249961,16471.768919642927
2590,67.08988598080414,24.777385484140645,5210.112272866557
2591,67.08981688052897,24.78189864288113,5110.769233686917
2592,67.08974776346415,24.78641179872065,5271.437763634163
2593,67.08967862960705,24.7909249516588,0.0
2594,67.08960947895501,24.795438101695147,0.0
2595,67.08954031150536,24.799951248829295,0.0
2596,67.0894711272554,24.80446439306083,0.0
2597,67.0894019262025,24.808977534389328,0.0
2598,67.08933270834396,24.813490672814385,0.0
2599,67.08926347367715,24.818003808335583,0.0
2600,67.08919422219935,24.82251694095252,94.82926359501703
2601,67.08912495390794,24.827030070664772,1072.3982604429273
2602,67.08905566880021,24.831543197471934,1020.4109466413023
2603,67.0889863668735,24.836056321373583,0.0
2604,67.08891704812513,24.84056944236932,239.10155247266357
2605,67.08884771255241,24.845082560458717,5016.793244797737
2606,67.0887783601527,24.84959567564137,15351.054644353202
2607,67.08870899092332,24.85410878791687,18447.521917983824
2608,67.08863960486156,24.85862189728481,17479.55665458939
2609,67.08857020196476,24.863135003744755,8025.401530696846
2610,67.08850078223024,24.867648107296304,1358.101696091927
2611,67.08843134565534,24.872161207939058,9340.632125039783
2612,67.08836189223732,24.876674305672594,10673.485816992114
2613,67.08829242197355,24.881187400496493,9783.836553170433
2614,67.08822293486134,24.88570049241035,7498.498719866744
2615,67.08815343089798,24.89021358141376,6034.43218901701
2616,67.0880839100808,24.894726667506305,2650.7670123963794
2617,67.08801437240714,24.899239750687563,6534.059954219551
2618,67.08794481787429,24.90375283095714,10038.62478527351
2619,67.08787524647956,24.908265908314608,9247.806865944105
2620,67.08780565822025,24.912778982759566,10729.31128764847
2621,67.08773605309369,24.917292054291607,12418.95941210045
2622,67.08766643109719,24.921805122910303,13199.235067136882
2623,67.08759679222806,24.926318188615255,12531.449089120848
2624,67.0875271364836,24.930831251406044,4470.5322477637
2625,67.08745746386113,24.935344311282268,5038.976239528091
2626,67.08738777435792,24.939857368243505,6440.801645091738
2627,67.08731806797132,24.944370422289353,8119.198780529868
2628,67.08724834469862,24.9488834734194,8131.428137163864
2629,67.08717860453712,24.953396521633234,6307.557603250638
2630,67.08710884748412,24.957909566930436,14240.172762907207
2631,67.08703907353691,24.962422609310597,10131.294568762916
2632,67.08696928269282,24.966935648773315,8352.647346083339
2633,67.08689947494913,24.97144868531818,7839.496302757274
2634,67.08682965030314,24.975961718944763,8449.245398485253
2635,67.08675980875218,24.980474749652668,8412.419233548431
2636,67.0866899502935,24.984987777441486,9352.235815138996
2637,67.08662007492443,24.989500802310797,12251.576519865508
2638,67.08655018264226,24.994013824260197,10274.320466941419
2639,67.08648027344425,24.998526843289273,15243.341215168504
2640,67.08641034732776,25.003039859397614,17435.5949204569
2641,67.08634040429003,25.007552872584807,13912.827208638375
2642,67.08627044432835,25.012065882850454,19937.294351718425
2643,67.08620046744007,25.016578890194133,4084.3996166843863
2644,67.08613047362239,25.02109189461543,3630.5558263019375
2645,67.08606046287268,25.025604896113947,5882.111700793082
2646,67.08599043518821,25.03011789468926,7713.20703386966
2647,67.08592039056624,25.03463089034097,11783.919283316285
2648,67.08585032900407,25.03914388306867,5952.722499122129
2649,67.085780250499,25.04365687287195,4053.6394450508715
2650,67.08571015504829,25.048169859750374,9459.206265550356
2651,67.08564004264925,25.052682843703572,0.0
2652,67.09524245710433,24.750369391363023,0.0
2653,67.09517363581561,24.75488258048621,2788.257372922188
2654,67.09510479779657,24.759395766711826,9730.678441044864
2655,67.09503594304451,24.763908950039454,7495.781090950344
2656,67.09496707155684,24.76842213046869,8053.8386894311725
2657,67.09489818333087,24.77293530799911,7049.440050153165
2658,67.09482927836392,24.777448482630298,1832.5433653833848
2659,67.09476035665338,24.781961654361847,758.8292182938097
2660,67.09469141819658,24.786474823193352,0.0
2661,67.09462246299087,24.790987989124392,0.0
2662,67.09455349103357,24.79550115215455,0.0
2663,67.09448450232203,24.80001431228342,0.0
2664,67.09441549685359,24.80452746951059,0.0
2665,67.09434647462558,24.80904062383563,0.0
2666,67.09427743563535,24.813553775258146,0.0
2667,67.09420837988023,24.818066923777728,0.0
2668,67.09413930735755,24.822580069393954,1097.7810426416374
2669,67.09407021806467,24.827093212106412,0.0
2670,67.0940011119989,24.831606351914687,833.6667566808508
2671,67.09393198915758,24.83611948881838,1681.0328929467262
2672,67.09386284953807,24.84063262281706,1078.2401504370368
2673,67.09379369313764,24.84514575391033,0.0
2674,67.09372451995368,24.84965888209777,1130.1775294920694
2675,67.09365532998349,24.85417200737897,2881.5452335352015
2676,67.09358612322438,24.858685129753514,2221.0230077306774
2677,67.09351689967373,24.863198249220996,2898.310379882523
2678,67.09344765932885,24.867711365781002,0.0
2679,67.09337840218703,24.87222447943312,6054.550730402346
2680,67.09330912824565,24.87673759017694,7437.851701262699
2681,67.093239837502,24.881250698012042,7417.93598560498
2682,67.09317052995338,24.88576380293803,4144.130662791734
2683,67.0931012055972,24.890276904954476,2362.428432817584
2684,67.09303186443067,24.894790004060972,4200.700982742463
2685,67.09296250645119,24.89930310025711,6127.050218917061
2686,67.09289313165608,24.903816193542486,5963.2391669384215
2687,67.0928237400426,24.908329283916675,7401.8016389161985
2688,67.09275433160813,24.912842371379273,6051.428802053967
2689,67.09268490634997,24.917355455929858,10174.80085154626
2690,67.09261546426542,24.921868537568034,11696.27939151407
2691,67.09254600535179,24.926381616293376,11947.945874703135
2692,67.09247652960644,24.930894692105493,11317.166305935283
2693,67.09240703702666,24.935407765003955,10548.209032470748
2694,67.09233752760973,24.939920834988353,11113.825356243406
2695,67.092268001353,24.944433902058286,13066.730504111398
2696,67.09219845825378,24.94894696621333,9208.48716291669
2697,67.09212889830937,24.953460027453083,4714.586656432978
2698,67.0920593215171,24.957973085777134,11416.244265533707
2699,67.09198972787422,24.96248614118507,13441.088237844679
2700,67.09192011737811,24.966999193676486,9709.908189112017
2701,67.09185049002605,24.971512243250956,9363.375582497132
2702,67.09178084581536,24.976025289908087,12972.215584983298
2703,67.09171118474332,24.980538333647452,9974.592485740679
2704,67.09164150680722,24.985051374468657,12022.07951282238
2705,67.09157181200437,24.989564412371276,9435.518819799598
2706,67.09150210033212,24.99407744735491,1837.481359498646
2707,67.09143237178777,24.998590479419143,10720.907477704586
2708,67.09136262636855,25.003103508563576,13444.996983722429
2709,67.09129286407183,25.007616534787783,8948.252047497748
2710,67.09122308489488,25.01212955809136,3905.157048686842
2711,67.09115328883497,25.0166425784739,1011.3821921288018
2712,67.09108347588945,25.02115559593498,11921.310263722184
2713,67.0910136460556,25.025668610474217,19147.79809852629
2714,67.09094379933073,25.030181622091174,15934.731653385033
2715,67.09087393571208,25.034694630785452,15335.827927677587
2716,67.090804055197,25.03920763655664,20847.33942219048
2717,67.09073415778275,25.043720639404338,16539.051380439396
2718,67.09066424346665,25.048233639328117,6033.147437983807
2719,67.09059431224597,25.052746636327583,0.0
2720,67.10018470091406,24.750432149086173,0.0
2721,67.10011605793264,24.754945351161364,0.0
2722,67.10004739826418,24.759458550339897,8500.890574209569
2723,67.0999787219061,24.763971746621355,9954.36348791699
2724,67.09991002885567,24.76848494000531,6461.559021377621
2725,67.0998413191103,24.77299813049137,0.0
2726,67.09977259266734,24.777511318079114,0.0
2727,67.09970384952409,24.78202450276813,0.0
2728,67.09963508967796,24.78653768455801,0.0
2729,67.09956631312626,24.791050863448323,0.0
2730,67.09949751986639,24.79556403943867,0.0
2731,67.0994287098956,24.80007721252864,0.0
2732,67.09935988321133,24.80459038271782,0.0
2733,67.0992910398109,24.809103550005794,359.1237332231217
2734,67.09922217969162,24.81361671439215,293.32865059904327
2735,67.09915330285087,24.81812987587648,969.1994603112394
2736,67.099084409286,24.82264303445837,1092.2790282761457
2737,67.09901549899429,24.827156190137394,1883.4593066581322
2738,67.09894657197316,24.831669342913166,3078.98653039629
2739,67.0988776282199,24.836182492785248,5500.811491485324
2740,67.09880866773187,24.84069563975324,7968.18059421012
2741,67.09873969050642,24.845208783816737,11435.854744763381
2742,67.09867069654086,24.849721924975317,4112.237384658723
2743,67.09860168583253,24.854235063228575,0.0
2744,67.0985326583788,24.858748198576084,0.0
2745,67.09846361417695,24.863261331017448,1754.3975544574812
2746,67.09839455322435,24.867774460552248,387.5302028824401
2747,67.09832547551834,24.87228758718008,1860.29337390756
2748,67.09825638105623,24.876800710900525,6723.931686594774
2749,67.09818726983536,24.881313831713182,8474.707856343666
2750,67.09811814185306,24.885826949617623,2777.270113777121
2751,67.09804899710667,24.89034006461344,3910.5404965291063
2752,67.0979798355935,24.89485317670023,6082.97745540728
2753,67.09791065731092,24.89936628587758,6272.100984998873
2754,67.0978414622562,24.90387939214507,12587.513008933114
2755,67.09777225042669,24.9083924955023,7166.923213531641
2756,67.09770302181973,24.912905595948853,7659.129123298258
2757,67.09763377643262,24.91741869348433,7865.973321002527
2758,67.09756451426269,24.921931788108296,9487.207034649651
2759,67.09749523530729,24.926444879820355,11771.68354104316
2760,67.0974259395637,24.9309579686201,10234.851913857008
2761,67.0973566270293,24.935471054507115,12158.524931693733
2762,67.09728729770134,24.939984137480987,12980.831161368818
2763,67.09721795157716,24.9444972175413,13752.880090725386
2764,67.09714858865411,24.94901029468765,16190.534025888417
2765,67.0970792089295,24.95352336891963,7765.110828987967
2766,67.09700981240064,24.958036440236835,12183.579095201358
2767,67.09694039906482,24.962549508638833,9261.44196508456
2768,67.09687096891938,24.96706257412523,4100.540276442376
2769,67.09680152196162,24.971575636695608,11033.50442051143
2770,67.09673205818888,24.97608869634957,18451.11361051821
2771,67.09666257759844,24.980601753086688,17457.164213378175
2772,67.09659308018765,24.985114806906566,15145.0043389484
2773,67.09652356595376,24.989627857808784,15598.43659176847
2774,67.09645403489415,24.994140905792932,9661.394077731327
2775,67.0963844870061,24.998653950858603,7462.751646985231
2776,67.0963149222869,25.003166993005394,4446.900893690571
2777,67.09624534073386,25.007680032232887,4525.580930017024
2778,67.09617574234433,25.01219306854067,1225.0717122186265
2779,67.09610612711555,25.016706101928335,460.25252187460484
2780,67.09603649504487,25.02121913239548,1182.096489583642
2781,67.0959668461296,25.02573215994169,20556.21543805848
2782,67.09589718036699,25.030245184566546,23724.527973415676
2783,67.0958274977544,25.03475820626965,20083.740710004924
2784,67.09575779828909,25.039271225050594,24206.73610438018
2785,67.09568808196838,25.04378424090896,17081.98574744721
2786,67.09561834878957,25.04829725384434,8875.400447117821
2787,67.09554859874996,25.052810263856326,0.0
2788,67.10512696140816,24.750494743967923,0.0
2789,67.10505849673666,24.755007958961524,0.0
2790,67.10499001542149,24.75952117105937,777.1238642926631
2791,67.10492151745999,24.764034380261048,1348.5899850397616
2792,67.10485300284947,24.768547586566143,81.21559694264926
2793,67.10478447158737,24.773060789974235,0.0
2794,67.10471592367098,24.777573990484925,0.0
2795,67.10464735909771,24.78208718809779,0.0
2796,67.10457877786487,24.786600382812427,0.0
2797,67.10451017996988,24.791113574628408,0.0
2798,67.10444156541003,24.795626763545336,0.0
2799,67.1043729341827,24.800139949562787,0.0
2800,67.10430428628524,24.804653132680365,0.0
2801,67.10423562171502,24.80916631289764,4991.236371053357
2802,67.10416694046937,24.813679490214202,8737.295579991813
2803,67.10409824254565,24.818192664629652,15014.780868467335
2804,67.1040295279412,24.822705836143573,15163.850950115468
2805,67.10396079665338,24.827219004755552,15887.815033234305
2806,67.10389204867954,24.831732170465163,7089.240331082892
2807,67.103823284017,24.836245333272014,5007.489366993484
2808,67.10375450266314,24.840758493175677,10685.518771932475
2809,67.10368570461529,24.845271650175757,12259.591753522433
2810,67.1036168898708,24.84978480427183,14085.45775242807
2811,67.10354805842701,24.854297955463494,1378.4084865256132
2812,67.10347921028128,24.85881110375033,0.0
2813,67.10341034543094,24.863324249131924,755.1456309963116
2814,67.10334146387329,24.86783739160787,815.7683883660196
2815,67.10327256560575,24.87235053117776,0.0
2816,67.10320365062557,24.87686366784117,3808.9816376041344
2817,67.10313471893018,24.881376801597707,7857.2556899666815
2818,67.10306577051684,24.88588993244694,331.7888265722702
2819,67.10299680538294,24.89040306038847,6411.223570369256
2820,67.1029278235258,24.894916185421888,6149.772601698752
2821,67.10285882494274,24.899429307546775,6565.993739165403
2822,67.1027898096311,24.903942426762715,8068.504367461059
2823,67.10272077758825,24.908455543069316,10229.318300656838
2824,67.10265172881144,24.912968656466152,11655.667692395025
2825,67.1025826632981,24.917481766952818,9745.817056988195
2826,67.10251358104549,24.921994874528902,12321.336181302568
2827,67.10244448205096,24.926507979193993,10604.563289679758
2828,67.10237536631183,24.93102108094768,10356.408793733035
2829,67.10230623382549,24.935534179789546,8673.56922411035
2830,67.10223708458918,24.9400472757192,13357.927231887179
2831,67.10216791860024,24.944560368736205,16414.96475827626
2832,67.10209873585606,24.94907345884018,13594.313974219975
2833,67.10202953635391,24.95358654603068,7511.041419936456
2834,67.10196032009111,24.958099630307323,9442.894395638074
2835,67.10189108706504,24.962612711669692,11367.081969922352
2836,67.10182183727295,24.967125790117368,5207.4103856299325
2837,67.1017525707122,24.97163886564995,10003.224307065011
2838,67.10168328738008,24.976151938267034,15058.934094858154
2839,67.10161398727398,24.980665007968184,11927.402403673928
2840,67.10154467039115,24.985178074753016,11245.765738600188
2841,67.10147533672892,24.989691138621104,12305.26443767656
2842,67.10140598628463,24.994204199572064,6866.111709550641
2843,67.10133661905557,24.99871725760545,7966.572945918989
2844,67.10126723503907,25.003230312720877,6654.100821601336
2845,67.10119783423242,25.00774336491792,3811.2851411677725
2846,67.10112841663299,25.01225641419618,3401.1514078749005
2847,67.10105898223803,25.016769460555246,4494.26216387881
2848,67.10098953104489,25.021282503994712,3072.6696924679086
2849,67.10092006305085,25.025795544514153,3282.5924811778796
2850,67.10085057825326,25.030308582113182,15695.308562988926
2851,67.10078107664941,25.034821616791373,17879.046471499267
2852,67.10071155823658,25.03933464854832,21056.48857126259
2853,67.1006420230121,25.043847677383617,17205.252475709167
2854,67.10057247097329,25.048360703296847,15476.749830868066
2855,67.10050290211746,25.052873726287608,0.0
2856,67.11006923854332,24.7505571760061,0.0
2857,67.11000095218441,24.75507040388452,0.0
2858,67.10993264922513,24.759583628868086,0.0
2859,67.10986432966283,24.764096850956385,0.0
2860,67.10979599349488,24.768610070149013,0.0
2861,67.10972764071866,24.773123286445536,0.0
2862,67.10965927133154,24.777636499845563,0.0
2863,67.10959088533086,24.782149710348666,260.7267328545075
2864,67.109522482714,24.786662917954448,0.0
2865,67.10945406347832,24.79117612266249,0.0
2866,67.10938562762117,24.79568932447238,0.0
2867,67.10931717513992,24.8002025233837,0.0
2868,67.10924870603193,24.804715719396043,0.0
2869,67.10918022029459,24.809228912509,9426.134459162531
2870,67.10911171792519,24.813742102722145,12607.494865458928
2871,67.10904319892114,24.818255290035093,12480.631710078644
2872,67.10897466327977,24.822768474447404,13282.556551030711
2873,67.10890611099846,24.82728165595869,19313.133481102246
2874,67.10883754207455,24.831794834568523,9835.384251636375
2875,67.10876895650541,24.836308010276493,3862.0101708891766
2876,67.10870035428839,24.840821183082202,12328.924556421807
2877,67.1086317354208,24.84533435298522,13927.040667664261
2878,67.10856309990005,24.849847519985147,13675.095138502122
2879,67.10849444772346,24.854360684081563,13927.892713325853
2880,67.10842577888839,24.858873845274065,0.0
2881,67.10835709339217,24.86338700356224,0.0
2882,67.10828839123216,24.867900158945677,1016.0679017926375
2883,67.10821967240571,24.872413311423966,0.0
2884,67.10815093691019,24.876926460996692,302.4771186566094
2885,67.10808218474291,24.881439607663445,5406.982228285132
2886,67.10801341590121,24.885952751423815,3662.945578280847
2887,67.10794463038245,24.890465892277387,3494.8940417904314
2888,67.10787582818399,24.894979030223755,10974.033297812097
2889,67.10780700930314,24.899492165262508,8417.878976963402
2890,67.10773817373725,24.904005297393233,8453.52501622401
2891,67.10766932148368,24.908518426615526,14622.290100360859
2892,67.10760045253974,24.913031552928967,3240.0684062295345
2893,67.10753156690281,24.917544676333144,11772.058339147188
2894,67.10746266457018,24.922057796827662,3851.1256555254768
2895,67.10739374553918,24.926570914412096,7232.983902396665
2896,67.10732480980722,24.931084029086033,8302.778955839145
2897,67.10725585737157,24.935597140849083,3258.0215507507232
2898,67.10718688822959,24.940110249700812,2387.540480992754
2899,67.10711790237862,24.944623355640825,10191.350272987083
2900,67.10704889981594,24.949136458668708,12507.952100673627
2901,67.10697988053894,24.953649558784043,12122.247096091398
2902,67.10691084454493,24.95816265598644,8862.03493219142
2903,67.10684179183123,24.96267575027546,7486.827226263366
2904,67.10677272239519,24.967188841650714,8010.216287576447
2905,67.10670363623413,24.971701930111788,5305.0211580022415
2906,67.10663453334533,24.97621501565827,16788.447209881695
2907,67.10656541372623,24.980728098289752,13423.08804240555
2908,67.10649627737403,24.985241178005825,9834.49094585843
2909,67.10642712428614,24.989754254806083,16002.82029945416
2910,67.10635795445984,24.994267328690096,9275.481996434377
2911,67.10628876789248,24.99878039965748,11967.00277006459
2912,67.10621956458137,25.00329346770782,16440.15703824227
2913,67.10615034452381,25.0078065328407,9633.013410328558
2914,67.10608110771716,25.0123195950557,7622.4636745087755
2915,67.10601185415871,25.016832654352434,7952.882917671555
2916,67.10594258384577,25.021345710730472,4017.0125332545485
2917,67.10587329677571,25.025858764189426,8299.347737371592
2918,67.10580399294581,25.030371814728873,7063.247739539963
2919,67.10573467235336,25.034884862348406,14083.573040169962
2920,67.10566533499573,25.03939790704761,16012.415473637437
2921,67.10559598087019,25.04391094882609,14847.25593560137
2922,67.10552660997408,25.048423987683428,17338.24050542389
2923,67.10545722230466,25.05293702361921,0.0
2924,67.11501153227624,24.750619445198556,0.0
2925,67.11494342423254,24.755132685928192,0.0
2926,67.11487529963176,24.75964592376388,0.0
2927,67.11480715847135,24.764159158705212,0.0
2928,67.11473900074859,24.76867239075175,0.0
2929,67.1146708264609,24.773185619903106,0.0
2930,67.11460263560564,24.777698846158863,53.65459323175321
2931,67.1145344281802,24.782212069518604,2377.9660837441347
2932,67.11446620418194,24.78672528998192,299.64403069951277
2933,67.11439796360821,24.791238507548396,0.0
2934,67.1143297064564,24.795751722217624,0.0
2935,67.11426143272388,24.800264933989187,0.0
2936,67.11419314240801,24.804778142862688,518.9996281182838
2937,67.11412483550616,24.809291348837696,7607.273658720318
2938,67.11405651201567,24.813804551913808,9118.470943633147
2939,67.11398817193394,24.818317752090618,8105.3116159403535
2940,67.1139198152583,24.82283094936771,10110.022563870498
2941,67.11385144198616,24.827344143744654,15734.514371991681
2942,67.11378305211485,24.83185733522107,12994.16967146731
2943,67.11371464564172,24.83637052379653,4153.514218193374
2944,67.11364622256417,24.840883709470628,9787.670421131885
2945,67.1135777828795,24.84539689224295,14192.972088485358
2946,67.11350932658515,24.84991007211307,10946.613547589164
2947,67.11344085367838,24.854423249080607,11612.87247243337
2948,67.11337236415662,24.858936423145128,0.0
2949,67.1133038580172,24.86344959430624,0.0
2950,67.11323533525749,24.867962762563504,1005.622852522125
2951,67.1131667958748,24.872475927916536,0.0
2952,67.11309823986653,24.87698909036491,0.0
2953,67.11302966723004,24.881502249908227,1894.1043765720278
2954,67.11296107796262,24.88601540654606,7798.630102519504
2955,67.11289247206169,24.890528560278018,6106.157139368374
2956,67.11282384952455,24.895041711103676,9249.393556243089
2957,67.11275521034857,24.899554859022615,13551.682128263938
2958,67.1126865545311,24.90406800403445,9954.809926036545
2959,67.1126178820695,24.908581146138758,14134.893940931717
2960,67.11254919296105,24.913094285335127,11590.000837927622
2961,67.11248048720319,24.91760742162314,7201.122759595332
2962,67.11241176479321,24.922120555002405,2704.3814001604337
2963,67.11234302572845,24.9266336854725,9258.006012582095
2964,67.11227427000627,24.931146813033003,4852.466504866038
2965,67.11220549762403,24.93565993768353,2883.22958040708
2966,67.11213670857902,24.940173059423653,742.0420903569062
2967,67.1120679028686,24.94468617825297,676.3697481781186
2968,67.11199908049015,24.949199294171066,8745.910408975578
2969,67.11193024144097,24.95371240717754,14642.161961265705
2970,67.1118613857184,24.95822551727197,12627.94823755728
2971,67.11179251331977,24.962738624453948,9326.951809651318
2972,67.11172362424243,24.96725172872307,7355.666340754558
2973,67.11165471848373,24.971764830078925,9722.717890646183
2974,67.11158579604096,24.976277928521114,19699.93826951727
2975,67.11151685691149,24.980791024049203,16535.4162937173
2976,67.11144790109266,24.9853041166628,6723.66710921984
2977,67.11137892858176,24.98981720636149,14990.800763842466
2978,67.11130993937614,24.99433029314486,12666.567624704283
2979,67.11124093347316,24.99884337701252,18178.709216739728
2980,67.1111719108701,25.00335645796404,14691.766541585434
2981,67.11110287156431,25.00786953599901,10146.339028774975
2982,67.11103381555311,25.012382611117037,2858.560074472406
2983,67.11096474283386,25.0168956833177,6842.9787388623245
2984,67.11089565340383,25.021408752600586,5159.902685132621
2985,67.1108265472604,25.025921818965305,3131.8434541559927
2986,67.11075742440086,25.030434882411434,5474.098689140401
2987,67.11068828482252,25.03494794293856,642.4116897587978
2988,67.11061912852274,25.03946100054629,4287.255207427699
2989,67.11054995549884,25.043974055234205,14490.459757129514
2990,67.1104807657481,25.048487107001893,12761.06017593214
2991,67.11041155926787,25.053000155848952,0.0
2992,67.11995384256358,24.75068155154313,0.0
2993,67.1198859128377,24.755194805090397,0.0
2994,67.11981796659809,24.759708055744607,0.0
2995,67.11975000384216,24.76422130350535,0.0
2996,67.11968202456723,24.768734548372215,0.0
2997,67.11961402877068,24.77324779034479,0.0
2998,67.11954601644993,24.77776102942267,1121.6153713570166
2999,67.11947798760237,24.782274265605434,0.0
3000,67.11940994222533,24.786787498892675,1024.7494880566753
3001,67.1193418803162,24.791300729283975,819.2201532747702
3002,67.11927380187235,24.795813956778932,0.0
3003,67.11920570689118,24.800327181377124,0.0
3004,67.11913759537006,24.804840403078146,1464.7949067856746
3005,67.11906946730633,24.809353621881584,1043.9163343752557
3006,67.11900132269741,24.813866837787028,4633.321392275741
3007,67.11893316154064,24.818380050794065,9819.094276484459
3008,67.11886498383339,24.822893260902294,12010.921798236417
3009,67.11879678957303,24.827406468111295,14387.681713263224
3010,67.11872857875694,24.83191967242065,12284.932306002043
3011,67.11866035138247,24.83643287382996,4444.33097071961
3012,67.11859210744704,24.840946072338802,6434.845825447043
3013,67.11852384694795,24.845459267946776,9318.24031467129
3014,67.1184555698826,24.849972460653476,4311.457909827093
3015,67.11838727624831,24.854485650458468,6024.297599596617
3016,67.1183189660425,24.858998837361362,855.5867998472625
3017,67.11825063926253,24.863512021361736,0.0
3018,67.11818229590573,24.868025202459183,1000.7530563646367
3019,67.11811393596946,24.872538380653307,0.0
3020,67.11804555945113,24.877051555943673,0.0
3021,67.11797716634803,24.88156472832988,93.0002831267453
3022,67.11790875665758,24.88607789781152,6505.537033864829
3023,67.1178403303771,24.890591064388186,3021.75110981746
3024,67.11777188750395,24.895104228059456,11891.378426670275
3025,67.11770342803548,24.89961738882493,9362.621839718782
3026,67.1176349519691,24.904130546684193,13205.355079966217
3027,67.11756645930208,24.908643701636834,12529.560568820503
3028,67.11749795003183,24.913156853682448,12323.394814600675
3029,67.1174294241557,24.91767000282062,6553.682683019081
3030,67.11736088167102,24.922183149050948,12250.0495323158
3031,67.11729232257514,24.926696292373013,9205.861428076
3032,67.1172237468654,24.931209432786407,5095.467668827012
3033,67.1171551545392,24.93572257029072,859.7823808514732
3034,67.11708654559385,24.940235704885545,2609.8223616216237
3035,67.1170179200267,24.94474883657047,679.1635161174192
3036,67.11694927783509,24.94926196534508,497.1637460984125
3037,67.1168806190164,24.953775091208982,9980.878435489907
3038,67.11681194356792,24.958288214161755,11457.589008633857
3039,67.11674325148702,24.962801334202982,7856.24614742366
3040,67.11667454277108,24.96731445133227,3824.2258630821707
3041,67.11660581741738,24.971827565549205,7553.4749022930955
3042,67.1165370754233,24.976340676853365,11826.35694698382
3043,67.11646831678615,24.98085378524435,11207.607429416985
3044,67.1163995415033,24.985366890721753,7386.802809451107
3045,67.11633074957209,24.989879993285168,16283.907683704738
3046,67.11626194098983,24.994393092934175,14370.982121820174
3047,67.11619311575387,24.998906189668368,15524.969314473861
3048,67.11612427386154,25.003419283487347,12775.186406343802
3049,67.11605541531019,25.007932374390695,12488.410844751275
3050,67.11598654009715,25.012445462378007,9263.165187219412
3051,67.11591764821975,25.016958547448866,8024.073312695402
3052,67.11584873967533,25.02147162960287,929.1361156727343
3053,67.11577981446118,25.025984708839616,0.0
3054,67.1157108725747,25.03049778515869,4862.351370329325
3055,67.11564191401317,25.03501085855967,0.0
3056,67.11557293877391,25.039523929042165,144.70189635244998
3057,67.11550394685432,25.04403699660577,5186.322649066929
3058,67.11543493825162,25.048550061250058,7413.94997052674
3059,67.11536591296324,25.05306312297463,0.0
3060,67.12489616936203,24.75074349503769,0.0
3061,67.1248284179566,24.755256761368976,0.0
3062,67.12476065008077,24.75977002480811,0.0
3063,67.12469286573194,24.764283285354676,0.0
3064,67.12462506490743,24.768796543008264,0.0
3065,67.12455724760468,24.773309797768448,0.0
3066,67.12448941382108,24.777823049634843,1723.4895626693392
3067,67.12442156355398,24.782336298607017,3152.555982523482
3068,67.1243536968008,24.786849544684568,3118.7249957546155
3069,67.1242858135589,24.79136278786708,1683.55011868243
3070,67.12421791382566,24.795876028154137,336.35182589231766
3071,67.12414999759845,24.800389265545338,0.0
3072,67.1240820648747,24.804902500040264,3117.5073143325167
3073,67.12401411565175,24.809415731638502,1017.997695325953
3074,67.123946149927,24.81392896033966,2038.3884202421445
3075,67.12387816769781,24.818442186143308,5384.650009425051
3076,67.12381016896157,24.822955409049037,12553.344056006405
3077,67.12374215371563,24.82746862905644,15091.255182803261
3078,67.12367412195741,24.831981846165107,15080.331783557585
3079,67.12360607368426,24.836495060374624,8940.709828466626
3080,67.12353800889353,24.841008271684572,3211.7037854252717
3081,67.12346992758265,24.84552148009456,150.06312685876543
3082,67.12340182974894,24.85003468560417,1492.7109590432358
3083,67.1233337153898,24.854547888212977,5459.2582921026615
3084,67.12326558450259,24.85906108792059,2273.2923234480545
3085,67.12319743708468,24.86357428472659,0.0
3086,67.12312927313343,24.86808747863056,1029.218655130393
3087,67.12306109264625,24.872600669632106,633.8967797435847
3088,67.12299289562047,24.877113857730805,0.0
3089,67.12292468205345,24.881627042926244,0.0
3090,67.12285645194257,24.886140225218035,2799.2308645281682
3091,67.12278820528519,24.890653404605736,4758.18035352621
3092,67.12271994207866,24.895166581088958,5183.617121311341
3093,67.12265166232037,24.89967975466728,3841.9812976028966
3094,67.12258336600767,24.904192925340297,8351.980425926171
3095,67.12251505313793,24.9087060931076,11434.209420336098
3096,67.1224467237085,24.91321925796878,11244.864476377936
3097,67.12237837771674,24.917732419923425,11642.042300703251
3098,67.12231001516,24.92224557897114,11294.501858277454
3099,67.12224163603565,24.926758735111488,9906.604111843004
3100,67.12217324034106,24.931271888344064,7296.191800094492
3101,67.12210482807353,24.93578503866848,2766.0048195451072
3102,67.12203639923048,24.940298186084313,2425.999283874363
3103,67.12196795380923,24.944811330591147,1384.028259794006
3104,67.12189949180713,24.94932447218859,36.4599061258599
3105,67.12183101322158,24.953837610876214,1320.3181035077853
3106,67.12176251804986,24.958350746653622,10193.476047532531
3107,67.12169400628937,24.96286387952039,3975.39937114513
3108,67.12162547793744,24.967377009476134,8858.527468140352
3109,67.12155693299142,24.971890136520425,10581.629326556886
3110,67.12148837144866,24.97640326065286,6519.706269565317
3111,67.12141979330652,24.980916381873026,11111.358706134455
3112,67.12135119856234,24.985429500180523,11856.751597441302
3113,67.12128258721346,24.98994261557494,8518.762327521172
3114,67.12121395925719,24.99445572805585,14.962874331031356
3115,67.12114531469095,24.998968837622865,7454.4013306489915
3116,67.12107665351203,25.003481944275578,14507.18114149012
3117,67.12100797571777,25.007995048013566,13140.591945657548
3118,67.12093928130555,25.012508148836428,7925.872844034123
3119,67.12087057027267,25.017021246743756,10694.072398712242
3120,67.1208018426165,25.021534341735126,10564.084070945773
3121,67.12073309833434,25.026047433810163,4366.522006450488
3122,67.12066433742356,25.030560522968436,4529.290941826004
3123,67.1205955598815,25.035073609209537,3578.046476668179
3124,67.12052676570546,25.03958669253306,11097.632814968365
3125,67.12045795489283,25.04409977293859,4222.841329805465
3126,67.1203891274409,25.048612850425744,2287.840136128191
3127,67.12032028334698,25.053125924994074,0.0
3128,67.12983851262827,24.750805275680083,0.0
3129,67.12977093954593,24.7553185547618,0.0
3130,67.1297033500365,24.759831830952255,0.0
3131,67.12963574409737,24.76434510425104,0.0
3132,67.12956812172591,24.76885837465774,0.0
3133,67.12950048291955,24.773371642171938,0.0
3134,67.1294328276757,24.777884906793226,1079.3440049564233
3135,67.12936515599169,24.7823981685212,6135.783591714977
3136,67.12929746786497,24.78691142735544,1680.9092484972884
3137,67.12922976329291,24.791424683295553,6204.682057499037
3138,67.1291620422729,24.7959379363411,4566.792819483842
3139,67.1290943048023,24.80045118649168,776.716576213724
3140,67.12902655087854,24.804964433746893,2202.8292713964347
3141,67.12895878049898,24.809477678106315,938.5977172500955
3142,67.12889099366099,24.813990919569545,1959.3394630692194
3143,67.12882319036201,24.818504158136168,6801.507895331502
3144,67.12875537059941,24.823017393805774,18618.830670437066
3145,67.12868753437053,24.827530626577943,20880.3031232814
3146,67.12861968167282,24.83204385645228,17733.628683221705
3147,67.12855181250357,24.836557083428364,9764.747879494002
3148,67.12848392686021,24.84107030750579,1680.283475505286
3149,67.12841602474015,24.84558352868414,1404.7321880164782
3150,67.12834810614072,24.850096746963015,715.7795792566084
3151,67.12828017105933,24.854609962341993,9072.77848915234
3152,67.12821221949336,24.85912317482067,6115.131355552533
3153,67.12814425144016,24.86363638439864,1031.4051760737243
3154,67.12807626689712,24.86814959107548,2120.2844204287812
3155,67.12800826586164,24.872662794850786,17048.52184075976
3156,67.12794024833103,24.877175995724155,535.8349851406283
3157,67.12787221430271,24.88168919369517,6867.584457618378
3158,67.12780416377403,24.88620238876342,11773.234826440672
3159,67.1277360967424,24.8907155809285,3701.2089409964337
3160,67.12766801320515,24.895228770190002,0.0
3161,67.12759991315967,24.8997419565475,204.3767408940926
3162,67.12753179660334,24.9042551400006,2979.586933697683
3163,67.12746366353346,24.90876832054889,12231.5509559364
3164,67.1273955139475,24.91328149819196,13632.497825882303
3165,67.12732734784277,24.917794672929404,11981.231059455873
3166,67.12725916521661,24.922307844760795,10253.910483138927
3167,67.12719096606644,24.92682101368574,11365.338885587615
3168,67.12712275038957,24.93133417970383,8545.865506115835
3169,67.12705451818341,24.935847342814654,5738.310739581702
3170,67.1269862694453,24.940360503017796,7312.525196761152
3171,67.1269180041726,24.944873660312844,7563.5870314773
3172,67.12684972236268,24.94938681469941,5115.469248520225
3173,67.12678142401288,24.953899966177058,8536.22210311114
3174,67.12671310912059,24.958413114745397,5099.261320096736
3175,67.12664477768313,24.962926260404014,10655.845522659594
3176,67.1265764296979,24.967439403152497,10842.128094668145
3177,67.12650806516221,24.97195254299044,6794.855405511034
3178,67.12643968407342,24.976465679917435,9224.329610428207
3179,67.12637128642893,24.980978813933067,6247.366925440827
3180,67.12630287222606,24.98549194503693,9647.328933618757
3181,67.12623444146217,24.990005073228623,22575.89135837711
3182,67.1261659941346,24.994518198507727,7391.9586646614325
3183,67.1260975302407,24.99903132087384,5512.913234159414
3184,67.12602904977786,25.003544440326557,7702.8123058135025
3185,67.12596055274336,25.008057556865456,10641.785248526761
3186,67.12589203913458,25.01257067049014,12891.611691275788
3187,67.12582350894891,25.01708378120019,12590.250679449953
3188,67.12575496218362,25.021596888995212,13944.952252042945
3189,67.12568639883614,25.026109993874787,12617.608027632616
3190,67.12561781890373,25.03062309583852,8761.088761663368
3191,67.1255492223838,25.03513619488599,7052.745404268765
3192,67.12548060927365,25.039649291016786,4107.678972757414
3193,67.12541197957063,25.044162384230514,3338.277672325832
3194,67.12534333327211,25.048675474526753,1397.4614695807747
3195,67.12527467037538,25.053188561905106,0.0
3196,67.13478087231904,24.750866893468174,0.0
3197,67.13471347756236,24.755380185266723,0.0
3198,67.1346460664219,24.759893474174902,0.0
3199,67.13457863889509,24.764406760192298,0.0
3200,67.1345111949793,24.768920043318502,0.0
3201,67.13444373467198,24.773433323553107,0.0
3202,67.13437625797044,24.777946600895696,0.0
3203,67.13430876487216,24.782459875345854,982.0226465548569
3204,67.1342412553745,24.786973146903176,1798.2836250913842
3205,67.1341737294749,24.791486415567256,3723.1173627546145
3206,67.1341061871707,24.79599968133768,4401.131602959683
3207,67.13403862845932,24.80051294421402,7526.722562764829
3208,67.13397105333816,24.805026204195897,2816.024048508648
3209,67.13390346180458,24.809539461282867,2477.3440337442185
3210,67.13383585385604,24.814052715474553,5533.874471001646
3211,67.13376822948986,24.818565966770514,13402.829272404884
3212,67.1337005887035,24.82307921517036,18256.611763400564
3213,67.13363293149429,24.82759246067367,16707.550675025595
3214,67.13356525785967,24.832105703280035,18513.82520179437
3215,67.13349756779698,24.836618942989045,14417.59291720102
3216,67.13342986130363,24.8411321798003,2648.591149995032
3217,67.13336213837698,24.845645413713378,10803.968229691774
3218,67.1332943990145,24.850158644727866,15822.871891461964
3219,67.13322664321349,24.85467187284336,20703.623239195553
3220,67.13315887097137,24.85918509805946,9865.466629949266
3221,67.13309108228549,24.863698320375732,1.603631964413636
3222,67.13302327715327,24.868211539791787,432.0162888565734
3223,67.13295545557207,24.872724756307203,16439.00403783758
3224,67.1328876175393,24.877237969921577,5907.430812553811
3225,67.13281976305231,24.881751180634502,13996.005445450908
3226,67.13275189210849,24.886264388445557,13330.285347955803
3227,67.13268400470521,24.890777593354336,3290.324204027192
3228,67.13261610083987,24.89529079536044,0.0
3229,67.13254818050983,24.899803994463447,0.0
3230,67.13248024371246,24.904317190662958,69.04597013724995
3231,67.13241229044516,24.90883038395856,13321.034653291277
3232,67.13234432070527,24.913343574349838,11654.320967393749
3233,67.13227633449019,24.91785676183638,11407.948987505197
3234,67.13220833179726,24.922369946417785,11348.563629530872
3235,67.13214031262387,24.92688312809364,11886.10545937019
3236,67.1320722769674,24.93139630686354,11766.987765088561
3237,67.13200422482524,24.935909482727073,7962.127729217624
3238,67.13193615619471,24.940422655683832,2980.223810589966
3239,67.13186807107319,24.944935825733406,5634.3992176906495
3240,67.13179996945807,24.94944899287539,11521.20171360586
3241,67.13173185134673,24.95396215710937,13839.326820651944
3242,67.13166371673645,24.95847531843494,5758.791113124188
3243,67.1315955656247,24.96298847685168,10432.778925617064
3244,67.13152739800879,24.9675016323592,9633.99888100504
3245,67.13145921388607,24.972014784957082,3417.5904999503987
3246,67.13139101325393,24.976527934644917,12302.701828480882
3247,67.13132279610971,24.9810410814223,13252.873065701699
3248,67.13125456245082,24.98555422528882,6799.239551914903
3249,67.13118631227455,24.99006736624407,8021.019071311616
3250,67.1311180455783,24.994580504287637,11149.917407648472
3251,67.13104976235944,24.999093639419122,15409.511881628752
3252,67.13098146261527,25.003606771638104,15713.804699911996
3253,67.13091314634322,25.008119900944187,12063.902437805335
3254,67.13084481354058,25.01263302733696,14512.862418108378
3255,67.13077646420471,25.01714615081601,11304.33069094292
3256,67.13070809833302,25.02165927138093,11432.035487575833
3257,67.13063971592281,25.026172389031316,12149.332329474173
3258,67.13057131697146,25.03068550376676,12959.010310459702
3259,67.1305029014763,25.03519861558686,4198.37795468219
3260,67.13043446943466,25.039711724491188,1332.7512080525096
3261,67.13036602084395,25.044224830479347,2529.349424559753
3262,67.13029755570149,25.048737933550942,4611.959988144232
3263,67.1302290740046,25.05325103370555,0.0
3264,67.13972324839096,24.750928348399842,0.0
3265,67.13965603196256,24.75544165288162,0.0
3266,67.13958879919369,24.759954954473923,0.0
3267,67.1395215500818,24.764468253176332,0.0
3268,67.13945428462425,24.768981548988435,0.0
3269,67.13938700281852,24.773494841909837,0.0
3270,67.13931970466196,24.77800813194011,0.0
3271,67.13925239015198,24.782521419078844,349.8670044125938
3272,67.139185059286,24.787034703325627,3995.11705742829
3273,67.13911771206145,24.79154798468007,11908.114672576074
3274,67.13905034847569,24.796061263141738,11145.031852788421
3275,67.13898296852612,24.80057453871023,14767.61830989994
3276,67.13891557221015,24.80508781138513,0.0
3277,67.13884815952524,24.809601081166036,6749.065552611616
3278,67.1387807304687,24.81411434805253,17866.88233335668
3279,67.13871328503797,24.818627612044214,18089.374096111802
3280,67.13864582323043,24.823140873140655,24947.4693821608
3281,67.13857834504351,24.827654131341472,18481.057825682048
3282,67.13851085047459,24.83216738664623,17525.93252312312
3283,67.13844333952105,24.83668063905453,15059.666037396675
3284,67.1383758121803,24.84119388856596,1047.9992264116768
3285,67.13830826844975,24.845707135180113,12306.195990839315
3286,67.13824070832676,24.850220378896573,18638.774670315455
3287,67.13817313180873,24.854733619714942,13134.823358909738
3288,67.13810553889309,24.859246857634794,8514.367161607215
3289,67.13803792957715,24.863760092655724,2599.777071335565
3290,67.13797030385838,24.868273324777334,0.0
3291,67.13790266173413,24.8727865539992,10783.165321627199
3292,67.1378350032018,24.877299780320925,18294.315563872835
3293,67.13776732825878,24.881813003742092,14400.5125938871
3294,67.1376996369024,24.88632622426228,9127.278732127974
3295,67.13763192913011,24.890839441881102,1273.2084095187129
3296,67.1375642049393,24.89535265659814,150.61806521906084
3297,67.13749646432731,24.89986586841298,0.0
3298,67.13742870729155,24.904379077325213,1979.2791750316526
3299,67.13736093382941,24.908892283334442,9240.636691237532
3300,67.13729314393822,24.91340548644024,11292.046354488875
3301,67.13722533761542,24.91791868664221,10977.088312613667
3302,67.13715751485836,24.922431883939943,12540.707438830726
3303,67.13708967566441,24.92694507833302,14730.540476285529
3304,67.13702182003098,24.931458269821043,13137.366536712123
3305,67.13695394795539,24.9359714584036,13561.82891247224
3306,67.1368860594351,24.94048464408028,6778.33090956894
3307,67.1368181544674,24.94499782685067,3606.7179825431563
3308,67.13675023304971,24.949511006714374,11517.109844703933
3309,67.13668229517941,24.95402418367098,17270.363691124534
3310,67.13661434085387,24.95853735772007,15838.917274761932
3311,67.13654637007039,24.96305052886124,11203.030413215338
3312,67.13647838282645,24.967563697094086,7846.048352233138
3313,67.13641037911935,24.972076862418195,8061.573591034945
3314,67.13634235894651,24.97659002483316,8782.541719463907
3315,67.13627432230523,24.981103184338572,6931.166931871595
3316,67.13620626919291,24.985616340934026,7148.338768833193
3317,67.13613819960693,24.99012949461911,9130.826765839714
3318,67.13607011354465,24.994642645393427,8686.567142427688
3319,67.13600201100343,24.999155793256552,17836.000923701555
3320,67.13593389198061,25.003668938208083,16484.368075135546
3321,67.1358657564736,25.008182080247614,19545.33733084697
3322,67.13579760447975,25.01269521937474,16026.751365323264
3323,67.1357294359964,25.017208355589048,10739.777073928739
3324,67.13566125102089,25.021721488890133,9788.494640578549
3325,67.13559304955062,25.026234619277588,12548.276688837173
3326,67.13552483158296,25.030747746751004,11105.832304200514
3327,67.13545659711525,25.035260871309973,933.9325989660761
3328,67.13538834614482,25.039773992954093,931.1172922448987
3329,67.13532007866905,25.04428711168294,6268.581005949176
3330,67.13525179468529,25.048800227496123,3050.723654326707
3331,67.13518349419091,25.053313340393235,0.0
3332,67.14466564080075,24.750989640472955,0.0
3333,67.14459860270317,24.75550295760436,0.0
3334,67.14453154830849,24.760016271847192,0.0
3335,67.14446447761411,24.764529583201007,0.0
3336,67.14439739061741,24.769042891665404,0.0
3337,67.14433028731587,24.77355619723999,0.0
3338,67.14426316770687,24.77806949992434,0.0
3339,67.14419603178781,24.782582799718025,59.455621544836205
3340,67.14412887955612,24.787096096620676,0.0
3341,67.14406171100919,24.79160939063185,7325.995023617876
3342,67.14399452614447,24.796122681751147,12632.219494696326
3343,67.14392732495934,24.80063596997816,10362.213276596998
3344,67.14386010745118,24.80514925531247,7564.620203978088
3345,67.14379287361743,24.809662537753667,12468.865424207743
3346,67.14372562345554,24.81417581730136,19858.25814112488
3347,67.14365835696283,24.81868909395512,19911.432742979126
3348,67.14359107413675,24.823202367714533,18857.0942999245
3349,67.14352377497472,24.827715638579217,21167.804377413122
3350,67.14345645947411,24.832228906548732,17701.277710707564
3351,67.14338912763235,24.83674217162267,17496.461359203364
3352,67.14332177944681,24.841255433800644,3471.0204413633446
3353,67.14325441491489,24.845768693082228,11170.51655787324
3354,67.14318703403404,24.850281949467014,9199.395196575775
3355,67.14311963680163,24.85479520295459,731.395632074864
3356,67.14305222321504,24.859308453544553,10021.381687186084
3357,67.1429847932717,24.863821701236485,6958.399848361594
3358,67.14291734696897,24.86833494602999,0.0
3359,67.14284988430427,24.87284818792465,2868.5908653426104
3360,67.14278240527499,24.87736142692005,18478.96991888392
3361,67.1427149098785,24.881874663015797,19328.459405546597
3362,67.14264739811223,24.88638789621147,8277.995996704896
3363,67.14257986997355,24.890901126506648,1575.8661467026513
3364,67.14251232545989,24.895414353900946,214.42469250241612
3365,67.14244476456858,24.89992757839395,0.0
3366,67.14237718729704,24.904440799985228,413.1496383236796
3367,67.14230959364265,24.908954018674404,4963.741410202446
3368,67.14224198360283,24.913467234461056,8132.676733616402
3369,67.14217435717491,24.91798044734476,11199.730793683499
3370,67.14210671435632,24.922493657325123,13854.989896278597
3371,67.14203905514444,24.927006864401736,14503.122953375645
3372,67.14197137953666,24.93152006857419,5134.950678330984
3373,67.14190368753033,24.936033269842078,10230.88787058249
3374,67.14183597912287,24.940546468204985,6609.56627373682
3375,67.1417682543116,24.945059663662505,248.49793357218036
3376,67.141700513094,24.94957285621423,7223.756807384585
3377,67.1416327554674,24.95408604585974,17007.67953220819
3378,67.14156498142913,24.958599232598658,14722.677015896936
3379,67.14149719097662,24.963112416430544,13291.618411326797
3380,67.14142938410727,24.967625597355,4149.913163576748
3381,67.14136156081844,24.972138775371626,7757.97513035187
3382,67.14129372110746,24.976651950480008,5855.893961951984
3383,67.14122586497177,24.981165122679737,2054.774708723338
3384,67.14115799240868,24.985678291970405,6278.957432742729
3385,67.14109010341562,24.99019145835161,11040.11547522351
3386,67.14102219798993,24.99470462182293,6922.237711300871
3387,67.14095427612901,24.999217782383976,4718.656366514958
3388,67.14088633783018,25.003730940034323,9293.374313083454
3389,67.14081838309086,25.008244094773577,18320.664296984167
3390,67.14075041190841,25.012757246601318,15082.524982974857
3391,67.14068242428017,25.01727039551716,10264.21770069065
3392,67.14061442020356,25.021783541520662,9979.994676352893
3393,67.14054639967587,25.026296684611445,8784.950310352995
3394,67.14047836269454,25.03080982478909,10705.302156111662
3395,67.14041030925688,25.03532296205319,0.0
3396,67.1403422393603,25.039836096403338,518.8967550088262
3397,67.14027415300211,25.044349227839135,5763.563964903778
3398,67.14020605017973,25.048862356360157,3637.61433110498
3399,67.14013793089049,25.053375481966018,0.0
3400,67.14960804950506,24.751050769685392,0.0
3401,67.14954118974093,24.755564099432842,0.0
3402,67.149474313723,24.76007742629258,0.0
3403,67.14940742144871,24.764590750264205,0.0
3404,67.14934051291547,24.769104071347297,0.0
3405,67.14927358812069,24.77361738954145,0.0
3406,67.14920664706182,24.778130704846262,0.0
3407,67.14913968973627,24.782644017261305,0.0
3408,67.14907271614143,24.78715732678618,0.0
3409,67.14900572627475,24.79167063342048,455.52159877156896
3410,67.14893872013363,24.796183937163782,4283.468233431923
3411,67.14887169771549,24.800697238015687,9258.19968590419
3412,67.14880465901776,24.80521053597579,19194.61460239982
3413,67.14873760403785,24.809723831043666,17268.693773547573
3414,67.14867053277314,24.81423712321891,11798.175295076022
3415,67.14860344522106,24.818750412501117,6324.055239406024
3416,67.14853634137906,24.823263698889875,8530.206983738693
3417,67.1484692212445,24.827776982384773,21131.59498851783
3418,67.1484020848148,24.832290262985413,19006.330549135804
3419,67.14833493208741,24.83680354069135,18564.26748058835
3420,67.14826776305966,24.84131681550222,7319.309503338363
3421,67.14820057772906,24.84583008741759,4896.992198585273
3422,67.14813337609291,24.850343356437044,420.1737920650802
3423,67.14806615814871,24.854856622560185,20.78814760422562
3424,67.14799892389381,24.859369885786602,12488.999672264994
3425,67.1479316733256,24.863883146115885,10009.778282354704
3426,67.14786440644153,24.868396403547628,1043.6171690746505
3427,67.14779712323899,24.87290965808141,4376.660177350862
3428,67.14772982371534,24.87742290971683,13076.459759030238
3429,67.14766250786805,24.881936158453488,17730.63252150399
3430,67.14759517569448,24.886449404290957,9272.851504505106
3431,67.14752782719202,24.89096264722884,3881.3503693214893
3432,67.14746046235805,24.89547588726673,350.9818460292456
3433,67.14739308119007,24.899989124404204,0.0
3434,67.14732568368535,24.90450235864087,0.0
3435,67.14725826984136,24.90901558997631,0.0
3436,67.14719083965548,24.91352881841012,11044.14520689857
3437,67.1471233931251,24.918042043941888,14542.927223041628
3438,67.14705593024757,24.922555266571205,8312.05913059092
3439,67.14698845102038,24.927068486297664,1015.2169650676996
3440,67.14692095544085,24.93158170312085,8829.582936829342
3441,67.1468534435064,24.936094917040375,14002.437466333882
3442,67.14678591521438,24.9406081280558,14092.531348153256
3443,67.1467183705622,24.945121336166743,4439.980777022523
3444,67.14665080954727,24.949634541372795,9784.686159901985
3445,67.14658323216696,24.95414774367353,9089.634327415672
3446,67.14651563841865,24.95866094306855,12078.731910821263
3447,67.14644802829974,24.963174139557445,14726.554453830571
3448,67.14638040180758,24.967687333139818,8621.567257980822
3449,67.14631275893962,24.97220052381524,1002.1025449286876
3450,67.14624509969318,24.976713711583322,2218.335743201685
3451,67.14617742406564,24.981226896443644,5867.116651085742
3452,67.14610973205446,24.98574007839581,9289.620175868391
3453,67.14604202365693,24.9902532574394,6357.45085515653
3454,67.14597429887047,24.994766433574018,6095.764093501034
3455,67.14590655769246,24.999279606799252,3773.652876026911
3456,67.14583880012026,25.003792777114683,1288.1869044789323
3457,67.14577102615128,25.008305944519922,11272.77222231816
3458,67.14570323578285,25.01281910901456,17577.128114427516
3459,67.14563542901237,25.017332270598164,11832.828438044775
3460,67.14556760583723,25.021845429270368,10622.923830421245
3461,67.14549976625479,25.026358585030728,7679.020425199172
3462,67.1454319102624,25.030871737878858,13399.634738306118
3463,67.14536403785746,25.035384887814352,8435.50127718573
3464,67.14529614903734,25.03989803483678,6163.193517587919
3465,67.14522824379941,25.044411178945765,4146.239658273093
3466,67.14516032214101,25.04892432014088,5269.228564185412
3467,67.14509238405952,25.05343745842172,0.0
3468,67.15455047446059,24.75111173603505,0.0
3469,67.15448379303247,24.75562507836493,0.0
3470,67.1544170953939,24.760138417807987,0.0
3471,67.15435038154229,24.76465175436381,0.0
3472,67.15428365147504,24.76916508803199,0.0
3473,67.15421690518963,24.77367841881211,0.0
3474,67.15415014268349,24.77819174670377,0.0
3475,67.15408336395399,24.78270507170654,0.0
3476,67.15401656899861,24.787218393820037,0.0
3477,67.15394975781474,24.79173171304384,0.0
3478,67.15388293039983,24.796245029377538,333.1898451793613
3479,67.15381608675129,24.80075834282071,7339.5960447959915
3480,67.15374922686652,24.805271653372966,10707.6099473717
3481,67.15368235074301,24.809784961033884,5847.269564795858
3482,67.15361545837811,24.81429826580306,12578.26228879462
3483,67.15354854976927,24.81881156768009,13887.678477075895
3484,67.15348162491388,24.823324866664546,16365.209708266615
3485,67.1534146838094,24.82783816275603,15991.784418020055
3486,67.15334772645322,24.832351455954136,14970.581682306181
3487,67.15328075284275,24.83686474625845,13015.930226825594
3488,67.15321376297544,24.841378033668565,10275.791409222322
3489,67.15314675684867,24.845891318184062,2056.8056134359836
3490,67.15307973445988,24.850404599804545,2789.865410841617
3491,67.15301269580644,24.8549178785296,7748.30185697418
3492,67.15294564088583,24.859431154358816,16250.491479022683
3493,67.1528785696954,24.86394442729179,8431.301020648049
3494,67.15281148223256,24.868457697328108,1403.0454590429813
3495,67.15274437849476,24.872970964467363,1714.1735167909108
3496,67.1526772584794,24.87748422870914,10984.33180481836
3497,67.15261012218386,24.881997490053035,19606.18363170587
3498,67.15254296960558,24.886510748498647,12895.438253624196
3499,67.15247580074195,24.89102400404556,8386.360815239585
3500,67.15240861559035,24.895537256693355,2867.4817418842017
3501,67.15234141414822,24.900050506441637,357.07743844642204
3502,67.15227419641298,24.904563753290002,0.0
3503,67.15220696238198,24.90907699723803,0.0
3504,67.15213971205263,24.913590238285312,3928.1106021830506
3505,67.15207244542238,24.918103476431455,18793.66062583664
3506,67.15200516248858,24.922616711676035,18286.105454306304
3507,67.15193786324865,24.92712994401865,10852.464398522268
3508,67.15187054769999,24.93164317345888,8498.435444401173
3509,67.15180321584,24.936156399996342,13280.95249300799
3510,67.15173586766606,24.9406696236306,11552.286633173539
3511,67.15166850317557,24.945182844361277,9000.323343466533
3512,67.15160112236593,24.94969606218794,5727.018453575246
3513,67.15153372523454,24.95420927711019,9175.47108702072
3514,67.15146631177879,24.958722489127613,8476.672203816162
3515,67.15139888199606,24.963235698239814,13974.836386292329
3516,67.15133143588375,24.967748904446367,15075.153347391903
3517,67.15126397343924,24.97226210774689,13092.247674076974
3518,67.15119649465993,24.976775308140954,6080.5314605474805
3519,67.15112899954325,24.981288505628157,5024.182304664003
3520,67.15106148808653,24.985801700208093,3384.285353080637
3521,67.15099396028717,24.99031489188036,8966.200429937931
3522,67.15092641614257,24.99482808064454,12107.450336937283
3523,67.15085885565009,24.99934126650023,6830.65053272761
3524,67.15079127880713,25.00385444944702,4157.636566043746
3525,67.1507236856111,25.008367629484518,4809.630763994104
3526,67.15065607605936,25.012880806612298,17934.901701001083
3527,67.15058845014924,25.017393980829958,15034.651536833217
3528,67.15052080787824,25.0219071521371,10853.124763838345
3529,67.15045314924363,25.02642032053331,8148.997621550967
3530,67.15038547424284,25.030933486018174,10696.548546212163
3531,67.15031778287323,25.035446648591297,8727.478583402764
3532,67.15025007513222,25.03995980825228,11670.799908231002
3533,67.15018235101715,25.044472965000693,5121.983159910277
3534,67.15011461052539,25.04898611883614,1000.9583394568383
3535,67.15004685365432,25.053499269758223,0.0
3536,67.15949291562401,24.751172539519814,0.0
3537,67.15942641253449,24.755685894398535,0.0
3538,67.15935989327781,24.7601992463913,0.0
3539,67.15929335785145,24.76471259549772,0.0
3540,67.15922680625279,24.769225941717366,0.0
3541,67.15916023847932,24.77373928504985,0.0
3542,67.15909365452846,24.778252625494744,0.0
3543,67.15902705439764,24.782765963051638,0.0
3544,67.15896043808426,24.78727929772014,0.0
3545,67.1588938055858,24.79179262949982,0.0
3546,67.15882715689965,24.796305958390278,0.0
3547,67.15876049202329,24.800819284391107,809.826160840822
3548,67.15869381095413,24.805332607501896,8924.144137074361
3549,67.15862711368956,24.809845927722225,10971.650519119252
3550,67.15856040022702,24.8143592450517,11663.430438915902
3551,67.15849367056398,24.818872559489904,13684.327748875108
3552,67.15842692469785,24.823385871036436,15627.484297995996
3553,67.158360162626,24.827899179690867,9278.284368612667
3554,67.15829338434592,24.83241248545281,16420.809187073497
3555,67.15822658985498,24.83692578832184,13588.548882146837
3556,67.15815977915065,24.841439088297548,13686.742682219498
3557,67.15809295223033,24.845952385379544,2955.8957481788375
3558,67.15802610909144,24.8504656795674,5294.358326750209
3559,67.1579592497314,24.854978970860714,7601.193356562112
3560,67.15789237414764,24.85949225925908,4359.155219461495
3561,67.15782548233757,24.864005544762083,3195.163679884797
3562,67.15775857429858,24.86851882736931,1946.4336990634486
3563,67.15769165002814,24.87303210708038,1957.1891519405171
3564,67.1576247095236,24.87754538389485,12716.136292468862
3565,67.15755775278245,24.88205865781233,19944.77274587755
3566,67.15749077980205,24.8865719288324,10198.242635146795
3567,67.15742379057981,24.891085196954666,4881.754657111063
3568,67.1573567851132,24.895598462178707,3823.4550819195415
3569,67.15728976339955,24.900111724504118,248.30575636477772
3570,67.15722272543633,24.904624983930503,0.0
3571,67.15715567122092,24.909138240457434,0.0
3572,67.15708860075074,24.91365149408452,0.0
3573,67.15702151402321,24.918164744811342,4209.583518324415
3574,67.1569544110357,24.9226779926375,11391.200570426621
3575,67.15688729178567,24.927191237562575,12978.716924014301
3576,67.15682015627048,24.931704479586163,13375.936784808453
3577,67.15675300448756,24.936217718707866,11927.767251468887
3578,67.15668583643428,24.940730954927268,12306.387212060836
3579,67.15661865210808,24.945244188243958,14228.797717568568
3580,67.15655145150636,24.94975741865754,5958.4631471849825
3581,67.15648423462649,24.954270646167597,8675.901491707411
3582,67.15641700146588,24.958783870773722,10485.846159156581
3583,67.15634975202195,24.963297092475507,6924.039636983001
3584,67.1562824862921,24.96781031127255,11250.074122160593
3585,67.15621520427368,24.972323527164438,10517.68890582825
3586,67.15614790596415,24.97683674015077,6806.65012810638
3587,67.15608059136085,24.98134995023113,4936.723997299442
3588,67.15601326046124,24.985863157405124,1288.1825352014678
3589,67.15594591326266,24.990376361672336,8578.871616074974
3590,67.15587854976252,24.994889563032356,6001.944517799935
3591,67.15581116995821,24.999402761484774,5622.123382118144
3592,67.15574377384709,25.0039159570292,12214.228178740143
3593,67.15567636142664,25.008429149665215,13140.15525255019
3594,67.15560893269418,25.012942339392406,13250.623243581913
3595,67.15554148764708,25.017455526210377,11259.909492060338
3596,67.15547402628279,25.02196871011872,8952.340257258316
3597,67.15540654859865,25.026481891117033,14782.66744325797
3598,67.15533905459209,25.030995069204902,14304.046719801365
3599,67.15527154426046,25.035508244381912,9780.048200900505
3600,67.15520401760114,25.040021416647672,2414.26400780796
3601,67.15513647461154,25.044534586001774,2006.8640613190635
3602,67.15506891528905,25.049047752443805,1141.3210527534725
3603,67.15500133963103,25.053560915973353,0.0
3604,67.16443537295201,24.751233180137593,0.0
3605,67.16436904820361,24.755746547531533,0.0
3606,67.16430270733142,24.760259912040418,0.0
3607,67.16423635033287,24.764773273663824,0.0
3608,67.16416997720539,24.76928663240134,0.0
3609,67.16410358794641,24.773799988252566,0.0
3610,67.16403718255339,24.778313341217093,0.0
3611,67.1639707610238,24.78282669129449,0.0
3612,67.16390432335501,24.787340038484366,0.0
3613,67.16383786954452,24.79185338278631,0.0
3614,67.16377139958973,24.796366724199917,0.0
3615,67.1637049134881,24.800880062724765,0.0
3616,67.16363841123707,24.80539339836046,11455.799365302395
3617,67.16357189283406,24.809906731106583,8891.809441107105
3618,67.1635053582765,24.81442006096272,15334.412370869508
3619,67.1634388075618,24.818933387928475,14945.037526055557
3620,67.16337224068745,24.823446712003424,18174.778683952278
3621,67.16330565765085,24.82796003318717,8370.15551471675
3622,67.16323905844943,24.832473351479305,13236.58104081928
3623,67.16317244308063,24.83698666687941,14285.774334852498
3624,67.16310581154185,24.841499979387084,14001.85168296688
3625,67.16303916383056,24.846013289001917,1243.6164445812835
3626,67.16297249994416,24.850526595723494,2770.57995652725
3627,67.1629058198801,24.855039899551418,5171.167302969585
3628,67.16283912363578,24.85955320048528,5888.846957200174
3629,67.16277241120864,24.864066498524647,11520.36029838213
3630,67.1627056825961,24.868579793669145,1280.8636324407476
3631,67.16263893779556,24.873093085918345,9968.15807228324
3632,67.16257217680449,24.87760637527185,11981.129162788853
3633,67.16250539962026,24.88211966172923,17986.05594966628
3634,67.16243860624033,24.886632945290106,8573.435925042417
3635,67.1623717966621,24.891146225954046,2237.1713907528087
3636,67.16230497088303,24.895659503720662,1186.1653986593474
3637,67.16223812890046,24.900172778589525,0.0
3638,67.16217127071187,24.904686050560244,0.0
3639,67.16210439631463,24.909199319632403,0.0
3640,67.16203750570621,24.9137125858056,0.0
3641,67.161970598884,24.918225849079427,24.968716838127943
3642,67.16190367584538,24.922739109453463,4771.180670783541
3643,67.16183673658782,24.92725236692731,15501.284351516731
3644,67.16176978110867,24.931765621500567,1461.406039123149
3645,67.16170280940543,24.936278873172817,5612.6401660608635
3646,67.16163582147544,24.94079212194366,5766.789128558242
3647,67.16156881731612,24.945305367812672,9626.693318210155
3648,67.1615017969249,24.949818610779463,9003.623964422413
3649,67.16143476029916,24.95433185084363,5983.089242116409
3650,67.16136770743631,24.958845088004743,776.8506691313798
3651,67.16130063833378,24.96335832226241,4866.194251067374
3652,67.16123355298899,24.967871553616224,5628.624712970432
3653,67.16116645139928,24.97238478206577,11529.843652817633
3654,67.16109933356209,24.976898007610654,7992.5947049040215
3655,67.16103219947483,24.98141123025046,2038.6171409458434
3656,67.16096504913489,24.985924449984772,1547.128611011489
3657,67.1608978825397,24.990437666813204,3529.6550606353762
3658,67.16083069968663,24.994950880735338,2184.217280266976
3659,67.1607635005731,24.999464091750763,6815.688168290027
3660,67.16069628519645,25.00397729985908,12281.361650857732
3661,67.16062905355417,25.008490505059875,10571.127593799189
3662,67.1605618056436,25.01300370735275,8691.465462641823
3663,67.16049454146211,25.017516906737303,4476.858428377755
3664,67.16042726100719,25.02203010321311,2023.3927910059012
3665,67.16035996427613,25.026543296779767,5218.397501919564
3666,67.16029265126639,25.03105648743689,6010.004224735423
3667,67.16022532197533,25.03556967518405,2835.4877791371373
3668,67.16015797640036,25.040082860020835,2069.4182397916416
3669,67.16009061453887,25.04459604194688,102.10906110069024
3670,67.16002323638824,25.049109220961725,1000.8214924057168
3671,67.15995584194589,25.053622397065002,0.0
3672,67.16937784640126,24.751293657886276,0.0
3673,67.16931169999658,24.75580703776186,0.0
3674,67.1692455375114,24.76032041475324,0.0
3675,67.1691793589432,24.764833788860027,0.0
3676,67.16911316428944,24.769347160081804,0.0
3677,67.16904695354754,24.77386052841816,0.0
3678,67.16898072671493,24.778373893868693,0.0
3679,67.16891448378912,24.782887256432986,0.0
3680,67.16884822476749,24.787400616110634,0.0
3681,67.16878194964752,24.791913972901227,0.0
3682,67.16871565842666,24.79642732680434,0.0
3683,67.16864935110233,24.800940677819597,0.0
3684,67.168583027672,24.805454025946563,7138.363172043905
3685,67.1685166881331,24.80996737118484,14441.013669990725
3686,67.16845033248305,24.814480713534007,14310.455874970914
3687,67.16838396071931,24.818994052993673,13739.903020090322
3688,67.16831757283931,24.823507389563417,16490.858772411484
3689,67.16825116884051,24.82802072324284,9917.63315302358
3690,67.16818474872035,24.832534054031527,16338.804054361191
3691,67.16811831247621,24.83704738192906,13675.961480736656
3692,67.1680518601056,24.841560706935045,14801.672649690292
3693,67.16798539160591,24.84607402904907,3585.6512719047214
3694,67.16791890697458,24.85058734827073,6042.671347269965
3695,67.16785240620905,24.855100664599597,4668.393131447704
3696,67.16778588930674,24.85961397803529,3619.820971226621
3697,67.1677193562651,24.864127288577386,5765.200909951181
3698,67.16765280708155,24.86864059622547,905.7425831046478
3699,67.16758624175353,24.873153900979155,15902.57699066977
3700,67.16751966027847,24.877667202838015,7732.074856901846
3701,67.16745306265378,24.882180501801642,14805.878858778391
3702,67.16738644887691,24.886693797869643,9096.071415491024
3703,67.16731981894526,24.891207091041597,1076.2275766215512
3704,67.16725317285629,24.895720381317098,2234.839165258957
3705,67.16718651060738,24.900233668695748,472.18552314897835
3706,67.16711983219601,24.90474695317712,0.0
3707,67.16705313761955,24.909260234760826,0.0
3708,67.16698642687547,24.913773513446444,682.8227887366893
3709,67.16691969996116,24.918286789233587,11522.113585598943
3710,67.16685295687402,24.922800062121823,17704.84287764803
3711,67.16678619761151,24.927313332110753,8254.077335264801
3712,67.16671942217107,24.931826599199976,587.2526983913399
3713,67.16665263055006,24.936339863389072,6464.934723903143
3714,67.16658582274594,24.94085312467766,9932.047903963437
3715,67.16651899875609,24.945366383065295,4516.786453159179
3716,67.16645215857794,24.9498796385516,1277.594288487079
3717,67.16638530220892,24.95439289113615,4200.575841164192
3718,67.16631842964642,24.95890614081855,10664.721639492212
3719,67.16625154088788,24.96341938759839,9700.471144359552
3720,67.16618463593073,24.967932631475264,10693.699189348421
3721,67.16611771477233,24.972445872448755,6187.765116636367
3722,67.16605077741012,24.976959110518468,1697.5406902881214
3723,67.16598382384147,24.981472345683994,1591.3694386639784
3724,67.16591685406384,24.98598557794492,5061.90554851428
3725,67.16584986807463,24.990498807300845,4868.6838343820145
3726,67.16578286587122,24.995012033751358,4334.2861816567865
3727,67.16571584745104,24.99952525729606,9153.245117333929
3728,67.1656488128115,25.00403847793455,3446.933039154267
3729,67.16558176194998,25.008551695666398,9300.6573098634
3730,67.1655146948639,25.013064910491213,17236.61252918918
3731,67.16544761155066,25.01757812240859,9424.209830298232
3732,67.16538051200767,25.022091331418128,1217.1610625565395
3733,67.16531339623232,25.0266045375194,3396.458853701867
3734,67.165246264222,25.03111774071202,3167.3610388436427
3735,67.16517911597413,25.03563094099557,0.0
3736,67.16511195148613,25.040144138369655,2004.7096168340788
3737,67.16504477075534,25.04465733283386,1000.4459766505083
3738,67.16497757377918,25.04917052438778,1181.281141681093
3739,67.16491036055507,25.053683713031017,0.0
3740,67.17432033592846,24.751353972763788,0.0
3741,67.17425436787,24.755867365087386,0.0
3742,67.1741883837744,24.76038075452768,0.0
3743,67.17412238363914,24.76489414108425,0.0
3744,67.17405636746165,24.769407524756666,0.0
3745,67.17399033523935,24.773920905544554,0.0
3746,67.1739242869697,24.778434283447474,0.0
3747,67.17385822265021,24.78294765846504,0.0
3748,67.17379214227833,24.78746103059683,0.0
3749,67.17372604585144,24.79197439984245,0.0
3750,67.17365993336703,24.79648776620147,0.0
3751,67.17359380482259,24.80100112967349,0.0
3752,67.17352766021551,24.80551449025811,1023.5467594125921
3753,67.17346149954327,24.810027847954906,10552.82510438896
3754,67.1733953228033,24.814541202763476,15941.72638990597
3755,67.17332912999308,24.819054554683426,15510.384275440869
3756,67.17326292111002,24.823567903714324,13280.21268897452
3757,67.17319669615156,24.828081249855778,16696.103877570346
3758,67.1731304551152,24.832594593107373,21410.267370921625
3759,67.17306419799833,24.83710793346869,16375.509656590857
3760,67.1729979247984,24.841621270939346,14398.533027670814
3761,67.17293163551288,24.846134605518916,5949.595017579046
3762,67.17286533013917,24.850647937206983,2545.937354952613
3763,67.17279900867476,24.85516126600315,3793.617352435431
3764,67.17273267111706,24.859674591907023,2353.5969682826476
3765,67.17266631746348,24.864187914918176,279.75681401838193
3766,67.17259994771152,24.8687012350362,2960.5073410263226
3767,67.17253356185856,24.873214552260702,15830.208234975289
3768,67.17246715990208,24.877727866591254,16694.729860704134
3769,67.17240074183951,24.88224117802746,12116.211078343254
3770,67.17233430766825,24.88675448656891,4965.480618514952
3771,67.17226785738576,24.891267792215203,6278.065553462861
3772,67.17220139098949,24.895781094965926,5204.605082916601
3773,67.17213490847683,24.900294394820673,308.71461864593266
3774,67.17206840984521,24.904807691779027,0.0
3775,67.17200189509212,24.90932098584059,0.0
3776,67.17193536421493,24.913834277004955,6839.8854414985835
3777,67.1718688172111,24.91834756527172,15461.989143413906
3778,67.17180225407805,24.92286085064047,7169.206310439382
3779,67.17173567481319,24.92737413311079,8903.296955813716
3780,67.17166907941397,24.93188741268228,7381.083874975446
3781,67.1716024678778,24.936400689354535,15966.76773130344
3782,67.17153584020211,24.940913963127155,12773.156756902821
3783,67.17146919638434,24.94542723399972,7489.921146701587
3784,67.17140253642188,24.949940501971827,2310.1508149926353
3785,67.17133586031215,24.954453767043073,5336.810544027123
3786,67.17126916805263,24.958967029213046,7110.9963469775175
3787,67.17120245964065,24.963480288481346,15108.462684552776
3788,67.1711357350737,24.967993544847555,13561.317796894607
3789,67.17106899434918,24.97250679831128,14126.982514472009
3790,67.1710022374645,24.977020048872106,7249.5664974556985
3791,67.1709354644171,24.981533296529634,10290.823454572323
3792,67.17086867520436,24.986046541283443,10804.563026366115
3793,67.17080186982373,24.99055978313314,6440.246124820801
3794,67.1707350482726,24.995073022078316,658.2411496864008
3795,67.17066821054838,24.999586258118565,11250.106926745784
3796,67.1706013566485,25.004099491253474,4364.070533186054
3797,67.17053448657035,25.008612721482642,9071.025339705868
3798,67.17046760031137,25.013125948805662,15325.315342993208
3799,67.17040069786893,25.017639173222136,7991.821748055835
3800,67.1703337792405,25.022152394731645,11199.500457780963
3801,67.17026684442344,25.026665613333787,9320.798521888584
3802,67.17019989341517,25.03117882902816,6092.3409070680345
3803,67.1701329262131,25.03569204181436,1804.2850274360646
3804,67.1700659428146,25.04020525169198,3288.8572203935487
3805,67.16999894321714,25.044718458660604,0.0
3806,67.1699319274181,25.04923166271984,1067.4728403047188
3807,67.16986489541485,25.05374486386928,0.0
3808,67.17926284149023,24.751414124768033,0.0
3809,67.17919705178058,24.75592752950606,0.0
3810,67.17913124607713,24.760440931361646,0.0
3811,67.17906542437731,24.764954330334376,0.0
3812,67.1789995866786,24.769467726423848,0.0
3813,67.17893373297846,24.773981119629635,0.0
3814,67.17886786327436,24.778494509951347,0.0
3815,67.17880197756375,24.78300789738857,0.0
3816,67.17873607584411,24.787521281940887,0.0
3817,67.17867015811285,24.792034663607904,0.0
3818,67.17860422436749,24.796548042389194,0.0
3819,67.17853827460544,24.801061418284366,0.0
3820,67.17847230882418,24.805574791293,1576.0624043500977
3821,67.17840632702116,24.810088161414694,4749.515381358788
3822,67.17834032919383,24.81460152864904,6976.451706174175
3823,67.17827431533966,24.81911489299562,12486.510921163097
3824,67.17820828545608,24.82362825445404,16776.5263667165
3825,67.17814223954056,24.828141613023885,11789.183215308201
3826,67.17807617759054,24.83265496870474,17043.018983651134
3827,67.17801009960347,24.837168321496208,19647.94677833541
3828,67.1779440055768,24.841681671397875,14021.323544869612
3829,67.17787789550802,24.846195018409336,9283.450113521547
3830,67.17781176939451,24.850708362530174,3863.640304176306
3831,67.17774562723376,24.855221703759995,2689.8490745617232
3832,67.1776794690232,24.859735042098382,1009.5094247295726
3833,67.17761329476029,24.864248377544932,408.7490465307302
3834,67.17754710444244,24.86876171009923,7689.202740451076
3835,67.17748089806715,24.87327503976088,13344.795998663352
3836,67.17741467563181,24.877788366529465,17430.959893719562
3837,67.17734843713389,24.88230169040458,12722.136145310204
3838,67.17728218257083,24.886815011385824,2600.8240034908904
3839,67.17721591194007,24.891328329472774,6933.973972325993
3840,67.17714962523904,24.89584164466504,9186.405451265942
3841,67.1770833224652,24.900354956962204,0.0
3842,67.17701700361596,24.904868266363856,0.0
3843,67.17695066868875,24.909381572869602,0.0
3844,67.17688431768106,24.913894876479027,0.0
3845,67.17681795059028,24.918408177191722,8804.19095953458
3846,67.17675156741385,24.922921475007286,9314.738166157062
3847,67.1766851681492,24.927434769925302,10723.15854988285
3848,67.1766187527938,24.93194806194537,10050.719437480195
3849,67.17655232134506,24.936461351067088,11513.035195044835
3850,67.1764858738004,24.94097463729004,11577.740193154184
3851,67.17641941015724,24.945487920613825,1065.744698362965
3852,67.17635293041305,24.950001201038038,8920.960702906636
3853,67.17628643456523,24.954514478562263,10836.98586448564
3854,67.1762199226112,24.959027753186106,2418.581700875275
3855,67.17615339454841,24.963541024909148,11663.050674650556
3856,67.17608685037428,24.96805429373099,14384.48085481302
3857,67.17602029008623,24.972567559651235,10630.146035509508
3858,67.17595371368166,24.977080822669457,10748.612090673827
3859,67.17588712115806,24.981594082785254,14059.678061688417
3860,67.1758205125128,24.98610733999823,14411.202507499298
3861,67.17575388774333,24.990620594307973,9687.687451939188
3862,67.17568724684705,24.995133845714083,8685.233323781546
3863,67.17562058982138,24.999647094216137,12195.618577877087
3864,67.17555391666376,25.004160339813748,7186.926856587528
3865,67.17548722737158,25.0086735825065,6371.2095748531365
3866,67.17542052194227,25.01318682229399,10280.579429212003
3867,67.17535380037324,25.017700059175816,5871.659400584282
3868,67.17528706266195,25.02221329315156,12493.656468567064
3869,67.17522030880578,25.026726524220823,14730.698544375278
3870,67.17515353880214,25.031239752383208,13923.812560906972
3871,67.17508675264843,25.035752977638307,20131.046637907515
3872,67.17501995034212,25.040266199985712,11112.781024073085
3873,67.17495313188054,25.044779419425,1830.699059458613
3874,67.17488629726118,25.049292635955794,1351.6129998818171
3875,67.17481944648141,25.053805849577667,0.0
3876,67.1842053630433,24.75147411389694,0.0
3877,67.18413975168497,24.75598753101579,0.0
3878,67.18407412437618,24.76050094525307,0.0
3879,67.18400848111438,24.765014356608358,0.0
3880,67.18394282189699,24.76952776508125,0.0
3881,67.18387714672156,24.774041170671346,0.0
3882,67.18381145558551,24.77855457337822,0.0
3883,67.18374574848633,24.78306797320148,0.0
3884,67.18368002542148,24.78758137014071,0.0
3885,67.18361428638842,24.792094764195493,0.0
3886,67.1835485313846,24.796608155365437,0.0
3887,67.18348276040753,24.80112154365013,0.0
3888,67.1834169734546,24.805634929049162,1190.5943519780371
3889,67.18335117052337,24.810148311562116,3493.4972108798274
3890,67.18328535161123,24.814661691188594,18765.5567747489
3891,67.18321951671564,24.81917506792818,22618.60722797323
3892,67.1831536658341,24.82368844178048,16985.46589496246
3893,67.18308779896404,24.828201812745075,2247.556589825777
3894,67.18302191610293,24.832715180821545,5329.622995727351
3895,67.18295601724823,24.83722854600951,18252.590525882813
3896,67.18289010239737,24.84174190830855,12199.032532093785
3897,67.18282417154785,24.846255267718245,11358.709561106783
3898,67.18275822469708,24.85076862423821,4368.538852940851
3899,67.18269226184256,24.855281977868014,9588.23003592674
3900,67.18262628298172,24.859795328607273,2689.636196359371
3901,67.18256028811199,24.864308676455558,2475.221174319284
3902,67.18249427723083,24.868822021412473,10944.331748786302
3903,67.18242825033573,24.873335363477604,11679.412341512772
3904,67.18236220742412,24.877848702650553,16719.078144299114
3905,67.18229614849342,24.882362038930903,14524.895567564172
3906,67.18223007354112,24.886875372318265,9398.76772182164
3907,67.18216398256465,24.891388702812204,4860.5127753853085
3908,67.18209787556144,24.895902030412334,12796.549686894452
3909,67.18203175252894,24.90041535511824,7840.338063695267
3910,67.18196561346463,24.90492867692951,4975.429636820082
3911,67.18189945836592,24.90944199584575,1534.1646072606923
3912,67.18183328723026,24.91395531186654,0.0
3913,67.18176710005511,24.91846862499149,0.0
3914,67.18170089683788,24.922981935220182,1767.5770619088153
3915,67.18163467757604,24.927495242552208,2510.0862690422887
3916,67.18156844226701,24.932008546987156,3499.571863279492
3917,67.18150219090823,24.936521848524634,9580.63456964085
3918,67.18143592349716,24.94103514716423,10630.292001626114
3919,67.18136964003122,24.94554844290553,9846.916527320407
3920,67.18130334050784,24.95006173574814,9873.471216035272
3921,67.18123702492449,24.95457502569164,10792.22683576186
3922,67.18117069327856,24.959088312735638,1550.5696767305324
3923,67.1811043455675,24.963601596879716,10295.908347254559
3924,67.18103798178876,24.968114878123476,12191.788631674548
3925,67.18097160193976,24.97262815646651,9599.095372784397
3926,67.18090520601791,24.977141431908407,4117.864621346508
3927,67.18083879402067,24.98165470444876,9169.930937697687
3928,67.18077236594547,24.98616797408718,13855.512222852527
3929,67.18070592178972,24.990681240823235,5861.494014167809
3930,67.18063946155088,24.995194504656546,5370.0429855387
3931,67.18057298522633,24.999707765586685,5847.279175075814
3932,67.18050649281355,25.004221023613262,6847.030749895207
3933,67.18043998430991,25.008734278735858,7193.818915003327
3934,67.1803734597129,25.013247530954086,3672.3471257564274
3935,67.18030691901987,25.017760780267515,9259.008489312098
3936,67.1802403622283,25.022274026675756,7012.811599438284
3937,67.1801737893356,25.026787270178406,2361.705264340042
3938,67.18010720033917,25.03130051077505,6693.3548298337855
3939,67.18004059523643,25.035813748465287,14434.908890617653
3940,67.17997397402483,25.04032698324872,6890.112754780068
3941,67.17990733670176,25.04484021512493,173.04158017875216
3942,67.17984068326467,25.049353444093512,775.7091296444738
3943,67.17977401371097,25.053866670154076,0.0
3944,67.18914790054433,24.751533940148434,0.0
3945,67.18908246753986,24.7560473696145,0.0
3946,67.18901701862825,24.76056079619986,0.0
3947,67.18895155380696,24.765074219904104,0.0
3948,67.18888607307346,24.769587640726815,0.0
3949,67.18882057642527,24.774101058667586,0.0
3950,67.18875506385982,24.77861447372602,0.0
3951,67.18868953537459,24.783127885901695,0.0
3952,67.18862399096705,24.787641295194216,0.0
3953,67.1885584306347,24.792154701603167,0.0
3954,67.188492854375,24.79666810512813,0.0
3955,67.1884272621854,24.80118150576871,0.0
3956,67.1883616540634,24.805694903524504,1858.525501287988
3957,67.18829603000646,24.810208298395093,11365.010160872243
3958,67.18823039001205,24.81472169038007,21271.75962452326
3959,67.18816473407759,24.819235079479032,20229.98034131428
3960,67.18809906220062,24.823748465691555,3208.3188275231623
3961,67.18803337437858,24.82826184901726,1294.0079945293216
3962,67.1879676706089,24.83277522945572,3218.4522438907206
3963,67.1879019508891,24.837288607006535,17139.677531215235
3964,67.1878362152166,24.841801981669285,12862.289596264201
3965,67.18777046358892,24.846315353443575,11026.604408711119
3966,67.18770469600344,24.850828722329002,3283.759297600762
3967,67.18763891245767,24.855342088325145,7411.699238162077
3968,67.18757311294908,24.8598554514316,3728.359675486743
3969,67.18750729747511,24.86436881164797,5264.987050962772
3970,67.1874414660332,24.86888216897383,13703.499574095666
3971,67.18737561862085,24.873395523408792,18585.2399350602
3972,67.18730975523547,24.877908874952432,14236.826363853497
3973,67.18724387587456,24.882422223604355,19581.75130678679
3974,67.18717798053557,24.886935569364145,11857.81217418558
3975,67.18711206921591,24.891448912231404,16504.408104871636
3976,67.1870461419131,24.895962252205717,16016.639760004624
3977,67.18698019862454,24.90047558928669,14926.642172791637
3978,67.1869142393477,24.9049889234739,16156.51858730254
3979,67.18684826408003,24.90950225476694,16751.642394314564
3980,67.18678227281897,24.914015583165433,2998.642672201033
3981,67.18671626556198,24.918528908668936,1348.2727308075457
3982,67.18665024230654,24.923042231277062,1848.7572642072016
3983,67.18658420305002,24.927555550989393,3235.8363953887524
3984,67.18651814778994,24.93206886780554,4800.445303868909
3985,67.18645207652372,24.936582181725075,4811.485640755463
3986,67.1863859892488,24.941095492747607,4000.2849157642254
3987,67.18631988596262,24.945608800872723,7962.805024919517
3988,67.18625376666266,24.950122106100025,8459.941921646885
3989,67.18618763134631,24.954635408429095,8588.282089407523
3990,67.18612148001102,24.959148707859534,7946.281986185926
3991,67.18605531265428,24.963662004390937,9701.693962328698
3992,67.1859891292735,24.968175298022896,4668.736098897786
3993,67.18592292986611,24.97268858875501,11010.694768671008
3994,67.18585671442953,24.977201876586864,2208.3939105602485
3995,67.18579048296124,24.98171516151805,5537.578498697443
3996,67.18572423545866,24.986228443548182,13116.99487097119
3997,67.18565797191924,24.99074172267684,10531.893382674694
3998,67.18559169234038,24.995254998903608,12290.95950544825
3999,67.18552539671956,24.999768272228106,7195.582233361726
4000,67.18545908505416,25.00428154264991,1262.4226030574173
4001,67.18539275734166,25.008794810168624,0.0
4002,67.18532641357949,25.013308074783833,167.85921018696664
4003,67.18526005376503,25.017821336495132,6906.378452307706
4004,67.18519367789578,25.022334595302127,3683.365382107549
4005,67.1851272859691,25.02684785120441,2354.5020620633004
4006,67.18506087798245,25.031361104201565,3548.1469215677657
4007,67.18499445393329,25.035874354293195,4630.862195774532
4008,67.184928013819,25.040387601478905,2176.6215241928826
4009,67.18486155763702,25.04490084575827,882.1787692265002
4010,67.18479508538479,25.049414087130902,1047.146480442534
4011,67.18472859705973,25.053927325596376,0.0
4012,67.19409045394998,24.751593603520433,0.0
4013,67.1940251993019,24.756107045300123,0.0
4014,67.19395992879,24.760620484199958,0.0
4015,67.19389464241176,24.765133920219547,0.0
4016,67.19382934016467,24.76964735335846,0.0
4017,67.19376402204621,24.774160783616306,0.0
4018,67.19369868805387,24.778674210992676,0.0
4019,67.19363333818514,24.783187635487156,0.0
4020,67.19356797243746,24.78770105709934,0.0
4021,67.19350259080835,24.79221447582882,0.0
4022,67.19343719329527,24.796727891675186,0.0
4023,67.19337177989571,24.801241304638037,0.0
4024,67.19330635060712,24.805754714716954,6774.172898375643
4025,67.193240905427,24.810268121911538,17184.164714341416
4026,67.19317544435285,24.814781526221385,23207.857870826396
4027,67.1931099673821,24.819294927646073,10335.716005151678
4028,67.19304447451222,24.823808326185205,3640.0045726125504
4029,67.1929789657407,24.82832172183837,3646.6018441766946
4030,67.19291344106503,24.832835114605167,4486.915460061259
4031,67.19284790048266,24.837348504485185,12039.074516249293
4032,67.19278234399107,24.84186189147801,11525.084813527183
4033,67.19271677158773,24.84637527558324,15037.045016007793
4034,67.19265118327009,24.850888656800475,5406.871597163078
4035,67.19258557903562,24.855402035129295,5564.081492930487
4036,67.19251995888183,24.859915410569293,3963.8814836681963
4037,67.19245432280614,24.864428783120083,5420.743125201442
4038,67.19238867080603,24.86894215278123,11595.418874908859
4039,67.19232300287896,24.873455519552344,9488.45232773041
4040,67.1922573190224,24.87796888343302,8993.950364927332
4041,67.1921916192338,24.88248224442283,14173.986639274755
4042,67.19212590351066,24.886995602521395,10398.781516752713
4043,67.1920601718504,24.8915089577283,14466.917208369396
4044,67.1919944242505,24.896022310043122,19204.896377701
4045,67.19192866070841,24.900535659465476,17165.938485222065
4046,67.19186288122158,24.905049005994936,17199.56500221431
4047,67.19179708578751,24.909562349631116,17454.054136254163
4048,67.19173127440362,24.914075690373586,3167.3942972486116
4049,67.19166544706736,24.918589028221966,2019.7754738011179
4050,67.19159960377621,24.923102363175836,673.4893988254107
4051,67.19153374452762,24.927615695234785,3132.353773308392
4052,67.19146786931903,24.932129024398417,2926.5953301195123
4053,67.1914019781479,24.93664235066632,3301.408499936122
4054,67.19133607101168,24.94115567403809,1008.289450640099
4055,67.19127014790783,24.945668994513316,2924.0281613480624
4056,67.19120420883381,24.950182312091602,5621.267117709782
4057,67.19113825378705,24.954695626772537,4505.655662485879
4058,67.191072282765,24.95920893855571,9490.860569891276
4059,67.19100629576512,24.963722247440725,7556.699738899861
4060,67.19094029278482,24.96823555342717,6025.787490455678
4061,67.1908742738216,24.972748856514638,6609.972575387412
4062,67.19080823887289,24.97726215670273,2304.052471520195
4063,67.19074218793611,24.981775453991034,1281.1863744217726
4064,67.1906761210087,24.986288748379152,3013.601260239146
4065,67.19061003808817,24.990802039866672,1764.337045183685
4066,67.19054393917189,24.99531532845319,16655.174253588197
4067,67.19047782425731,24.999828614138302,7986.278776653566
4068,67.19041169334191,25.0043418969216,2445.103521440489
4069,67.19034554642312,25.008855176802687,0.0
4070,67.19027938349834,25.013368453781144,0.0
4071,67.19021320456503,25.017881727856583,3791.493372410945
4072,67.19014700962063,25.02239499902858,3018.601574425676
4073,67.19008079866258,25.026908267296744,1690.464998869184
4074,67.19001457168831,25.03142153266067,3454.211295161043
4075,67.18994832869528,25.035934795119942,3091.6226016893916
4076,67.18988206968085,25.040448054674165,313.11320952217363
4077,67.18981579464257,25.044961311322947,1581.3233621269007
4078,67.18974950357774,25.049474565065847,689.4168028168652
4079,67.18968319648388,25.053987815902488,0.0
4080,67.19903302321694,24.751653104010895,0.0
4081,67.19896794692774,24.756166558070596,0.0
4082,67.19890285481806,24.760680009251306,0.0
4083,67.1988377468854,24.765193457552613,0.0
4084,67.19877262312721,24.76970690297414,0.0
4085,67.19870748354106,24.774220345515438,0.0
4086,67.19864232812436,24.778733785176126,0.0
4087,67.1985771568746,24.783247221955794,0.0
4088,67.19851196978932,24.787760655854022,0.0
4089,67.19844676686596,24.792274086870407,0.0
4090,67.19838154810203,24.79678751500455,0.0
4091,67.19831631349501,24.801300940256027,0.0
4092,67.19825106304239,24.805814362624453,2609.307733579056
4093,67.19818579674163,24.8103277821094,4530.267553474345
4094,67.19812051459024,24.814841198710475,6557.625229433863
4095,67.1980552165857,24.819354612427254,14121.769473575428
4096,67.19798990272547,24.82386802325935,5192.311647758749
4097,67.19792457300701,24.828381431206342,4331.913078241161
4098,67.19785922742786,24.83289483626783,3168.0793693958126
4099,67.19779386598546,24.837408238443402,10227.065903376422
4100,67.19772848867728,24.841921637732643,15253.633791111488
4101,67.19766309550083,24.84643503413517,16148.818553325142
4102,67.19759768645355,24.85094842765055,5753.121288742172
4103,67.19753226153296,24.855461818278396,6622.811237646947
4104,67.19746682073647,24.859975206018287,4954.239092338575
4105,67.19740136406158,24.864488590869822,6209.131309897872
4106,67.1973358915058,24.8690019728326,7275.425130569505
4107,67.19727040306655,24.873515351906203,10396.446252507914
4108,67.19720489874133,24.878028728090225,8437.64439312055
4109,67.19713937852762,24.88254210138428,13784.436990029666
4110,67.19707384242285,24.88705547178793,19382.133365879057
4111,67.1970082904245,24.89156883930079,19450.882924997677
4112,67.1969427225301,24.896082203922454,20224.485666016437
4113,67.196877138737,24.900595565652505,18106.209394360092
4114,67.19681153904276,24.90510892449055,17953.48525851828
4115,67.19674592344481,24.90962228043616,16638.08060979222
4116,67.19668029194061,24.914135633488954,3226.487502650022
4117,67.19661464452764,24.91864898364851,1140.2186071216163
4118,67.19654898120334,24.923162330914426,1717.008037811312
4119,67.1964833019652,24.92767567528631,3145.2518018785936
4120,67.19641760681063,24.932189016763715,3421.1052350212726
4121,67.19635189573715,24.936702355346288,2479.8964305048617
4122,67.1962861687422,24.941215691033598,859.3869440970043
4123,67.19622042582326,24.945729023825233,2111.1494199144113
4124,67.1961546669777,24.950242353720792,3186.595395739232
4125,67.19608889220308,24.954755680719884,2539.826145611438
4126,67.1960231014968,24.959269004822083,5581.6004725327875
4127,67.19595729485634,24.963782326026987,5559.768957380433
4128,67.19589147227913,24.96829564433421,3141.945583137714
4129,67.19582563376264,24.97280895974332,4700.345651922324
4130,67.19575977930428,24.977322272253925,4404.00724225939
4131,67.19569390890157,24.98183558186562,2992.793763790088
4132,67.19562802255193,24.986348888578,4160.0124391596955
4133,67.19556212025282,24.990862192390654,0.0
4134,67.19549620200168,24.99537549330318,4158.7469645098745
4135,67.19543026779594,24.99988879131518,2984.598948873211
4136,67.19536431763306,25.004402086426236,2501.4564432715624
4137,67.1952983515105,25.008915378635958,1687.858683234632
4138,67.19523236942571,25.013428667943924,1000.6775445477173
4139,67.1951663713761,25.017941954349748,2869.3841440503
4140,67.19510035735915,25.022455237853013,0.0
4141,67.19503432737228,25.026968518453312,2871.600145271586
4142,67.19496828141295,25.031481796150256,3435.5748826884865
4143,67.19490221947859,25.035995070943425,659.9967649096611
4144,67.19483614156664,25.040508342832418,1397.0707133740493
4145,67.19477004767455,25.045021611816825,1355.9870561743642
4146,67.19470393779976,25.04953487789626,0.0
4147,67.19463781193969,25.054048141070304,0.0
4148,67.20397560830187,24.751712441617755,0.0
4149,67.20391071037407,24.756225907923856,0.0
4150,67.20384579666914,24.760739371351836,0.0
4151,67.20378086718455,24.765252831901275,0.0
4152,67.2037159219178,24.769766289571773,0.0
4153,67.2036509608664,24.774279744362914,0.0
4154,67.20358598402785,24.778793196274307,0.0
4155,67.20352099139964,24.783306645305533,0.0
4156,67.20345598297924,24.78782009145619,0.0
4157,67.20339095876416,24.79233353472586,0.0
4158,67.2033259187519,24.796846975114146,0.0
4159,67.20326086293994,24.801360412620635,429.2024918667414
4160,67.20319579132578,24.80587384724493,2095.319247888228
4161,67.20313070390691,24.810387278986614,0.0
4162,67.20306560068082,24.814900707845275,0.0
4163,67.20300048164496,24.819414133820516,7591.201761888787
4164,67.20293534679689,24.823927556911926,3139.2153631510214
4165,67.20287019613404,24.8284409771191,3510.372243897569
4166,67.20280502965392,24.832954394441632,3533.2612786826385
4167,67.20273984735401,24.837467808879104,3423.010146081605
4168,67.20267464923178,24.84198122043113,12033.515435937503
4169,67.20260943528476,24.846494629097286,11373.986727519341
4170,67.20254420551038,24.85100803487717,5098.811437156675
4171,67.20247895990613,24.85552143777037,11361.22121213234
4172,67.2024136984695,24.860034837776492,10106.244161478739
4173,67.20234842119797,24.86454823489513,1583.0553702077523
4174,67.20228312808904,24.869061629125863,8170.30918517011
4175,67.20221781914015,24.873575020468287,5584.547764627252
4176,67.2021524943488,24.878088408922007,11956.938614790013
4177,67.20208715371248,24.882601794486607,13995.473613392343
4178,67.20202179722864,24.88711517716169,21181.341580128883
4179,67.20195642489475,24.89162855694683,21498.468457695977
4180,67.2018910367083,24.89614193384165,13630.686222443948
4181,67.20182563266675,24.900655307845717,16382.484162871908
4182,67.20176021276764,24.905168678958646,8969.88850815551
4183,67.20169477700834,24.90968204718002,3579.5315707272093
4184,67.20162932538639,24.914195412509432,2023.2432622139925
4185,67.20156385789922,24.91870877494648,978.6100436803852
4186,67.20149837454433,24.923222134490764,2128.335809272361
4187,67.20143287531914,24.92773549114186,4679.008962634622
4188,67.20136736022118,24.93224884489938,5569.521697510346
4189,67.2013018292479,24.936762195762906,6232.308702253861
4190,67.20123628239675,24.941275543732054,3824.8344384944426
4191,67.20117071966519,24.945788888806383,2229.662916768841
4192,67.2011051410507,24.950302230985525,4304.591444596749
4193,67.20103954655076,24.95481557026905,2580.2306945057408
4194,67.20097393616278,24.959328906656562,6964.214038876879
4195,67.20090830988427,24.96384224014766,10544.458706110818
4196,67.20084266771268,24.968355570741913,1279.4843209636701
4197,67.20077700964546,24.972868898438957,4866.130363111565
4198,67.2007113356801,24.977382223238358,2262.5576643665854
4199,67.20064564581399,24.98189554513971,3132.7924622766654
4200,67.20057994004463,24.98640886414263,8147.475531291582
4201,67.20051421836952,24.99092218024669,244.49831095103357
4202,67.20044848078604,24.995435493451502,0.0
4203,67.20038272729168,24.999948803756652,698.1820783104878
4204,67.2003169578839,25.004462111161736,1525.9082378723383
4205,67.20025117256016,25.00897541566636,2001.3805875617045
4206,67.2001853713179,25.013488717270096,1000.6897617072618
4207,67.20011955415454,25.018002015972563,2782.0470984810117
4208,67.20005372106756,25.022515311773347,1953.0430997437013
4209,67.19998787205445,25.02702860467204,1970.605347094397
4210,67.19992200711262,25.031541894668244,1000.5213227206983
4211,67.1998561262395,25.036055181761554,1333.0589808986836
4212,67.19979022943258,25.040568465951555,891.7553202048608
4213,67.19972431668927,25.04508174723786,0.0
4214,67.19965838800702,25.04959502562005,0.0
4215,67.19959244338331,25.054108301097735,0.0
4216,67.20891820916145,24.751771616338967,0.0
4217,67.20885348959756,24.75628509485787,0.0
4218,67.20878875429986,24.7607985704995,0.0
4219,67.20872400326584,24.765312043263446,0.0
4220,67.20865923649303,24.769825513149318,0.0
4221,67.20859445397892,24.774338980156685,0.0
4222,67.20852965572101,24.778852444285167,0.0
4223,67.2084648417168,24.783365905534335,0.0
4224,67.20840001196383,24.78787936390379,0.0
4225,67.20833516645955,24.792392819393122,0.0
4226,67.20827030520144,24.796906272001927,0.0
4227,67.20820542818706,24.8014197217298,0.0
4228,67.20814053541389,24.805933168576324,0.0
4229,67.20807562687938,24.810446612541107,0.0
4230,67.20801070258112,24.81496005362372,0.0
4231,67.20794576251652,24.819473491823782,3853.591843315215
4232,67.2078808066831,24.823986927140876,15471.610882511168
4233,67.20781583507835,24.828500359574587,3445.6379387317056
4234,67.20775084769977,24.83301378912451,16584.959221776502
4235,67.2076858445449,24.83752721579025,6771.585575351012
4236,67.20762082561113,24.842040639571394,91.73828167015407
4237,67.20755579089601,24.846554060467533,3460.8423723601104
4238,67.20749074039703,24.85106747847826,3901.740653309356
4239,67.20742567411166,24.85558089360317,3929.5195079715227
4240,67.20736059203743,24.860094305841866,11585.574110015326
4241,67.20729549417179,24.864607715193927,7322.760351970787
4242,67.2072303805122,24.869121121658953,1130.3489793585225
4243,67.2071652510562,24.873634525236533,2395.2963722540776
4244,67.20710010580123,24.87814792592627,4286.986207952956
4245,67.20703494474483,24.88266132372776,5232.966930511982
4246,67.20696976788443,24.887174718640583,14584.035530202893
4247,67.20690457521752,24.891688110664344,13851.826304873637
4248,67.2068393667416,24.896201499798636,20410.361264896193
4249,67.20677414245417,24.900714886043048,15138.002374522344
4250,67.20670890235264,24.905228269397178,16837.48579675793
4251,67.20664364643454,24.909741649860617,7204.196982384383
4252,67.20657837469736,24.914255027432965,430.5741670423329
4253,67.20651308713852,24.918768402113812,1165.936192997293
4254,67.20644778375554,24.923281773902758,3884.281955434518
4255,67.20638246454592,24.927795142799393,13990.570541626834
4256,67.20631712950708,24.932308508803306,7215.576203237851
4257,67.20625177863651,24.936821871914102,4436.194093039005
4258,67.2061864119317,24.941335232131376,6525.56431736648
4259,67.2061210293901,24.94584858945471,4103.124775570912
4260,67.20605563100918,24.950361943883703,2788.763171478754
4261,67.20599021678645,24.954875295417963,3416.134881566389
4262,67.20592478671935,24.959388644057082,5278.213400874402
4263,67.20585934080533,24.96390198980064,8958.633533993288
4264,67.20579387904189,24.968415332648235,694.3455926098072
4265,67.20572840142647,24.972928672599476,5989.898716883862
4266,67.20566290795657,24.977442009653952,6161.846733263796
4267,67.20559739862962,24.981955343811247,2854.893523557917
4268,67.20553187344315,24.986468675070977,1751.2970556555574
4269,67.20546633239454,24.99098200343272,1536.599628471979
4270,67.2054007754813,24.995495328896084,2094.089848593636
4271,67.20533520270085,25.00000865146065,406.405547418296
4272,67.2052696140507,25.00452197112602,622.8954482341617
4273,67.20520400952832,25.009035287891795,2515.524821569971
4274,67.20513838913112,25.01354860175757,2029.1302050940994
4275,67.2050727528566,25.018061912722935,2725.3520792946188
4276,67.20500710070218,25.022575220787488,1622.9007432606495
4277,67.20494143266535,25.027088525950827,1774.0714861976683
4278,67.20487574874356,25.031601828212548,2669.363655384103
4279,67.20481004893423,25.036115127572245,238.5129270719108
4280,67.20474433323487,25.040628424029503,1116.705044829373
4281,67.20467860164291,25.045141717583938,0.0
4282,67.20461285415578,25.049655008235135,0.0
4283,67.20454709077099,25.054168295982688,0.0
4284,67.21386082575235,24.75183062817249,0.0
4285,67.21379628455485,24.75634411887058,0.0
4286,67.2137317276669,24.760857606692248,0.0
4287,67.21366715508597,24.765371091637096,0.0
4288,67.21360256680957,24.769884573704726,0.0
4289,67.21353796283525,24.774398052894707,0.0
4290,67.21347334316047,24.778911529206653,0.0
4291,67.21340870778279,24.78342500264015,0.0
4292,67.2133440566997,24.78793847319478,0.0
4293,67.21327938990869,24.79245194087015,0.0
4294,67.2132147074073,24.796965405665844,0.0
4295,67.213150009193,24.801478867581462,0.0
4296,67.21308529526328,24.805992326616597,0.0
4297,67.2130205656157,24.81050578277084,0.0
4298,67.21295582024773,24.815019236043774,0.0
4299,67.21289105915686,24.81953268643501,2142.407058364563
4300,67.21282628234061,24.824046133944137,7235.050125148469
4301,67.21276148979649,24.828559578570747,12778.92802059611
4302,67.21269668152198,24.833073020314423,17284.365356897833
4303,67.21263185751458,24.837586459174773,10405.70399509796
4304,67.2125670177718,24.84209989515139,2006.7033566037521
4305,67.21250216229116,24.846613328243855,3293.980648015362
4306,67.21243729107009,24.85112675845177,2856.0616733016395
4307,67.21237240410613,24.85564018577474,9650.124605753537
4308,67.21230750139677,24.86015361021233,13866.593942778025
4309,67.21224258293951,24.864667031764164,13404.666357713175
4310,67.2121776487318,24.869180450429816,5969.6349402531205
4311,67.2121126987712,24.873693866208892,1327.9942220678502
4312,67.21204773305514,24.878207279100977,2586.143536002596
4313,67.21198275158116,24.882720689105675,565.300099346701
4314,67.21191775434673,24.88723409622257,2856.239595564619
4315,67.21185274134932,24.891747500451267,13041.027995463834
4316,67.21178771258646,24.896260901791354,16828.516544256672
4317,67.2117226680556,24.90077430024242,14908.81128233865
4318,67.21165760775423,24.90528769580407,16959.941349064127
4319,67.21159253167984,24.909801088475895,15626.792458483073
4320,67.21152743982995,24.91431447825749,0.0
4321,67.21146233220199,24.918827865148444,96.45094052926034
4322,67.21139720879347,24.923341249148365,2473.185062031697
4323,67.21133206960188,24.927854630256828,5310.131950091821
4324,67.21126691462469,24.93236800847344,2944.345030863443
4325,67.21120174385938,24.9368813837978,4428.600244862659
4326,67.2111365573034,24.941394756229496,4125.6116747209335
4327,67.2110713549543,24.945908125768124,2254.8103623573797
4328,67.2110061368095,24.950421492413284,5117.72605597665
4329,67.2109409028665,24.95493485616456,4210.284997586469
4330,67.21087565312277,24.959448217021563,3494.6407839476933
4331,67.2108103875758,24.963961574983877,3244.6965888869254
4332,67.21074510622303,24.968474930051087,1017.2765434431776
4333,67.21067980906199,24.97298828222282,3930.7839097894866
4334,67.2106144960901,24.977501631498633,9445.04260534564
4335,67.21054916730485,24.98201497787816,7543.281052459409
4336,67.21048382270374,24.986528321360968,3947.0881967770124
4337,67.2104184622842,24.991041661946664,5149.970184676988
4338,67.21035308604371,24.995554999634837,9483.039812293062
4339,67.21028769397975,25.000068334425084,2930.4225197345554
4340,67.21022228608977,25.00458166631702,2673.2882436260725
4341,67.21015686237126,25.009094995310214,1728.8503053028544
4342,67.21009142282169,25.01360832140427,0.0
4343,67.21002596743854,25.018121644598793,1336.4752222747925
4344,67.20996049621921,25.02263496489337,827.0154486610029
4345,67.2098950091612,25.02714828228761,1728.567725216242
4346,67.209829506262,25.031661596781092,770.9557994328381
4347,67.20976398751901,25.03617490837341,47.32056614818029
4348,67.20969845292977,25.04068821706418,1382.187811424266
4349,67.20963290249169,25.045201522852988,484.18698438952384
4350,67.20956733620224,25.04971482573942,0.0
4351,67.20950175405889,25.054228125723096,0.0
4352,67.21880345803122,24.75188947711626,0.0
4353,67.21873909520261,24.75640297995994,0.0
4354,67.21867471672687,24.76091647992805,0.0
4355,67.21861032260152,24.76542997702019,0.0
4356,67.21854591282406,24.76994347123595,0.0
4357,67.218481487392,24.774456962574938,0.0
4358,67.21841704630287,24.77897045103673,0.0
4359,67.21835258955419,24.783483936620915,0.0
4360,67.21828811714349,24.787997419327105,0.0
4361,67.21822362906829,24.792510899154887,0.0
4362,67.21815912532604,24.797024376103852,0.0
4363,67.2180946059143,24.801537850173588,0.0
4364,67.21803007083057,24.806051321363693,0.0
4365,67.21796552007238,24.810564789673766,0.0
4366,67.21790095363721,24.815078255103387,998.1693614803684
4367,67.21783637152261,24.819591717652163,1564.4422610390104
4368,67.21777177372603,24.82410517731968,11603.634608931072
4369,67.21770716024503,24.828618634105528,16858.411897466965
4370,67.21764253107708,24.83313208800932,10105.896728918802
4371,67.21757788621967,24.83764553903063,6164.841275681789
4372,67.2175132256704,24.842158987169057,1485.341195866479
4373,67.21744854942668,24.846672432424203,3528.548949946912
4374,67.21738385748603,24.85118587479565,511.05425850538035
4375,67.21731914984598,24.855699314282997,6071.572411653422
4376,67.217254426504,24.860212750885854,16663.2193690653
4377,67.21718968745763,24.86472618460378,14635.037079720309
4378,67.21712493270434,24.869239615436392,9016.99451593895
4379,67.21706016224162,24.873753043383296,3982.1187400723775
4380,67.21699537606702,24.87826646844406,3135.1642382866103
4381,67.21693057417797,24.882779890618295,3319.520376433356
4382,67.21686575657199,24.88729330990559,1997.36396826661
4383,67.2168009232466,24.891806726305543,12008.187297023438
4384,67.21673607419929,24.89632013981774,6424.543748751941
4385,67.21667120942755,24.900833550441785,13976.061870332887
4386,67.21660632892883,24.905346958177272,12828.066326314758
4387,67.2165414327007,24.90986036302379,15247.889576418016
4388,67.2164765207406,24.914373764980944,0.0
4389,67.21641159304602,24.918887164048314,0.0
4390,67.21634664961447,24.923400560225506,0.0
4391,67.21628169044345,24.927913953512114,1827.1756927814868
4392,67.21621671553041,24.93242734390773,4375.889016746572
4393,67.21615172487284,24.936940731411948,4030.591497870676
4394,67.21608671846828,24.941454116024367,4095.368001403561
4395,67.21602169631417,24.94596749774458,6805.425866570553
4396,67.215956658408,24.950480876572186,4953.216327429762
4397,67.21589160474728,24.95499425250678,5617.341047454285
4398,67.21582653532946,24.959507625547943,2191.8987246163542
4399,67.21576145015206,24.9640209956953,2668.657146698769
4400,67.2156963492125,24.96853436294841,1221.3682889478243
4401,67.21563123250831,24.973047727306902,2326.0311867680953
4402,67.21556610003698,24.977561088770347,11025.110229986278
4403,67.21550095179595,24.982074447338363,4058.2207255594412
4404,67.21543578778274,24.986587803010522,891.633267039031
4405,67.2153706079948,24.991101155786446,0.0
4406,67.2153054124296,24.995614505665703,415.0150343132224
4407,67.21524020108464,25.000127852647903,645.056663749966
4408,67.21517497395739,25.004641196732646,5920.267999924288
4409,67.21510973104532,25.00915453791953,3039.2221062746034
4410,67.2150444723459,25.013667876208128,1198.5264759036859
4411,67.2149791978566,25.01818121159807,3109.7870182778793
4412,67.2149139075749,25.02269454408892,1149.4756123879592
4413,67.21484860149828,25.0272078736803,0.0
4414,67.21478327962417,25.031721200371788,0.0
4415,67.2147179419501,25.036234524163003,0.0
4416,67.2146525884735,25.040747845053513,1045.7860921955655
4417,67.21458721919184,25.045261163042927,1126.2644898615035
4418,67.21452183410263,25.049774478130846,163.39161720705013
4419,67.21445643320325,25.054287790316877,0.0
4420,67.22374610595477,24.75194816316827,0.0
4421,67.22368192149753,24.756461678123912,0.0
4422,67.22361772143647,24.760975190204853,0.0
4423,67.22355350576915,24.76548869941068,0.0
4424,67.2234892744931,24.770002205740973,0.0
4425,67.2234250276058,24.77451570919533,0.0
4426,67.22336076510481,24.779029209773352,0.0
4427,67.22329648698765,24.78354270747462,0.0
4428,67.22323219325182,24.788056202298744,0.0
4429,67.22316788389486,24.792569694245305,0.0
4430,67.22310355891426,24.7970831833139,0.0
4431,67.22303921830759,24.801596669504125,0.0
4432,67.22297486207235,24.806110152815574,0.0
4433,67.22291049020605,24.810623633247836,0.0
4434,67.22284610270617,24.8151371108005,6749.949472572337
4435,67.22278169957029,24.819650585473177,2383.484833536623
4436,67.22271728079589,24.824164057265445,7028.8155129896395
4437,67.22265284638047,24.828677526176904,16693.09151544654
4438,67.22258839632158,24.83319099220715,9320.710932386039
4439,67.2225239306167,24.837704455355766,2304.060947084624
4440,67.22245944926338,24.84221791562236,1502.7573901694602
4441,67.22239495225911,24.846731373006527,7371.559613168162
4442,67.22233043960138,24.851244827507845,5935.650099537128
4443,67.22226591128772,24.85575827912593,8888.858019089794
4444,67.22220136731565,24.860271727860358,11058.463525662935
4445,67.22213680768267,24.864785173710736,3196.9526051123376
4446,67.22207223238628,24.869298616676648,6114.26332037254
4447,67.22200764142399,24.8738120567577,2458.394578730891
4448,67.22194303479326,24.878325493953476,4208.0846353163315
4449,67.22187841249168,24.88283892826357,7293.868756816912
4450,67.22181377451666,24.88735235968759,5396.0731795047
4451,67.22174912086581,24.89186578822512,3298.42900847907
4452,67.22168445153656,24.89637921387575,2464.172358694155
4453,67.22161976652642,24.900892636639096,8178.684602230226
4454,67.22155506583292,24.905406056514725,18750.065163044397
4455,67.22149034945349,24.909919473502256,13011.23113666126
4456,67.2214256173857,24.914432887601272,0.0
4457,67.22136086962703,24.918946298811367,0.0
4458,67.22129610617495,24.923459707132142,0.0
4459,67.22123132702698,24.927973112563194,1001.631479368405
4460,67.22116653218063,24.932486515104102,116.02249560503745
4461,67.22110172163337,24.93699991475449,2016.7473488899536
4462,67.22103689538271,24.941513311513923,2933.8744714694017
4463,67.22097205342612,24.946026705382014,3439.5982835048735
4464,67.2209071957611,24.95054009635836,6294.86161009272
4465,67.22084232238514,24.95505348444255,4803.834044434156
4466,67.22077743329577,24.95956686963418,5966.924987297883
4467,67.22071252849042,24.964080251932852,0.0
4468,67.22064760796658,24.96859363133814,207.65321884436594
4469,67.2205826717218,24.97310700784968,1886.773358618886
4470,67.22051771975354,24.977620381467034,2484.538369796032
4471,67.22045275205924,24.982133752189803,3547.681467754754
4472,67.22038776863646,24.986647120017594,116.50547645092105
4473,67.22032276948266,24.991160484950008,0.0
4474,67.22025775459528,24.995673846986616,1030.2421178898626
4475,67.22019272397183,25.00018720612703,2736.3651238935636
4476,67.22012767760981,25.004700562370857,2392.331794690316
4477,67.2200626155067,25.009213915717677,1394.8924180682238
4478,67.21999753765996,25.013727266167084,2494.631285297139
4479,67.21993244406707,25.018240613718685,2233.4103179179288
4480,67.21986733472552,25.02275395837207,836.220843688948
4481,67.21980220963279,25.027267300126848,1030.021946175557
4482,67.21973706878636,25.031780638982596,2646.9974834844365
4483,67.2196719121837,25.03629397493893,420.420960177171
4484,67.21960673982228,25.04080730799543,1047.9126263951007
4485,67.2195415516996,25.04532063815171,0.0
4486,67.2194763478131,25.04983396540735,424.22226116524973
4487,67.21941112816026,25.05434728976195,0.0
4488,67.22868876947963,24.752006686326467,0.0
4489,67.22862476339623,24.756520213360496,0.0
4490,67.22856074175236,24.761033737520645,0.0
4491,67.22849670454558,24.76554725880653,0.0
4492,67.22843265177337,24.770060777217743,0.0
4493,67.22836858343331,24.774574292753865,0.0
4494,67.22830449952293,24.77908780541449,0.0
4495,67.22824040003975,24.783601315199228,0.0
4496,67.22817628498127,24.78811482210765,0.0
4497,67.22811215434504,24.792628326139372,0.0
4498,67.22804800812862,24.797141827293974,0.0
4499,67.22798384632947,24.80165532557105,0.0
4500,67.22791966894518,24.8061688209702,0.0
4501,67.22785547597323,24.810682313491018,0.0
4502,67.22779126741115,24.815195803133093,6722.21474052779
4503,67.22772704325646,24.819709289896025,6988.603626699283
4504,67.22766280350673,24.824222773779397,5605.71453767063
4505,67.22759854815942,24.828736254782818,16575.539103072166
4506,67.22753427721206,24.833249732905866,15149.949990728814
4507,67.22746999066217,24.837763208148154,5469.335221812441
4508,67.22740568850733,24.842276680509265,3619.3890266132153
4509,67.22734137074498,24.846790149988788,17869.135141664945
4510,67.22727703737267,24.851303616586332,8298.216092946845
4511,67.22721268838792,24.855817080301478,5483.082499327301
4512,67.22714832378824,24.860330541133845,3536.450951019883
4513,67.22708394357112,24.86484399908299,4284.368185097942
4514,67.2270195477341,24.869357454148528,2032.6368328625795
4515,67.2269551362747,24.873870906330065,1875.7858637834627
4516,67.22689070919043,24.87838435562718,4741.535322415382
4517,67.22682626647875,24.882897802039462,6663.803770206538
4518,67.22676180813727,24.88741124556653,9027.89940491407
4519,67.2266973341634,24.89192468620795,6413.203128070702
4520,67.22663284455473,24.896438123963346,3725.6865788335617
4521,67.22656833930867,24.90095155883229,3949.9436058194747
4522,67.22650381842284,24.90546499081439,8678.852847217742
4523,67.22643928189468,24.90997841990924,9360.794985044873
4524,67.2263747297217,24.914491846116434,6202.019777181675
4525,67.22631016190142,24.91900526943556,0.0
4526,67.22624557843135,24.923518689866224,0.0
4527,67.22618097930896,24.928032107408015,1173.532253566676
4528,67.22611636453178,24.93254552206053,832.5143100719151
4529,67.22605173409731,24.937058933823366,0.0
4530,67.22598708800305,24.941572342696116,0.0
4531,67.22592242624646,24.946085748678385,143.36249886402754
4532,67.22585774882512,24.950599151769758,1372.6876408897676
4533,67.22579305573646,24.95511255196983,910.0298158877271
4534,67.22572834697799,24.959625949278205,0.0
4535,67.22566362254724,24.964139343694477,0.0
4536,67.22559888244167,24.968652735218242,0.0
4537,67.2255341266588,24.973166123849094,0.0
4538,67.22546935519608,24.97767950958663,592.7412931731658
4539,67.22540456805108,24.98219289243044,3395.2116133101126
4540,67.22533976522125,24.986706272380133,888.3223162044692
4541,67.22527494670405,24.991219649435298,1480.4906443638934
4542,67.22521011249701,24.99573302359553,7904.46027041681
4543,67.22514526259761,25.000246394860426,1118.6715803592888
4544,67.22508039700334,25.00475976322958,2756.661574448947
4545,67.22501551571168,25.0092731287026,2023.04607612466
4546,67.22495061872014,25.01378649127907,209.5763950152607
4547,67.2248857060262,25.0182998509586,4634.652173576329
4548,67.22482077762733,25.02281320774077,5201.8107994238235
4549,67.22475583352104,25.027326561625188,3906.3784500527977
4550,67.22469087370477,25.031839912611446,61.60776148090094
4551,67.22462589817604,25.036353260699148,836.2007585101488
4552,67.22456090693235,25.04086660588788,212.2750878320822
4553,67.22449589997113,25.045379948177246,0.0
4554,67.22443087728989,25.049893287566853,0.0
4555,67.22436583888614,25.054406624056274,0.0
4556,67.23363144856248,24.752065046588857,0.0
4557,67.23356762085537,24.756578585667636,0.0
4558,67.23350377763114,24.761092121873396,0.0
4559,67.23343991888736,24.76560565520574,0.0
4560,67.23337604462152,24.77011918566425,0.0
4561,67.23331215483115,24.774632713248504,0.0
4562,67.23324824951385,24.779146237958127,0.0
4563,67.23318432866712,24.78365975979269,0.0
4564,67.23312039228847,24.788173278751803,0.0
4565,67.23305644037546,24.792686794835053,0.0
4566,67.23299247292563,24.79720030804203,0.0
4567,67.23292848993653,24.801713818372328,0.0
4568,67.23286449140566,24.806227325825557,0.0
4569,67.23280047733054,24.81074083040129,0.0
4570,67.23273644770873,24.815254332099133,7825.847192326642
4571,67.23267240253776,24.81976783091868,4880.331967977965
4572,67.23260834181514,24.824281326859516,7741.715077815294
4573,67.2325442655384,24.828794819921242,15228.130633699056
4574,67.23248017370507,24.833308310103465,15169.059395913158
4575,67.23241606631268,24.83782179740576,5641.028298301416
4576,67.23235194335875,24.84233528182773,1380.284095065232
4577,67.23228780484084,24.846848763368968,7468.546632779815
4578,67.23222365075642,24.85136224202907,3497.157044291129
4579,67.23215948110304,24.85587571780763,1549.6474855547172
4580,67.23209529587821,24.86038919070424,7202.554147955695
4581,67.23203109507949,24.864902660718506,4664.652217951683
4582,67.23196687870434,24.86941612785001,1773.0074927284925
4583,67.23190264675033,24.873929592098353,1614.6063836426279
4584,67.23183839921494,24.878443053463133,2418.4816303280995
4585,67.23177413609572,24.882956511943934,136.12172074241138
4586,67.23170985739017,24.887469967540365,3073.260035184128
4587,67.23164556309584,24.89198342025201,10777.679260665926
4588,67.23158125321021,24.896496870078476,5840.4271339164625
4589,67.23151692773078,24.90101031701935,4276.401171143511
4590,67.23145258665511,24.905523761074218,2691.2883376294985
4591,67.23138822998068,24.9100372022427,10495.270706652038
4592,67.23132385770501,24.914550640524382,9671.140736200869
4593,67.23125946982563,24.919064075918847,2543.6733164395864
4594,67.23119506634,24.923577508425694,1025.6413510194695
4595,67.23113064724572,24.92809093804454,2659.095135681773
4596,67.23106621254021,24.932604364774953,1004.1476813575805
4597,67.23100176222103,24.93711778861654,750.2419475118006
4598,67.23093729628566,24.941631209568904,0.0
4599,67.23087281473163,24.946144627631636,428.97314179544554
4600,67.23080831755642,24.950658042804324,0.0
4601,67.23074380475757,24.955171455086585,0.0
4602,67.23067927633254,24.95968486447799,804.295870632492
4603,67.2306147322789,24.96419827097814,826.2637753487545
4604,67.23055017259406,24.968711674586643,0.0
4605,67.2304855972756,24.973225075303095,0.0
4606,67.230421006321,24.97773847312709,0.0
4607,67.23035639972774,24.98225186805821,2025.9709477353845
4608,67.23029177749333,24.986765260096075,0.0
4609,67.2302271396153,24.991278649240265,390.6149818919957
4610,67.2301624860911,24.995792035490382,6274.284426995147
4611,67.23009781691825,25.000305418846015,1122.7102362476253
4612,67.23003313209425,25.00481879930678,1022.0078698383581
4613,67.2299684316166,25.00933217687226,1423.9577606009987
4614,67.22990371548275,25.013845551542044,0.0
4615,67.22983898369026,25.018358923315745,427.19276921001574
4616,67.22977423623658,25.02287229219295,4793.104312474511
4617,67.22970947311923,25.02738565817327,1335.46225833675
4618,67.22964469433565,25.03189902125628,932.2699140249174
4619,67.22957989988339,25.036412381441597,2419.0634115053444
4620,67.22951508975993,25.040925738728802,1172.2009807667168
4621,67.2294502639627,25.04543909311751,307.7131082403639
4622,67.22938542248927,25.0499524446073,676.1773528951967
4623,67.22932056533706,25.054465793197775,0.0
4624,67.23857414316,24.7521232439534,0.0
4625,67.23851049383164,24.75663679504333,0.0
4626,67.23844682902953,24.761150343261097,0.0
4627,67.2383831487512,24.765663888606273,0.0
4628,67.23831945299416,24.770177431078455,0.0
4629,67.23825574175596,24.77469097067724,0.0
4630,67.23819201503422,24.779204507402234,0.0
4631,67.23812827282639,24.783718041253014,0.0
4632,67.23806451513003,24.788231572229176,0.0
4633,67.23800074194271,24.79274510033033,0.0
4634,67.23793695326196,24.79725862555605,0.0
4635,67.23787314908535,24.80177214790595,0.0
4636,67.23780932941035,24.806285667379605,0.0
4637,67.23774549423457,24.810799183976627,0.0
4638,67.23768164355549,24.81531269769659,3756.6942670308067
4639,67.23761777737067,24.819826208539112,5482.3891549275595
4640,67.23755389567764,24.82433971650377,10282.563493396532
4641,67.23748999847396,24.82885322159017,6545.431508369265
4642,67.23742608575714,24.833366723797894,12964.602600662498
4643,67.2373621575247,24.837880223126554,4745.589423276676
4644,67.23729821377421,24.842393719575725,1000.5295526649793
4645,67.23723425450316,24.846907213145016,0.0
4646,67.23717027970913,24.851420703834016,1984.487118340838
4647,67.2371062893896,24.85593419164233,4376.613070739348
4648,67.23704228354211,24.86044767656954,6350.678598631822
4649,67.23697826216424,24.864961158615248,3599.466584919515
4650,67.23691422525346,24.86947463777905,2209.308623885346
4651,67.23685017280731,24.87398811406054,4797.100301559447
4652,67.23678610482332,24.878501587459297,3364.0810796479295
4653,67.236722021299,24.88301505797495,1483.6622957011682
4654,67.23665792223193,24.887528525607078,0.0
4655,67.23659380761957,24.89204199035526,4017.6722798492337
4656,67.23652967745946,24.896555452219115,3322.2261285756904
4657,67.23646553174913,24.901068911198227,1408.003483694118
4658,67.2364013704861,24.90558236729219,4100.6439140068505
4659,67.2363371936679,24.91009582050062,12591.385298839432
4660,67.23627300129203,24.91460927082309,12545.701534335918
4661,67.23620879335603,24.919122718259196,1250.60504689208
4662,67.23614456985742,24.923636162808542,0.0
4663,67.23608033079365,24.928149604470722,2433.4709777512976
4664,67.23601607616233,24.932663043245338,1104.0148509254432
4665,67.23595180596092,24.93717647913198,986.8326018561278
4666,67.23588752018694,24.941689912130244,1613.4161476807085
4667,67.23582321883796,24.946203342239738,1879.3978686111323
4668,67.2357589019114,24.950716769460033,122.77113425020184
4669,67.23569456940486,24.955230193790747,0.0
4670,67.23563022131574,24.959743615231464,2806.099082384843
4671,67.23556585764166,24.96425703378179,5897.133881614894
4672,67.2355014783801,24.96877044944132,2031.433793323962
4673,67.23543708352855,24.973283862209648,610.567841360385
4674,67.23537267308454,24.97779727208637,1080.3329377857006
4675,67.23530824704555,24.98231067907108,899.187816324934
4676,67.2352438054091,24.986824083163384,0.0
4677,67.23517934817271,24.99133748436287,0.0
4678,67.23511487533385,24.99585088266913,2067.9976271137893
4679,67.23505038689005,25.000364278081776,402.18959320557644
4680,67.23498588283881,25.004877670600397,0.0
4681,67.23492136317766,25.00939106022459,2058.560024819116
4682,67.23485682790404,25.01390444695395,3306.9708799139994
4683,67.2347922770155,25.01841783078809,2444.0331345432337
4684,67.23472771050952,25.022931211726586,3592.88286666108
4685,67.23466312838359,25.027444589769036,1624.1202587352777
4686,67.23459853063522,25.03195796491506,1835.4985723816746
4687,67.23453391726196,25.036471337164222,1423.1215588255948
4688,67.2344692882612,25.04098470651614,1438.7708605507535
4689,67.23440464363051,25.045498072970425,1452.6853246255714
4690,67.23433998336735,25.050011436526653,1006.5984797860502
4691,67.23427530746926,25.05452479718442,0.0
4692,67.24351685322884,24.75218127841809,0.0
4693,67.2434533822817,24.756694841485572,0.0
4694,67.24338989590414,24.761208401681706,0.0
4695,67.2433263940937,24.765721959006108,0.0
4696,67.24326287684794,24.770235513458363,0.0
4697,67.2431993441644,24.774749065038062,0.0
4698,67.24313579604062,24.77926261374479,0.0
4699,67.24307223247415,24.78377615957816,0.0
4700,67.24300865346258,24.788289702537764,0.0
4701,67.2429450590034,24.79280324262319,0.0
4702,67.2428814490942,24.797316779834034,0.0
4703,67.2428178237325,24.801830314169877,0.0
4704,67.24275418291589,24.80634384563034,0.0
4705,67.24269052664185,24.810857374215,0.0
4706,67.24262685490797,24.81537089992345,3005.0256401372403
4707,67.24256316771178,24.819884422755305,379.4760808804858
4708,67.24249946505084,24.824397942710135,2790.7728412682136
4709,67.24243574692264,24.828911459787555,9063.976674186684
4710,67.24237201332478,24.833424973987146,15601.743623599315
4711,67.2423082642548,24.83793848530851,9469.874717817082
4712,67.24224449971018,24.842451993751236,1148.3201507332758
4713,67.2421807196885,24.846965499314926,51.710364784721996
4714,67.2421169241873,24.851479001999166,5342.120902414106
4715,67.2420531132041,24.855992501803573,12200.674873935528
4716,67.24198928673646,24.860505998727717,5264.419551775903
4717,67.24192544478188,24.865019492771207,2194.728703819865
4718,67.24186158733794,24.86953298393363,4078.9881595099096
4719,67.24179771440211,24.874046472214584,2878.772852595775
4720,67.24173382597199,24.87855995761367,3715.02962248789
4721,67.24166992204508,24.883073440130488,2377.3100899190385
4722,67.24160600261892,24.887586919764622,0.0
4723,67.24154206769103,24.892100396515673,0.0
4724,67.24147811725894,24.89661387038323,825.1257025353245
4725,67.24141415132019,24.9011273413669,804.078709757548
4726,67.2413501698723,24.905640809466274,2426.060914093891
4727,67.2412861729128,24.910154274680945,7531.399466241082
4728,67.24122216043921,24.91466773701051,8907.327234958017
4729,67.24115813244907,24.919181196454566,6168.914992788976
4730,67.24109408893989,24.92369465301272,404.66101905022856
4731,67.2410300299092,24.928208106684544,2683.380318961027
4732,67.24096595535453,24.93272155746966,216.61679358931585
4733,67.24090186527337,24.937235005367643,1170.8784077895082
4734,67.2408377596633,24.941748450378107,1848.9102300041761
4735,67.24077363852179,24.94626189250064,1047.2173598952322
4736,67.24070950184638,24.95077533173484,2001.201715996868
4737,67.2406453496346,24.9552887680803,1249.673783887073
4738,67.24058118188394,24.959802201536625,1511.276947517752
4739,67.24051699859194,24.964315632103396,2478.720322347253
4740,67.24045279975613,24.96882905978023,230.83887920752994
4741,67.24038858537398,24.973342484566707,1500.0522343816178
4742,67.24032435544302,24.97785590646244,1659.4193780655855
4743,67.24026010996079,24.98236932546701,0.0
4744,67.24019584892478,24.98688274158001,0.0
4745,67.24013157233253,24.991396154801055,0.0
4746,67.24006728018152,24.995909565129743,1346.5372704411718
4747,67.2400029724693,25.00042297256566,0.0
4748,67.23993864919333,25.004936377108397,565.4524803692527
4749,67.23987431035115,25.009449778757567,2473.892983952587
4750,67.23980995594026,25.013963177512764,5563.644368964263
4751,67.23974558595816,25.018476573373576,3291.3243550183324
4752,67.23968120040237,25.022989966339605,2008.446607238863
4753,67.23961679927041,25.027503356410453,2456.2154069114736
4754,67.23955238255976,25.03201674358572,2007.657997887885
4755,67.23948795026793,25.036530127864985,3986.227714054428
4756,67.23942350239244,25.04104350924787,3909.725336097965
4757,67.23935903893076,25.04555688773397,3237.900944409196
4758,67.23929455988042,25.050070263322855,0.0
4759,67.23923006523894,25.054583636014147,0.0
4760,67.24845957872566,24.75223914998093,0.0
4761,67.24839628616222,24.75675272499234,0.0
4762,67.24833297821166,24.761266297133254,0.0
4763,67.24826965487156,24.76577986640326,0.0
4764,67.24820631613949,24.77029343280196,0.0
4765,67.24814296201303,24.77480699632894,0.0
4766,67.24807959248972,24.77932055698381,0.0
4767,67.24801620756706,24.78383411476614,0.0
4768,67.24795280724267,24.788347669675545,0.0
4769,67.24788939151412,24.79286122171161,0.0
4770,67.24782596037892,24.79737477087394,0.0
4771,67.24776251383463,24.801888317162117,0.0
4772,67.24769905187881,24.80640186057574,0.0
4773,67.24763557450899,24.810915401114407,0.0
4774,67.24757208172278,24.815428938777707,0.0
4775,67.24750857351768,24.819942473565245,701.2211863377435
4776,67.24744504989124,24.82445600547661,3148.8791245493994
4777,67.24738151084105,24.828969534511398,6717.093750788241
4778,67.24731795636461,24.833483060669202,10406.334152797852
4779,67.24725438645949,24.837996583949618,2629.682076010051
4780,67.24719080112322,24.842510104352247,0.0
4781,67.24712720035336,24.847023621876676,972.900027998606
4782,67.24706358414748,24.851537136522506,1878.8746167800184
4783,67.24699995250306,24.85605064828933,4858.864240653856
4784,67.24693630541769,24.860564157176746,7109.309837163054
4785,67.24687264288893,24.865077663184348,2288.303094954963
4786,67.24680896491427,24.869591166311725,7965.181666826848
4787,67.24674527149125,24.874104666558488,5945.158409505524
4788,67.24668156261745,24.878618163924216,3265.125981200132
4789,67.24661783829042,24.88313165840852,954.5509344898358
4790,67.24655409850763,24.88764515001099,0.0
4791,67.24649034326667,24.892158638731217,0.0
4792,67.24642657256508,24.8966721245688,0.0
4793,67.24636278640038,24.901185607523335,0.0
4794,67.2462989847701,24.90569908759443,550.5967200092157
4795,67.24623516767178,24.910212564781656,1183.0664341961483
4796,67.24617133510296,24.914726039084638,11774.131390774766
4797,67.24610748706114,24.919239510502955,15654.6240834665
4798,67.24604362354387,24.923752979036195,15555.930013270006
4799,67.24597974454873,24.928266444683985,2606.769523442534
4800,67.24591585007317,24.932779907445884,3509.956471034468
4801,67.24585194011478,24.937293367321512,6003.923110132544
4802,67.24578801467108,24.941806824310465,4830.38182412425
4803,67.24572407373955,24.94632027841234,0.0
4804,67.24566011731775,24.950833729626723,0.0
4805,67.24559614540323,24.95534717795321,0.0
4806,67.24553215799348,24.95986062339142,0.0
4807,67.24546815508606,24.964374065940927,0.0
4808,67.24540413667845,24.968887505601337,185.09630788337847
4809,67.24534010276821,24.973400942372248,0.0
4810,67.24527605335281,24.97791437625325,0.0
4811,67.24521198842982,24.982427807243948,0.0
4812,67.24514790799675,24.986941235343938,0.0
4813,67.24508381205113,24.99145466055282,0.0
4814,67.24501970059045,24.995968082870178,0.0
4815,67.24495557361227,25.000481502295624,0.0
4816,67.24489143111403,25.004994918828746,0.0
4817,67.24482727309334,25.009508332469146,149.18673473935564
4818,67.24476309954768,25.014021743216425,586.8010277018053
4819,67.24469891047453,25.018535151070168,2518.71350992236
4820,67.24463470587143,25.023048556029988,1253.9464826753206
4821,67.24457048573592,25.027561958095482,2744.0313771046067
4822,67.24450625006547,25.03207535726624,2095.9981107217477
4823,67.2444419988576,25.036588753541857,2464.4910339714093
4824,67.24437773210985,25.04110214692194,3877.4840831968095
4825,67.24431344981967,25.045615537406075,3490.900986646279
4826,67.24424915198465,25.05012892499387,0.0
4827,67.24418483860225,25.054642309684926,0.0
4828,67.25340231960715,24.75229685863991,0.0
4829,67.25333920542978,24.75681044556164,0.0
4830,67.25327607590866,24.76132402961371,0.0
4831,67.25321293104138,24.765837610795717,0.0
4832,67.25314977082547,24.77035118910724,0.0
4833,67.25308659525851,24.7748647645479,0.0
4834,67.25302340433807,24.779378337117265,0.0
4835,67.25296019806171,24.783891906814937,0.0
4836,67.25289697642697,24.78840547364052,0.0
4837,67.25283373943145,24.792919037593602,0.0
4838,67.2527704870727,24.797432598673776,0.0
4839,67.25270721934825,24.80194615688065,0.0
4840,67.25264393625571,24.806459712213805,0.0
4841,67.25258063779258,24.810973264672835,0.0
4842,67.25251732395645,24.81548681425734,0.0
4843,67.2524539947449,24.820000360966933,0.0
4844,67.25239065015543,24.824513904801172,519.9179688265605
4845,67.25232729018565,24.82902744575968,926.8090885756532
4846,67.2522639148331,24.833540983842056,0.0
4847,67.2522005240953,24.838054519047873,0.0
4848,67.25213711796987,24.84256805137674,0.0
4849,67.25207369645427,24.847081580828252,0.0
4850,67.25201025954614,24.851595107402005,0.0
4851,67.25194680724299,24.856108631097594,0.0
4852,67.25188333954239,24.860622151914615,227.62412083003466
4853,67.25181985644184,24.86513566985266,182.75059945881657
4854,67.25175635793892,24.869649184911324,649.0078441854623
4855,67.2516928440312,24.874162697090217,410.3803343836065
4856,67.2516293147162,24.87867620638892,0.0
4857,67.25156576999147,24.883189712807035,0.0
4858,67.25150220985455,24.887703216344157,0.0
4859,67.25143863430299,24.89221671699988,0.0
4860,67.25137504333435,24.89673021477381,0.0
4861,67.25131143694612,24.901243709665533,0.0
4862,67.25124781513594,24.905757201674646,0.0
4863,67.25118417790125,24.91027069080075,426.3859254080288
4864,67.25112052523966,24.914784177043447,988.99243795234
4865,67.25105685714863,24.919297660402318,2628.6472036589075
4866,67.25099317362579,24.92381114087697,4324.984262366849
4867,67.25092947466862,24.928324618466995,1187.6622054259526
4868,67.25086576027469,24.932838093172,508.60559271488415
4869,67.2508020304415,24.93735156499156,415.3755007719989
4870,67.25073828516662,24.94186503392529,1567.0976587628963
4871,67.25067452444758,24.946378499972795,315.763542818792
4872,67.25061074828187,24.950891963133657,0.0
4873,67.2505469566671,24.955405423407463,0.0
4874,67.25048314960073,24.959918880793836,0.0
4875,67.25041932708034,24.964432335292358,0.0
4876,67.2503554891034,24.968945786902626,0.0
4877,67.25029163566754,24.97345923562424,0.0
4878,67.2502277667702,24.977972681456798,0.0
4879,67.25016388240893,24.982486124399895,0.0
4880,67.25009998258128,24.98699956445314,0.0
4881,67.25003606728477,24.991513001616106,0.0
4882,67.2499721365169,24.99602643588841,0.0
4883,67.24990819027522,25.000539867269644,0.0
4884,67.24984422855727,25.00505329575941,0.0
4885,67.24978025136053,25.009566721357302,0.0
4886,67.24971625868254,25.014080144062916,1299.869629396666
4887,67.24965225052084,25.018593563875854,119.15147253019654
4888,67.24958822687292,25.02310698079571,0.0
4889,67.24952418773633,25.02762039482209,862.8068981998592
4890,67.24946013310858,25.032133805954576,0.0
4891,67.24939606298717,25.036647214192786,115.50662128107716
4892,67.24933197736964,25.041160619536303,741.0325248963597
4893,67.24926787625351,25.04567402198473,1197.2970268299737
4894,67.24920375963626,25.050187421537668,0.0
4895,67.24913962751545,25.05470081819471,0.0
