cell_id,lon,lat,road_length_m
0,74.152622541456,31.350636362980964,4188.219826242895
1,74.1525820893877,31.35514723287628,7547.041898997074
2,74.15254162822949,31.359658099549655,8097.1006366173415
3,74.15250115797963,31.364168963000836,6442.029291554116
4,74.15246067863632,31.368679823229556,9632.942981296937
5,74.15242019019772,31.37319068023553,3000.1238450191313
6,74.15237969266207,31.377701534018517,1482.4889982579045
7,74.15233918602756,31.382212384578224,4339.507343223475
8,74.15229867029238,31.386723231914406,9563.01094771659
9,74.15225814545474,31.391234076026777,4699.939389539757
10,74.15221761151285,31.395744916915085,2978.9155171217863
11,74.15217706846491,31.400255754579053,1979.1548876241077
12,74.1521365163091,31.404766589018426,983.7909593993653
13,74.15209595504363,31.409277420232915,2805.1909855540844
14,74.1520553846667,31.41378824822227,4603.874656983821
15,74.15201480517649,31.418299072986233,16433.762189133136
16,74.15197421657119,31.422809894524512,14022.971854875643
17,74.15193361884901,31.427320712836856,33.42315660119845
18,74.15189301200819,31.431831527923013,0.0
19,74.15185239604683,31.436342339782684,0.0
20,74.1518117709632,31.44085314841562,0.0
21,74.15177113675547,31.445363953821555,0.0
22,74.15173049342184,31.449874756000238,0.0
23,74.15168984096046,31.45438555495136,0.0
24,74.15164917936957,31.45889635067469,0.0
25,74.15160850864733,31.463407143169963,0.0
26,74.15156782879195,31.467917932436908,0.0
27,74.15152713980163,31.472428718475236,0.0
28,74.1514864416745,31.476939501284708,0.0
29,74.15144573440885,31.481450280865058,0.0
30,74.15140501800276,31.485961057216,0.0
31,74.15136429245449,31.490471830337277,0.0
32,74.15132355776218,31.494982600228653,0.0
33,74.15128281392406,31.49949336688982,0.0
34,74.15124206093827,31.504004130320524,0.0
35,74.15120129880302,31.50851489052052,0.0
36,74.1511605275165,31.51302564748952,0.0
37,74.15111974707686,31.51753640122728,0.0
38,74.15107895748233,31.522047151733513,0.0
39,74.15103815873105,31.52655789900797,0.0
40,74.15099735082124,31.53106864305038,724.3113406622736
41,74.15095653375107,31.535579383860465,211.24593404578732
42,74.15091570751868,31.540090121437984,81.55183641166926
43,74.15087487212232,31.54460085578268,0.0
44,74.1508340275601,31.549111586894245,298.6342341305381
45,74.15079317383024,31.553622314772454,0.0
46,74.15075231093087,31.558133039417015,0.0
47,74.15071143886026,31.56264376082769,0.0
48,74.15067055761651,31.567154479004206,0.0
49,74.15062966719779,31.57166519394628,0.0
50,74.15058876760233,31.57617590565368,0.0
51,74.15054785882828,31.580686614126133,0.0
52,74.1505069408738,31.585197319363346,0.0
53,74.15046601373707,31.589708021365077,0.0
54,74.15042507741627,31.59421872013107,0.0
55,74.15038413190956,31.598729415661058,0.0
56,74.15034317721513,31.603240107954765,0.0
57,74.15030221333117,31.607750797011953,0.0
58,74.1502612402558,31.612261482832317,0.0
59,74.15022025798721,31.61677216541562,0.0
60,74.15017926652358,31.621282844761605,0.0
61,74.15013826586309,31.62579352087,0.0
62,74.15009725600386,31.630304193740546,435.0262157283607
63,74.1500562369441,31.634814863372966,876.4088331779483
64,74.15001520868198,31.63932552976701,516.3700951602422
65,74.14997417121562,31.64383619292241,0.0
66,74.14993312454324,31.648346852838905,158.4917359491986
67,74.15787876544005,31.350670967289577,2155.4642876440466
68,74.15783856422061,31.355181843284356,9736.415140902645
69,74.15779835396766,31.359692716057786,9569.331121534142
70,74.15775813467941,31.364203585609584,4690.098360629285
71,74.15771790635408,31.368714451939482,3539.9965408089483
72,74.15767766898988,31.373225315047222,3853.0914151919947
73,74.15763742258501,31.37773617493253,5270.7904345991965
74,74.1575971671377,31.382247031595142,8414.933014321137
75,74.15755690264614,31.386757885034797,9937.046040666877
76,74.15751662910856,31.39126873525121,8756.138237109804
77,74.15747634652315,31.395779582244113,8611.869333616274
78,74.15743605488818,31.400290426013278,3241.3601465032066
79,74.15739575420181,31.404801266558394,3005.6634159280707
80,74.15735544446223,31.409312103879213,373.14205182614046
81,74.15731512566767,31.413822937975482,5612.683633967843
82,74.15727479781638,31.418333768846903,15208.82650316975
83,74.15723446090648,31.422844596493228,16108.625014207628
84,74.15719411493627,31.427355420914193,2316.3753094813064
85,74.15715375990389,31.431866242109525,0.0
86,74.15711339580758,31.43637706007896,0.0
87,74.15707302264552,31.440887874822227,0.0
88,74.15703264041593,31.445398686339068,0.0
89,74.15699224911702,31.44990949462922,0.0
90,74.15695184874697,31.454420299692398,0.0
91,74.156911439304,31.45893110152835,0.0
92,74.15687102078631,31.46344190013683,0.0
93,74.1568305931921,31.467952695517535,0.0
94,74.15679015651956,31.472463487670215,0.0
95,74.1567497107669,31.476974276594607,0.0
96,74.15670925593233,31.481485062290446,0.0
97,74.15666879201402,31.485995844757454,0.0
98,74.1566283190102,31.490506623995383,0.0
99,74.15658783691904,31.495017400003967,0.0
100,74.15654734573876,31.499528172782927,127.59666274288642
101,74.15650684546756,31.504038942331995,2622.226426093769
102,74.1564663361036,31.508549708650936,1000.5324240647558
103,74.15642581764511,31.51306047173946,841.8142796559657
104,74.15638529009026,31.51757123159731,722.7075977803186
105,74.15634475343728,31.522081988224205,0.0
106,74.15630420768431,31.526592741619904,1048.7790606079802
107,74.1562636528296,31.531103491784126,477.2297753607375
108,74.15622308887131,31.53561423871662,1298.0186516272859
109,74.15618251580763,31.54012498241711,3002.9787520563864
110,74.15614193363676,31.544635722885346,3084.4231107163564
111,74.15610134235688,31.549146460121044,1966.5432736528824
112,74.1560607419662,31.55365719412395,1562.9554750591838
113,74.1560201324629,31.558167924893798,773.5029848249856
114,74.15597951384515,31.562678652430325,0.0
115,74.15593888611117,31.567189376733264,0.0
116,74.15589824925911,31.571700097802356,505.59583722224596
117,74.15585760328719,31.576210815637335,1000.0188614585109
118,74.15581694819356,31.580721530237938,1000.0066057666588
119,74.15577628397645,31.585232241603897,2217.628211400474
120,74.15573561063404,31.589742949734955,1425.6603713344034
121,74.15569492816448,31.59425365463085,1000.1164643572265
122,74.15565423656598,31.598764356291305,1369.433941094433
123,74.15561353583671,31.60327505471608,790.1942533966294
124,74.15557282597487,31.607785749904885,0.0
125,74.15553210697861,31.612296441857463,0.0
126,74.15549137884615,31.616807130573562,0.0
127,74.15545064157564,31.62131781605292,0.0
128,74.15540989516526,31.625828498295252,1220.3392045850405
129,74.15536913961324,31.630339177300325,2661.1719547842677
130,74.15532837491769,31.634849853067863,2630.1580453663464
131,74.15528760107682,31.639360525597585,1000.1578113267566
132,74.15524681808883,31.643871194889257,800.1105851692531
133,74.15520602595183,31.648381860942607,1358.7148861232286
134,74.16313499845582,31.350705356331144,6082.607410533064
135,74.16309504808707,31.355216238387463,12469.605729381945
136,74.16305508874115,31.359727117222995,10548.846888669314
137,74.1630151204163,31.364237992837467,8476.577435461812
138,74.16297514311074,31.3687488652306,10880.160624516111
139,74.16293515682268,31.373259734402147,9776.7276131313
140,74.1628951615504,31.37777060035182,8684.14441031073
141,74.16285515729206,31.38228146307938,10708.922316473108
142,74.16281514404591,31.386792322584533,10506.577612933705
143,74.16277512181018,31.391303178867016,11493.84520144013
144,74.1627350905831,31.39581403192658,3310.4132174557117
145,74.16269505036283,31.400324881762938,2500.398558985055
146,74.16265500114767,31.404835728375836,464.5356163651199
147,74.1626149429358,31.409346571764996,3899.1353954877923
148,74.16257487572545,31.413857411930174,4870.918786834868
149,74.16253479951482,31.418368248871083,4526.23524257418
150,74.16249471430217,31.42287908258746,11206.818446218469
151,74.16245462008568,31.427389913079036,9542.153266625848
152,74.16241451686355,31.431900740345558,0.0
153,74.16237440463405,31.43641156438675,0.0
154,74.16233428339535,31.44092238520234,0.0
155,74.16229415314572,31.445433202792085,0.0
156,74.16225401388334,31.449944017155698,0.0
157,74.16221386560642,31.454454828292906,0.0
158,74.16217370831315,31.45896563620347,0.0
159,74.1621335420018,31.46347644088711,0.0
160,74.16209336667055,31.467987242343554,0.0
161,74.1620531823176,31.472498040572557,0.0
162,74.1620129889412,31.47700883557383,0.0
163,74.16197278653954,31.481519627347115,0.0
164,74.1619325751108,31.486030415892163,0.0
165,74.16189235465325,31.490541201208682,0.0
166,74.16185212516504,31.49505198329643,0.0
167,74.16181188664441,31.499562762155133,0.0
168,74.1617716390896,31.504073537784517,0.0
169,74.16173138249873,31.508584310184325,0.0
170,74.16169111687006,31.513095079354304,1317.5146967052501
171,74.16165084220182,31.517605845294174,1738.5623594875099
172,74.16161055849219,31.522116608003675,1332.9483778568401
173,74.16157026573936,31.526627367482543,2325.083481743486
174,74.16152996394153,31.53113812373051,2236.053422350521
175,74.16148965309694,31.53564887674731,1165.4486417208657
176,74.16144933320375,31.54015962653268,4344.622223271664
177,74.16140900426021,31.544670373086383,1833.9189604625494
178,74.16136866626448,31.54918111640811,211.66198212290004
179,74.16132831921479,31.553691856497622,1337.5963039938135
180,74.16128796310932,31.558202593354636,1122.4325751039141
181,74.1612475979463,31.562713326978923,0.0
182,74.16120722372388,31.567224057370183,0.0
183,74.16116684044029,31.571734784528175,650.186273149327
184,74.16112644809373,31.576245508452633,351.8556910769128
185,74.1610860466824,31.58075622914328,896.7872098928931
186,74.16104563620446,31.58526694659986,141.22590869370418
187,74.16100521665814,31.589777660822108,1522.460603941639
188,74.16096478804164,31.59428837180977,0.0
189,74.16092435035316,31.59879907956257,403.60403739872504
190,74.16088390359086,31.603309784080267,2162.6894914096993
191,74.16084344775295,31.607820485362566,1000.3437578745563
192,74.16080298283764,31.612331183409214,1000.1787796526476
193,74.1607625088431,31.616841878219958,2030.1846739835037
194,74.16072202576756,31.62135256979454,1000.0732311669422
195,74.16068153360916,31.62586325813267,1570.221861108129
196,74.1606410323661,31.63037394323411,609.5127765758931
197,74.1606005220366,31.63488462509859,2178.5358176506465
198,74.16056000261884,31.63939530372584,2153.9068981092714
199,74.160519474111,31.643905979115605,1319.862971816261
200,74.16047893651127,31.648416651267638,643.8394640887019
201,74.16839124044701,31.35073953010439,6788.4204939752535
202,74.16835154093067,31.355250418184315,6932.762041660399
203,74.16831183249356,31.35976130304401,8212.365071735383
204,74.16827211513389,31.364272184683195,9590.192334511119
205,74.16823238884986,31.36878306310162,10203.503034718164
206,74.16819265363975,31.373293938299014,12789.097376221616
207,74.1681529095018,31.377804810275112,12897.754227360401
208,74.16811315643425,31.38231567902964,7303.266142817812
209,74.16807339443528,31.38682654456234,6880.067479693889
210,74.16803362350318,31.391337406872925,8698.01053769113
211,74.16799384363614,31.395848265961153,7153.172693171129
212,74.16795405483242,31.40035912182675,5194.081400908094
213,74.16791425709026,31.404869974469452,4165.4398754213635
214,74.16787445040785,31.409380823888974,9245.13257338656
215,74.16783463478347,31.41389167008507,3491.4490579129197
216,74.16779481021533,31.418402513057465,2611.864473186307
217,74.16775497670164,31.422913352805896,5536.885358300949
218,74.16771513424068,31.4274241893301,13477.065093610016
219,74.16767528283061,31.431935022629816,2500.949340720699
220,74.16763542246971,31.436445852704757,214.89732748056227
221,74.1675955531562,31.44095667955467,0.0
222,74.16755567488828,31.44546750317929,0.0
223,74.16751578766419,31.449978323578346,0.0
224,74.16747589148216,31.454489140751583,0.0
225,74.16743598634042,31.458999954698722,0.0
226,74.1673960722372,31.463510765419514,0.0
227,74.16735614917067,31.468021572913674,0.0
228,74.16731621713912,31.47253237718095,0.0
229,74.16727627614075,31.477043178221088,0.0
230,74.16723632617379,31.48155397603378,0.0
231,74.16719636723641,31.486064770618803,0.0
232,74.16715639932691,31.49057556197588,0.0
233,74.16711642244346,31.49508635010475,0.0
234,74.16707643658428,31.499597135005125,0.0
235,74.16703644174761,31.504107916676766,0.0
236,74.16699643793166,31.508618695119406,0.0
237,74.16695642513463,31.513129470332768,1201.637905681563
238,74.16691640335476,31.51764024231659,1325.4584917354769
239,74.16687637259027,31.522151011070623,1025.827456602512
240,74.16683633283935,31.52666177659458,2074.1331845128007
241,74.16679628410024,31.531172538888207,2758.269390234402
242,74.16675622637115,31.535683297951238,1323.594682480289
243,74.16671615965028,31.540194053783416,987.203177285104
244,74.16667608393583,31.54470480638447,2080.6184789315203
245,74.16663599922606,31.549215555754145,52.032973810738966
246,74.16659590551917,31.55372630189217,2026.932641209461
247,74.16655580281332,31.55823704479826,1170.2823360519465
248,74.1665156911068,31.562747784472183,0.0
249,74.16647557039778,31.567258520913676,0.0
250,74.16643544068444,31.57176925412245,0.0
251,74.16639530196504,31.576279984098274,1002.1186510693333
252,74.16635515423776,31.58079071084084,1155.7796935332526
253,74.16631499750083,31.585301434349926,0.0
254,74.16627483175245,31.58981215462525,310.71607367010586
255,74.16623465699081,31.594322871666545,747.667553010027
256,74.16619447321412,31.598833585473557,0.0
257,74.16615428042061,31.603344296046036,1000.0761561121832
258,74.16611407860847,31.607855003383683,0.0
259,74.1660738677759,31.612365707486262,0.0
260,74.16603364792111,31.616876408353498,46.45394485351294
261,74.16599341904232,31.621387105985146,1279.6811896381985
262,74.16595318113768,31.625897800380923,1587.7444468448534
263,74.16591293420545,31.630408491540578,351.1455915305418
264,74.16587267824379,31.634919179463843,1916.0907357206436
265,74.16583241325093,31.63942986415045,1549.6200939406253
266,74.16579213922506,31.643940545600145,0.0
267,74.16575185616436,31.648451223812675,0.0
268,74.1736474913572,31.35077348860804,5189.396284701102
269,74.1736080426951,31.355284382673624,12936.105822367494
270,74.17356858516854,31.359795273519527,12936.230175553303
271,74.17352911877578,31.364306161145503,1507.9806027102536
272,74.1734896435151,31.368817045551268,9004.345676102574
273,74.1734501593847,31.37332792673656,12549.413461415432
274,74.17341066638285,31.377838804701103,13206.570408665886
275,74.17337116450781,31.382349679444644,6157.444643855139
276,74.17333165375778,31.386860550966926,3291.326067198479
277,74.17329213413107,31.391371419267642,7021.343007855437
278,74.17325260562589,31.395882284346563,12143.635642622778
279,74.17321306824046,31.400393146203424,11297.649780505608
280,74.17317352197306,31.40490400483795,13336.00576248236
281,74.17313396682191,31.40941486024985,11478.628125682284
282,74.17309440278527,31.413925712438896,6808.34014779138
283,74.17305482986137,31.418436561404793,9798.65624427002
284,74.17301524804846,31.422947407147287,5764.388257952433
285,74.17297565734474,31.427458249666106,14307.197028344544
286,74.17293605774852,31.431969088961008,12293.974213686819
287,74.17289644925798,31.4364799250317,8273.688362477647
288,74.17285683187141,31.44099075787792,0.0
289,74.172817205587,31.445501587499415,0.0
290,74.172777570403,31.45001241389591,0.0
291,74.17273792631762,31.454523237067146,6.087993217014618
292,74.17269827332917,31.459034057012843,1363.3280435299075
293,74.17265861143584,31.463544873732754,1188.680219302367
294,74.17261894063584,31.468055687226602,0.0
295,74.17257926092748,31.472566497494135,0.0
296,74.17253957230893,31.47707730453507,0.0
297,74.17249987477844,31.48158810834914,0.0
298,74.17246016833423,31.486098908936118,0.0
299,74.17242045297455,31.49060970629569,0.0
300,74.17238072869762,31.495120500427625,0.0
301,74.17234099550166,31.499631291331635,0.0
302,74.17230125338494,31.504142079007465,0.0
303,74.17226150234566,31.50865286345487,315.78860058089464
304,74.17222174238204,31.513163644673547,799.0192503800349
305,74.17218197349236,31.517674422663262,1559.4342557454547
306,74.17214219567478,31.522185197423745,1372.4701990975584
307,74.17210240892757,31.52669596895473,1060.345932293148
308,74.17206261324894,31.53120673725593,3258.9064040436015
309,74.17202280863711,31.53571750232711,4067.3020089376587
310,74.17198299509035,31.54022826416801,1467.0759793684383
311,74.17194317260682,31.544739022778348,0.0
312,74.17190334118477,31.549249778157858,4088.3409243644137
313,74.17186350082244,31.553760530306292,1484.9276740316259
314,74.17182365151805,31.558271279223376,0.0
315,74.17178379326981,31.562782024908838,0.0
316,74.17174392607595,31.567292767362424,621.5064961966664
317,74.17170404993468,31.571803506583894,0.0
318,74.17166416484423,31.576314242572945,1892.5539663685158
319,74.1716242708028,31.58082497532933,421.1451897105268
320,74.17158436780866,31.585335704852785,0.0
321,74.17154445585999,31.589846431143055,807.1573175796636
322,74.17150453495502,31.594357154199866,1518.0268385718682
323,74.17146460509194,31.598867874022957,720.4712180480425
324,74.171424666269,31.603378590612074,511.9454867274038
325,74.17138471848442,31.607889303966946,0.0
326,74.17134476173639,31.612400014087303,0.0
327,74.17130479602312,31.616910720972896,0.0
328,74.17126482134286,31.62142142462345,0.0
329,74.17122483769381,31.625932125038727,0.0
330,74.17118484507418,31.63044282221842,1705.3260341329562
331,74.17114484348218,31.634953516162312,1960.636436158181
332,74.17110483291603,31.63946420687012,611.955549107847
333,74.17106481337393,31.643974894341582,1187.8199913166118
334,74.17102478485408,31.64848557857644,1113.9528662294065
335,74.1789037511301,31.35080723184081,3920.4349298578773
336,74.17886455332395,31.35531813185412,9998.878125227347
337,74.1788253467097,31.359829028648296,9319.559942357322
338,74.17878613128563,31.3643399222231,3794.053296472514
339,74.17874690705,31.368850812578252,11309.291980630283
340,74.17870767400106,31.37336169971348,12623.052349886151
341,74.1786684321371,31.37787258362853,12214.725768819022
342,74.17862918145632,31.382383464323127,5864.964977597305
343,74.17858992195703,31.38689434179701,4255.2273833685385
344,74.17855065363746,31.391405216049915,10250.648667155441
345,74.17851137649586,31.395916087081556,10161.734703888686
346,74.17847209053048,31.400426954891696,3458.413559441355
347,74.1784327957396,31.404937819480043,9339.223928943802
348,74.17839349212146,31.40944868084635,11430.982207806754
349,74.17835417967432,31.413959538990348,7953.25578875306
350,74.1783148583964,31.418470393911765,7564.322547307922
351,74.17827552828601,31.42298124561032,8736.212350851309
352,74.17823618934136,31.42749209408577,7141.58283819853
353,74.17819684156072,31.432002939337867,12962.276267245918
354,74.1781574849423,31.436513781366294,10530.055078646295
355,74.17811811948442,31.441024620170825,1821.0679461470677
356,74.17807874518527,31.445535455751177,74.1121760172347
357,74.17803936204312,31.450046288107096,3518.216624459973
358,74.17799997005622,31.45455711723831,793.1600236448653
359,74.17796056922282,31.459067943144547,10401.179134818582
360,74.17792115954116,31.463578765825552,10169.432096094524
361,74.17788174100946,31.46808958528106,2961.6435582240774
362,74.177842313626,31.4726004015108,0.0
363,74.17780287738903,31.47711121451451,0.0
364,74.17776343229679,31.481622024291934,0.0
365,74.17772397834747,31.48613283084279,0.0
366,74.17768451553938,31.490643634166826,0.0
367,74.17764504387074,31.495154434263764,0.0
368,74.17760556333981,31.499665231133363,0.0
369,74.1775660739448,31.50417602477533,142.2853539873737
370,74.17752657568397,31.508686815189424,1103.156745969537
371,74.17748706855558,31.513197602375374,0.0
372,74.1774475525578,31.517708386332906,0.0
373,74.17740802768893,31.522219167061767,1199.6340727345337
374,74.17736849394717,31.526729944561687,1041.8809223723536
375,74.17732895133082,31.531240718832404,890.4907374899685
376,74.17728939983807,31.535751489873654,1281.799768166324
377,74.17724983946715,31.54026225768517,2847.6846174416833
378,74.1772102702163,31.544773022266703,1320.1184971864102
379,74.17717069208376,31.549283783617966,1170.5737613499816
380,74.17713110506782,31.553794541738707,2177.9353643546315
381,74.17709150916662,31.55830529662867,5673.188641049312
382,74.17705190437844,31.562816048287573,1899.1167396295307
383,74.17701229070151,31.567326796715168,877.7238184747972
384,74.17697266813411,31.571837541911194,0.0
385,74.17693303667437,31.576348283875376,1266.205351162922
386,74.1768933963206,31.580859022607452,0.0
387,74.17685374707101,31.585369758107152,799.5824353886131
388,74.17681408892382,31.58988049037425,2644.605446551284
389,74.1767744218773,31.594391219408447,2857.022597909377
390,74.17673474592962,31.598901945209477,2447.28500017876
391,74.17669506107903,31.603412667777114,1222.5766923098513
392,74.17665536732378,31.607923387111047,482.1273573991949
393,74.17661566466208,31.612434103211054,0.0
394,74.17657595309215,31.616944816076845,0.0
395,74.17653623261222,31.62145552570817,0.0
396,74.17649650322052,31.625966232104762,0.0
397,74.17645676491529,31.63047693526637,1312.6154466663074
398,74.17641701769473,31.63498763519273,716.2703975963971
399,74.17637726155708,31.63949833188356,2691.5305282866157
400,74.17633749650054,31.64400902533862,2142.046524925838
401,74.17629772252333,31.648519715557626,710.3684560502857
402,74.18416001970934,31.35084075980146,5440.922099460782
403,74.18412107276087,31.35535166572453,12831.488269461612
404,74.18408211706068,31.359862568429048,10954.580687437
405,74.18404315260705,31.36437346791473,14052.831849907225
406,74.18400417939822,31.368884364181312,11329.467878406693
407,74.18396519743251,31.37339525722854,13631.019787268273
408,74.18392620670814,31.377906147056123,12398.338627705809
409,74.18388720722338,31.382417033663813,10684.842008899048
410,74.18384819897653,31.386927917051345,10854.63471916368
411,74.18380918196586,31.39143879721845,8547.538706861666
412,74.18377015618958,31.395949674164846,10911.231029933379
413,74.183731121646,31.400460547890283,4123.389117463547
414,74.18369207833341,31.404971418394496,12168.947729626483
415,74.18365302625001,31.409482285677214,13758.873095013252
416,74.18361396539413,31.41399314973818,10822.357711717199
417,74.18357489576398,31.418504010577117,10376.306360992077
418,74.18353581735784,31.423014868193754,10252.824796853398
419,74.18349673017399,31.42752572258784,8597.67539655575
420,74.18345763421067,31.432036573759103,5236.058394294225
421,74.18341852946617,31.43654742170728,5266.956161710304
422,74.1833794159387,31.4410582664321,4142.737943358225
423,74.18334029362659,31.445569107933313,404.1921225835605
424,74.18330116252802,31.45007994621063,8716.75080885246
425,74.18326202264132,31.454590781263807,10431.960801204637
426,74.18322287396471,31.45910161309256,13360.328491665745
427,74.18318371649646,31.46361244169664,16166.44371127389
428,74.18314455023483,31.46812326707577,12726.06923417595
429,74.18310537517806,31.472634089229697,660.8625671749486
430,74.18306619132439,31.47714490815815,0.0
431,74.18302699867216,31.481655723860865,0.0
432,74.18298779721954,31.48616653633757,0.0
433,74.1829485869648,31.490677345588015,0.0
434,74.18290936790623,31.495188151611924,0.0
435,74.18287014004203,31.499698954409034,0.0
436,74.18283090337052,31.50420975397909,0.0
437,74.18279165788988,31.50872055032182,0.0
438,74.18275240359844,31.513231343436964,0.0
439,74.18271314049434,31.517742133324244,859.7839847766484
440,74.18267386857593,31.522252919983416,1928.6581197989944
441,74.18263458784143,31.526763703414197,3049.8312343544962
442,74.18259529828909,31.53127448361634,1774.0750007358104
443,74.18255599991716,31.535785260589574,0.0
444,74.18251669272387,31.540296034333632,2272.1614631619914
445,74.18247737670747,31.544806804848257,1577.1367708597109
446,74.18243805186623,31.54931757213318,0.0
447,74.18239871819836,31.55382833618814,2347.2179411944135
448,74.18235937570215,31.55833909701288,13325.52238936335
449,74.18232002437583,31.562849854607116,8005.47643136181
450,74.18228066421763,31.56736060897061,5759.512832270279
451,74.1822412952258,31.57187136010308,0.0
452,74.18220191739857,31.576382108004285,1050.5617001044416
453,74.18216253073423,31.580892852673934,0.0
454,74.18212313523098,31.585403594111778,1472.58771813342
455,74.18208373088704,31.589914332317548,2025.834551259665
456,74.1820443177007,31.594425067290995,0.0
457,74.18200489567019,31.59893579903185,1080.0040395338071
458,74.18196546479375,31.603446527539848,1416.3223004169097
459,74.1819260250696,31.60795725281473,1615.9341204314878
460,74.181886576496,31.61246797485622,0.0
461,74.18184711907115,31.616978693664066,0.0
462,74.18180765279334,31.62148940923801,0.0
463,74.18176817766077,31.626000121577786,243.1770060883709
464,74.1817286936717,31.630510830683136,3033.402250411303
465,74.18168920082435,31.635021536553776,1782.3544299851833
466,74.18164969911697,31.639532239189467,1040.9887691560098
467,74.1816101885478,31.644042938589955,3993.522134261096
468,74.18157066911502,31.64855363475496,1198.201831689056
469,74.18941629703858,31.350874072488708,4558.211113362627
470,74.18937760094951,31.355384984283628,7490.6357115025085
471,74.18933889616511,31.35989589286052,8985.187805880681
472,74.18930018268365,31.364406798219136,10840.093947764437
473,74.18926146050336,31.368917700359205,12324.467635550189
474,74.18922272962257,31.373428599280466,11732.186371528105
475,74.18918399003954,31.377939494982623,10119.769717700317
476,74.18914524175254,31.382450387465443,13291.225720745771
477,74.18910648475988,31.386961276728655,10044.986825561202
478,74.1890677190598,31.391472162771986,7342.5016927414945
479,74.18902894465063,31.395983045595166,4989.211751997421
480,74.1889901615306,31.40049392519794,6113.632671907858
481,74.18895136969799,31.40500480158003,13862.575920477639
482,74.18891256915109,31.409515674741186,15563.5118870688
483,74.18887375988818,31.41402654468113,8301.926877989163
484,74.18883494190753,31.418537411399598,11887.162739304482
485,74.18879611520737,31.423048274896317,11244.971305901454
486,74.18875727978607,31.427559135171037,8378.826465790871
487,74.18871843564182,31.432069992223475,5760.329885801849
488,74.18867958277295,31.436580846053396,2715.697034957655
489,74.18864072117765,31.441091696660497,1554.3015748359244
490,74.18860185085428,31.445602544044547,1327.6591009837389
491,74.18856297180109,31.450113388205256,12590.964207843426
492,74.18852408401632,31.454624229142365,14462.999463600463
493,74.18848518749826,31.459135066855616,8937.485615906962
494,74.18844628224515,31.463645901344748,9283.04357588559
495,74.1884073682553,31.46815673260947,9250.02795290442
496,74.18836844552698,31.472667560649548,11009.95341849802
497,74.18832951405841,31.4771783854647,2636.9112957746192
498,74.1882905738479,31.481689207054668,0.0
499,74.1882516248937,31.48620002541919,0.0
500,74.18821266719408,31.490710840557988,0.0
501,74.18817370074729,31.49522165247082,0.0
502,74.18813472555162,31.499732461157407,0.0
503,74.18809574160531,31.50424326661747,0.0
504,74.18805674890665,31.50875406885077,0.0
505,74.18801774745387,31.51326486785705,619.0630212312005
506,74.18797873724525,31.51777566363601,185.92006104140785
507,74.18793971827904,31.522286456187416,0.0
508,74.18790069055353,31.526797245511,3907.161442708379
509,74.18786165406695,31.53130803160648,657.9673644799647
510,74.18782260881758,31.535818814473608,0.0
511,74.18778355480369,31.54032959411213,1000.01747209884
512,74.1877444920235,31.544840370521765,2219.338824290549
513,74.18770542047528,31.54935114370225,1082.3055412047038
514,74.18766634015729,31.55386191365332,1418.8168873396319
515,74.18762725106782,31.558372680374738,5838.910025116551
516,74.18758815320508,31.56288344386621,2664.0975109274127
517,74.18754904656736,31.567394204127485,8665.427343965746
518,74.18750993115287,31.571904961158303,1223.169337699151
519,74.18747080695992,31.5764157149584,1121.9016147564935
520,74.18743167398674,31.5809264655275,372.32571059185193
521,74.18739253223157,31.585437212865354,1192.8534198952327
522,74.18735338169267,31.589947956971702,844.5430497493296
523,74.18731422236831,31.59445869784626,676.4036641579129
524,74.1872750542567,31.598969435488794,1000.1370874169234
525,74.18723587735616,31.603480169899026,1207.851041542614
526,74.18719669166488,31.607990901076693,703.3370068472273
527,74.18715749718115,31.61250162902154,841.8158991775438
528,74.18711829390317,31.617012353733298,0.0
529,74.18707908182921,31.62152307521171,0.0
530,74.18703986095757,31.626033793456514,0.0
531,74.18700063128644,31.630544508467427,1792.6582037274447
532,74.18696139281404,31.63505522024422,2934.6339882778275
533,74.18692214553869,31.639565928786606,3151.151830506291
534,74.1868828894586,31.644076634094333,956.661881862098
535,74.18684362457202,31.648587336167164,735.9323204271263
536,74.19467258306143,31.35090716990132,4914.248185843437
537,74.19463413783355,31.355418087530136,7137.377641492926
538,74.19459568396664,31.359929001941477,10610.426739770826
539,74.19455722145902,31.364439913135076,11848.645928041691
540,74.19451875030902,31.368950821110673,6266.189459793555
541,74.19448027051487,31.373461725868,9329.070217597164
542,74.19444178207492,31.37797262740679,11693.393592678814
543,74.1944032849874,31.382483525726784,13134.973822108894
544,74.19436477925062,31.386994420827705,12612.092838907494
545,74.19432626486291,31.3915053127093,9072.952828234751
546,74.19428774182252,31.396016201371285,1050.658014208845
547,74.19424921012772,31.400527086813398,5655.263092734964
548,74.19421066977685,31.405037969035405,13181.1512362784
549,74.19417212076816,31.409548848036998,13402.253303859794
550,74.19413356309995,31.41405972381794,12422.183944511804
551,74.19409499677052,31.418570596377947,10023.774398304175
552,74.19405642177813,31.42308146571675,9626.665500794745
553,74.19401783812107,31.427592331834102,9445.752887807164
554,74.1939792457976,31.432103194729738,8487.632924631273
555,74.19394064480609,31.43661405440338,5679.3447144812
556,74.19390203514473,31.44112491085476,3000.2226058030315
557,74.19386341681184,31.445635764083633,1011.1665438448515
558,74.1938247898057,31.450146614089714,190.56665313510584
559,74.19378615412461,31.454657460872752,11783.4800787499
560,74.19374750976681,31.459168304432467,10846.148643781937
561,74.1937088567306,31.463679144768612,7727.942431441452
562,74.19367019501428,31.46818998188092,1877.630986041503
563,74.19363152461611,31.472700815769105,1539.1321718770946
564,74.19359284553437,31.477211646432927,2260.076939896342
565,74.19355415776734,31.48172247387211,0.0
566,74.19351546131328,31.486233298086393,0.0
567,74.19347675617048,31.49074411907551,0.0
568,74.19343804233725,31.495254936839192,0.0
569,74.19339931981182,31.499765751377183,0.0
570,74.19336058859247,31.504276562689228,0.0
571,74.19332184867748,31.50878737077504,0.0
572,74.19328310006513,31.51329817563437,0.0
573,74.19324434275372,31.517808977266945,0.0
574,74.19320557674146,31.52231977567251,0.0
575,74.19316680202668,31.526830570850812,0.0
576,74.19312801860765,31.531341362801562,0.0
577,74.19308922648258,31.53585215152451,0.0
578,74.19305042564979,31.540362937019392,1000.0570297262761
579,74.19301161610754,31.544873719285953,27.722861486148762
580,74.19297279785411,31.549384498323903,3102.5006303508244
581,74.19293397088775,31.553895274132998,34.287508731342854
582,74.19289513520674,31.55840604671299,568.6417154835426
583,74.19285629080935,31.56291681606358,141.37599470475112
584,74.19281743769382,31.567427582184525,1636.9705702018787
585,74.19277857585845,31.57193834507558,1853.4524240961437
586,74.19273970530149,31.57644910473646,0.0
587,74.19270082602122,31.580959861166892,0.0
588,74.19266193801589,31.58547061436663,1249.441742127309
589,74.19262304128377,31.589981364335408,0.0
590,74.19258413582314,31.594492111072977,1094.1772568991182
591,74.19254522163222,31.59900285457905,1397.7041740117725
592,74.19250629870929,31.603513594853375,600.1029015243512
593,74.19246736705263,31.608024331895695,0.0
594,74.19242842666051,31.61253506570575,1319.8373022942815
595,74.19238947753115,31.617045796283264,0.0
596,74.19235051966282,31.62155652362799,0.0
597,74.1923115530538,31.626067247739652,0.0
598,74.19227257770237,31.630577968618,1783.9581229862029
599,74.19223359360672,31.63508868626277,5142.088175552592
600,74.19219460076515,31.639599400673678,5313.741726353983
601,74.19215559917593,31.6441101118505,1447.220958489684
602,74.1921165888373,31.64862081979296,950.5253419869307
603,74.19992887772159,31.350940052038055,8101.303696580456
604,74.19989068335654,31.355450975462823,8684.400057798437
605,74.19985248040886,31.359961895670658,2502.762486520686
606,74.19981426887684,31.364472812661297,3733.504155521935
607,74.19977604875878,31.368983726434468,9057.220702008217
608,74.19973782005302,31.373494636989925,9548.428432273
609,74.1996995827578,31.378005544327376,9564.116866741499
610,74.19966133687149,31.382516448446577,10668.215604328672
611,74.19962308239235,31.387027349347246,6872.83284654687
612,74.19958481931866,31.391538247029125,2191.112966225456
613,74.19954654764878,31.39604914149195,4074.8942575618744
614,74.19950826738096,31.40056003273545,1602.1724768507731
615,74.19946997851352,31.405070920759357,9117.069196677307
616,74.19943168104477,31.40958180556342,11071.637787420996
617,74.19939337497297,31.414092687147356,9652.490512180106
618,74.19935506029647,31.41860356551092,10434.069521848489
619,74.19931673701353,31.423114440653826,11404.890251275814
620,74.19927840512246,31.427625312575817,11207.564984052955
621,74.1992400646215,31.432136181276622,8777.14635261764
622,74.19920171550905,31.436647046755994,9112.412073735846
623,74.1991633577833,31.441157909013643,4013.6337696403316
624,74.19912499144264,31.445668768049323,1853.6155444510312
625,74.1990866164853,31.45017962386277,10022.341277904794
626,74.19904823290958,31.454690476453703,11978.957130348026
627,74.19900984071377,31.459201325821866,12502.087091370502
628,74.19897143989618,31.463712171967007,4995.971146048123
629,74.19893303045511,31.468223014888846,2384.961238933674
630,74.19889461238881,31.47273385458711,0.0
631,74.1988561856956,31.47724469106156,0.0
632,74.19881775037378,31.48175552431192,0.0
633,74.19877930642159,31.486266354337918,0.0
634,74.19874085383736,31.490777181139297,0.0
635,74.1987023926194,31.495288004715803,0.0
636,74.19866392276592,31.499798825067153,0.0
637,74.19862544427527,31.50430964219309,0.0
638,74.19858695714571,31.508820456093353,0.0
639,74.19854846137552,31.513331266767683,0.0
640,74.19850995696301,31.517842074215807,0.0
641,74.19847144390644,31.52235287843747,0.0
642,74.19843292220412,31.5268636794324,0.0
643,74.19839439185431,31.53137447720033,0.0
644,74.19835585285527,31.535885271741012,0.0
645,74.19831730520535,31.54039606305417,1000.0387464021128
646,74.19827874890277,31.544906851139555,0.0
647,74.19824018394584,31.549417635996882,347.5353762992127
648,74.19820161033284,31.553928417625905,2467.9014605007187
649,74.19816302806204,31.558439196026356,0.0
650,74.19812443713171,31.562949971197973,0.0
651,74.19808583754013,31.567460743140497,978.5559075763274
652,74.1980472292856,31.571971511853658,4380.687961846791
653,74.1980086123664,31.576482277337202,1499.4195614419743
654,74.19796998678076,31.580993039590854,806.2909991852532
655,74.19793135252702,31.585503798614354,777.1598970696626
656,74.19789270960341,31.590014554407443,0.0
657,74.19785405800822,31.59452530696987,1592.5878901635879
658,74.1978153977397,31.599036056301355,5218.438570872648
659,74.19777672879617,31.603546802401652,239.55921840134772
660,74.19773805117588,31.608057545270476,0.0
661,74.19769936487707,31.61256828490758,1087.4301240367477
662,74.19766066989808,31.617079021312723,0.0
663,74.19762196623714,31.621589754485598,708.6059761131401
664,74.1975832538925,31.626100484425976,78.39930218872745
665,74.19754453286247,31.63061121113358,320.8716113795973
666,74.19750580314529,31.635121934608158,3606.731689737457
667,74.19746706473927,31.639632654849432,4993.632383295431
668,74.19742831764266,31.64414337185717,1000.1732629492888
669,74.1973895618537,31.648654085631094,1519.242618857093
670,74.20518518096269,31.350972718897683,7359.063070794994
671,74.20514723746219,31.355483648080458,8108.013323394285
672,74.20510928543543,31.359994574046848,3155.920523705305
673,74.20507132488069,31.36450549679657,6527.250253316031
674,74.20503335579629,31.369016416329384,8573.391648230056
675,74.20499537818057,31.373527332644993,8206.501264019435
676,74.20495739203184,31.378038245743152,1795.4056558679586
677,74.2049193973484,31.382549155623593,4857.526957541182
678,74.20488139412858,31.387060062286043,4173.898017529285
679,74.20484338237064,31.39157096573025,7784.821188851795
680,74.20480536207296,31.396081865955924,4210.217629551364
681,74.20476733323383,31.400592762962827,5286.921183451575
682,74.20472929585154,31.405103656750676,9207.931715889896
683,74.2046912499244,31.409614547319215,10381.781825370592
684,74.20465319545075,31.414125434668172,8485.304047012585
685,74.20461513242886,31.418636318797283,11794.883383628263
686,74.20457706085706,31.423147199706282,9100.97677133751
687,74.20453898073366,31.427658077394923,9999.107875778718
688,74.20450089205696,31.432168951862913,10572.50517335714
689,74.20446279482525,31.436679823109987,8415.89089048487
690,74.20442468903688,31.441190691135905,11276.063137748988
691,74.20438657469009,31.445701555940385,7342.211466086816
692,74.20434845178325,31.450212417523165,7204.500448232569
693,74.20431032031462,31.45472327588398,9992.001315907577
694,74.20427218028253,31.459234131022576,10134.654950071823
695,74.20423403168527,31.463744982938678,5282.639587646755
696,74.20419587452115,31.468255831632018,1411.5833079352806
697,74.20415770878844,31.47276667710234,0.0
698,74.20411953448549,31.47727751934938,0.0
699,74.20408135161055,31.481788358372864,0.0
700,74.20404316016194,31.486299194172542,0.0
701,74.20400496013802,31.49081002674814,0.0
702,74.20396675153701,31.4953208560994,0.0
703,74.2039285343572,31.499831682226056,0.0
704,74.20389030859695,31.504342505127834,0.0
705,74.20385207425454,31.508853324804477,0.0
706,74.20381383132822,31.51336414125575,0.0
707,74.20377557981635,31.517874954481343,0.0
708,74.20373731971719,31.522385764481015,0.0
709,74.20369905102902,31.526896571254504,0.0
710,74.20366077375017,31.531407374801542,0.0
711,74.2036224878789,31.535918175121868,0.0
712,74.20358419341355,31.540428972215228,1540.295859132117
713,74.20354589035237,31.544939766081345,2281.2059531193386
714,74.20350757869367,31.549450556719954,1056.838054931557
715,74.20346925843573,31.553961344130805,2060.19596581808
716,74.20343092957685,31.55847212831362,2850.9995872734535
717,74.20339259211532,31.562982909268154,1059.6410832675153
718,74.20335424604941,31.567493686994126,2807.843114984321
719,74.20331589137744,31.572004461491296,9623.321607987315
720,74.20327752809771,31.57651523275939,9485.67459919323
721,74.20323915620845,31.58102600079813,1987.6121018401723
722,74.203200775708,31.585536765607273,3631.2288415235016
723,74.20316238659461,31.59004752718656,3420.1253061522516
724,74.20312398886661,31.594558285535705,2326.365248662272
725,74.20308558252222,31.59906904065447,11287.93749908418
726,74.2030471675598,31.603579792542586,6434.187389496283
727,74.20300874397759,31.608090541199786,378.7092979921691
728,74.20297031177387,31.612601286625807,1207.1785274652998
729,74.20293187094695,31.617112028820397,0.0
730,74.20289342149509,31.62162276778329,0.0
731,74.20285496341658,31.626133503514218,2873.9967126780343
732,74.20281649670972,31.63064423601293,4307.963945369373
733,74.20277802137277,31.63515496527916,3285.167402193086
734,74.20273953740401,31.639665691312633,6624.157221218757
735,74.20270104480171,31.6441764141131,2725.8524607472236
736,74.20266254356417,31.64868713368031,518.3194999584672
737,74.21044149272839,31.351005170478977,6908.728182494306
738,74.21040380009411,31.35551610538182,8330.829751863508
739,74.21036609898992,31.360027037068818,7317.440755839092
740,74.21032838941414,31.364537965539682,5755.756009020207
741,74.21029067136512,31.36904889079416,6513.562204955302
742,74.21025294484114,31.373559812831985,7344.783072866052
743,74.21021520984058,31.378070731652883,4243.7502656176775
744,74.21017746636171,31.382581647256604,862.927914972556
745,74.21013971440289,31.387092559642873,2518.158104484196
746,74.2101019539624,31.391603468811425,11486.366009421627
747,74.21006418503862,31.39611437476199,11729.292797207798
748,74.21002640762984,31.400625277494303,3087.3311623554623
749,74.20998862173437,31.405136177008117,8149.563689082026
750,74.20995082735055,31.409647073303145,11059.69974948246
751,74.20991302447672,31.414157966379136,10752.45115763171
752,74.20987521311116,31.418668856235815,6977.956940648549
753,74.2098373932522,31.423179742872914,10380.805747107303
754,74.20979956489818,31.42769062629018,9747.316513556481
755,74.20976172804738,31.432201506487353,7032.415627078762
756,74.20972388269816,31.436712383464144,10729.786605893962
757,74.20968602884881,31.44122325722031,11294.656581149211
758,74.20964816649764,31.445734127755582,7175.74278590771
759,74.20961029564297,31.450244995069685,9369.24922160896
760,74.20957241628317,31.454755859162375,4555.014796119383
761,74.20953452841646,31.459266720033362,6411.138711308828
762,74.20949663204121,31.463777577682396,5635.268096553213
763,74.20945872715573,31.468288432109212,4556.202192601013
764,74.20942081375834,31.472799283313552,2270.877755229813
765,74.20938289184733,31.47731013129514,0.0
766,74.20934496142101,31.481820976053722,0.0
767,74.20930702247772,31.486331817589026,0.0
768,74.20926907501574,31.490842655900792,0.0
769,74.2092311190334,31.495353490988755,0.0
770,74.20919315452899,31.49986432285266,0.0
771,74.20915518150083,31.504375151492216,0.0
772,74.20911719994726,31.508885976907198,0.0
773,74.20907920986653,31.513396799097322,0.0
774,74.20904121125697,31.517907618062317,0.0
775,74.20900320411691,31.52241843380194,0.0
776,74.20896518844462,31.52692924631591,0.0
777,74.20892716423845,31.53144005560398,0.0
778,74.20888913149665,31.535950861665867,0.0
779,74.20885109021756,31.540461664501322,1094.3328106315817
780,74.20881304039948,31.54497246411008,1000.0605341448122
781,74.20877498204072,31.54948326049188,617.836413978893
782,74.20873691513955,31.55399405364645,1574.7340594822917
783,74.20869883969432,31.558504843573534,2400.8744995786196
784,74.20866075570329,31.56301563027287,2042.2022988131807
785,74.20862266316477,31.5675264137442,340.0518338007399
786,74.20858456207709,31.57203719398726,4053.1691747726863
787,74.20854645243851,31.57654797100178,15103.260633751373
788,74.20850833424734,31.5810587447875,5394.337142853565
789,74.20847020750188,31.585569515344147,6393.626825360667
790,74.20843207220045,31.590080282671494,14656.941441226416
791,74.20839392834134,31.594591046769246,8914.510751424341
792,74.20835577592281,31.599101807637155,15958.819107266743
793,74.20831761494321,31.603612565274947,8690.519958518093
794,74.20827944540079,31.608123319682377,3182.865264577693
795,74.20824126729389,31.612634070859162,606.8824470509704
796,74.20820308062075,31.61714481880506,2304.51586848941
797,74.2081648853797,31.62165556351981,2570.6375678491027
798,74.20812668156904,31.626166305003146,3595.8485545783733
799,74.20808846918705,31.6306770432548,8452.197699533757
800,74.20805024823201,31.635187778274506,13316.801356894624
801,74.20801201870225,31.639698510062015,10152.843794990022
802,74.207973780596,31.644209238617055,7700.936100229925
803,74.20793553391161,31.648719963939385,3366.999216754489
804,74.21569781296232,31.35103740678071,4816.348077090367
805,74.21566037119597,31.355548347365698,8337.199352114683
806,74.21562292101603,31.36005928473534,4355.9515831143235
807,74.2155854624209,31.36457021888941,2682.1501647773307
808,74.2155479954089,31.369081149827604,1522.2695187758716
809,74.21551051997834,31.373592077549674,4963.993181123311
810,74.21547303612759,31.37810300205536,1573.4048534173298
811,74.21543554385497,31.382613923344394,288.8004474185983
812,74.21539804315883,31.387124841416508,2207.060205648479
813,74.21536053403747,31.391635756271445,7991.452535327064
814,74.21532301648926,31.39614666790892,5764.395020133701
815,74.21528549051253,31.40065757632868,10701.338823412601
816,74.21524795610556,31.405168481530463,9682.686711074286
817,74.21521041326676,31.409679383514014,12036.484812441755
818,74.21517286199442,31.414190282279034,13851.500695931541
819,74.21513530228685,31.418701177825287,9825.119858763934
820,74.21509773414245,31.423212070152502,10863.606522424127
821,74.21506015755945,31.4277229592604,11058.752584657255
822,74.21502257253627,31.43223384514874,9785.812380371683
823,74.2149849790712,31.436744727817256,9980.159755158938
824,74.21494737716255,31.44125560726565,6734.117742925998
825,74.21490976680867,31.445766483493692,9995.863653744858
826,74.21487214800788,31.450277356501115,10370.922289311786
827,74.21483452075856,31.454788226287636,7854.895236418353
828,74.21479688505895,31.459299092852994,3889.9569593774004
829,74.2147592409074,31.463809956196954,10410.798324576313
830,74.21472158830225,31.468320816319203,7965.91100077065
831,74.21468392724184,31.472831673219524,3364.144633756167
832,74.21464625772447,31.47734252689763,518.9717228918059
833,74.21460857974846,31.48185337735325,0.0
834,74.21457089331211,31.486364224586147,0.0
835,74.2145331984138,31.490875068596022,0.0
836,74.21449549505184,31.495385909382644,0.0
837,74.2144577832245,31.499896746945737,0.0
838,74.21442006293016,31.504407581285026,0.0
839,74.21438233416707,31.50891841240026,0.0
840,74.21434459693363,31.51342924029118,0.0
841,74.21430685122812,31.51794006495751,0.0
842,74.21426909704886,31.52245088639901,0.0
843,74.21423133439416,31.526961704615378,623.0898543913988
844,74.21419356326233,31.531472519606385,1001.1244955188367
845,74.21415578365169,31.535983331371753,1005.0628646269545
846,74.21411799556057,31.540494139911225,1915.668488213383
847,74.21408019898729,31.54500494522454,1120.0078908866003
848,74.21404239393016,31.54951574731142,1721.7290558435527
849,74.21400458038748,31.55402654617162,1999.7405433382587
850,74.21396675835757,31.558537341804872,1097.1423506746366
851,74.21392892783874,31.563048134210913,2502.687573414368
852,74.21389108882931,31.567558923389484,338.53581878623135
853,74.2138532413276,31.572069709340315,1771.0949037421024
854,74.21381538533188,31.576580492063155,6149.941266523312
855,74.21377752084051,31.581091271557717,4352.99304043431
856,74.21373964785177,31.585602047823766,8653.182278427397
857,74.213701766364,31.59011282086103,3607.553301565701
858,74.21366387637548,31.594623590669247,6033.496018987609
859,74.21362597788452,31.59913435724816,10659.842080138249
860,74.2135880708894,31.603645120597502,3199.6064805067963
861,74.21355015538852,31.608155880717014,5164.3560935523665
862,74.21351223138011,31.612666637606427,2358.3206423482875
863,74.21347429886247,31.617177391265493,1624.6330152039693
864,74.21343635783394,31.621688141693944,1000.1504925741704
865,74.21339840829285,31.626198888891516,2050.9259265159526
866,74.21336045023742,31.63070963285795,3525.420434449579
867,74.21332248366603,31.635220373592983,9999.213243025728
868,74.21328450857693,31.63973111109635,14672.462291346845
869,74.21324652496847,31.64424184536779,9147.095724687226
870,74.21320853283893,31.64875257640707,8146.038595499002
871,74.22095414160816,31.351069427801704,4907.998385069993
872,74.22091695071134,31.355580374030875,9351.52443715319
873,74.22087975145735,31.360091317045235,4870.9923878167065
874,74.2208425438445,31.364602256844528,6478.258305140014
875,74.2208053278712,31.3691131934285,2681.273893979846
876,74.22076810353573,31.373624126796866,9407.89967735683
877,74.22073087083648,31.378135056949368,3946.5164815561893
878,74.22069362977177,31.38264598388576,3318.110578950195
879,74.22065638033997,31.387156907605764,4946.264923896614
880,74.22061912253943,31.3916678281091,554.1479418859283
881,74.22058185636844,31.396178745395506,3496.5809334883156
882,74.22054458182541,31.40068965946473,3541.4547883146056
883,74.22050729890864,31.405200570316516,2154.906190762503
884,74.22047000761648,31.40971147795058,14899.574199927974
885,74.22043270794731,31.41422238236666,13034.87660274243
886,74.22039539989945,31.4187332835645,9036.740016868953
887,74.2203580834712,31.42324418154381,8291.667408821022
888,74.22032075866096,31.427755076304354,13785.224443226765
889,74.22028342546703,31.432265967845865,11137.381177625222
890,74.22024608388776,31.43677685616807,9491.737877753532
891,74.22020873392152,31.44128774127071,3106.815001099138
892,74.22017137556662,31.44579862315352,3513.1040390577214
893,74.22013400882139,31.450309501816225,8970.581843377367
894,74.22009663368418,31.454820377258557,6990.380658218892
895,74.22005925015334,31.459331249480286,4087.539943285819
896,74.22002185822718,31.463842118481114,7020.555180529421
897,74.21998445790406,31.468352984260793,7462.5949541748705
898,74.2199470491823,31.472863846819045,4038.092796791673
899,74.21990963206022,31.477374706155622,2781.2339030845305
900,74.2198722065362,31.481885562270254,3259.4837483368146
901,74.21983477260854,31.486396415162687,73.3319662295537
902,74.21979733027555,31.49090726483263,0.0
903,74.21975987953562,31.495418111279864,0.0
904,74.21972242038704,31.49992895450407,0.0
905,74.21968495282817,31.504439794505025,0.0
906,74.21964747685732,31.508950631282474,0.0
907,74.21960999247281,31.51346146483611,0.0
908,74.219572499673,31.51797229516571,0.0
909,74.21953499845623,31.522483122270994,0.0
910,74.21949748882076,31.5269939461517,0.0
911,74.219459970765,31.531504766807565,0.0
912,74.21942244428723,31.53601558423832,0.0
913,74.21938490938575,31.540526398443713,116.62547558069868
914,74.21934736605895,31.545037209423487,0.0
915,74.21930981430515,31.54954801717737,1892.8812670725076
916,74.21927225412261,31.554058821705098,1749.1528005511823
917,74.21923468550973,31.558569623006413,856.7095461394974
918,74.21919710846478,31.56308042108104,263.7287315783418
919,74.21915952298615,31.56759121592874,1259.3660702920083
920,74.21912192907209,31.57210200754923,2376.2930848245715
921,74.21908432672095,31.57661279594226,2744.329433940521
922,74.21904671593106,31.581123581107565,1127.4387734905963
923,74.21900909670072,31.58563436304488,3397.1395978601445
924,74.21897146902828,31.590145141753947,5399.243197114704
925,74.21893383291203,31.594655917234505,4790.214196151069
926,74.21889618835031,31.59916668948628,2947.3331358332184
927,74.21885853534144,31.603677458509033,3103.1931798817486
928,74.21882087388374,31.608188224302495,11031.195286136053
929,74.21878320397552,31.612698986866384,2090.6161718852536
930,74.21874552561509,31.61720974620045,1080.8550983350835
931,74.21870783880078,31.621720502304466,3412.8588988167994
932,74.21867014353091,31.62623125517812,6152.47873036559
933,74.2186324398038,31.630742004821172,5189.649019574447
934,74.21859472761773,31.635252751233363,4921.830554676815
935,74.21855700697104,31.639763494414424,8735.358648669184
936,74.21851927786201,31.644274234364097,12119.237560484544
937,74.21848154028902,31.64878497108214,8005.427874255338
938,74.2262104786095,31.35110123354074,3588.587744070415
939,74.22617353858391,31.35561218537615,8392.512093091946
940,74.22613659025751,31.36012313399727,6318.695421341302
941,74.2260996336286,31.36463407940386,3875.520108103012
942,74.22606266869563,31.369145021595646,4831.901254780661
943,74.22602569545693,31.373655960572354,8775.767682796333
944,74.22598871391081,31.378166896333727,5751.497029398132
945,74.22595172405569,31.3826778288795,3830.5297753411314
946,74.22591472588987,31.3871887582094,1949.2945755688454
947,74.22587771941176,31.39169968432318,1478.4996514506618
948,74.2258407046197,31.396210607220556,2304.761924862383
949,74.22580368151202,31.400721526901272,5007.068752103928
950,74.2257666500871,31.405232443365062,4813.15357399852
951,74.22572961034327,31.40974335661166,7790.1202140190135
952,74.22569256227892,31.414254266640807,7167.030191523354
953,74.22565550589236,31.41876517345224,6948.654634361862
954,74.22561844118198,31.42327607704567,9034.692273670009
955,74.22558136814612,31.42778697742085,8622.983816283879
956,74.22554428678313,31.432297874577532,6201.3496619338
957,74.22550719709135,31.436808768515426,3595.63639292769
958,74.22547009906917,31.441319659234285,8557.242414575006
959,74.22543299271489,31.445830546733834,9110.936175339282
960,74.22539587802686,31.450341431013808,6155.743903131003
961,74.22535875500348,31.45485231207395,10313.254942457534
962,74.22532162364305,31.459363189913987,4214.941294663823
963,74.22528448394394,31.46387406453368,4422.0124111701025
964,74.2252473359045,31.468384935932733,3754.9847006133177
965,74.22521017952305,31.472895804110905,5245.99128125425
966,74.22517301479797,31.477406669067914,3435.0048597642244
967,74.22513584172758,31.481917530803518,525.3819692121155
968,74.22509866031022,31.486428389317425,1033.5932963004839
969,74.22506147054428,31.490939244609407,265.5392990006611
970,74.22502427242806,31.49545009667917,958.2237506205928
971,74.2249870659599,31.499960945526468,0.0
972,74.22494985113816,31.504471791151037,0.0
973,74.2249126279612,31.508982633552602,0.0
974,74.22487539642734,31.513493472730907,574.8541469069629
975,74.22483815653489,31.518004308685697,1319.1789907607294
976,74.22480090828225,31.522515141416697,297.1841230868216
977,74.22476365166773,31.527025970923646,0.0
978,74.22472638668968,31.531536797206293,0.0
979,74.22468911334641,31.536047620264355,0.0
980,74.22465183163631,31.540558440097588,0.0
981,74.22461454155766,31.54506925670573,637.0337844760243
982,74.22457724310881,31.549580070088513,999.4666822601564
983,74.22453993628814,31.554090880245667,0.0
984,74.22450262109395,31.558601687176935,1966.0237479415416
985,74.22446529752459,31.56311249088205,1001.0253531870069
986,74.22442796557839,31.567623291360764,1152.6595194445686
987,74.22439062525366,31.572134088612817,3131.2828693242677
988,74.22435327654875,31.57664488263793,2511.523991718594
989,74.22431591946203,31.581155673435838,4606.920413470403
990,74.22427855399178,31.585666461006287,12204.406357474729
991,74.22424118013633,31.590177245349032,15008.486268889901
992,74.22420379789408,31.594688026463793,7582.810557004515
993,74.2241664072633,31.599198804350305,7125.426974307904
994,74.22412900824231,31.60370957900833,7377.628490443328
995,74.2240916008295,31.608220350437584,8595.145986582085
996,74.22405418502315,31.612731118637797,1048.0950313966034
997,74.2240167608216,31.617241883608745,3970.9443760104905
998,74.2239793282232,31.621752645350135,7865.210899089553
999,74.22394188722626,31.62626340386172,6727.977302125007
1000,74.22390443782909,31.630774159143236,2689.2440698380437
1001,74.22386698003002,31.635284911194418,1025.0901899111652
1002,74.2238295138274,31.639795660015,3506.6293656834014
1003,74.22379203921956,31.64430640560474,3924.757080658591
1004,74.22375455620482,31.64881714796337,10781.090761251964
1005,74.23146682391005,31.351132823996622,8478.105088894408
1006,74.2314301347573,31.35564378140033,3242.992159162485
1007,74.23139343736011,31.360154735590275,6093.591274002911
1008,74.23135673171682,31.364665686566195,5303.463668454102
1009,74.23132001782582,31.369176634327843,7822.927369618559
1010,74.23128329568549,31.373687578874936,8265.734085440023
1011,74.23124656529417,31.37819852020721,2805.0373114827166
1012,74.23120982665026,31.38270945832441,3573.0275476435136
1013,74.2311730797521,31.38722039322626,2704.084662577485
1014,74.23113632459807,31.391731324912506,2320.9392769485503
1015,74.23109956118654,31.396242253382866,2608.0387677828503
1016,74.23106278951586,31.400753178637082,4244.809257878786
1017,74.2310260095844,31.4052641006749,3468.741995779193
1018,74.23098922139057,31.40977501949606,3241.0404609867796
1019,74.2309524249327,31.41428593510028,5453.181127048039
1020,74.23091562020913,31.418796847487307,3304.0004334214054
1021,74.23087880721825,31.42330775665685,8735.4220753621
1022,74.23084198595842,31.42781866260868,5187.971737241938
1023,74.23080515642802,31.43232956534251,6004.92293957235
1024,74.23076831862537,31.4368404648581,2963.6046460849584
1025,74.2307314725489,31.441351361155167,3981.8479120629067
1026,74.23069461819686,31.44586225423345,14330.730983676203
1027,74.23065775556773,31.45037314409268,12007.824881645287
1028,74.2306208846598,31.454884030732593,10178.449528861644
1029,74.23058400547144,31.459394914152945,9530.476041302218
1030,74.23054711800103,31.463905794353455,4962.991363655867
1031,74.23051022224692,31.46841667133386,5550.7475114898125
1032,74.23047331820744,31.472927545093903,3068.98556902926
1033,74.23043640588101,31.477438415633312,4408.768816365885
1034,74.2303994852659,31.481949282951827,4669.483442298414
1035,74.23036255636055,31.486460147049186,5009.22196977051
1036,74.23032561916325,31.490971007925136,3572.8874835235956
1037,74.23028867367239,31.495481865579396,2299.212810396633
1038,74.23025171988633,31.49999272001172,652.8512923833698
1039,74.23021475780341,31.504503571221814,1332.2751577216882
1040,74.23017778742197,31.509014419209453,0.0
1041,74.2301408087404,31.513525263974362,1001.0432070923191
1042,74.230103821757,31.518036105516266,0.0
1043,74.23006682647016,31.522546943834907,1055.6149455827906
1044,74.23002982287824,31.527057778930033,0.0
1045,74.22999281097955,31.531568610801372,0.0
1046,74.22995579077246,31.536079439448663,0.0
1047,74.22991876225535,31.540590264871643,0.0
1048,74.22988172542654,31.545101087070066,0.0
1049,74.22984468028436,31.54961190604364,0.0
1050,74.2298076268272,31.554122721792112,0.0
1051,74.22977056505336,31.55863353431523,1219.2271110069985
1052,74.22973349496121,31.563144343612738,0.0
1053,74.22969641654912,31.56765514968436,351.83117963100705
1054,74.2296593298154,31.572165952529836,4545.222370481479
1055,74.22962223475841,31.57667675214891,5892.83439361285
1056,74.2295851313765,31.581187548541305,145.20509140551067
1057,74.229548019668,31.58569834170679,11550.232439057287
1058,74.22951089963126,31.590209131645064,12690.318530875407
1059,74.22947377126464,31.5947199183559,16469.935200117656
1060,74.22943663456644,31.599230701839012,11818.81733438739
1061,74.22939948953503,31.603741482094165,8548.332212326737
1062,74.22936233616878,31.608252259121066,2779.1392232132516
1063,74.22932517446598,31.612763032919485,1613.5371761725205
1064,74.22928800442497,31.617273803489127,7724.117574161556
1065,74.22925082604415,31.62178457082977,10815.296530343863
1066,74.22921363932181,31.62629533494112,7055.201429910856
1067,74.22917644425625,31.63080609582293,7220.6185284838975
1068,74.22913924084591,31.635316853474944,15278.914928903088
1069,74.22910202908905,31.639827607896887,6991.845245792395
1070,74.22906480898402,31.644338359088515,6337.8847232818025
1071,74.22902758052916,31.648849107049557,10096.03873756038
1072,74.2367231774534,31.35116419916817,4317.424350879881
1073,74.23668673917514,31.355675162102234,2705.0135591947296
1074,74.2366502927088,31.36018612182305,2490.569129510348
1075,74.23661383805273,31.36469707833037,2644.3572419446173
1076,74.23657737520537,31.369208031623934,7233.233908518932
1077,74.23654090416503,31.373718981703448,9350.732793246809
1078,74.23650442493013,31.37822992856865,2365.895974235964
1079,74.23646793749906,31.382740872219312,1801.673595448885
1080,74.23643144187018,31.387251812655133,2823.3316122756282
1081,74.23639493804187,31.391762749875873,1000.5218229053817
1082,74.23635842601252,31.396273683881248,1022.37474565097
1083,74.2363219057805,31.400784614671,6119.991898660347
1084,74.23628537734415,31.405295542244865,7178.566067297881
1085,74.23624884070192,31.409806466602582,5706.388628808384
1086,74.23621229585216,31.414317387743885,6718.3337588492295
1087,74.2361757427932,31.41882830566851,9847.788960827063
1088,74.23613918152347,31.423339220376185,11762.886754235453
1089,74.23610261204132,31.427850131866645,10098.461692700024
1090,74.23606603434511,31.43236104013965,8156.487940568784
1091,74.23602944843324,31.436871945194916,3816.3872483414207
1092,74.23599285430407,31.441382847032173,1281.4955056062227
1093,74.235956251956,31.445893745651176,9601.287065965034
1094,74.23591964138737,31.45040464105164,6137.944160292121
1095,74.23588302259654,31.45491553323332,6405.04255521619
1096,74.2358463955819,31.459426422195943,5031.414456149895
1097,74.23580976034184,31.463937307939254,8020.763647757183
1098,74.2357731168747,31.46844819046297,4841.666663408522
1099,74.23573646517886,31.472959069766844,5272.081473812396
1100,74.23569980525266,31.477469945850608,7684.25506328921
1101,74.23566313709453,31.481980818714007,9762.841092759916
1102,74.23562646070279,31.486491688356768,9336.355398597661
1103,74.2355897760758,31.49100255477863,5226.37375789862
1104,74.23555308321195,31.49551341797934,2817.5468933669713
1105,74.23551638210962,31.500024277958616,945.796917072882
1106,74.23547967276714,31.504535134716196,2293.5378425740396
1107,74.23544295518289,31.50904598825184,0.0
1108,74.23540622935523,31.513556838565275,1003.4997878468428
1109,74.23536949528254,31.518067685656227,649.4188501816858
1110,74.23533275296317,31.522578529524445,2001.2196777907154
1111,74.23529600239547,31.527089370169662,1325.2199713142022
1112,74.23525924357783,31.5316002075916,1460.3420616374979
1113,74.23522247650857,31.536111041790033,0.0
1114,74.2351857011861,31.540621872764675,0.0
1115,74.23514891760874,31.545132700515275,0.0
1116,74.23511212577489,31.54964352504155,0.0
1117,74.23507532568287,31.554154346343253,0.0
1118,74.23503851733105,31.558665164420127,357.8012407999869
1119,74.23500170071779,31.563175979271897,4194.459161571639
1120,74.23496487584146,31.56768679089831,4027.4314572326252
1121,74.2349280427004,31.57219759929912,3530.2515797505966
1122,74.23489120129298,31.576708404474033,1000.132108776162
1123,74.23485435161757,31.5812192064228,1567.9421443889753
1124,74.23481749367244,31.585730005145162,7387.427163040066
1125,74.23478062745609,31.590240800640863,11657.923371573706
1126,74.23474375296674,31.594751592909628,12021.290131411919
1127,74.2347068702028,31.599262381951213,9253.4161348316
1128,74.23466997916265,31.603773167765347,8913.671361578912
1129,74.23463307984457,31.60828395035177,1339.326919514761
1130,74.23459617224698,31.612794729710217,1622.2288734366539
1131,74.2345592563682,31.617305505840427,7178.585335102413
1132,74.23452233220661,31.62181627874215,14599.78866246531
1133,74.23448539976052,31.626327048415117,15210.313218140898
1134,74.23444845902827,31.630837814859067,7477.612973505476
1135,74.23441151000826,31.63534857807374,13394.362892295381
1136,74.23437455269882,31.63985933805888,9168.843352202848
1137,74.2343375870983,31.644370094814217,2892.232283989125
1138,74.23430061320502,31.648880848339495,492.6345980912127
1139,74.24197953918322,31.35119535905423,2493.1169003630516
1140,74.24194335178107,31.3557063274807,9607.83346739464
1141,74.2419071562472,31.360217292694447,5517.7210156170895
1142,74.24187095257999,31.36472825469521,387.3349913765386
1143,74.24183474077785,31.36923921348271,4786.027842568333
1144,74.24179852083913,31.373750169056684,10044.873395165014
1145,74.24176229276229,31.37826112141688,3601.3667792253564
1146,74.24172605654567,31.38277207056302,2995.0702612725977
1147,74.2416898121877,31.387283016494862,5981.5136021636645
1148,74.24165355968674,31.391793959212116,3757.835771000561
1149,74.24161729904118,31.396304898714526,1214.3285846989295
1150,74.2415810302494,31.40081583500184,4514.747786711841
1151,74.24154475330984,31.40532676807376,8590.696229072008
1152,74.24150846822083,31.40983769793006,7952.6515139189705
1153,74.24147217498077,31.41434862457045,9797.592162588371
1154,74.24143587358807,31.418859547994685,9558.087874716797
1155,74.24139956404109,31.423370468202485,11556.330437932485
1156,74.24136324633824,31.427881385193597,9442.620623666868
1157,74.24132692047787,31.43239229896775,6962.644883888687
1158,74.24129058645842,31.43690320952468,6164.558011798983
1159,74.24125424427822,31.441414116864124,9915.71489446127
1160,74.24121789393567,31.445925020985833,4565.210281705499
1161,74.24118153542918,31.45043592188952,8659.719220242334
1162,74.24114516875709,31.45494681957493,9699.47084785719
1163,74.2411087939178,31.459457714041804,6152.657258073011
1164,74.24107241090971,31.463968605289878,6642.534047287982
1165,74.24103601973117,31.468479493318885,9769.628082701489
1166,74.24099962038058,31.472990378128554,8563.290134176168
1167,74.2409632128563,31.477501259718647,9797.842547630986
1168,74.24092679715673,31.482012138088876,9568.933318831092
1169,74.24089037328025,31.48652301323899,6899.9170403204935
1170,74.24085394122521,31.49103388516872,7987.178001067422
1171,74.24081750099002,31.495544753877805,7848.158907664783
1172,74.24078105257304,31.500055619365988,3636.929904879538
1173,74.24074459597266,31.504566481633,9132.48508951123
1174,74.24070813118722,31.509077340678576,2647.906281235193
1175,74.24067165821513,31.513588196502475,1000.5334310317559
1176,74.24063517705477,31.518099049104404,1425.383129862083
1177,74.24059868770448,31.522609898484106,0.0
1178,74.24056219016266,31.527120744641334,2006.6786957082236
1179,74.24052568442768,31.531631587575816,2213.3983940843664
1180,74.24048917049791,31.536142427287295,2434.631963172993
1181,74.24045264837173,31.5406532637755,1161.7962729001513
1182,74.24041611804748,31.545164097040185,0.0
1183,74.24037957952358,31.54967492708107,0.0
1184,74.24034303279834,31.554185753897904,465.1686641179432
1185,74.24030647787018,31.558696577490416,10527.617221320643
1186,74.24026991473745,31.563207397858356,3462.2044209355245
1187,74.24023334339854,31.56771821500146,2944.490216978489
1188,74.24019676385178,31.57222902891947,2601.996427285274
1189,74.24016017609559,31.576739839612102,0.0
1190,74.24012358012827,31.58125064707912,668.1413483151744
1191,74.24008697594823,31.58576145132025,8969.57092774256
1192,74.24005036355383,31.59027225233523,11536.992855549386
1193,74.24001374294345,31.5947830501238,9413.049168908678
1194,74.23997711411542,31.599293844685715,5591.813180526196
1195,74.23994047706813,31.6038046360207,4543.716567920292
1196,74.23990383179994,31.60831542412849,4233.008579656386
1197,74.2398671783092,31.612826209008826,5946.969519808057
1198,74.23983051659428,31.61733699066145,6590.710228706562
1199,74.23979384665354,31.621847769086102,10955.954430316893
1200,74.23975716848535,31.626358544282517,16455.390670632623
1201,74.23972048208809,31.63086931625044,9366.148449189506
1202,74.23968378746007,31.635380084989617,5365.6528896996715
1203,74.23964708459971,31.639890850499775,7024.439204327811
1204,74.2396103735053,31.64440161278065,2450.6626850581915
1205,74.23957365417526,31.64891237183199,1308.7288340941548
1206,74.24723590904318,31.351226303653608,9488.929207044068
1207,74.24719997251874,31.355737277534555,9547.65462060388
1208,74.24716402791891,31.360248248203273,7463.785711084519
1209,74.24712807524214,31.364759215659515,6138.5678487779505
1210,74.24709211448685,31.369270179903015,4174.9741149599795
1211,74.2470561456514,31.373781140933506,10162.69395769628
1212,74.2470201687342,31.37829209875072,9026.676963156788
1213,74.24698418373366,31.382803053354387,6529.339733189317
1214,74.2469481906482,31.387314004744255,9206.785997370112
1215,74.24691218947619,31.391824952920068,8961.89529020382
1216,74.24687618021602,31.39633589788154,3889.652919842456
1217,74.24684016286614,31.40084683962841,7704.884355180263
1218,74.24680413742492,31.40535777816043,4737.42176405604
1219,74.24676810389074,31.40986871347732,4317.103232114017
1220,74.24673206226204,31.41437964557881,7849.804959620771
1221,74.2466960125372,31.418890574464665,8095.691438017529
1222,74.2466599547146,31.423401500134588,8671.845110014914
1223,74.24662388879266,31.427912422588324,10072.237316519508
1224,74.24658781476977,31.432423341825636,11020.958195837524
1225,74.24655173264432,31.43693425784623,7677.481238210128
1226,74.2465156424147,31.441445170649857,8432.446626454832
1227,74.24647954407932,31.445956080236243,2684.6805431923344
1228,74.24644343763657,31.450466986605132,5875.619421931641
1229,74.24640732308484,31.454977889756254,8853.832015449105
1230,74.24637120042252,31.45948878968936,7678.244962968881
1231,74.24633506964803,31.463999686404165,11217.268117111465
1232,74.2462989307597,31.46851057990042,8773.19173740988
1233,74.246262783756,31.47302147017786,8409.661237091625
1234,74.24622662863523,31.47753235723622,6924.788702134342
1235,74.24619046539587,31.482043241075242,218.3699045867787
1236,74.24615429403626,31.486554121694667,2140.0659794071016
1237,74.24611811455479,31.491064999094217,8446.319792043527
1238,74.24608192694987,31.49557587327363,12120.624067887215
1239,74.24604573121988,31.500086744232657,10704.24573946199
1240,74.24600952736319,31.504597611971032,11430.963145830181
1241,74.24597331537822,31.509108476488493,7189.721971926387
1242,74.24593709526332,31.513619337784768,1128.394672235053
1243,74.2459008670169,31.518130195859595,507.0770884926013
1244,74.24586463063734,31.52264105071272,0.0
1245,74.24582838612304,31.527151902343885,255.56887552432076
1246,74.24579213347235,31.531662750752815,3334.398990664562
1247,74.24575587268367,31.536173595939257,2919.6401248858438
1248,74.2457196037554,31.54068443790294,1827.1584767620034
1249,74.24568332668589,31.545195276643618,0.0
1250,74.24564704147356,31.549706112161015,23.576223994163236
1251,74.24561074811677,31.55421694445488,1485.1753526227853
1252,74.2455744466139,31.558727773524936,970.6267850625978
1253,74.24553813696333,31.56323859937093,2666.5120304905236
1254,74.24550181916345,31.567749421992605,194.24181907183362
1255,74.24546549321263,31.572260241389692,1754.167444118972
1256,74.24542915910926,31.576771057561942,224.27961396471437
1257,74.2453928168517,31.581281870509077,3400.9172599553963
1258,74.24535646643838,31.585792680230846,6292.623162057481
1259,74.24532010786757,31.590303486726977,11410.612762408111
1260,74.24528374113778,31.594814289997228,9785.25517235664
1261,74.24524736624728,31.599325090041336,11609.27323748135
1262,74.24521098319451,31.603835886859024,11470.978893918782
1263,74.24517459197781,31.608346680450033,6866.35689080022
1264,74.24513819259558,31.612857470814113,8732.614844401349
1265,74.24510178504615,31.61736825795099,9218.495764597976
1266,74.24506536932793,31.62187904186043,6139.2398449905995
1267,74.24502894543929,31.626389822542137,13157.755734374956
1268,74.2449925133786,31.630900599995883,8912.204570579906
1269,74.24495607314424,31.635411374221388,795.6111631104894
1270,74.24491962473456,31.63992214521839,1920.559200282938
1271,74.24488316814796,31.644432912986645,3306.54696906291
1272,74.24484670338279,31.64894367752588,1581.6284052224712
1273,74.25249228697689,31.35125703296515,6609.300458685834
1274,74.25245660133174,31.35576801226262,6673.52037261576
1275,74.25242090766761,31.360278988348377,8393.001640254828
1276,74.2523852059829,31.364789961222158,9522.55417825745
1277,74.25234949627601,31.36930093088369,10450.707340786801
1278,74.25231377854541,31.37381189733273,6617.425050976808
1279,74.25227805278946,31.378322860569003,7945.3390748996335
1280,74.2522423190066,31.382833820592232,8783.060959515376
1281,74.25220657719524,31.387344777402177,10032.045615305926
1282,74.25217082735377,31.391855730998557,6003.725250949228
1283,74.25213506948063,31.39636668138111,9704.4956022161
1284,74.2520993035742,31.40087762854957,7530.904236524415
1285,74.25206352963293,31.40538857250369,9426.79167534743
1286,74.25202774765522,31.409899513243186,6613.360654214511
1287,74.25199195763948,31.414410450767804,8857.482798504563
1288,74.25195615958408,31.41892138507727,9775.816922916958
1289,74.25192035348748,31.423432316171326,11565.60803028061
1290,74.25188453934804,31.427943244049704,11652.158563273315
1291,74.25184871716421,31.432454168712162,11652.648647758033
1292,74.25181288693436,31.436965090158417,9229.44788823543
1293,74.25177704865696,31.44147600838819,7196.871093641563
1294,74.25174120233035,31.445986923401254,9397.579556984783
1295,74.25170534795296,31.45049783519732,9284.210736848014
1296,74.25166948552318,31.45500874377613,10144.754546074584
1297,74.25163361503944,31.45951964913743,10541.158923102868
1298,74.25159773650013,31.464030551280956,12045.246132615119
1299,74.25156184990367,31.468541450206427,13167.134533254457
1300,74.25152595524841,31.473052345913597,9221.642695012119
1301,74.25149005253282,31.477563238402197,11289.881650135147
1302,74.25145414175523,31.482074127671964,6693.5823569727945
1303,74.25141822291411,31.486585013722635,8380.674384800714
1304,74.25138229600785,31.491095896553958,12700.86686484817
1305,74.25134636103479,31.495606776165644,10081.196524175346
1306,74.25131041799341,31.500117652557467,11625.222318027205
1307,74.25127446688202,31.50462852572913,11351.968203793831
1308,74.25123850769913,31.509139395680396,11786.216499600003
1309,74.25120254044303,31.513650262410994,5277.501918270825
1310,74.25116656511217,31.51816112592066,3331.584302490646
1311,74.25113058170496,31.522671986209133,340.90682477512604
1312,74.25109459021976,31.527182843276147,1237.1664455445657
1313,74.25105859065499,31.53169369712143,1860.7849592319849
1314,74.25102258300903,31.53620454774475,5716.441071044685
1315,74.25098656728028,31.540715395145828,3133.6219280761543
1316,74.25095054346716,31.545226239324407,2015.9503613910813
1317,74.250914511568,31.549737080280213,1963.5181953436147
1318,74.25087847158126,31.554247918012994,15.586509600229537
1319,74.25084242350532,31.55875875252249,0.0
1320,74.25080636733851,31.563269583808435,0.0
1321,74.25077030307929,31.56778041187058,1322.4407681779066
1322,74.25073423072604,31.572291236708637,2315.0935690662727
1323,74.25069815027713,31.57680205832237,3848.2179101312886
1324,74.25066206173096,31.581312876711515,2217.205760737076
1325,74.25062596508592,31.585823691875788,4564.395281680411
1326,74.2505898603404,31.59033450381495,7522.1235904155365
1327,74.25055374749277,31.59484531252874,4660.819160607201
1328,74.25051762654145,31.59935611801689,7063.676147764196
1329,74.2504814974848,31.603866920279145,8740.693456796162
1330,74.25044536032122,31.60837771931524,9629.637972695224
1331,74.2504092150491,31.61288851512491,7227.703733645057
1332,74.2503730616668,31.617399307707895,8073.460018834122
1333,74.25033690017274,31.621910097063957,6449.439550302196
1334,74.2503007305653,31.62642088319281,8424.66995215689
1335,74.25026455284284,31.630931666094206,2693.8161128085585
1336,74.25022836700373,31.635442445767872,2705.662212466874
1337,74.2501921730464,31.639953222213563,4273.378070525195
1338,74.2501559709692,31.644463995431007,3478.064079377649
1339,74.25011976077053,31.64897476541996,2920.412375040451
1340,74.257748672928,31.351287546987727,4546.528392909053
1341,74.25771323816373,31.355798531663773,3383.6090031942554
1342,74.25767779543685,31.36030951312861,5245.907660130484
1343,74.25764234474578,31.364820491381963,10124.76136154406
1344,74.25760688608892,31.36933146642359,9378.42838260435
1345,74.25757141946475,31.37384243825322,7792.102848867476
1346,74.25753594487163,31.37835340687057,6406.538469252582
1347,74.25750046230802,31.38286437227541,8746.440739134163
1348,74.25746497177236,31.38737533446746,9012.8884582643
1349,74.25742947326303,31.39188629344644,9237.752125514227
1350,74.2573939667785,31.396397249212097,12076.870639753331
1351,74.25735845231715,31.400908201764167,11529.473951605803
1352,74.25732292987742,31.4054191511024,7829.391384180267
1353,74.25728739945772,31.409930097226514,9525.82427941908
1354,74.25725186105653,31.414441040136253,11971.12582191014
1355,74.25721631467219,31.418951979831352,11190.212106522908
1356,74.25718076030314,31.42346291631154,10628.168276158205
1357,74.25714519794782,31.427973849576556,10938.240728091674
1358,74.25710962760465,31.43248477962614,17436.85429506054
1359,74.25707404927205,31.436995706460046,8405.229508434628
1360,74.25703846294839,31.44150663007798,11503.146601783923
1361,74.25700286863216,31.446017550479702,10773.187048150685
1362,74.25696726632171,31.450528467664927,10217.573151946506
1363,74.2569316560155,31.455039381633405,10642.530684577381
1364,74.25689603771191,31.45955029238488,6570.838562256467
1365,74.2568604114094,31.464061199919076,11095.886499090024
1366,74.25682477710636,31.468572104235736,13304.97397648341
1367,74.2567891348012,31.47308300533459,11148.725014538306
1368,74.25675348449232,31.47759390321539,8618.07784299917
1369,74.25671782617817,31.48210479787786,6401.634578074391
1370,74.25668215985715,31.48661568932175,6857.71385323339
1371,74.25664648552763,31.49112657754677,9631.920082634875
1372,74.25661080318807,31.495637462552686,14051.188821905262
1373,74.25657511283687,31.50014834433924,12821.604988278343
1374,74.25653941447244,31.50465922290614,12889.494955665143
1375,74.25650370809319,31.50917009825315,9296.67845552285
1376,74.2564679936975,31.513680970379998,12006.054998685886
1377,74.2564322712838,31.51819183928642,13640.82696554657
1378,74.25639654085053,31.522702704972158,8676.735283977067
1379,74.25636080239606,31.527213567436945,2522.3137170665254
1380,74.25632505591882,31.531724426680523,5657.665533022593
1381,74.25628930141718,31.536235282702624,7567.703929703644
1382,74.25625353888958,31.540746135502996,3440.7482633100044
1383,74.2562177683344,31.545256985081384,6959.866524938366
1384,74.25618198975006,31.549767831437503,4415.1644645228935
1385,74.25614620313496,31.5542786745711,1974.6874072175685
1386,74.25611040848752,31.558789514481937,163.98100121344277
1387,74.25607460580613,31.56330035116971,0.0
1388,74.25603879508918,31.567811184634195,466.0228687503428
1389,74.2560029763351,31.572322014875127,4281.41786943727
1390,74.25596714954226,31.57683284189222,7815.39739311588
1391,74.25593131470907,31.581343665685235,7050.169951857877
1392,74.25589547183395,31.585854486253904,8814.031779048086
1393,74.2558596209153,31.590365303597967,5745.7543481006405
1394,74.25582376195149,31.594876117717156,5064.283770444106
1395,74.25578789494094,31.59938692861122,4278.500018641846
1396,74.25575201988205,31.6038977362799,6135.531616304412
1397,74.25571613677322,31.60840854072294,6997.46026876125
1398,74.25568024561281,31.612919341940056,12477.68047914226
1399,74.25564434639925,31.617430139931,6738.76970168697
1400,74.25560843913095,31.621940934695523,7342.311113020929
1401,74.2555725238063,31.626451726233356,9305.237782215172
1402,74.25553660042367,31.630962514544233,4647.071170449066
1403,74.25550066898147,31.635473299627908,8818.308232301919
1404,74.25546472947809,31.63998408148411,5049.442573314927
1405,74.25542878191192,31.644494860112573,5191.102903282666
1406,74.25539282628135,31.64900563551306,0.0
1407,74.26300506684018,31.351317845720175,4857.1165776996295
1408,74.26296988295836,31.35582883573685,1502.9553560804256
1409,74.26293469117032,31.360339822542816,7033.7204636052165
1410,74.26289949147443,31.364850806137813,8815.801528136504
1411,74.26286428386918,31.369361786521566,8567.060780786089
1412,74.26282906835299,31.37387276369382,9421.643760362636
1413,74.26279384492427,31.37838373765431,9011.444096522775
1414,74.26275861358151,31.382894708402777,10115.982601944334
1415,74.26272337432312,31.387405675938943,15687.155564584442
1416,74.26268812714753,31.39191664026256,12235.392153650404
1417,74.26265287205315,31.39642760137335,9609.8307092713
1418,74.26261760903844,31.400938559271058,11450.079498003472
1419,74.26258233810186,31.405449513955414,9506.749995738863
1420,74.26254705924178,31.409960465426167,10498.291363724395
1421,74.26251177245669,31.41447141368303,10017.154412482161
1422,74.26247647774497,31.418982358725756,8914.394222722933
1423,74.2624411751051,31.42349330055408,12822.323853174023
1424,74.26240586453548,31.428004239167734,10819.871172155632
1425,74.26237054603453,31.43251517456646,14103.834044457679
1426,74.26233521960071,31.43702610674999,11809.326517936739
1427,74.26229988523244,31.441537035718074,10001.086083545988
1428,74.26226454292812,31.446047961470434,10841.336451326326
1429,74.26222919268626,31.450558884006803,10911.164141863677
1430,74.26219383450518,31.455069803326925,9308.64075697705
1431,74.26215846838335,31.459580719430537,8734.292658431
1432,74.26212309431921,31.464091632317384,2752.9884180808394
1433,74.26208771231117,31.46860254198719,11473.14929620268
1434,74.26205232235769,31.473113448439705,9981.816217238902
1435,74.26201692445714,31.47762435167466,3391.910058863774
1436,74.26198151860798,31.48213525169179,8690.746635215663
1437,74.26194610480862,31.486646148490834,9930.622339006726
1438,74.2619106830575,31.49115704207152,9075.165309787844
1439,74.261875253353,31.495667932433612,10343.348725473337
1440,74.26183981569359,31.500178819576835,15315.866822092683
1441,74.26180437007767,31.504689703500908,12447.767420334887
1442,74.26176891650367,31.50920058420559,9623.355959111637
1443,74.26173345497,31.513711461690622,14509.215782672223
1444,74.26169798547505,31.51822233595573,14166.574981854137
1445,74.26166250801731,31.522733207000652,9203.571703560925
1446,74.26162702259515,31.527244074825134,9390.06276518476
1447,74.26159152920702,31.531754939428914,9144.673162785637
1448,74.26155602785131,31.53626580081171,9422.06330579643
1449,74.26152051852641,31.540776658973282,9910.992151559574
1450,74.26148500123081,31.54528751391338,12586.07813218524
1451,74.26144947596286,31.549798365631716,7743.069313086316
1452,74.26141394272103,31.554309214128047,8471.188738527648
1453,74.26137840150369,31.5588200594021,1078.640024990601
1454,74.26134285230927,31.56333090145361,0.0
1455,74.26130729513619,31.56784174028233,0.0
1456,74.26127172998287,31.572352575888,1021.0435416574489
1457,74.26123615684772,31.576863408270345,7400.970656901065
1458,74.26120057572915,31.581374237429113,7573.118535475626
1459,74.26116498662554,31.58588506336403,5522.856989821513
1460,74.26112938953534,31.59039588607487,4872.681275283387
1461,74.26109378445693,31.59490670556133,3079.91034106216
1462,74.26105817138877,31.599417521823174,3176.9242267736495
1463,74.26102255032922,31.603928334860143,3443.1802232956416
1464,74.26098692127673,31.608439144671962,12550.492160367301
1465,74.26095128422965,31.612949951258386,9766.309942626089
1466,74.26091563918646,31.617460754619138,5439.7620899545345
1467,74.26087998614551,31.621971554753962,10133.431876535507
1468,74.26084432510527,31.62648235166261,4807.156565186401
1469,74.26080865606407,31.63099314534482,4441.2228866967025
1470,74.26077297902036,31.635503935800326,10546.365681270187
1471,74.26073729397253,31.640014723028862,2332.6618188834805
1472,74.260701600919,31.644525507030178,2706.194002754528
1473,74.2606658998582,31.649036287804023,1813.406974462057
1474,74.26826146865702,31.35134792916135,7752.9518622450705
1475,74.26822653565924,31.355858924480724,4331.479039679456
1476,74.26819159481157,31.360369916589875,5529.134616829247
1477,74.26815664611247,31.36488090548854,9961.792384640728
1478,74.26812168956037,31.369391891176484,10548.954787046932
1479,74.26808672515375,31.373902873653403,7189.250324825497
1480,74.26805175289103,31.378413852919063,13080.694059957328
1481,74.26801677277066,31.38292482897319,12486.223155976144
1482,74.2679817847911,31.387435801815524,10969.472151753676
1483,74.26794678895078,31.3919467714458,5341.209284366163
1484,74.26791178524815,31.39645773786374,10150.634777571793
1485,74.26787677368168,31.40096870106909,10532.810801079535
1486,74.26784175424977,31.405479661061598,8425.12217443485
1487,74.26780672695087,31.409990617840986,9810.821300824195
1488,74.26777169178345,31.414501571406998,9771.677289700096
1489,74.26773664874595,31.419012521759363,9241.086103676067
1490,74.26770159783679,31.423523468897812,9735.076750017268
1491,74.26766653905443,31.428034412822104,8160.593149286686
1492,74.26763147239733,31.43254535353197,10490.873720557292
1493,74.26759639786387,31.43705629102712,11989.82721764874
1494,74.2675613154525,31.441567225307324,12315.780507027719
1495,74.26752622516173,31.44607815637231,9475.485360261515
1496,74.26749112698994,31.450589084221797,12754.628921116051
1497,74.26745602093557,31.45510000885554,12106.940457844474
1498,74.2674209069971,31.45961093027328,13186.068928208746
1499,74.26738578517292,31.464121848474743,10166.865588679811
1500,74.26735065546148,31.468632763459674,11123.903206113546
1501,74.26731551786122,31.473143675227792,11500.279161532966
1502,74.26728037237058,31.477654583778857,6599.7550918104735
1503,74.26724521898798,31.482165489112607,1030.7728337502167
1504,74.26721005771188,31.48667639122876,10243.616508510655
1505,74.26717488854068,31.491187290127066,12083.890093266256
1506,74.26713971147285,31.495698185807274,11166.48965781367
1507,74.26710452650683,31.500209078269098,10461.295766786745
1508,74.26706933364098,31.504719967512276,11173.291278733552
1509,74.2670341328738,31.509230853536568,7881.034239244541
1510,74.26699892420372,31.513741736341718,12439.177868677722
1511,74.26696370762913,31.518252615927437,7732.831528713654
1512,74.2669284831485,31.522763492293475,9368.155278047816
1513,74.26689325076025,31.527274365439563,11546.005771902082
1514,74.26685801046278,31.531785235365458,10317.349550882982
1515,74.26682276225458,31.536296102070875,7738.429878694444
1516,74.26678750613402,31.54080696555557,10597.30558742406
1517,74.26675224209956,31.54531782581928,13684.043186372439
1518,74.2667169701496,31.549828682861737,13083.321293639974
1519,74.2666816902826,31.55433953668268,14809.134781447772
1520,74.26664640249695,31.558850387281847,9302.117358164673
1521,74.2666111067911,31.563361234658988,1676.6198600241112
1522,74.26657580316348,31.56787207881382,1266.6384400385268
1523,74.26654049161252,31.572382919746122,0.0
1524,74.2665051721366,31.576893757455593,1021.4057101653076
1525,74.2664698447342,31.581404591941986,4656.410702590587
1526,74.26643450940372,31.585915423205044,5280.385804335927
1527,74.26639916614357,31.590426251244505,4780.65922611034
1528,74.26636381495219,31.594937076060113,3041.864784093636
1529,74.26632845582797,31.599447897651597,2223.973037211925
1530,74.26629308876936,31.603958716018703,1386.034094468013
1531,74.26625771377479,31.608469531161173,5840.318404484662
1532,74.26622233084267,31.612980343078743,13459.576498151426
1533,74.2661869399714,31.61749115177114,16619.075120625097
1534,74.26615154115942,31.622001957238133,17020.39398640404
1535,74.26611613440515,31.626512759479432,11115.48441046929
1536,74.26608071970699,31.631023558494803,10269.031275541776
1537,74.26604529706337,31.635534354283987,11387.525852470877
1538,74.26600986647271,31.640045146846695,3161.696194603262
1539,74.26597442793341,31.644555936182687,2654.0731793133373
1540,74.26593898144391,31.649066722291707,5137.019441221417
1541,74.27351787832222,31.35137779731015,5610.264210892272
1542,74.27348319621001,31.355888797894266,1218.788832192289
1543,74.27344850630428,31.36039979526865,8388.504101942504
1544,74.27341380860348,31.364910789433047,11613.99775253425
1545,74.2733791031061,31.369421780387203,10176.423775064475
1546,74.2733443898106,31.373932768130842,9732.72386341465
1547,74.27330966871541,31.378443752663703,11926.434664993436
1548,74.273274939819,31.382954733985525,16026.964962274744
1549,74.27324020311983,31.387465712096045,13553.121990516445
1550,74.27320545861635,31.391976686995005,7971.72795479446
1551,74.27317070630698,31.396487658682116,8705.611116200791
1552,74.2731359461903,31.400998627157147,9168.59175288174
1553,74.27310117826462,31.405509592419815,7530.446160733523
1554,74.2730664025285,31.410020554469853,8477.150944529398
1555,74.27303161898033,31.414531513307015,9384.86172645706
1556,74.27299682761857,31.41904246893102,10380.162757528557
1557,74.27296202844168,31.423553421341612,10105.510382702994
1558,74.27292722144816,31.428064370538525,7301.3814464242205
1559,74.27289240663639,31.43257531652151,9581.880453182506
1560,74.27285758400487,31.437086259290293,9879.874875494726
1561,74.27282275355202,31.44159719884461,11509.682854780614
1562,74.27278791527633,31.446108135184193,9903.60475859509
1563,74.27275306917622,31.4506190683088,11846.147595462035
1564,74.27271821525012,31.455129998218133,12667.703828530317
1565,74.27268335349653,31.459640924911955,14297.47033577907
1566,74.27264848391387,31.46415184839001,13585.284399371345
1567,74.27261360650058,31.46866276865202,13979.588888263854
1568,74.27257872125513,31.473173685697724,10188.101673820394
1569,74.27254382817596,31.477684599526867,6979.428240456133
1570,74.2725089272615,31.482195510139178,5794.891380622409
1571,74.2724740185102,31.4867064175344,3430.4929882159977
1572,74.27243910192055,31.491217321712263,13839.836917328874
1573,74.27240417749091,31.495728222672522,10153.158811013254
1574,74.27236924521982,31.500239120414893,11239.96755252416
1575,74.27233430510564,31.504750014939127,12182.278491941277
1576,74.27229935714688,31.509260906244972,12467.752997563204
1577,74.27226440134194,31.51377179433215,12169.171516265076
1578,74.27222943768928,31.51828267920041,12645.074643871905
1579,74.27219446618733,31.522793560849486,13585.372286847296
1580,74.27215948683452,31.52730443927911,8313.725023734953
1581,74.27212449962933,31.531815314489027,9388.719535397517
1582,74.27208950457019,31.53632618647897,8070.361308824322
1583,74.2720545016555,31.540837055248687,10305.293336946068
1584,74.27201949088376,31.545347920797916,14674.81219878288
1585,74.27198447225337,31.549858783126393,12891.148418601413
1586,74.27194944576277,31.55436964223386,13964.42721644459
1587,74.2719144114104,31.558880498120036,10764.488317357946
1588,74.27187936919472,31.563391350784688,6271.365254736318
1589,74.27184431911412,31.56790220022754,2685.6936314398276
1590,74.27180926116706,31.572413046448336,4887.927356714439
1591,74.27177419535201,31.576923889446817,1228.1566450757114
1592,74.27173912166737,31.58143472922272,0.0
1593,74.27170404011156,31.585945565775784,0.0
1594,74.27166895068302,31.59045639910575,171.43034436214992
1595,74.27163385338022,31.59496722921236,0.0
1596,74.27159874820157,31.599478056095347,447.2637515872302
1597,74.27156363514548,31.603988879754457,7633.668664917236
1598,74.27152851421043,31.60849970018942,11636.453867787319
1599,74.27149338539482,31.61301051739998,6858.306167898195
1600,74.27145824869706,31.617521331385888,10276.860233006206
1601,74.27142310411563,31.62203214214688,11230.871566930267
1602,74.27138795164892,31.626542949682683,12038.309271059137
1603,74.2713527912954,31.631053753993054,6941.257214846861
1604,74.27131762305342,31.635564555077735,9593.446520578169
1605,74.27128244692152,31.640075352936435,8541.420483116402
1606,74.27124726289804,31.64458614756893,4638.001639731553
1607,74.27121207098143,31.649096938974946,7811.792591034663
1608,74.27877429577937,31.351407450165443,3597.1317397073585
1609,74.27873986455427,31.355918455976354,5636.407509925841
1610,74.27870542559204,31.36042945857803,6882.950042359522
1611,74.27867097889111,31.364940457970203,6032.349225304663
1612,74.27863652444998,31.36945145415262,6557.965595448936
1613,74.27860206226714,31.373962447125006,4959.494115459873
1614,74.278567592341,31.378473436887113,10679.33613492111
1615,74.2785331146701,31.38298442343867,13869.90782198492
1616,74.27849862925287,31.387495406779404,7529.613087008771
1617,74.27846413608776,31.392006386909063,4823.926940164107
1618,74.27842963517327,31.396517363827382,3990.7707163084106
1619,74.27839512650786,31.401028337534093,8174.732152617635
1620,74.27836061008999,31.405539308028935,11168.52727975126
1621,74.27832608591812,31.410050275311647,11677.720111401233
1622,74.27829155399077,31.414561239381964,9798.3042191079
1623,74.27825701430629,31.419072200239622,8967.746951496161
1624,74.27822246686327,31.423583157884345,9720.562260422943
1625,74.2781879116601,31.4280941123159,8774.25796413234
1626,74.27815334869526,31.432605063533995,8606.70509141039
1627,74.2781187779672,31.437116011538382,8572.597427822415
1628,74.2780841994744,31.4416269563288,10147.595080771769
1629,74.27804961321533,31.446137897904983,11728.920245529082
1630,74.27801501918844,31.450648836266662,9749.73963921877
1631,74.2779804173922,31.45515977141357,12787.863615143382
1632,74.27794580782503,31.459670703345463,11982.159823758071
1633,74.27791119048547,31.46418163206207,6958.6606993190035
1634,74.27787656537187,31.46869255756312,10383.741114584667
1635,74.27784193248279,31.473203479848365,7986.414145313234
1636,74.27780729181661,31.477714398917534,9818.80695402375
1637,74.27777264337185,31.482225314770375,10261.272239574995
1638,74.27773798714692,31.486736227406602,2979.7066351254366
1639,74.27770332314033,31.491247136825987,5054.077599071919
1640,74.2776686513505,31.495758043028243,6213.230153982063
1641,74.27763397177587,31.5002689460131,9806.35282704303
1642,74.27759928441493,31.504779845780334,11026.542914313402
1643,74.27756458926609,31.509290742329647,14090.937387889151
1644,74.27752988632787,31.513801635660798,10719.879341806905
1645,74.27749517559867,31.518312525773513,8978.535379670771
1646,74.27746045707698,31.522823412667552,12068.521856950105
1647,74.27742573076121,31.52733429634263,12336.082186865993
1648,74.27739099664984,31.531845176798488,11320.010387620245
1649,74.27735625474132,31.536356054034872,11431.927383387841
1650,74.27732150503411,31.540866928051525,10844.896108337054
1651,74.27728674752663,31.545377798848175,14947.98976190182
1652,74.27725198221735,31.54988866642458,11715.156486636726
1653,74.27721720910472,31.554399530780444,16787.62714040738
1654,74.27718242818719,31.55891039191554,17006.098221574804
1655,74.2771476394632,31.563421249829585,14386.582402370079
1656,74.2771128429312,31.567932104522338,6402.521343183964
1657,74.27707803858966,31.572442955993537,8405.47021390536
1658,74.27704322643699,31.576953804242905,5824.055116344164
1659,74.27700840647165,31.581464649270178,54.94538931812798
1660,74.27697357869212,31.58597549107512,491.4546534253059
1661,74.27693874309679,31.59048632965746,0.0
1662,74.27690389968413,31.594997165016935,0.0
1663,74.27686904845258,31.599507997153285,25.059322443722184
1664,74.2768341894006,31.604018826066252,8590.987117721683
1665,74.2767993225266,31.608529651755575,10676.53417431254
1666,74.27676444782907,31.613040474220988,4318.930855573429
1667,74.27672956530643,31.61755129346225,8015.968819653785
1668,74.2766946749571,31.622062109479074,7278.631655881513
1669,74.27665977677952,31.626572922271222,7496.7429919931965
1670,74.27662487077215,31.631083731838434,6142.31484108929
1671,74.27658995693348,31.63559453818043,7737.398693331153
1672,74.27655503526186,31.640105341296966,11416.572903020318
1673,74.27652010575578,31.644616141187786,7311.142805493323
1674,74.27648516841366,31.64912693785263,7578.220053930388
1675,74.28403072097214,31.351436887726116,0.0
1676,74.28399654063568,31.355947898725884,1852.8878444064421
1677,74.28396235261845,31.36045890651689,6818.707151211307
1678,74.28392815691893,31.364969911098893,9636.92425082045
1679,74.28389395353558,31.369480912471612,8066.679108882231
1680,74.28385974246693,31.3739919106348,8091.053045631841
1681,74.28382552371139,31.378502905588167,6571.859358717658
1682,74.28379129726751,31.383013897331487,5515.387795457094
1683,74.28375706313375,31.387524885864487,4633.794024259958
1684,74.28372282130856,31.392035871186874,9159.409573915977
1685,74.28368857179046,31.396546853298403,9900.457666455955
1686,74.28365431457787,31.40105783219883,10802.7459838652
1687,74.28362004966934,31.405568807887864,7526.527889750038
1688,74.28358577706331,31.410079780365248,7274.8381672664245
1689,74.28355149675826,31.41459074963073,14832.859726611267
1690,74.28351720875264,31.419101715684047,11989.646509639577
1691,74.28348291304498,31.423612678524908,8766.190555929341
1692,74.2834486096337,31.428123638153085,11309.861545569012
1693,74.2834142985173,31.43263459456829,8830.766932311002
1694,74.28337997969429,31.437145547770275,10173.386481658763
1695,74.28334565316307,31.441656497758768,9968.513748099807
1696,74.28331131892216,31.44616744453353,11500.470754759162
1697,74.28327697697004,31.45067838809428,12090.127927761476
1698,74.28324262730516,31.455189328440735,11191.366627959778
1699,74.28320826992598,31.45970026557266,10493.385246165068
1700,74.283173904831,31.46421119948979,8204.146663299063
1701,74.28313953201868,31.46872213019186,11068.051296287
1702,74.28310515148748,31.473233057678605,11490.293058849764
1703,74.28307076323587,31.477743981949754,8924.699691023525
1704,74.28303636726234,31.482254903005074,9390.958788942784
1705,74.28300196356535,31.48676582084427,8150.079806416293
1706,74.28296755214335,31.491276735467103,679.8071041061953
1707,74.28293313299483,31.495787646873314,0.0
1708,74.28289870611825,31.500298555062603,2586.963227245607
1709,74.28286427151205,31.50480946003475,13155.923654258653
1710,74.28282982917474,31.50932036178948,13482.471461991778
1711,74.28279537910477,31.513831260326537,11974.675989658097
1712,74.2827609213006,31.518342155645648,13322.764284714882
1713,74.28272645576068,31.522853047746555,10483.283053660522
1714,74.2826919824835,31.527363936629,15049.705754327568
1715,74.28265750146751,31.531874822292725,14744.91978862814
1716,74.28262301271117,31.53638570473745,10276.627201943124
1717,74.28258851621293,31.540896583962944,11818.037131548426
1718,74.28255401197127,31.54540745996893,16583.495890562917
1719,74.28251949998467,31.549918332755144,12737.956025096675
1720,74.28248498025158,31.55442920232133,16723.61217448884
1721,74.28245045277043,31.558940068667226,16075.397645898598
1722,74.28241591753972,31.56345093179257,18360.26915300974
1723,74.28238137455787,31.567961791697105,13826.497408697838
1724,74.28234682382335,31.572472648380568,11716.662368761474
1725,74.28231226533465,31.57698350184272,9072.286805483356
1726,74.28227769909019,31.581494352083244,10206.545277240639
1727,74.28224312508846,31.586005199101937,4369.367433569272
1728,74.28220854332785,31.590516042898507,0.0
1729,74.2821739538069,31.59502688347272,0.0
1730,74.28213935652404,31.59953772082429,0.0
1731,74.2821047514777,31.60404855495297,10435.518183038008
1732,74.28207013866634,31.60855938585851,6601.762496304664
1733,74.28203551808845,31.61307021354063,5591.428030370349
1734,74.28200088974245,31.617581037999074,5586.249566108079
1735,74.28196625362679,31.62209185923359,5825.24244764993
1736,74.28193160973991,31.626602677243923,11352.494716436437
1737,74.28189695808031,31.6311134920298,9582.527231210825
1738,74.28186229864642,31.635624303590955,6081.711085106075
1739,74.28182763143668,31.640135111927158,5870.584134172637
1740,74.28179295644955,31.64464591703813,8966.711699576948
1741,74.28175827368348,31.64915671892362,7437.884865647799
1742,74.2892871538442,31.351466109991083,1967.1162910725116
1743,74.28925322439787,31.35597712614174,2184.801315597734
1744,74.28921928732716,31.360488139084143,538.8098563900528
1745,74.28918534263055,31.364999148818008,2394.066021593487
1746,74.28915139030651,31.369510155343082,7055.02768589192
1747,74.28911743035354,31.374021158659094,5197.7000084212195
1748,74.28908346277017,31.378532158765786,10896.385805483827
1749,74.28904948755482,31.383043155662897,5693.28443776522
1750,74.28901550470606,31.38755414935016,13139.798127035274
1751,74.28898151422231,31.392065139827324,10505.761983776658
1752,74.28894751610208,31.396576127094104,11188.878887625784
1753,74.28891351034389,31.40108711115024,10993.86435886969
1754,74.2888794969462,31.405598091995483,8437.588043150545
1755,74.28884547590752,31.410109069629566,9161.525047193727
1756,74.28881144722631,31.41462004405221,13227.82515911169
1757,74.28877741090105,31.41913101526318,10281.188861592645
1758,74.28874336693028,31.423641983262186,9306.314336728456
1759,74.28870931531242,31.42815294804897,11818.587414073887
1760,74.28867525604603,31.432663909623294,10540.178375797928
1761,74.28864118912952,31.43717486798487,10144.768474632483
1762,74.28860711456144,31.44168582313344,13580.039753867877
1763,74.28857303234022,31.446196775068753,13058.832426816938
1764,74.28853894246438,31.45070772379053,11147.165598920448
1765,74.28850484493239,31.45521866929851,12010.669444403855
1766,74.28847073974275,31.45972961159246,6648.678296055436
1767,74.28843662689388,31.464240550672077,9735.27636549526
1768,74.28840250638433,31.468751486537123,10130.199298445947
1769,74.28836837821261,31.47326241918733,11909.227066830359
1770,74.28833424237709,31.477773348622435,11584.079411526911
1771,74.28830009887632,31.482284274842176,9674.154896126229
1772,74.28826594770877,31.4867951978463,5278.2529634178
1773,74.28823178887292,31.49130611763453,3071.9220689313856
1774,74.28819762236725,31.49581703420661,751.1259524543163
1775,74.28816344819022,31.500327947562294,0.0
1776,74.28812926634033,31.504838857701294,10243.875007596018
1777,74.28809507681606,31.509349764623366,13555.839309685445
1778,74.28806087961587,31.513860668328245,4137.25676991198
1779,74.28802667473825,31.51837156881568,16761.40246370368
1780,74.28799246218166,31.522882466085385,18830.165289690416
1781,74.28795824194458,31.527393360137122,11874.785659594341
1782,74.2879240140255,31.531904250970616,10900.936406083336
1783,74.28788977842288,31.5364151385856,14340.226910979829
1784,74.28785553513521,31.54092602298185,12308.230459258988
1785,74.28782128416091,31.545436904159065,15026.538665240278
1786,74.28778702549852,31.549947782117002,15662.077038036343
1787,74.28775275914647,31.5544586568554,17466.78827737995
1788,74.28771848510326,31.558969528373986,18893.621386090763
1789,74.28768420336735,31.563480396672514,16526.987472159566
1790,74.28764991393717,31.567991261750716,16924.573442226774
1791,74.28761561681125,31.57250212360834,12840.11618327962
1792,74.28758131198803,31.57701298224512,15515.948860979715
1793,74.287546999466,31.58152383766079,16345.527560711254
1794,74.28751267924362,31.5860346898551,12009.702416366437
1795,74.28747835131932,31.590545538827786,1995.5978019824552
1796,74.28744401569163,31.59505638457859,1139.8175905746218
1797,74.28740967235896,31.599567227107258,436.0932825595312
1798,74.28737532131981,31.604078066413507,2048.34909132236
1799,74.28734096257264,31.6085889024971,6709.031121400464
1800,74.28730659611593,31.61309973535777,8825.177545793542
1801,74.28727222194811,31.61761056499525,7683.2997853170045
1802,74.28723784006768,31.6221213914093,7597.717048846674
1803,74.28720345047306,31.62663221459966,11072.025924630487
1804,74.28716905316276,31.631143034566044,8797.202589464157
1805,74.28713464813521,31.635653851308195,7447.6945813391685
1806,74.2871002353889,31.640164664825875,8848.886398823053
1807,74.28706581492226,31.644675475118827,7356.228372638091
1808,74.28703138673379,31.649186282186786,6081.664529862607
1809,74.29454359433909,31.351495116959228,1245.7228607285626
1810,74.29450991578447,31.356006138222845,0.0
1811,74.2944762296618,31.360517156278686,337.9753305359785
1812,74.2944425359696,31.36502817112647,1347.7963934926333
1813,74.29440883470636,31.369539182765923,3037.1139158546716
1814,74.29437512587062,31.374050191196815,401.9852380071574
1815,74.29434140946087,31.378561196418854,6525.885128603812
1816,74.2943076854756,31.383072198431798,11226.879653456574
1817,74.29427395391332,31.387583197235372,11133.066452827648
1818,74.29424021477251,31.392094192829312,10744.669183503025
1819,74.29420646805168,31.396605185213346,10156.967139735358
1820,74.29417271374938,31.401116174387237,7871.713330796135
1821,74.29413895186406,31.40562716035069,9705.329579405021
1822,74.2941051823942,31.410138143103474,6870.152861595321
1823,74.29407140533836,31.414649122645297,14372.894202052421
1824,74.29403762069501,31.41916009897593,12850.259379154524
1825,74.29400382846262,31.423671072095075,9420.602974758867
1826,74.29397002863973,31.428182042002494,10720.170091603595
1827,74.29393622122481,31.432693008697907,12471.288046631451
1828,74.29390240621639,31.43720397218106,10924.107917100804
1829,74.2938685836129,31.44171493245169,12031.08701701968
1830,74.29383475341292,31.446225889509538,10673.458996714284
1831,74.29380091561488,31.450736843354335,9950.312872573468
1832,74.29376707021731,31.455247793985823,14472.8881916534
1833,74.29373321721869,31.459758741403732,10129.839460130055
1834,74.2936993566175,31.464269685607825,11396.40136433106
1835,74.29366548841224,31.46878062659781,11398.240337916792
1836,74.29363161260143,31.473291564373447,11415.169315851968
1837,74.29359772918355,31.477802498934455,17661.93594586753
1838,74.29356383815706,31.482313430280577,11863.417491881377
1839,74.29352993952047,31.486824358411567,7530.6666702152415
1840,74.29349603327229,31.491335283327146,3040.629628179141
1841,74.29346211941099,31.495846205027057,2383.2870382789747
1842,74.29342819793507,31.50035712351105,40.642072167982235
1843,74.293394268843,31.504868038778852,3323.7699632259996
1844,74.29336033213329,31.509378950830193,5528.31292455582
1845,74.29332638780441,31.513889859664832,12676.456013643443
1846,74.29329243585488,31.518400765282504,15564.38941511385
1847,74.29325847628313,31.52291166768294,14287.98477147469
1848,74.29322450908768,31.52742256686588,13453.715609860346
1849,74.29319053426705,31.531933462831056,12774.154576530444
1850,74.29315655181968,31.536444355578226,12163.1995273984
1851,74.29312256174403,31.540955245107117,9542.128823223235
1852,74.29308856403864,31.545466131417477,12435.54017678078
1853,74.29305455870198,31.549977014509036,14920.161975862504
1854,74.29302054573255,31.554487894381527,15523.723987506397
1855,74.29298652512877,31.55899877103471,15431.583875192155
1856,74.29295249688919,31.563509644468304,21749.136488059346
1857,74.29291846101225,31.568020514682058,17124.214096963646
1858,74.29288441749644,31.572531381675727,16987.752568168667
1859,74.29285036634025,31.577042245449036,17755.344973054936
1860,74.29281630754218,31.581553106001717,19261.605434386154
1861,74.29278224110067,31.586063963333512,17835.301042303177
1862,74.29274816701421,31.590574817444182,10618.56111408724
1863,74.29271408528129,31.59508566833345,8146.95861760269
1864,74.29267999590039,31.599596516001057,5470.6687702235495
1865,74.29264589886995,31.604107360446736,166.30362880418562
1866,74.29261179418849,31.60861820167025,5016.842905956544
1867,74.29257768185448,31.613129039671314,9215.010213802387
1868,74.29254356186641,31.61763987444969,5745.1493496724415
1869,74.29250943422271,31.622150706005115,3891.5174765730635
1870,74.2924752989219,31.626661534337316,9541.876426705476
1871,74.29244115596245,31.631172359446047,5247.789393829202
1872,74.29240700534278,31.635683181331043,6186.853711110205
1873,74.29237284706144,31.64019399999203,7980.686928381857
1874,74.29233868111685,31.64470481542879,6527.2475380282385
1875,74.29230450750748,31.64921562764103,8045.5190569735205
1876,74.29980004240058,31.351523908629478,271.8177379443947
1877,74.2997666147391,31.35603493496811,0.0
1878,74.29973317956595,31.36054595809943,0.0
1879,74.29969973687966,31.365056978023176,94.8858803721833
1880,74.29966628667874,31.369567994739075,450.7539605014283
1881,74.2996328289617,31.374079008246863,0.0
1882,74.29959936372708,31.378590018546294,1212.9120467502405
1883,74.29956589097335,31.38310102563709,1008.7862069989742
1884,74.29953241069907,31.387612029518998,3621.7447550058105
1885,74.29949892290271,31.392123030191748,7957.338124275279
1886,74.29946542758282,31.396634027655068,8012.886459714963
1887,74.29943192473787,31.40114502190871,6652.865667051611
1888,74.29939841436641,31.405656012952416,7544.810036197205
1889,74.29936489646694,31.410167000785908,5474.660991555896
1890,74.29933137103795,31.414677985408925,6977.267241804382
1891,74.29929783807799,31.419188966821213,7249.364644541053
1892,74.2992642975855,31.4236999450225,6525.340824011377
1893,74.29923074955907,31.428210920012532,8408.47020094865
1894,74.29919719399714,31.432721891791033,12958.63592576208
1895,74.29916363089826,31.43723286035775,11753.580769945262
1896,74.29913006026092,31.441743825712425,10166.617894543988
1897,74.29909648208364,31.446254787854787,8892.000652905035
1898,74.29906289636493,31.450765746784597,5282.836005253846
1899,74.29902930310325,31.455276702501553,7569.107526030548
1900,74.29899570229718,31.459787655005425,10864.66673347963
1901,74.29896209394516,31.464298604295937,10818.152321441306
1902,74.29892847804571,31.46880955037283,10287.361946936513
1903,74.29889485459735,31.47332049323585,9031.440002167943
1904,74.29886122359856,31.477831432884717,12919.805024937386
1905,74.29882758504789,31.482342369319184,10049.038534810035
1906,74.29879393894377,31.48685330253898,4554.041204964914
1907,74.29876028528479,31.491364232543866,5801.577866192688
1908,74.29872662406937,31.495875159333554,2023.4832237145658
1909,74.29869295529603,31.500386082907795,1108.6617900173135
1910,74.29865927896331,31.50489700326631,806.4549921725403
1911,74.29862559506967,31.509407920408872,5626.104516979799
1912,74.29859190361364,31.513918834335207,12239.526049557056
1913,74.29855820459368,31.518429745045044,11550.066718558315
1914,74.2985244980083,31.522940652538114,15429.040787776814
1915,74.29849078385601,31.527451556814174,12063.290381725239
1916,74.29845706213533,31.531962457872964,9394.39975943468
1917,74.29842333284469,31.53647335571421,10773.840181250689
1918,74.29838959598264,31.540984250337672,13472.627982250091
1919,74.29835585154767,31.545495141743068,12294.912523504358
1920,74.29832209953825,31.550006029930138,9983.28600367323
1921,74.29828833995292,31.554516914898645,16788.257776518385
1922,74.29825457279013,31.5590277966483,19565.636547534636
1923,74.29822079804842,31.563538675178858,13737.687434149924
1924,74.2981870157262,31.568049550490063,15757.863878686188
1925,74.29815322582202,31.572560422581642,13431.535783766763
1926,74.29811942833439,31.577071291453354,12755.850344070404
1927,74.29808562326178,31.581582157104922,14426.654131833597
1928,74.29805181060267,31.586093019536083,14668.893617936059
1929,74.29801799035558,31.59060387874659,12564.83442709868
1930,74.29798416251893,31.59511473473618,11519.290086537589
1931,74.2979503270913,31.599625587504597,9556.791009974331
1932,74.29791648407112,31.60413643705157,5546.056995988078
1933,74.29788263345691,31.608647283376847,1450.3466690806742
1934,74.29784877524716,31.61315812648017,5191.916610835993
1935,74.29781490944032,31.617668966361265,5583.737932641591
1936,74.29778103603489,31.622179803019907,3166.717766109014
1937,74.2977471550294,31.626690636455805,7609.555763667316
1938,74.29771326642228,31.631201466668717,7592.050133531153
1939,74.29767937021205,31.63571229365837,4370.03629696996
1940,74.29764546639719,31.640223117424508,6854.657961778033
1941,74.29761155497617,31.644733937966887,6975.618247480216
1942,74.29757763594746,31.64924475528524,1874.1191709138184
1943,74.30505649797222,31.35155248500075,639.457721658777
1944,74.30502332120538,31.35606351637645,420.70980314998644
1945,74.30499013698325,31.360574544545305,670.5174296105808
1946,74.30495694530434,31.36508556950705,1796.142144494792
1947,74.30492374616722,31.369596591261427,315.0518188078728
1948,74.3048905395704,31.374107609808163,0.0
1949,74.30485732551239,31.378618625147016,733.4466637369411
1950,74.30482410399172,31.383129637277705,2283.7306217935316
1951,74.3047908750069,31.387640646199976,1688.510133530613
1952,74.30475763855648,31.392151651913558,2675.171658630155
1953,74.30472439463898,31.396662654418186,8525.451338587645
1954,74.30469114325291,31.40117365371361,6120.688688813978
1955,74.3046578843968,31.405684649799564,9817.11173324115
1956,74.30462461806916,31.41019564267577,6435.89513786744
1957,74.30459134426853,31.414706632341982,9744.396517188274
1958,74.30455806299344,31.41921761879794,5099.976489608608
1959,74.30452477424235,31.42372860204336,6328.478257914935
1960,74.30449147801384,31.428239582078,9285.138793231923
1961,74.30445817430643,31.4327505589016,16653.661974720606
1962,74.3044248631186,31.437261532513876,14930.930099764106
1963,74.30439154444889,31.441772502914574,11580.019518454414
1964,74.30435821829582,31.446283470103438,9658.285666644531
1965,74.30432488465792,31.45079443408022,3451.757742007163
1966,74.30429154353367,31.455305394844636,12120.107952052147
1967,74.3042581949216,31.459816352396423,14372.049144900071
1968,74.30422483882025,31.46432730673533,13206.604853044548
1969,74.3041914752281,31.468838257861094,11525.079391475754
1970,74.3041581041437,31.47334920577346,12600.458626802721
1971,74.30412472556556,31.477860150472143,11778.440306020604
1972,74.30409133949213,31.482371091956903,10605.558503393782
1973,74.30405794592201,31.486882030227473,8341.944809912626
1974,74.30402454485369,31.49139296528359,3774.359043511663
1975,74.30399113628566,31.495903897125,4505.359597239826
1976,74.30395772021643,31.500414825751427,3627.4355491732576
1977,74.30392429664452,31.50492575116262,6893.308311929802
1978,74.30389086556848,31.50943667335832,10252.158079771074
1979,74.30385742698675,31.51394759233827,12006.435634040965
1980,74.30382398089789,31.518458508102185,12869.555367663814
1981,74.30379052730038,31.522969420649826,17167.20682564734
1982,74.30375706619274,31.527480329980943,14538.63799062108
1983,74.3037235975735,31.531991236095234,8416.559704050047
1984,74.30369012144114,31.53650213899247,10560.86130118717
1985,74.30365663779418,31.541013038672403,10141.785142274199
1986,74.30362314663112,31.545523935134742,13578.181657967427
1987,74.30358964795047,31.550034828379236,13020.61376408083
1988,74.30355614175073,31.554545718405638,13278.302432754013
1989,74.30352262803044,31.559056605213673,12658.613768802548
1990,74.30348910678805,31.563567488803077,7451.322176220322
1991,74.30345557802211,31.56807836917361,4100.134395271619
1992,74.30342204173108,31.572589246325,4790.108985686776
1993,74.30338849791349,31.57710012025698,9826.657769931224
1994,74.30335494656785,31.581610990969313,20720.87524909517
1995,74.30332138769265,31.58612185846171,12646.101607470815
1996,74.3032878212864,31.590632722733915,13651.588056821185
1997,74.30325424734761,31.595143583785703,15952.337750414577
1998,74.30322066587475,31.59965444161678,14361.122070708954
1999,74.30318707686635,31.6041652962269,11373.447784229187
2000,74.30315348032087,31.608676147615803,7015.426084346655
2001,74.30311987623686,31.613186995783227,744.892041271461
2002,74.3030862646128,31.61769784072891,0.0
2003,74.30305264544718,31.622208682452595,0.0
2004,74.30301901873851,31.626719520954037,0.0
2005,74.30298538448527,31.63123035623296,0.0
2006,74.30295174268596,31.635741188289103,0.0
2007,74.3029180933391,31.64025201712222,0.0
2008,74.30288443644315,31.64476284273203,0.0
2009,74.30285077199665,31.649273665118315,0.0
2010,74.31031296099768,31.351580846071975,6756.3620839265695
2011,74.31028003512695,31.356091882446787,2308.6174384083524
2012,74.31024710185731,31.360602915615228,971.3601303363981
2013,74.31021416118728,31.365113945577026,3184.756088846114
2014,74.31018121311543,31.369624972331927,2422.7545694040537
2015,74.31014825764026,31.37413599587965,3359.886414761061
2016,74.31011529476035,31.37864701621996,5335.626060478754
2017,74.31008232447421,31.383158033352572,7889.5595243822945
2018,74.31004934678035,31.387669047277235,6774.315068999823
2019,74.31001636167733,31.39218005799367,6652.130192969975
2020,74.3099833691637,31.39669106550163,8955.736117327688
2021,74.30995036923798,31.40120206980085,2883.3811724732004
2022,74.3099173618987,31.405713070891057,3051.765925185664
2023,74.30988434714439,31.410224068772003,2010.3892829278495
2024,74.3098513249736,31.414735063443416,3476.786643032747
2025,74.30981829538483,31.41924605490503,4417.089397510904
2026,74.30978525837664,31.423757043156602,3175.4341198205757
2027,74.30975221394758,31.428268028197845,2232.493663744052
2028,74.3097191620961,31.43277901002852,15396.66619020678
2029,74.3096861028208,31.437289988648335,17305.34244635657
2030,74.30965303612022,31.441800964057055,13967.115667552926
2031,74.30961996199284,31.446311936254407,9415.799211204125
2032,74.3095868804372,31.45082290524013,7237.633308353699
2033,74.30955379145186,31.455333871013966,15652.133622047208
2034,74.30952069503532,31.459844833575662,14943.642864172769
2035,74.30948759118611,31.46435579292493,14320.540463028161
2036,74.30945447990277,31.46886674906153,15401.315514270877
2037,74.30942136118381,31.473377701985193,11637.708012691253
2038,74.30938823502773,31.47788865169565,12125.536813057568
2039,74.30935510143313,31.482399598192668,10588.025599790342
2040,74.30932196039846,31.486910541475947,11308.065612181841
2041,74.30928881192229,31.491421481545256,6669.970107693161
2042,74.30925565600313,31.495932418400322,2580.6409820065046
2043,74.30922249263948,31.500443352040875,2345.4544577900315
2044,74.30918932182993,31.50495428246667,5210.335291076399
2045,74.30915614357292,31.50946520967744,5371.971486204187
2046,74.30912295786702,31.513976133672937,10083.344444994476
2047,74.30908976471073,31.51848705445287,9940.687109214661
2048,74.30905656410258,31.522997972017,16069.48919974006
2049,74.30902335604112,31.527508886365062,17510.065933606013
2050,74.30899014052481,31.53201979749679,16083.870697897002
2051,74.30895691755221,31.536530705411938,13525.593913594561
2052,74.30892368712182,31.541041610110238,12650.92469257063
2053,74.30889044923215,31.54555251159142,9587.27599548791
2054,74.30885720388176,31.550063409855237,6797.524239878127
2055,74.30882395106914,31.554574304901433,6959.142527108619
2056,74.30879069079282,31.559085196729733,8949.718613581126
2057,74.30875742305128,31.563596085339874,11294.413892236687
2058,74.30872414784307,31.56810697073162,7447.158460209708
2059,74.30869086516668,31.572617852904695,7089.5270437916115
2060,74.30865757502067,31.577128731858835,11148.871029108079
2061,74.3086242774035,31.581639607593793,9154.019362688778
2062,74.3085909723137,31.586150480109296,9088.374063560588
2063,74.3085576597498,31.590661349405096,3417.621244812305
2064,74.30852433971032,31.595172215480925,10118.447210080214
2065,74.30849101219374,31.59968307833653,11408.464932349156
2066,74.3084576771986,31.604193937971655,5844.999474274073
2067,74.30842433472341,31.608704794386036,12474.411327390584
2068,74.30839098476665,31.61321564757941,0.0
2069,74.30835762732684,31.617726497551505,0.0
2070,74.30832426240252,31.622237344302096,0.0
2071,74.30829088999216,31.62674818783091,0.0
2072,74.30825751009431,31.631259028137677,0.0
2073,74.30822412270744,31.635769865222155,0.0
2074,74.3081907278301,31.640280699084055,0.0
2075,74.30815732546073,31.644791529723147,0.0
2076,74.3081239155979,31.64930235713918,0.0
2077,74.31556943142056,31.351608991842085,7404.776001810977
2078,74.31553675644744,31.356120033178073,440.27902555223864
2079,74.31550407413174,31.36063107130814,3397.9253438394253
2080,74.31547138447205,31.36514210623204,778.2570713095639
2081,74.31543868746692,31.36965313794951,2115.6623015962164
2082,74.31540598311491,31.37416416646026,1909.5005732748973
2083,74.31537327141453,31.378675191764053,4005.602993458054
2084,74.31534055236436,31.38318621386061,7213.159197585668
2085,74.31530782596296,31.387697232749694,7792.602213748203
2086,74.31527509220882,31.392208248431015,4959.108340768255
2087,74.31524235110051,31.396719260904323,10761.651672393282
2088,74.3152096026366,31.40123027016935,4582.36943643753
2089,74.31517684681562,31.405741276225836,2523.1177477102838
2090,74.31514408363611,31.410252279073518,2168.6819802488976
2091,74.3151113130966,31.414763278712147,3086.773014657034
2092,74.31507853519565,31.419274275141444,6397.536512608404
2093,74.31504574993183,31.42378526836113,5386.698761552922
2094,74.31501295730364,31.42829625837098,6236.858103810675
2095,74.31498015730962,31.432807245170718,4906.225594569317
2096,74.31494734994834,31.437318228760084,10260.650690756902
2097,74.31491453521832,31.4418292091388,12750.344543777377
2098,74.3148817131181,31.446340186306617,4161.932555331349
2099,74.31484888364623,31.45085116026328,12531.274457337351
2100,74.31481604680125,31.455362131008513,13755.879632195834
2101,74.3147832025817,31.45987309854206,13562.250556133726
2102,74.31475035098613,31.46438406286367,11730.706583021718
2103,74.31471749201303,31.46889502397306,12141.599791850405
2104,74.31468462566097,31.47340598186999,9182.588095795292
2105,74.3146517519285,31.477916936554188,9070.333210801391
2106,74.31461887081414,31.482427888025395,6772.964812200047
2107,74.31458598231643,31.486938836283343,6016.704529274694
2108,74.3145530864339,31.49144978132779,11335.882003570723
2109,74.31452018316506,31.495960723158444,8448.022048246774
2110,74.3144872725085,31.50047166177507,3902.0233873549873
2111,74.31445435446273,31.504982597177403,9261.377737655408
2112,74.31442142902628,31.509493529365177,8082.113007464579
2113,74.31438849619767,31.51400445833813,8473.676545441172
2114,74.31435555597544,31.518515384096013,11856.322717343666
2115,74.31432260835814,31.523026306638542,14313.245903529485
2116,74.31428965334428,31.527537225965506,16686.441770349964
2117,74.3142566909324,31.532048142076572,11335.106376190412
2118,74.31422372112104,31.536559054971523,13372.812079533003
2119,74.31419074390872,31.54106996465011,8962.598793676894
2120,74.31415775929395,31.545580871112044,10285.194771994167
2121,74.3141247672753,31.55009177435708,13105.72908728336
2122,74.31409176785127,31.55460267438496,19476.018390645495
2123,74.31405876102039,31.559113571195407,15263.171223490626
2124,74.31402574678117,31.56362446478819,6566.06961445109
2125,74.31399272513221,31.568135355163022,5471.545180229252
2126,74.31395969607196,31.572646242319664,7044.468637509129
2127,74.31392665959896,31.577157126257845,10335.614204774922
2128,74.31389361571175,31.581668006977303,8705.594329666728
2129,74.31386056440887,31.58617888447779,6336.5433525284925
2130,74.3138275056888,31.59068975875904,0.0
2131,74.31379443955012,31.595200629820777,5052.566703019619
2132,74.31376136599133,31.599711497662764,12887.427432094913
2133,74.31372828501095,31.604222362284748,15770.94026981913
2134,74.31369519660745,31.608733223686453,8548.773354381126
2135,74.31366210077945,31.613244081867624,0.0
2136,74.31362899752541,31.617754936828,0.0
2137,74.31359588684386,31.622265788567336,0.0
2138,74.31356276873333,31.62677663708535,0.0
2139,74.31352964319234,31.6312874823818,0.0
2140,74.31349651021942,31.635798324456424,0.0
2141,74.31346336981305,31.640309163308963,0.0
2142,74.31343022197179,31.644819998939155,0.0
2143,74.31339706669414,31.649330831346756,0.0
2144,74.32082590918458,31.35163692231003,4572.326840369052
2145,74.32079348511044,31.356147968569235,1010.6963242643986
2146,74.32076105375018,31.360659011623,1837.7607727618133
2147,74.32072861510227,31.365170051471047,470.62031088376295
2148,74.32069616916532,31.369681088113104,1415.2213513952506
2149,74.3206637159379,31.37419212154892,1274.8550757610542
2150,74.32063125541853,31.37870315177824,5118.368551383397
2151,74.3205987876058,31.38321417880078,5926.500316300502
2152,74.32056631249827,31.387725202616313,8716.056670459155
2153,74.32053383009446,31.392236223224533,5263.269835181813
2154,74.32050134039297,31.396747240625213,3827.2394119848027
2155,74.3204688433923,31.40125825481807,1285.3462859591102
2156,74.32043633909107,31.405769265802846,0.0
2157,74.32040382748781,31.41028027357928,0.0
2158,74.32037130858106,31.41479127814711,4278.868193498734
2159,74.32033878236939,31.419302279506088,5356.420522733616
2160,74.32030624885135,31.423813277655917,4051.821379644194
2161,74.32027370802551,31.428324272596367,7225.702384618869
2162,74.3202411598904,31.43283526432716,5070.001556397981
2163,74.3202086044446,31.43734625284804,3448.5603675384536
2164,74.3201760416866,31.441857238158747,4308.405976039954
2165,74.32014347161503,31.446368220259014,6676.776347161313
2166,74.32011089422838,31.45087919914858,17328.09517670932
2167,74.32007830952524,31.45539017482719,11659.518228952677
2168,74.32004571750414,31.459901147294573,7621.206541251301
2169,74.32001311816363,31.464412116550477,12279.231742582191
2170,74.31998051150225,31.468923082594632,11941.161204581971
2171,74.31994789751857,31.473434045426792,5817.26385593168
2172,74.31991527621115,31.477945005046678,6257.081052413275
2173,74.31988264757851,31.48245596145403,6131.5846817595275
2174,74.3198500116192,31.486966914648594,6115.840845150161
2175,74.31981736833175,31.491477864630117,7426.788302009139
2176,74.31978471771477,31.49598881139833,10113.815257423063
2177,74.31975205976673,31.50049975495295,10996.338870784548
2178,74.31971939448621,31.505010695293752,8202.252281055096
2179,74.31968672187176,31.509521632420455,7181.173987145648
2180,74.31965404192192,31.51403256633282,8808.97452462716
2181,74.31962135463525,31.518543497030556,11172.401699715218
2182,74.31958866001025,31.52305442451342,16539.235183074998
2183,74.31955595804548,31.527565348781163,11290.35752792847
2184,74.3195232487395,31.532076269833492,11787.188203676238
2185,74.31949053209084,31.536587187670165,11751.594607382889
2186,74.31945780809805,31.54109810229094,5628.198355317279
2187,74.31942507675966,31.54560901369553,9910.24911144581
2188,74.3193923380742,31.550119921883685,5814.6986897988
2189,74.31935959204021,31.554630826855142,11544.672897200171
2190,74.31932683865628,31.559141728609646,10107.342398584648
2191,74.31929407792089,31.563652627146944,13332.254502056396
2192,74.3192613098326,31.568163522466758,11342.77643693497
2193,74.31922853438995,31.57267441456885,18954.805056934245
2194,74.31919575159148,31.577185303452946,10905.004361396519
2195,74.31916296143572,31.581696189118777,9689.779860286128
2196,74.31913016392117,31.586207071566108,8926.593725021272
2197,74.31909735904645,31.590717950794662,6272.874448655891
2198,74.31906454681005,31.59522882680419,7767.503817362096
2199,74.3190317272105,31.599739699594423,18237.034177440004
2200,74.31899890024633,31.60425056916512,17719.798954670183
2201,74.31896606591609,31.608761435516005,7598.935802858553
2202,74.31893322421828,31.61327229864682,778.8254343030909
2203,74.31890037515149,31.61778315855731,396.4277873383628
2204,74.31886751871419,31.622294015247228,0.0
2205,74.31883465490498,31.626804868716302,0.0
2206,74.31880178372232,31.631315718964263,0.0
2207,74.3187689051648,31.635826565990868,0.0
2208,74.31873601923094,31.640337409795855,0.0
2209,74.31870312591924,31.644848250378974,0.0
2210,74.3186702252282,31.649359087739963,0.0
2211,74.32608239423331,31.351664637474773,928.9974437208358
2212,74.32605022105965,31.356175688619263,1461.8000602349916
2213,74.3260180406562,31.360686736558744,2144.1558524718694
2214,74.32598585302154,31.36519778129297,0.0
2215,74.32595365815422,31.369708822821682,0.0
2216,74.32592145605282,31.374219861144596,567.2744580110041
2217,74.3258892467159,31.37873089626147,2131.282814094314
2218,74.32585703014205,31.383241928172033,1227.6969580784128
2219,74.32582480632982,31.387752956876028,6292.882789346004
2220,74.32579257527779,31.392263982373187,5902.892954297621
2221,74.32576033698452,31.396775004663258,4538.4492655486565
2222,74.3257280914486,31.401286023745953,1389.8591677149
2223,74.32569583866857,31.405797039621035,1336.4945742153689
2224,74.32566357864299,31.410308052288222,3163.3674622587123
2225,74.32563131137044,31.41481906174728,8787.272043766809
2226,74.32559903684951,31.419330067997933,8764.205739477604
2227,74.32556675507875,31.423841071039895,1495.3615235762913
2228,74.32553446605668,31.428352070872936,4992.864795244625
2229,74.32550216978193,31.432863067496783,8442.144039769582
2230,74.325469866253,31.437374060911168,4737.434674882404
2231,74.32543755546851,31.441885051115854,7086.790240778432
2232,74.325405237427,31.446396038110546,1610.259889190166
2233,74.32537291212702,31.450907021895,2885.90011989254
2234,74.32534057956717,31.455418002468953,7831.255020983965
2235,74.32530823974595,31.459928979832146,8931.218226026105
2236,74.32527589266196,31.464439953984318,10276.735617641662
2237,74.32524353831379,31.468950924925196,10938.597234860503
2238,74.32521117669994,31.473461892654527,8918.313619883866
2239,74.32517880781903,31.47797285717206,7024.244474912476
2240,74.32514643166954,31.48248381847752,792.1185078245866
2241,74.32511404825009,31.486994776570647,3384.7428093993835
2242,74.32508165755921,31.49150573145119,6467.954644199537
2243,74.32504925959547,31.496016683118885,7750.4975368148835
2244,74.32501685435743,31.500527631573462,7531.235661561294
2245,74.32498444184365,31.505038576814655,10799.128185382575
2246,74.32495202205267,31.50954951884223,8058.688943900034
2247,74.32491959498303,31.514060457655912,6796.729253999019
2248,74.32488716063334,31.51857139325545,11460.217883929981
2249,74.32485471900212,31.523082325640555,7945.773662845806
2250,74.32482227008789,31.527593254811006,9054.886087623127
2251,74.32478981388927,31.5321041807665,8495.962401855117
2252,74.32475735040477,31.536615103506815,7725.403643590111
2253,74.32472487963297,31.54112602303168,8118.661277036086
2254,74.32469240157238,31.545636939340824,5806.991139814577
2255,74.32465991622159,31.550147852434,6977.873448913169
2256,74.32462742357916,31.554658762310947,5097.52734888559
2257,74.3245949236436,31.559169668971382,7122.637306001719
2258,74.32456241641347,31.56368057241507,7790.351780597386
2259,74.32452990188735,31.568191472641757,13884.905953553432
2260,74.32449738006378,31.57270236965117,19977.42976296666
2261,74.32446485094128,31.577213263443067,10413.636433304575
2262,74.32443231451842,31.58172415401716,6840.983340406308
2263,74.32439977079372,31.5862350413732,9496.272164187247
2264,74.32436721976578,31.59074592551093,13648.944607061218
2265,74.32433466143311,31.5952568064301,5312.181255690537
2266,74.32430209579425,31.599767684130445,14390.20801178801
2267,74.3242695228478,31.6042785586117,16713.765972542915
2268,74.32423694259222,31.608789429873617,8294.879457874462
2269,74.32420435502613,31.613300297915938,532.6176794599525
2270,74.32417176014803,31.61781116273838,274.3193766709092
2271,74.3241391579565,31.622322024340722,893.674955381342
2272,74.32410654845003,31.626832882722685,0.0
2273,74.32407393162721,31.631343737884,0.0
2274,74.32404130748657,31.63585458982442,0.0
2275,74.32400867602662,31.640365438543686,0.0
2276,74.32397603724596,31.644876284041544,0.0
2277,74.32394339114309,31.64938712631774,0.0
2278,74.3313388865104,31.35169213733526,374.29326323174223
2279,74.33130696423864,31.35620319332707,1656.0406008678262
2280,74.33127503479345,31.360714246114338,2939.9878415981393
2281,74.33124309817345,31.365225295696796,2860.6167625854146
2282,74.33121115437719,31.36973634207419,1245.2945610329316
2283,74.33117920340322,31.37424738524625,4313.681285407771
2284,74.33114724525021,31.378758425212713,2148.9857116227254
2285,74.33111527991666,31.383269461973327,619.0747778093562
2286,74.33108330740119,31.387780495527824,1206.4337547028506
2287,74.33105132770237,31.392291525875937,3573.173753342822
2288,74.33101934081876,31.396802553017395,1321.9979206996563
2289,74.33098734674897,31.40131357695196,2413.848479212393
2290,74.33095534549156,31.405824597679363,5526.4570442766435
2291,74.33092333704514,31.41033561519933,5103.4502764286
2292,74.33089132140823,31.4148466295116,10576.508811373857
2293,74.33085929857944,31.41935764061592,10153.632267378267
2294,74.33082726855737,31.42386864851203,4370.353862339039
2295,74.33079523134053,31.428379653199656,8518.027497557689
2296,74.33076318692756,31.432890654678545,6154.630113252023
2297,74.330731135317,31.43740165294843,1961.720488990767
2298,74.33069907650744,31.441912648009062,3363.4356594173573
2299,74.33066701049744,31.446423639860164,1605.0803639189014
2300,74.33063493728558,31.45093462850149,336.59868141924125
2301,74.33060285687043,31.455445613932756,1799.124798253703
2302,74.33057076925056,31.459956596153724,10386.795793547306
2303,74.33053867442456,31.464467575164136,11072.850828369568
2304,74.33050657239099,31.468978550963694,13317.359625195808
2305,74.33047446314842,31.473489523552182,12212.821374323294
2306,74.3304423466954,31.4780004929293,6144.494003258723
2307,74.33041022303054,31.482511459094813,5921.0366271079065
2308,74.3303780921524,31.487022422048458,4116.100648689924
2309,74.33034595405954,31.491533381789964,6352.747802729624
2310,74.33031380875052,31.496044338319088,7210.244714165741
2311,74.33028165622387,31.50055529163554,7719.26784588942
2312,74.33024949647827,31.505066241739076,10871.790413156197
2313,74.3302173295122,31.50957718862945,4728.120365113429
2314,74.33018515532423,31.5140881323064,6380.09815491855
2315,74.33015297391296,31.51859907276963,3197.803493035822
2316,74.33012078527695,31.523110010018915,6493.298769800054
2317,74.33008858941474,31.527620944053982,8124.82052444082
2318,74.33005638632491,31.53213187487456,7009.849908934895
2319,74.33002417600603,31.53664280248042,12161.20735324533
2320,74.32999195845665,31.541153726871283,10207.550439305458
2321,74.32995973367535,31.545664648046888,5821.078187460326
2322,74.32992750166068,31.550175566006978,2174.0220516099857
2323,74.32989526241118,31.554686480751293,783.2448662375567
2324,74.3298630159255,31.55919739227957,4629.2296237408145
2325,74.32983076220209,31.563708300591557,6628.133519053519
2326,74.32979850123957,31.568219205686983,17201.510778451637
2327,74.3297662330365,31.572730107565608,10276.418824573648
2328,74.32973395759143,31.577241006227165,13384.088303576882
2329,74.32970167490294,31.58175190167138,13657.043713989411
2330,74.32966938496953,31.58626279389801,17285.69251934264
2331,74.32963708778985,31.59077368290679,16411.734317058585
2332,74.32960478336236,31.59528456869746,9118.813304529185
2333,74.32957247168568,31.599795451269777,9199.814669624917
2334,74.32954015275834,31.60430633062345,16118.462195314578
2335,74.3295078265789,31.608817206758246,11210.909380028783
2336,74.32947549314598,31.613328079673906,5500.272053103838
2337,74.32944315245803,31.61783894937016,1801.9542501104127
2338,74.32941080451367,31.622349815846754,1984.0509815938872
2339,74.32937844931145,31.626860679103444,0.0
2340,74.32934608684991,31.631371539139945,0.0
2341,74.32931371712759,31.635882395956024,0.0
2342,74.32928134014307,31.640393249551398,0.0
2343,74.32924895589488,31.644904099925817,0.0
2344,74.3292165643816,31.649414947079038,0.0
2345,74.33659538595948,31.351719421890476,2395.587260439899
2346,74.33656371459102,31.356230482691668,1899.0937737132767
2347,74.33653203610555,31.360741540288757,2202.940442790417
2348,74.3365003505016,31.365252594681493,3646.4036575023943
2349,74.3364686577778,31.36976364586961,1997.4208763495799
2350,74.33643695793275,31.37427469385285,3415.166888368164
2351,74.33640525096502,31.37878573863093,3851.2902647418673
2352,74.33637353687321,31.38329678020363,1696.4503791390307
2353,74.33634181565591,31.387807818570646,1619.3729123087933
2354,74.3363100873117,31.392318853731737,5431.576916864032
2355,74.3362783518392,31.39682988568663,1784.442750574366
2356,74.33624660923698,31.401340914435075,2273.6721735894243
2357,74.33621485950363,31.405851939976788,4119.660574750663
2358,74.33618310263775,31.410362962311535,6614.708190094382
2359,74.3361513386379,31.414873981439044,8264.84142469382
2360,74.33611956750269,31.419384997359042,6347.528876162842
2361,74.33608778923072,31.42389601007128,8074.900793808098
2362,74.33605600382056,31.428407019575488,6492.0849091446125
2363,74.3360242112708,31.432918025871416,7270.497512584018
2364,74.33599241158,31.43742902895879,2237.752544658073
2365,74.33596060474679,31.441940028837355,3632.949508532865
2366,74.33592879076974,31.44645102550686,8600.816496253707
2367,74.3358969696474,31.45096201896701,2389.2153021635286
2368,74.33586514137838,31.455473009217574,7241.646993804826
2369,74.33583330596132,31.459983996258284,13115.360651862455
2370,74.3358014633947,31.464494980088883,12141.412833677417
2371,74.33576961367717,31.4690059607091,14026.799719587822
2372,74.3357377568073,31.47351693811868,14320.39420559354
2373,74.33570589278366,31.478027912317366,6353.206570658229
2374,74.33567402160485,31.482538883304883,6205.8675598018035
2375,74.33564214326942,31.487049851080986,5565.925270158178
2376,74.33561025777598,31.49156081564541,7050.136519821707
2377,74.33557836512311,31.496071776997894,12731.741442379556
2378,74.33554646530936,31.500582735138174,5853.577152102326
2379,74.33551455833332,31.505093690065983,6696.8694739010825
2380,74.3354826441936,31.509604641781085,3759.6446502723056
2381,74.33545072288875,31.514115590283208,5479.144809458065
2382,74.33541879441736,31.51862653557208,2474.1680279873613
2383,74.33538685877797,31.523137477647442,1656.2557303315475
2384,74.33535491596919,31.527648416509056,7967.005279584834
2385,74.3353229659896,31.532159352156643,5752.230751223478
2386,74.33529100883777,31.536670284589942,6317.543626584443
2387,74.33525904451227,31.541181213808706,4042.8644841053624
2388,74.33522707301167,31.545692139812672,932.4224917258312
2389,74.33519509433455,31.55020306260158,5139.9373170633235
2390,74.33516310847949,31.55471398217516,3280.079561855763
2391,74.33513111544505,31.559224898533163,3117.273494196171
2392,74.33509911522981,31.563735811675325,8261.432781188887
2393,74.33506710783236,31.568246721601387,6997.034659371307
2394,74.33503509325125,31.57275762831109,8060.197818244864
2395,74.33500307148503,31.577268531804197,5916.764907181507
2396,74.33497104253233,31.58177943208041,16775.726894585132
2397,74.33493900639168,31.586290329139487,20693.141986404804
2398,74.33490696306166,31.590801222981185,15971.689876693159
2399,74.33487491254081,31.595312113605235,16918.138790347988
2400,74.33484285482773,31.599823001011355,12429.502499012748
2401,74.334810789921,31.604333885199313,14116.536630426639
2402,74.33477871781915,31.608844766168854,7594.511737610717
2403,74.33474663852078,31.613355643919704,6932.965415414857
2404,74.33471455202447,31.6178665184516,7738.249665456282
2405,74.33468245832873,31.622377389764306,1851.9672894952566
2406,74.33465035743217,31.626888257857544,394.9744174158784
2407,74.33461824933335,31.631399122731064,0.0
2408,74.33458613403081,31.63590998438461,0.0
2409,74.33455401152315,31.640420842817925,0.0
2410,74.33452188180893,31.644931698030742,0.0
2411,74.33448974488668,31.649442550022812,0.0
2412,74.3418518925242,31.35174649113939,5122.927095448936
2413,74.34182047206048,31.356257556712006,3575.933865217048
2414,74.34178904453607,31.360768619080975,2836.037003337019
2415,74.34175760994962,31.365279678246022,5708.601733800081
2416,74.3417261682997,31.369790734206916,2957.2360970783657
2417,74.34169471958492,31.37430178696337,2156.6689755702973
2418,74.3416632638039,31.37881283651511,3083.16555056613
2419,74.34163180095523,31.383323882861905,2268.3218824198
2420,74.34160033103753,31.387834926003478,4331.842337547916
2421,74.34156885404934,31.392345965939565,42.63120045184866
2422,74.34153736998935,31.39685700266991,454.72447734208566
2423,74.34150587885613,31.40136803619424,8775.729766767912
2424,74.34147438064824,31.40587906651231,7372.821775099034
2425,74.34144287536431,31.410390093623832,6204.067615954204
2426,74.34141136300293,31.41490111752858,13224.755646648298
2427,74.34137984356273,31.41941213822626,9260.484966817186
2428,74.34134831704229,31.423923155716633,11826.227103489537
2429,74.34131678344019,31.428434169999413,12379.533507434358
2430,74.34128524275503,31.432945181074363,9898.922310775237
2431,74.34125369498543,31.43745618894121,7752.490046989973
2432,74.34122214013,31.441967193599698,13255.68605052311
2433,74.3411905781873,31.44647819504957,13380.366649570546
2434,74.34115900915592,31.45098919329054,9133.294172054284
2435,74.34112743303446,31.455500188322368,13604.129379104179
2436,74.34109584982156,31.460011180144793,15864.836999775072
2437,74.34106425951578,31.464522168757554,14662.012183097786
2438,74.34103266211572,31.46903315416039,10453.170075412774
2439,74.34100105761995,31.473544136353034,10125.2692755381
2440,74.3409694460271,31.478055115335227,6773.210014563422
2441,74.34093782733575,31.482566091106705,6245.946372009534
2442,74.3409062015445,31.487077063667215,8481.544048147434
2443,74.3408745686519,31.491588033016487,11110.260600704492
2444,74.34084292865657,31.49609899915428,10950.093083965803
2445,74.34081128155711,31.500609962080325,5343.8979779985175
2446,74.3407796273521,31.505120921794347,5643.078778781034
2447,74.34074796604014,31.509631878296094,6173.220201257876
2448,74.3407162976198,31.514142831585314,5134.37147249769
2449,74.3406846220897,31.518653781661744,4566.215200091258
2450,74.34065293944838,31.523164728525124,9807.230916857994
2451,74.34062124969446,31.527675672175192,10894.492610958385
2452,74.34058955282653,31.532186612611678,8779.287120047944
2453,74.34055784884318,31.536697549834336,7604.149780804777
2454,74.34052613774297,31.541208483842915,4296.074857398378
2455,74.3404944195245,31.54571941463715,5175.38167817416
2456,74.34046269418639,31.55023034221676,6708.453077570936
2457,74.34043096172714,31.554741266581505,6033.579675824424
2458,74.34039922214542,31.559252187731122,7056.25078117775
2459,74.34036747543978,31.563763105665352,12633.023750583483
2460,74.3403357216088,31.568274020383928,10270.936583797664
2461,74.34030396065107,31.572784931886616,7332.299779543825
2462,74.34027219256517,31.577295840173132,3139.573129801876
2463,74.34024041734968,31.58180674524322,17125.660292392175
2464,74.34020863500317,31.58631764709662,18840.605560409378
2465,74.34017684552425,31.59082854573309,16166.798362388388
2466,74.34014504891148,31.595339441152362,13741.642468092856
2467,74.34011324516345,31.599850333354166,14004.209794882137
2468,74.34008143427874,31.604361222338266,16105.648806401328
2469,74.34004961625591,31.60887210810439,12015.588722678014
2470,74.34001779109357,31.613382990652266,8278.317408539544
2471,74.3399859587903,31.617893869981657,5345.429557168535
2472,74.33995411934463,31.622404746092315,9410.520882528543
2473,74.33992227275517,31.626915618983954,0.0
2474,74.3398904190205,31.631426488656327,0.0
2475,74.3398585581392,31.63593735510918,0.0
2476,74.33982669010983,31.640448218342254,0.0
2477,74.33979481493097,31.64495907835527,0.0
2478,74.33976293260119,31.64946993514801,0.0
2479,74.3471084061482,31.351773345080986,8325.405683048157
2480,74.3470772365906,31.356284415387083,11463.208443494917
2481,74.34704606002869,31.360795482489976,3286.8694913107356
2482,74.3470148764611,31.36530654638939,8631.841610506288
2483,74.34698368588646,31.369817607085086,6086.870303103381
2484,74.34695248830336,31.374328664576787,4265.805488141892
2485,74.34692128371046,31.378839718864228,4065.892574030517
2486,74.34689007210629,31.38335076994715,5079.643999086513
2487,74.34685885348958,31.38786181782531,5527.964918602851
2488,74.34682762785884,31.392372862498423,1452.0625664326255
2489,74.34679639521275,31.396883903966224,2488.1959917540103
2490,74.34676515554989,31.401394942228457,5379.276596646059
2491,74.34673390886887,31.405905977284874,6320.67123799619
2492,74.3467026551683,31.410417009135205,3925.2301483933516
2493,74.3466713944468,31.414928037779195,9131.609236733388
2494,74.346640126703,31.419439063216554,10825.391839842028
2495,74.34660885193547,31.423950085447046,12502.163326373306
2496,74.34657757014286,31.428461104470404,9889.909101849218
2497,74.34654628132373,31.43297212028637,12838.115986968991
2498,74.34651498547672,31.437483132894673,12829.564143491907
2499,74.34648368260045,31.441994142295073,13821.265986900122
2500,74.34645237269349,31.446505148487287,15074.31373003097
2501,74.34642105575449,31.45101615147106,15394.616914697543
2502,74.34638973178201,31.455527151246123,16057.757057499588
2503,74.3463584007747,31.460038147812238,18023.592400138074
2504,74.34632706273113,31.46454914116912,13569.321128296577
2505,74.34629571764994,31.46906013131653,7235.1795690470135
2506,74.34626436552972,31.473571118254192,13660.098221688744
2507,74.34623300636906,31.478082101981848,9087.026379964702
2508,74.34620164016656,31.482593082499235,3598.508164606971
2509,74.34617026692085,31.487104059806097,14554.884317129106
2510,74.34613888663051,31.491615033902182,8629.956173919618
2511,74.34610749929419,31.49612600478722,9568.763606238404
2512,74.34607610491041,31.500636972460953,10130.61421069721
2513,74.34604470347784,31.505147936923112,7277.299392635397
2514,74.34601329499505,31.509658898173452,5527.708906522727
2515,74.34598187946065,31.514169856211716,5404.171814006622
2516,74.34595045687323,31.518680811037623,5272.617694678655
2517,74.34591902723139,31.52319176265092,10013.059612950015
2518,74.34588759053376,31.52770271105136,8284.257625619919
2519,74.34585614677891,31.532213656238685,5511.405721912356
2520,74.34582469596543,31.536724598212604,7128.057368029717
2521,74.34579323809193,31.54123553697289,6415.726537480261
2522,74.34576177315701,31.545746472519284,5968.04723037257
2523,74.34573030115929,31.55025740485151,1314.4668281522136
2524,74.34569882209733,31.554768333969314,5167.779404728033
2525,74.34566733596971,31.559279259872433,12848.318658629083
2526,74.34563584277507,31.563790182560606,10947.069900994624
2527,74.34560434251198,31.56830110203359,8948.87983257927
2528,74.34557283517906,31.572812018291128,3333.5412782336325
2529,74.34554132077486,31.577322931332933,10617.803856593328
2530,74.345509799298,31.581833841158772,18300.88367428241
2531,74.3454782707471,31.58634474776836,16128.68666699629
2532,74.34544673512072,31.59085565116148,18485.55378790146
2533,74.34541519241743,31.595366551337833,16336.843208962653
2534,74.34538364263587,31.59987744829718,13402.516562677021
2535,74.34535208577459,31.604388342039268,18077.630230135463
2536,74.3453205218322,31.60889923256383,10394.268996859306
2537,74.34528895080732,31.613410119870597,8540.385476113868
2538,74.34525737269848,31.617921003959324,9792.217061027104
2539,74.34522578750432,31.62243188482976,6426.786824143364
2540,74.34519419522339,31.62694276248163,514.7849007604923
2541,74.3451625958543,31.631453636914692,0.0
2542,74.34513098939563,31.63596450812868,0.0
2543,74.34509937584598,31.640475376123337,0.0
2544,74.34506775520391,31.644986240898387,0.0
2545,74.34503612746805,31.649497102453612,0.0
2546,74.35236492677512,31.35179998371426,7707.709037686595
2547,74.352334008125,31.35631105871589,10680.453938067862
2548,74.35230308252697,31.360822130514748,2974.3142552167997
2549,74.35227214997964,31.365333199110573,5078.317581514544
2550,74.35224121048164,31.369844264503126,7742.023507632712
2551,74.35221026403161,31.3743553266921,8766.668609176513
2552,74.35217931062822,31.378866385677274,9978.742931034012
2553,74.35214835027,31.383377441458364,7849.997610578776
2554,74.35211738295561,31.387888494035124,4531.2663391782935
2555,74.35208640868372,31.392399543407276,3928.211105062766
2556,74.35205542745291,31.396910589574563,10144.753021778703
2557,74.35202443926181,31.401421632536735,5821.108411938173
2558,74.35199344410906,31.405932672293506,8650.88410044929
2559,74.35196244199324,31.410443708844646,9547.099788618483
2560,74.351931432913,31.414954742189863,4415.936087275515
2561,74.35190041686698,31.419465772328923,7508.783283954791
2562,74.35186939385376,31.42397679926153,9621.373395426806
2563,74.351838363872,31.42848782298746,3993.922458928544
2564,74.35180732692032,31.432998843506436,9960.369054300878
2565,74.35177628299729,31.43750986081818,11809.858068384112
2566,74.35174523210156,31.44202087492246,6898.866839769164
2567,74.35171417423176,31.446531885819002,13336.432488342512
2568,74.35168310938651,31.451042893507545,14317.755752677538
2569,74.3516520375644,31.45555389798783,11580.89084013107
2570,74.35162095876407,31.460064899259592,14855.467129631112
2571,74.35158987298412,31.464575897322568,9573.147498567441
2572,74.3515587802232,31.46908689217651,2439.709048376732
2573,74.3515276804799,31.473597883821153,12352.839360635877
2574,74.35149657375283,31.478108872256225,3850.2226467407972
2575,74.35146546004059,31.482619857481478,4788.140179327906
2576,74.35143433934184,31.48713083949664,5436.733681034285
2577,74.35140321165518,31.491641818301474,7996.930932977875
2578,74.3513720769792,31.496152793895703,12014.111009858269
2579,74.35134093531254,31.500663766279068,12203.425484029789
2580,74.35130978665379,31.5051747354513,5848.534208588988
2581,74.35127863100158,31.509685701412156,5364.29611030554
2582,74.35124746835449,31.514196664161375,5742.0474243757235
2583,74.3512162987112,31.51870762369869,7453.257872439422
2584,74.35118512207023,31.523218580023826,7525.709701148341
2585,74.35115393843027,31.527729533136565,6241.43697255065
2586,74.35112274778987,31.53224048303661,6158.585523909412
2587,74.3510915501477,31.53675142972371,2221.939607739157
2588,74.35106034550232,31.54126237319762,6084.354231956948
2589,74.35102913385236,31.545773313458074,6250.067951857232
2590,74.35099791519643,31.5502842505048,961.412570395458
2591,74.35096668953312,31.554795184337546,7650.7251807145985
2592,74.35093545686104,31.55930611495607,11316.498169461638
2593,74.3509042171788,31.563817042360082,12052.85600875704
2594,74.35087297048501,31.568327966549354,2955.5795252956036
2595,74.3508417167783,31.57283888752361,6628.097211600491
2596,74.35081045605723,31.5773498052826,10200.99490954865
2597,74.35077918832043,31.581860719826047,9377.293120145763
2598,74.35074791356651,31.586371631153707,15200.830744462675
2599,74.35071663179404,31.590882539265323,17949.116736320655
2600,74.35068534300167,31.59539344416063,17310.30310889962
2601,74.35065404718796,31.59990434583938,16554.32950676071
2602,74.35062274435155,31.60441524430131,16155.886436947636
2603,74.35059143449102,31.608926139546153,8736.746435527828
2604,74.35056011760499,31.61343703157366,9306.18939007641
2605,74.35052879369202,31.617947920383564,8070.93822195261
2606,74.35049746275077,31.62245880597562,6354.735273308132
2607,74.35046612477979,31.62696968834957,1363.829805023543
2608,74.35043477977767,31.631480567505147,850.2938672897122
2609,74.35040342774305,31.635991443442094,790.1803605365322
2610,74.35037206867453,31.64050231616015,0.0
2611,74.3503407025707,31.645013185659067,0.0
2612,74.35030932943015,31.649524051938602,0.0
2613,74.35762145434857,31.351826407038214,10263.621199710236
2614,74.35759078660732,31.356337486697434,8856.6366564243
2615,74.35756011197452,31.36084856315431,3066.5372366936563
2616,74.35752943044882,31.365359636408588,2726.3039949057656
2617,74.35749874202887,31.369870706460016,7238.665418797406
2618,74.35746804671331,31.374381773308322,16782.370729795966
2619,74.35743734450075,31.378892836953252,13803.161918317244
2620,74.35740663538982,31.38340389739454,7240.899021372551
2621,74.35737591937921,31.38791495463192,8878.129534013453
2622,74.35734519646752,31.392426008665147,8446.939078786416
2623,74.35731446665338,31.39693705949394,11002.882650052778
2624,74.3572837299354,31.401448107118046,5989.859914320284
2625,74.35725298631228,31.405959151537196,6529.215068227529
2626,74.35722223578259,31.41047019275113,11628.148617534767
2627,74.35719147834502,31.41498123075961,8417.739074217618
2628,74.35716071399814,31.419492265562354,9464.758430709868
2629,74.35712994274063,31.424003297159082,10375.453392875163
2630,74.35709916457112,31.428514325549568,9580.618351783969
2631,74.3570683794882,31.433025350733534,10191.054259382321
2632,74.35703758749057,31.43753637271072,11025.594673112631
2633,74.35700678857677,31.44204739148087,16261.215875391856
2634,74.35697598274551,31.446558407043725,16488.694348643825
2635,74.35694516999538,31.451069419399012,13976.70891352212
2636,74.35691435032501,31.45558042854647,18080.60844088101
2637,74.35688352373307,31.460091434485854,14945.910403223907
2638,74.35685269021812,31.4646024372169,12522.27469864629
2639,74.35682184977885,31.469113436739338,7084.3397335060645
2640,74.35679100241383,31.473624433052905,9437.289601270835
2641,74.35676014812172,31.478135426157355,6189.855876518973
2642,74.35672928690116,31.48264641605242,3184.0949002399852
2643,74.35669841875074,31.48715740273784,10065.15027718433
2644,74.35666754366912,31.49166838621337,7467.953226755439
2645,74.3566366616549,31.49617936647872,18848.392497205277
2646,74.35660577270673,31.50069034353365,13869.805589523978
2647,74.35657487682319,31.50520131737789,10855.273533803367
2648,74.35654397400293,31.509712288011187,7839.131645669018
2649,74.3565130642446,31.514223255433297,11504.157507995887
2650,74.35648214754677,31.51873421964393,8748.608727618399
2651,74.3564512239081,31.523245180642846,7846.927025272833
2652,74.35642029332718,31.52775613842978,6627.617797928255
2653,74.35638935580268,31.53226709300447,5038.816208656708
2654,74.35635841133316,31.536778044366656,3668.2703694269494
2655,74.3563274599173,31.54128899251608,8898.157552199593
2656,74.35629650155369,31.5457999374525,9466.630807234273
2657,74.35626553624094,31.55031087917563,8592.288407478442
2658,74.35623456397767,31.55482181768522,8187.630530513933
2659,74.35620358476251,31.559332752981028,6165.225049312435
2660,74.35617259859409,31.563843685062768,8798.592137759284
2661,74.35614160547101,31.568354613930204,6182.17424567446
2662,74.35611060539188,31.572865539583066,1538.6433008994895
2663,74.35607959835532,31.577376462021093,2941.3432864043966
2664,74.35604858435998,31.581887381244048,3235.221362318304
2665,74.35601756340444,31.58639829725163,9944.334635428899
2666,74.3559865354873,31.590909210043623,13293.180721085844
2667,74.35595550060722,31.59542011961974,14170.84574643772
2668,74.35592445876279,31.59993102597974,15844.566085314957
2669,74.35589340995264,31.60444192912337,14397.000763664486
2670,74.35586235417533,31.60895282905035,8831.98981457002
2671,74.35583129142955,31.613463725760443,8283.775920306738
2672,74.35580022171388,31.61797461925337,10978.447503206538
2673,74.35576914502691,31.6224855095289,1759.1569643396676
2674,74.35573806136726,31.626996396586758,0.0
2675,74.35570697073356,31.63150728042667,0.0
2676,74.35567587312441,31.636018161048412,1637.2841314123666
2677,74.35564476853841,31.6405290384517,0.0
2678,74.3556136569742,31.6450399126363,0.0
2679,74.35558253843034,31.649550783601946,0.0
2680,74.36287798881219,31.35185261505188,2341.981595966884
2681,74.36284757198115,31.356363699330707,3970.1824413794066
2682,74.362817148315,31.360874780407652,8919.89605996117
2683,74.36278671781228,31.365385858282426,3320.7060418919264
2684,74.36275628047174,31.369896932954788,7933.930446840748
2685,74.36272583629197,31.374408004424453,15980.72526191005
2686,74.36269538527164,31.378919072691172,9127.062108130984
2687,74.3626649274094,31.383430137754676,9351.93473894993
2688,74.36263446270387,31.387941199614723,12450.752525943108
2689,74.36260399115373,31.392452258271025,10515.011803468886
2690,74.36257351275762,31.39696331372334,6901.440629549578
2691,74.36254302751416,31.401474365971392,11468.495368952585
2692,74.36251253542204,31.40598541501493,14097.5939761295
2693,74.36248203647985,31.410496460853697,10267.937496523327
2694,74.36245153068627,31.415007503487423,11404.198591060545
2695,74.36242101803995,31.41951854291585,19265.98618448956
2696,74.36239049853948,31.4240295791387,16871.729453785836
2697,74.36235997218358,31.428540612155732,12157.145164365367
2698,74.36232943897086,31.43305164196669,16350.365923239024
2699,74.36229889889994,31.437562668571303,14689.72712262979
2700,74.36226835196946,31.4420736919693,16458.03265363156
2701,74.36223779817811,31.446584712160448,15837.832810858603
2702,74.36220723752449,31.451095729144452,12661.634390884146
2703,74.36217667000724,31.455606742921063,13566.118834439145
2704,74.36214609562504,31.460117753490042,15819.493795770326
2705,74.36211551437646,31.464628760851106,12665.218193984358
2706,74.3620849262602,31.469139765004005,10798.087306963369
2707,74.36205433127488,31.473650765948474,14071.410574907759
2708,74.36202372941912,31.47816176368425,9916.858892951617
2709,74.3619931206916,31.482672758211077,7007.588693322784
2710,74.3619625050909,31.487183749528697,7406.260766693482
2711,74.36193188261568,31.491694737636852,13412.450123110866
2712,74.36190125326459,31.496205722535272,12310.918689385891
2713,74.36187061703627,31.50071670422371,12568.678666079937
2714,74.36183997392934,31.505227682701893,6632.504715645647
2715,74.36180932394242,31.509738657969564,7287.310214845283
2716,74.36177866707418,31.51424963002648,7734.688315636357
2717,74.36174800332323,31.51876059887236,4264.105480875319
2718,74.3617173326882,31.52327156450696,13518.221643171191
2719,74.36168665516773,31.527782526930007,9948.139834894053
2720,74.36165597076045,31.532293486141246,8844.186418811765
2721,74.36162527946503,31.536804442140433,7855.482679599078
2722,74.36159458128003,31.54131539492728,12158.268378339308
2723,74.36156387620413,31.54582634450157,7511.906830680417
2724,74.36153316423596,31.550337290863002,13995.373167736661
2725,74.36150244537411,31.554848234011338,7618.051445948147
2726,74.36147171961728,31.559359173946312,2527.1705777874154
2727,74.36144098696403,31.563870110667665,411.79447375719394
2728,74.36141024741303,31.568381044175148,3576.6294542217197
2729,74.36137950096288,31.572891974468494,65.85657343856244
2730,74.36134874761227,31.577402901547455,7001.021005966373
2731,74.36131798735971,31.581913825411757,11703.994679081867
2732,74.36128722020395,31.58642474606114,13265.383158586506
2733,74.36125644614354,31.59093566349536,16665.235365848268
2734,74.36122566517713,31.59544657771416,15299.207110158972
2735,74.36119487730335,31.599957488717276,16321.885777129582
2736,74.36116408252083,31.60446839650445,14986.916708945573
2737,74.36113328082818,31.608979301075433,4546.752814009802
2738,74.36110247222405,31.613490202429944,4282.532278314358
2739,74.361071656707,31.61800110056774,8970.191391327055
2740,74.36104083427573,31.622511995488573,7381.727398140144
2741,74.36101000492881,31.62702288719216,0.0
2742,74.3609791686649,31.631533775678264,36.57912402724992
2743,74.36094832548258,31.636044660946627,1171.1325539185418
2744,74.36091747538052,31.64055554299698,618.4581720728529
2745,74.3608866183573,31.64506642182908,0.0
2746,74.36085575441156,31.64957729744265,0.0
2747,74.36813453010961,31.351878607754237,6556.219535111139
2748,74.36810436419019,31.356389696614762,3292.2366700970065
2749,74.36807419149194,31.36090078227381,11172.419613215643
2750,74.36804401201358,31.365411864731115,12608.625413014752
2751,74.3680138257538,31.36992294398644,12448.972768837653
2752,74.36798363271119,31.374434020039505,11713.100468418688
2753,74.36795343288445,31.378945092890035,9555.964777160829
2754,74.36792322627223,31.383456162537808,11767.84497509821
2755,74.36789301287315,31.387967228982532,5580.427391143841
2756,74.36786279268595,31.39247829222395,10805.128087692196
2757,74.36783256570921,31.396989352261794,2911.417833536833
2758,74.36780233194162,31.401500409095824,4054.5019359453013
2759,74.36777209138184,31.406011462725765,8931.272452656465
2760,74.3677418440285,31.410522513151353,12322.507943559003
2761,74.36771158988029,31.415033560372322,18211.462173557138
2762,74.36768132893586,31.41954460438844,16792.74337628434
2763,74.36765106119383,31.424055645199406,18042.03005891706
2764,74.36762078665289,31.42856668280499,13416.436331492301
2765,74.36759050531167,31.433077717204917,14348.911381278003
2766,74.36756021716884,31.43758874839893,12721.74454330445
2767,74.36752992222307,31.442099776386772,11659.449441789031
2768,74.36749962047296,31.446610801168173,12325.076840460295
2769,74.36746931191722,31.451121822742884,13365.605654435234
2770,74.36743899655445,31.455632841110628,13001.82927029843
2771,74.36740867438333,31.460143856271156,10383.590031248039
2772,74.3673783454025,31.46465486822422,9150.57121849694
2773,74.36734800961062,31.469165876969537,10014.499805111296
2774,74.36731766700633,31.47367688250685,11770.59744327135
2775,74.36728731758829,31.478187884835904,8410.466520998307
2776,74.36725696135514,31.48269888395645,11943.720779013369
2777,74.36722659830552,31.48720987986822,12864.877924034203
2778,74.3671962284381,31.491720872570944,11618.662062842403
2779,74.36716585175151,31.496231862064374,10991.610635063658
2780,74.3671354682444,31.50074284834825,11163.350655121047
2781,74.36710507791543,31.50525383142231,5874.960984636504
2782,74.36707468076322,31.509764811286285,7077.330013148433
2783,74.36704427678644,31.51427578793993,5516.574051617554
2784,74.36701386598372,31.51878676138298,3012.3814026567575
2785,74.36698344835374,31.523297731615177,8935.563890842906
2786,74.36695302389506,31.527808698636267,9303.457206153558
2787,74.36692259260641,31.53231966244597,4070.9222037815225
2788,74.36689215448638,31.53683062304404,7450.48249374133
2789,74.36686170953367,31.541341580430245,6064.853029044826
2790,74.36683125774685,31.545852534604276,2457.413422649093
2791,74.36680079912462,31.550363485565917,12727.221354501717
2792,74.3667703336656,31.55487443331487,16521.017094588446
2793,74.36673986136842,31.559385377850912,6052.954384909879
2794,74.36670938223173,31.563896319173775,12.007317679509633
2795,74.36667889625419,31.568407257283187,8390.722597694066
2796,74.3666484034344,31.572918192178896,3069.0359450044652
2797,74.36661790377104,31.577429123860657,10041.839268523136
2798,74.3665873972627,31.581940052328196,15589.675000172083
2799,74.36655688390806,31.586450977581247,14008.404991034977
2800,74.36652636370574,31.590961899619575,18075.25809121885
2801,74.36649583665441,31.5954728184429,12308.588312146632
2802,74.36646530275266,31.599983734050983,13282.380830494307
2803,74.36643476199916,31.60449464644357,15176.119269373106
2804,74.36640421439252,31.609005555620385,9107.864558406898
2805,74.36637365993137,31.613516461581167,4643.024856845406
2806,74.36634309861437,31.61802736432567,5828.696035482146
2807,74.36631253044017,31.62253826385364,3760.699346395888
2808,74.36628195540737,31.627049160164812,1003.4501692853116
2809,74.3662513735146,31.63156005325893,3300.174905452027
2810,74.36622078476053,31.636070943135742,7105.358131638383
2811,74.36619018914375,31.640581829794982,5659.32131330976
2812,74.36615958666293,31.645092713236398,163.09008918832203
2813,74.36612897731669,31.649603593459734,0.0
2814,74.37339107818448,31.35190438514434,12270.848345371232
2815,74.37336116317796,31.356415478548588,8587.525540777293
2816,74.37333124144905,31.360926568751797,11641.430338205877
2817,74.37330131299638,31.36543765575369,14085.713021662448
2818,74.37327137781867,31.36994873955402,10054.759529173945
2819,74.37324143591457,31.3744598201525,8540.749749549166
2820,74.37321148728273,31.3789708975489,8977.672653218953
2821,74.37318153192186,31.383481971742956,7766.4334035326765
2822,74.37315156983063,31.38799304273438,10450.772505013274
2823,74.37312160100767,31.39250411052292,8681.228612938789
2824,74.37309162545164,31.397015175108336,5157.8697392807535
2825,74.37306164316126,31.401526236490334,6388.413061492136
2826,74.37303165413518,31.406037294668682,13176.00832037191
2827,74.37300165837205,31.4105483496431,12430.342140347104
2828,74.37297165587054,31.415059401413345,9895.044266160408
2829,74.37294164662934,31.41957044997914,8914.194461712712
2830,74.37291163064708,31.424081495340225,16137.1021674553
2831,74.37288160792247,31.42859253749634,7736.869566931937
2832,74.37285157845413,31.43310357644724,7449.706681652129
2833,74.37282154224074,31.43761461219265,8425.483166464132
2834,74.37279149928098,31.442125644732304,5872.951304929704
2835,74.3727614495735,31.446636674065953,9067.683459818367
2836,74.37273139311695,31.45114770019333,7083.259421238886
2837,74.37270132991,31.455658723114166,10077.644676181868
2838,74.37267125995135,31.460169742828235,12830.92596522313
2839,74.37264118323961,31.464680759335234,9222.548230459233
2840,74.37261109977347,31.469191772634932,9232.81755925263
2841,74.37258100955155,31.473702782727063,9335.939180463121
2842,74.37255091257258,31.478213789611363,8542.866107582002
2843,74.37252080883516,31.48272479328757,9703.7313472454
2844,74.37249069833797,31.487235793755428,12873.446941324859
2845,74.3724605810797,31.49174679101467,10455.45123163553
2846,74.37243045705895,31.496257785065048,10718.162810912898
2847,74.37240032627442,31.500768775906298,8834.880939227849
2848,74.37237018872477,31.50527976353816,5712.559621787921
2849,74.37234004440863,31.50979074796037,9185.877201687708
2850,74.37230989332465,31.51430172917268,8072.629307445906
2851,74.37227973547154,31.518812707174817,5958.705919570997
2852,74.3722495708479,31.523323681966527,5665.618354707969
2853,74.37221939945239,31.527834653547565,8494.251665139887
2854,74.37218922128372,31.53234562191765,8985.303861150993
2855,74.37215903634049,31.53685658707653,1434.0635192106279
2856,74.37212884462137,31.54136754902396,3613.374528122384
2857,74.37209864612501,31.545878507759667,8155.581281601247
2858,74.37206844085009,31.55038946328339,7189.00298225387
2859,74.37203822879522,31.554900415594876,9691.224365260066
2860,74.37200800995906,31.55941136469387,8123.092372155344
2861,74.3719777843403,31.563922310580107,6381.058115732319
2862,74.37194755193755,31.568433253253335,11172.277582251718
2863,74.3719173127495,31.57294419271329,9520.195026966547
2864,74.37188706677478,31.577455128959727,12480.561703364201
2865,74.37185681401202,31.58196606199236,12143.245159609676
2866,74.37182655445987,31.58647699181095,16063.812390943074
2867,74.37179628811701,31.590987918415244,20032.88995033151
2868,74.37176601498209,31.59549884180497,17276.404640061293
2869,74.37173573505373,31.600009761979877,15825.629912366969
2870,74.37170544833059,31.604520678939718,8135.735876012598
2871,74.37167515481133,31.609031592684214,6454.7330187116695
2872,74.37164485449458,31.613542503213118,5530.320158935816
2873,74.371614547379,31.61805341052618,4244.111897561531
2874,74.37158423346321,31.622564314623133,1444.2050210826437
2875,74.37155391274587,31.627075215503723,0.0
2876,74.37152358522565,31.631586113167685,4124.38163816272
2877,74.37149325090115,31.63609700761477,4513.657104869978
2878,74.37146290977105,31.640607898844724,6922.10534161167
2879,74.37143256183398,31.645118786857275,1031.3525061274236
2880,74.3714022070886,31.64962967165218,0.0
2881,74.37864763298043,31.351929947221215,5484.115235059399
2882,74.37861796888815,31.356441045131245,13910.467682476266
2883,74.37858829812986,31.36095213984065,9320.296887872812
2884,74.37855862070421,31.365463231349164,11463.463701014069
2885,74.37852893660994,31.369974319656546,15940.953878093384
2886,74.37849924584565,31.374485404762492,14418.681698442308
2887,74.37846954841007,31.378996486666775,11379.721437583092
2888,74.3784398443019,31.383507565369126,3129.2291630718014
2889,74.3784101335198,31.388018640869287,7066.452056905153
2890,74.37838041606241,31.39252971316699,2876.197519892786
2891,74.37835069192846,31.397040782261975,4709.05245801993
2892,74.3783209611166,31.401551848153975,12321.999546836918
2893,74.37829122362555,31.406062910842735,10841.097228597295
2894,74.37826147945395,31.410573970327995,9953.581681252568
2895,74.37823172860051,31.415085026609507,9443.125997643669
2896,74.37820197106386,31.419596079686993,11440.35695913194
2897,74.37817220684272,31.42410712956018,13985.94072351632
2898,74.37814243593576,31.428618176228827,7828.069349607919
2899,74.37811265834162,31.43312921969268,2803.4511232260165
2900,74.37808287405902,31.437640259951458,5630.830978289853
2901,74.37805308308661,31.44215129700492,5054.41691012674
2902,74.37802328542307,31.446662330852792,6414.703297050619
2903,74.37799348106707,31.45117336149481,4581.46180631267
2904,74.3779636700173,31.45568438893073,8510.378508847012
2905,74.3779338522724,31.460195413160275,11375.424362321271
2906,74.3779040278311,31.46470643418321,9211.782866197585
2907,74.37787419669202,31.469217451999242,7717.586819014229
2908,74.37784435885386,31.473728466608137,8722.672097782808
2909,74.37781451431526,31.47823947800962,8159.888005454217
2910,74.37778466307495,31.482750486203443,9397.370089688273
2911,74.37775480513154,31.48726149118934,14224.133145587462
2912,74.37772494048373,31.491772492967044,12751.321048753123
2913,74.37769506913018,31.496283491536307,8619.099718322113
2914,74.3776651910696,31.500794486896872,3775.8216881442463
2915,74.37763530630056,31.50530547904847,4833.462071242121
2916,74.37760541482182,31.509816467990838,6912.5781226556
2917,74.37757551663202,31.514327453723727,6444.032522188389
2918,74.37754561172983,31.518838436246888,5011.464430312792
2919,74.37751570011393,31.523349415560038,4899.846229089781
2920,74.37748578178295,31.527860391662934,8806.218327213162
2921,74.37745585673557,31.532371364555306,8555.431131308154
2922,74.37742592497048,31.5368823342369,8024.901090984199
2923,74.37739598648632,31.54139330070747,8334.856536950676
2924,74.37736604128176,31.545904263966744,7970.316696465647
2925,74.37733608935548,31.550415224014458,14965.394881730785
2926,74.3773061307061,31.55492618085036,6112.281076065654
2927,74.37727616533236,31.559437134474194,10123.162300964314
2928,74.37724619323285,31.563948084885695,10955.150496608734
2929,74.37721621440627,31.56845903208462,16748.97251162874
2930,74.37718622885126,31.572969976070695,11682.238850896823
2931,74.37715623656652,31.577480916843673,16001.72315008794
2932,74.37712623755068,31.581991854403284,13501.093602799145
2933,74.3770962318024,31.586502788749286,17089.619049426557
2934,74.37706621932035,31.591013719881406,17048.404542157325
2935,74.3770362001032,31.595524647799387,17162.85285861604
2936,74.37700617414959,31.600035572502975,16553.250113374237
2937,74.37697614145819,31.60454649399193,10944.225094723528
2938,74.37694610202765,31.609057412265976,5889.800644933172
2939,74.37691605585664,31.61356832732484,2906.53359178274
2940,74.37688600294379,31.618079239168285,2871.8076890360835
2941,74.3768559432878,31.62259014779607,1883.957021861341
2942,74.3768258768873,31.627101053207895,0.0
2943,74.37679580374095,31.631611955403528,2899.8027011657036
2944,74.37676572384743,31.636122854382734,4809.395576966084
2945,74.37673563720533,31.640633750145216,2896.666262849516
2946,74.37670554381339,31.645144642690738,2602.493393431829
2947,74.3766754436702,31.649655532019032,0.0
2948,74.38390419444109,31.3519552939839,3671.772595896015
2949,74.38387478126437,31.35646639636176,10138.329106395238
2950,74.38384536147802,31.36097749553941,11311.808738104146
2951,74.3838159350807,31.365488591516602,6207.876721127372
2952,74.38378650207116,31.36999968429305,9959.184614546557
2953,74.38375706244804,31.374510773868508,10093.710797917
2954,74.38372761621002,31.379021860242705,16159.671355300348
2955,74.38369816335586,31.383532943415403,5882.01902346791
2956,74.3836687038842,31.388044023386314,3191.12946288028
2957,74.38363923779374,31.392555100155196,591.5443802477675
2958,74.38360976508316,31.397066173721754,1705.444648292591
2959,74.3835802857512,31.401577244085768,4102.274049578539
2960,74.38355079979648,31.40608831124696,10787.258624455306
2961,74.38352130721775,31.410599375205077,9835.77986518934
2962,74.38349180801366,31.415110435959846,8342.263063266533
2963,74.3834623021829,31.41962149351102,6961.3746214622515
2964,74.3834327897242,31.42413254785831,12837.578548743913
2965,74.3834032706362,31.428643599001475,9842.089922878338
2966,74.38337374491759,31.433154646940274,1532.996299287518
2967,74.3833442125671,31.437665691674418,3910.2796439792264
2968,74.38331467358337,31.442176733203656,6982.226125758381
2969,74.3832851279651,31.446687771527735,7476.374175273661
2970,74.38325557571096,31.451198806646378,10106.753082879859
2971,74.38322601681969,31.45570983855934,10264.118694239995
2972,74.38319645128992,31.46022086726635,11130.610953112633
2973,74.38316687912037,31.464731892767162,9879.681707439193
2974,74.3831373003097,31.4692429150615,8717.655601009998
2975,74.38310771485659,31.47375393414911,7492.133101837679
2976,74.38307812275973,31.478264950029747,9873.002504696147
2977,74.38304852401781,31.482775962703126,9916.866227175893
2978,74.38301891862952,31.487286972169,8505.155059263681
2979,74.38298930659352,31.49179797842712,4752.6819671838575
2980,74.3829596879085,31.49630898147721,10928.128324933676
2981,74.38293006257312,31.50081998131902,5938.2417257494935
2982,74.38290043058609,31.50533097795228,8895.945778991223
2983,74.3828707919461,31.50984197137674,6216.624782566628
2984,74.3828411466518,31.514352961592145,5955.0428639162055
2985,74.38281149470187,31.518863948598227,7002.769519536992
2986,74.38278183609499,31.52337493239474,5939.703352850455
2987,74.38275217082986,31.527885912981407,7221.383570501881
2988,74.38272249890515,31.532396890357976,6649.192772735049
2989,74.3826928203195,31.536907864524185,3996.0417761131057
2990,74.38266313507167,31.541418835479803,7730.87654451344
2991,74.38263344316023,31.54592980322453,11269.783680922998
2992,74.38260374458393,31.550440767758133,13286.486442326795
2993,74.38257403934142,31.554951729080358,7111.845649160305
2994,74.38254432743138,31.55946268719091,7849.529878029235
2995,74.38251460885246,31.563973642089568,16327.4870182033
2996,74.3824848836034,31.568484593776066,16175.174754063793
2997,74.3824551516828,31.57299554225014,13563.404096382214
2998,74.38242541308938,31.57750648751155,13894.57741162146
2999,74.3823956678218,31.582017429560015,14419.368578933017
3000,74.3823659158787,31.586528368395264,6249.307941844062
3001,74.3823361572588,31.591039304017077,16078.772156604678
3002,74.38230639196075,31.59555023642518,16212.15937171288
3003,74.38227661998323,31.600061165619323,15088.578472912475
3004,74.38224684132489,31.60457209159923,11621.924769140218
3005,74.38221705598443,31.60908301436466,3296.45630019563
3006,74.38218726396047,31.613593933915336,3725.5814023775174
3007,74.38215746525174,31.618104850251026,1277.5712785916937
3008,74.38212765985689,31.62261576337145,1418.9023429277372
3009,74.38209784777456,31.62712667327638,591.0559902700361
3010,74.38206802900345,31.631637579965524,1878.4533182529192
3011,74.3820382035422,31.63614848343865,2504.9637528581757
3012,74.38200837138949,31.640659383695493,413.96333217611294
3013,74.38197853254398,31.645170280735798,1818.6597747557034
3014,74.38194868700437,31.649681174559298,0.0
3015,74.38916076251006,31.351980425431446,4449.164284124619
3016,74.38913160025024,31.35649153223919,7361.481456278654
3017,74.38910243143714,31.361002635847136,6726.212744288163
3018,74.38907325606948,31.365513736255025,1716.096840495031
3019,74.38904407414596,31.370024833462598,1645.8912924677359
3020,74.38901488566528,31.37453592746959,3759.068832607978
3021,74.38898569062619,31.37904701827574,8757.223883296067
3022,74.38895648902731,31.383558105880798,2743.0877910711133
3023,74.3889272808674,31.388069190284494,2753.512596863195
3024,74.38889806614519,31.392580271486565,2243.927606849441
3025,74.38886884485932,31.397091349486743,1646.724923845001
3026,74.38883961700849,31.40160242428478,8874.159850206644
3027,74.38881038259144,31.4061134958804,11937.253589275762
3028,74.38878114160687,31.410624564273377,10465.012925901725
3029,74.38875189405346,31.415135629463418,11319.785627959885
3030,74.38872263992991,31.419646691450268,10850.315303906327
3031,74.38869337923494,31.42415775023366,11617.450943626738
3032,74.38866411196723,31.42866880581335,4705.566444211428
3033,74.38863483812545,31.433179858189078,0.0
3034,74.38860555770837,31.437690907360572,3387.662286581442
3035,74.38857627071464,31.442201953327572,10068.489990859454
3036,74.38854697714298,31.44671299608983,8865.561070274007
3037,74.38851767699204,31.451224035647073,7300.735456951469
3038,74.38848837026056,31.455735071999037,9223.891871935444
3039,74.38845905694724,31.460246105145476,9344.690500479079
3040,74.38842973705074,31.464757135086142,10441.071940496397
3041,74.38840041056979,31.469268161820736,12642.1646890264
3042,74.38837107750307,31.473779185349027,9095.110760056818
3043,74.38834173784925,31.478290205670756,11189.354095568717
3044,74.38831239160707,31.482801222785653,9241.870573208293
3045,74.38828303877519,31.48731223669345,10093.214537591728
3046,74.3882536793523,31.49182324739391,11560.599944287102
3047,74.38822431333713,31.49633425488678,6890.444827878759
3048,74.38819494072833,31.500845259171772,5364.350195633266
3049,74.38816556152462,31.50535626024863,2829.3750479011214
3050,74.38813617572467,31.509867258117104,4906.883635833008
3051,74.38810678332719,31.514378252776954,5938.628042124986
3052,74.38807738433084,31.518889244227893,7522.785743607572
3053,74.38804797873436,31.52340023246967,2642.6790340999582
3054,74.38801856653639,31.527911217502023,4036.0767548649515
3055,74.38798914773564,31.532422199324703,0.0
3056,74.3879597223308,31.536933177937442,4174.998181333809
3057,74.38793029032054,31.541444153339988,1604.9313661552842
3058,74.38790085170359,31.545955125532092,2762.864986306395
3059,74.3878714064786,31.55046609451347,8566.851736779423
3060,74.38784195464426,31.554977060283896,9679.480169315077
3061,74.38781249619927,31.559488022843077,9852.1383959827
3062,74.38778303114229,31.563998982190768,16419.373405367154
3063,74.38775355947205,31.56850993832673,13221.835095272234
3064,74.38772408118717,31.573020891250682,14405.917271260709
3065,74.3876945962864,31.577531840962386,15713.127292253004
3066,74.38766510476839,31.58204278746156,11237.5185369664
3067,74.38763560663185,31.58655373074796,12557.900935756164
3068,74.3876061018754,31.591064670821325,10322.034905531076
3069,74.3875765904978,31.595575607681397,16665.448297429142
3070,74.38754707249767,31.600086541327933,11524.0110590979
3071,74.38751754787376,31.60459747176066,7177.4702969969185
3072,74.38748801662467,31.60910839897932,3777.3074385136792
3073,74.38745847874914,31.61361932298366,3950.2148774708385
3074,74.38742893424582,31.61813024377342,1590.1367313835099
3075,74.38739938311343,31.622641161348355,2971.3357783634306
3076,74.3873698253506,31.627152075708192,922.4475967131008
3077,74.38734026095605,31.631662986852675,458.2541158873493
3078,74.38731068992844,31.63617389478157,4297.305691739117
3079,74.38728111226642,31.64068479949458,2410.5124235149847
3080,74.38725152796873,31.645195700991497,1358.2018976783127
3081,74.387221937034,31.64970659927203,0.0
3082,74.39441733713103,31.352005341562922,5130.209275994245
3083,74.39438842578936,31.3565164527626,9212.250150686217
3084,74.3943595079508,31.36102756076288,2938.5993495949215
3085,74.39433058361409,31.365538665563513,1243.405913330321
3086,74.3943016527779,31.370049767164247,1470.6940494647502
3087,74.39427271544099,31.374560865564813,778.3633300748943
3088,74.39424377160205,31.37907196076495,11519.370680016118
3089,74.39421482125982,31.383583052764397,4042.124108952282
3090,74.39418586441299,31.388094141562892,1881.1976340649367
3091,74.39415690106024,31.392605227160175,2467.1564919036177
3092,74.39412793120037,31.39711630955598,1380.3796809453254
3093,74.39409895483203,31.401627388750047,9038.377724617007
3094,74.39406997195395,31.406138464742135,7384.756885208469
3095,74.39404098256483,31.410649537531956,3237.1787799205617
3096,74.39401198666339,31.415160607119272,9509.292498687064
3097,74.39398298424835,31.419671673503807,9110.075895901267
3098,74.39395397531842,31.4241827366853,7928.477636796978
3099,74.39392495987228,31.42869379666349,66.77492590107963
3100,74.39389593790868,31.43320485343814,938.7490371800664
3101,74.39386690942632,31.437715907008972,6401.77423361622
3102,74.39383787442388,31.442226957375713,8936.54676159445
3103,74.39380883290009,31.44673800453813,11906.440348634045
3104,74.39377978485366,31.45124904849594,10995.513797589701
3105,74.3937507302833,31.455760089248887,11451.581824317282
3106,74.3937216691877,31.46027112679673,10262.358581021905
3107,74.39369260156558,31.464782161139194,9955.6088995299
3108,74.39366352741565,31.46929319227601,9355.022669279277
3109,74.39363444673663,31.47380422020695,9327.759882543962
3110,74.39360535952716,31.478315244931718,8334.632780959202
3111,74.39357626578598,31.482826266450072,11490.916821368732
3112,74.39354716551185,31.48733728476176,11104.34871045264
3113,74.39351805870339,31.491848299866504,16232.867610815625
3114,74.39348894535938,31.49635931176407,9922.66154042521
3115,74.39345982547844,31.500870320454176,2963.6552423139738
3116,74.39343069905937,31.505381325936565,3857.112672755973
3117,74.39340156610078,31.509892328210995,4868.168278814862
3118,74.39337242660142,31.514403327277194,8648.205902592052
3119,74.39334328055999,31.5189143231349,1989.3385356268923
3120,74.39331412797519,31.523425315783875,0.0
3121,74.39328496884568,31.527936305223843,2389.501489738487
3122,74.39325580317022,31.532447291454524,272.6913284901699
3123,74.39322663094748,31.536958274475705,1177.996190737027
3124,74.39319745217618,31.541469254287097,2088.228988032776
3125,74.39316826685497,31.545980230888468,9258.174398857003
3126,74.3931390749826,31.550491204279517,12841.938246574919
3127,74.39310987655773,31.555002174460025,16839.830789430696
3128,74.39308067157911,31.559513141429722,18032.232652463244
3129,74.39305146004538,31.56402410518835,13505.915029403037
3130,74.39302224195528,31.56853506573564,17226.67294609896
3131,74.39299301730745,31.57304602307135,16456.933378494992
3132,74.39296378610065,31.577556977195215,16613.184320449676
3133,74.39293454833354,31.58206792810698,10985.581177925551
3134,74.3929053040048,31.586578875806385,10334.433233331281
3135,74.39287605311318,31.591089820293174,16097.067306812047
3136,74.39284679565733,31.595600761567088,13932.688895442048
3137,74.39281753163594,31.600111699627863,8180.330315779717
3138,74.39278826104773,31.604622634475252,13552.040814052642
3139,74.39275898389138,31.609133566109012,6352.737696922575
3140,74.39272970016556,31.61364449452885,2772.9840128668966
3141,74.39270040986901,31.618155419734524,4064.6723092686843
3142,74.3926711130004,31.622666341725804,3101.683624332226
3143,74.39264180955841,31.627177260502393,2986.721419821148
3144,74.39261249954174,31.63168817606405,2849.997424802706
3145,74.39258318294905,31.636199088410525,2507.1576250499675
3146,74.39255385977908,31.640709997541546,1727.3332733504474
3147,74.39252453003049,31.64522090345687,908.6346420376904
3148,74.39249519370198,31.649731806156247,0.0
3149,74.39967391824759,31.352030042377386,2315.2325216054564
3150,74.39964525782537,31.35654115793104,5301.85672199645
3151,74.39961659096264,31.3610522702857,2736.2192980373757
3152,74.39958791765815,31.365563379441127,2631.6769982852284
3153,74.39955923791057,31.370074485397065,112.92698664400379
3154,74.39953055171871,31.37458558815323,714.9218088782761
3155,74.39950185908121,31.379096687709378,4053.31256055169
3156,74.39947315999689,31.383607784065244,1008.4443691705823
3157,74.3994444544644,31.388118877220574,1153.9900473073935
3158,74.3994157424825,31.39262996717509,1242.5364227621849
3159,74.39938702404989,31.397141053928536,0.0
3160,74.39935829916531,31.401652137480664,8129.127352726746
3161,74.39932956782748,31.406163217831203,9233.170156854821
3162,74.3993008300351,31.410674294979888,7435.894535841239
3163,74.39927208578692,31.415185368926476,9452.619697661914
3164,74.3992433350817,31.41969643967069,10318.099379483994
3165,74.39921457791809,31.424207507212284,10067.724420545615
3166,74.39918581429485,31.42871857155098,198.30418261538216
3167,74.39915704421068,31.433229632686533,3173.303521018783
3168,74.39912826766432,31.437740690618668,8664.11024680249
3169,74.39909948465447,31.442251745347146,13004.367268840919
3170,74.39907069517987,31.446762796871692,9918.946764144377
3171,74.39904189923922,31.451273845192045,10543.181993354738
3172,74.39901309683125,31.45578489030795,10860.109013672445
3173,74.39898428795469,31.46029593221915,9453.569074113557
3174,74.39895547260825,31.464806970925395,11241.084648822625
3175,74.39892665079061,31.469318006426395,10272.235930450504
3176,74.39889782250057,31.473829038721917,9878.020477587415
3177,74.39886898773673,31.478340067811683,8268.626250739142
3178,74.39884014649793,31.482851093695455,8651.977915049516
3179,74.3988112987828,31.48736211637296,9624.011434094404
3180,74.39878244459011,31.49187313584394,16328.919981105128
3181,74.39875358391852,31.49638415210815,9367.523723774704
3182,74.39872471676676,31.500895165165304,376.11393448784924
3183,74.3986958431336,31.50540617501516,5606.228366631085
3184,74.39866696301767,31.509917181657457,2230.6736295343476
3185,74.39863807641774,31.51442818509194,2051.192237452467
3186,74.39860918333251,31.51893918531835,0.0
3187,74.39858028376067,31.52345018233642,0.0
3188,74.39855137770095,31.527961176145894,1019.1134432631361
3189,74.39852246515208,31.532472166746512,3298.7333889422584
3190,74.39849354611275,31.536983154138024,1152.9853594497856
3191,74.39846462058166,31.54149413832018,1470.8557552238394
3192,74.39843568855753,31.546005119292694,6431.0656802410895
3193,74.39840675003909,31.550516097055336,8074.364045384533
3194,74.398377805025,31.555027071607828,16371.075017206089
3195,74.39834885351404,31.559538042949917,18944.70571832092
3196,74.39831989550487,31.564049011081348,13866.143367472452
3197,74.39829093099618,31.568559976001858,13682.764879785424
3198,74.39826195998673,31.573070937711204,17492.199159081025
3199,74.3982329824752,31.577581896209125,16889.282576071524
3200,74.39820399846027,31.582092851495343,14624.041774492182
3201,74.39817500794071,31.586603803569613,13870.639116952878
3202,74.39814601091517,31.59111475243168,15970.917433940525
3203,74.39811700738241,31.595625698081285,12813.653742770159
3204,74.39808799734105,31.600136640518176,10409.080317848155
3205,74.39805898078987,31.604647579742092,11133.962059858677
3206,74.39802995772754,31.609158515752775,6684.136345615229
3207,74.39800092815278,31.613669448549974,2453.6855312329862
3208,74.39797189206428,31.618180378133403,977.5281050243462
3209,74.39794284946073,31.62269130450285,1622.3678913181
3210,74.39791380034089,31.627202227658014,1406.0523747518644
3211,74.3978847447034,31.63171314759869,94.6175497577319
3212,74.39785568254698,31.636224064324576,239.57351018110583
3213,74.39782661387035,31.640734977835418,2781.4078517779662
3214,74.39779753867218,31.645245888130994,1816.9251102513492
3215,74.3977684569512,31.64975679521103,0.0
3216,74.40493050580336,31.352054527873918,1416.059022326418
3217,74.40490209630188,31.35656564774359,770.503543460199
3218,74.40487368041626,31.36107676441469,1908.3768128918596
3219,74.40484525814524,31.365587877886945,3370.9994560910745
3220,74.40481682948759,31.37009898816012,1038.1135517036532
3221,74.40478839444202,31.374610095233926,1740.324452159187
3222,74.4047599530073,31.379121199108106,2328.2337008875124
3223,74.40473150518213,31.383632299782427,7414.269765525719
3224,74.40470305096525,31.38814339725661,2200.7362465794045
3225,74.40467459035541,31.392654491530372,1046.239045879579
3226,74.40464612335138,31.39716558260348,3471.962963659226
3227,74.40461764995183,31.401676670475663,4890.894765568521
3228,74.4045891701555,31.406187755146675,9911.459848935367
3229,74.40456068396118,31.410698836616234,9079.497227190905
3230,74.4045321913676,31.415209914884105,9739.896290386478
3231,74.4045036923734,31.41972098995,9718.934635276926
3232,74.40447518697738,31.424232061813672,10451.248522972888
3233,74.40444667517832,31.428743130474867,4545.856482569347
3234,74.40441815697487,31.433254195933316,2065.6466734942765
3235,74.4043896323658,31.437765258188755,7066.345913225165
3236,74.4043611013498,31.442276317240925,9293.17220005263
3237,74.40433256392566,31.446787373089588,7633.3299509812505
3238,74.4043040200921,31.451298425734468,9646.876530703947
3239,74.40427546984783,31.45580947517529,9675.163467760936
3240,74.40424691319157,31.460320521411827,9076.497128072113
3241,74.40421835012208,31.464831564443795,10917.761262772574
3242,74.40418978063806,31.469342604270942,9485.466076895405
3243,74.40416120473824,31.47385364089301,10125.067622745664
3244,74.40413262242137,31.478364674309738,7569.331269964961
3245,74.40410403368615,31.482875704520865,8467.027095675174
3246,74.40407543853135,31.487386731526136,11362.395579384334
3247,74.40404683695566,31.491897755325287,10419.580757861519
3248,74.40401822895781,31.496408775918077,7848.997053716603
3249,74.40398961453654,31.50091979330422,1097.5811903211209
3250,74.40396099369055,31.505430807483464,602.2055879854609
3251,74.40393236641857,31.509941818455566,0.0
3252,74.40390373271934,31.514452826220253,0.0
3253,74.40387509259162,31.51896383077728,0.0
3254,74.40384644603405,31.523474832126368,0.0
3255,74.40381779304542,31.52798583026728,0.0
3256,74.4037891336244,31.532496825199733,0.0
3257,74.40376046776976,31.53700781692349,0.0
3258,74.40373179548021,31.5415188054383,5659.68107381222
3259,74.40370311675443,31.546029790743873,15156.402103206981
3260,74.40367443159118,31.550540772839977,13195.061990999464
3261,74.4036457399892,31.555051751726346,16128.486761392316
3262,74.40361704194719,31.559562727402724,16007.237436749332
3263,74.40358833746384,31.564073699868842,13526.505176545093
3264,74.40355962653791,31.56858466912446,10377.968846136513
3265,74.4035309091681,31.573095635169306,13260.163298380145
3266,74.40350218535313,31.577606598003147,15715.75397064199
3267,74.40347345509171,31.582117557625693,17187.284292310957
3268,74.40344471838256,31.586628514036697,14959.853542890636
3269,74.40341597522442,31.591139467235905,9297.183783272436
3270,74.403387225616,31.595650417223073,11086.826819887332
3271,74.403358469556,31.60016136399792,12862.644638520607
3272,74.40332970704313,31.60467230756021,9034.554669629913
3273,74.40330093807613,31.609183247909684,12019.621962988713
3274,74.40327216265369,31.613694185046068,2547.0612174639837
3275,74.40324338077455,31.6182051189691,3226.048990021237
3276,74.40321459243744,31.62271604967855,1067.8113961283764
3277,74.40318579764097,31.62722697717415,290.79911232568634
3278,74.403156996384,31.63173790145565,0.0
3279,74.40312818866514,31.636248822522774,297.1894185282052
3280,74.40309937448315,31.640759740375287,1252.4548726381709
3281,74.4030705538367,31.64527065501292,1241.1670682161011
3282,74.40304172672452,31.64978156643541,1048.8506913849292
3283,74.41018709974203,31.35207879805159,1328.9469528037876
3284,74.4101589411625,31.35658992219934,335.7591127225762
3285,74.41013077625524,31.361101043148906,2439.4724509396037
3286,74.41010260501899,31.365612160900042,3809.5958098229116
3287,74.41007442745251,31.37012327545249,1254.2133287884901
3288,74.4100462435545,31.374634386805972,1667.2716896163092
3289,74.41001805332378,31.37914549496023,647.717117914355
3290,74.40998985675904,31.38365659991502,3283.4976487483077
3291,74.40996165385907,31.38816770167006,1735.390323449813
3292,74.4099334446226,31.392678800225106,4565.883454437275
3293,74.40990522904835,31.397189895579892,2866.48184473704
3294,74.4098770071351,31.401700987734152,5214.486987175599
3295,74.4098487788816,31.406212076687638,11249.736598027283
3296,74.40982054428656,31.410723162440085,10079.605974457052
3297,74.40979230334877,31.415234244991225,9470.423876875775
3298,74.40976405606693,31.4197453243408,6563.915832495286
3299,74.4097358024398,31.424256400488556,8593.506321354544
3300,74.40970754246614,31.42876747343423,9536.058767744616
3301,74.40967927614469,31.433278543177558,1807.312234239742
3302,74.40965100347417,31.43778960971829,5711.962111668761
3303,74.40962272445336,31.442300673056153,9990.119260338499
3304,74.40959443908093,31.44681173319091,8615.866026096208
3305,74.40956614735569,31.451322790122273,9729.965847860667
3306,74.40953784927639,31.45583384384999,9445.433863021864
3307,74.4095095448417,31.460344894373815,8881.146290794253
3308,74.40948123405043,31.464855941693493,9902.818253411191
3309,74.40945291690127,31.46936698580874,2328.3751535827832
3310,74.409424593393,31.47387802671931,6365.263443718477
3311,74.40939626352433,31.47838906442494,9684.321157512544
3312,74.40936792729401,31.482900098925384,12258.405716584506
3313,74.40933958470079,31.48741113022036,9409.930570696231
3314,74.40931123574337,31.491922158309627,8719.686894675924
3315,74.40928288042055,31.49643318319293,12725.938917969006
3316,74.409254518731,31.500944204870002,12744.370437808151
3317,74.40922615067348,31.50545522334057,2509.758115057955
3318,74.40919777624673,31.50996623860439,0.0
3319,74.4091693954495,31.514477250661216,0.0
3320,74.40914100828053,31.518988259510763,341.4769724979381
3321,74.4091126147385,31.523499265152804,176.42698845613256
3322,74.4090842148222,31.52801026758705,921.8032613462799
3323,74.40905580853037,31.532521266813255,10003.81069950241
3324,74.40902739586168,31.537032262831165,10200.665082193986
3325,74.40899897681491,31.541543255640516,7866.404601218981
3326,74.4089705513888,31.546054245241063,10709.706912213864
3327,74.40894211958208,31.550565231632515,9626.501966475695
3328,74.40891368139343,31.55507621481465,12901.379950421828
3329,74.40888523682165,31.559587194787202,15751.67249730597
3330,74.40885678586542,31.564098171549904,18415.888274442197
3331,74.4088283285235,31.568609145102506,12588.97297742264
3332,74.4087998647946,31.57312011544475,14446.75467253213
3333,74.40877139467747,31.57763108257637,13528.020022140528
3334,74.40874291817086,31.582142046497115,12464.967795677207
3335,74.40871443527342,31.58665300720672,13410.87241093656
3336,74.40868594598396,31.591163964704936,9473.31503820869
3337,74.40865745030119,31.595674918991513,15887.772108225794
3338,74.4086289482238,31.600185870066184,15578.511909980043
3339,74.40860043975056,31.6046968179287,15127.799745833032
3340,74.40857192488015,31.609207762578794,11680.795776390458
3341,74.40854340361132,31.613718704016208,5464.487801353764
3342,74.40851487594284,31.618229642240703,1206.4625095982628
3343,74.40848634187337,31.622740577252,1786.5694473644996
3344,74.40845780140167,31.627251509049852,1084.877156987814
3345,74.40842925452644,31.631762437634013,1128.0288797180262
3346,74.40840070124642,31.636273363004204,1605.64277701438
3347,74.40837214156036,31.64078428516019,1617.8384655391897
3348,74.40834357546693,31.645295204101696,0.0
3349,74.40831500296487,31.649806119828476,50.96822634936265
3350,74.41544370000719,31.35210285290951,1335.6776512797846
3351,74.41541579235088,31.356613981297375,0.0
3352,74.41538787842323,31.361125106487467,1002.9287476725289
3353,74.415359958223,31.365636228479513,2085.83848530483
3354,74.4153320317489,31.370147347273264,0.0
3355,74.41530409899974,31.37465846286845,884.1711423389129
3356,74.41527615997427,31.37916957526481,685.3232778399301
3357,74.41524821467124,31.383680684462103,0.0
3358,74.4152202630894,31.388191790460052,2334.8665229749568
3359,74.4151923052275,31.392702893258395,1560.2810394227529
3360,74.41516434108435,31.397213992856862,2515.3815108924205
3361,74.41513637065866,31.401725089255216,4155.989760247482
3362,74.41510839394918,31.40623618245319,12089.166627537928
3363,74.41508041095473,31.410747272450518,10247.187652351447
3364,74.41505242167398,31.41525835924693,8395.882549904127
3365,74.41502442610572,31.419769442842195,6306.4523639282515
3366,74.41499642424874,31.424280523236025,8116.196753261519
3367,74.41496841610176,31.428791600428163,11331.874657685152
3368,74.41494040166354,31.43330267441838,4729.2288042026075
3369,74.41491238093285,31.43781374520637,2183.897369162702
3370,74.41488435390842,31.442324812791902,11150.597236366504
3371,74.414856320589,31.446835877174728,8057.285692442102
3372,74.41482828097337,31.45134693835455,8012.2280436339015
3373,74.41480023506026,31.45585799633114,11283.641304875651
3374,74.41477218284842,31.46036905110423,8665.212350695592
3375,74.41474412433662,31.464880102673565,10462.147369493008
3376,74.41471605952363,31.469391151038867,8140.881861746136
3377,74.41468798840813,31.473902196199898,11288.75179232547
3378,74.41465991098893,31.478413238156385,12465.146669119002
3379,74.41463182726477,31.48292427690808,14140.56575941887
3380,74.4146037372344,31.487435312454714,13022.462263952018
3381,74.41457564089653,31.491946344796045,8583.07041829699
3382,74.41454753824995,31.496457373931797,14874.669181303456
3383,74.41451942929342,31.500968399861723,8888.985720807119
3384,74.41449131402563,31.50547942258554,3290.342697353667
3385,74.4144631924454,31.50999044210302,0.0
3386,74.41443506455143,31.5145014584139,1479.9980215955425
3387,74.41440693034247,31.519012471517904,1296.7469615628972
3388,74.41437878981726,31.52352348141479,2103.0707715144686
3389,74.41435064297458,31.5280344881043,4725.849571963454
3390,74.41432248981313,31.532545491586152,10808.262103738938
3391,74.4142943303317,31.53705649186012,13294.652396363064
3392,74.414266164529,31.54156748892593,5138.405396835708
3393,74.41423799240381,31.546078482783326,6938.385299654307
3394,74.41420981395483,31.55058947343204,7453.601866732115
3395,74.41418162918082,31.555100460871845,15678.305616899363
3396,74.41415343808052,31.55961144510245,16309.96864055181
3397,74.41412524065271,31.564122426123614,15293.927584685278
3398,74.41409703689607,31.56863340393507,13510.134193987176
3399,74.41406882680937,31.57314437853658,13122.9683558451
3400,74.41404061039135,31.57765534992787,9987.672322097887
3401,74.41401238764077,31.582166318108676,8914.13221177795
3402,74.41398415855636,31.586677283078753,13471.00703700118
3403,74.41395592313684,31.59118824483785,10818.02764748348
3404,74.41392768138097,31.595699203385696,9867.77376459366
3405,74.41389943328747,31.600210158722035,14635.773187411169
3406,74.4138711788551,31.60472111084663,13030.772655367704
3407,74.4138429180826,31.609232059759204,15655.796706743047
3408,74.41381465096867,31.613743005459494,8350.71592415262
3409,74.41378637751208,31.61825394794727,419.6895341835483
3410,74.41375809771155,31.62276488722225,0.0
3411,74.41372981156587,31.6272758232842,0.0
3412,74.41370151907368,31.63178675613284,0.0
3413,74.4136732202338,31.636297685767925,206.2345314048245
3414,74.41364491504491,31.640808612189215,1844.3640096993286
3415,74.41361660350579,31.645319535396425,718.9706685509275
3416,74.41358828561515,31.649830455389313,0.0
3417,74.4207003065424,31.35212669244676,0.0
3418,74.42067264981061,31.356637825036795,0.0
3419,74.4206449868638,31.361148954429453,1677.3282491384207
3420,74.42061731770083,31.365660080624448,1138.1927596447088
3421,74.42058964232038,31.370171203621556,876.4882597732884
3422,74.42056196072132,31.37468232342048,0.0
3423,74.42053427290233,31.379193440020973,0.0
3424,74.4205065788622,31.38370455342279,777.8188290897687
3425,74.42047887859975,31.38821566362566,2628.81307144702
3426,74.42045117211372,31.392726770629316,1356.3252367876626
3427,74.42042345940288,31.397237874433493,2765.7650837416168
3428,74.42039574046598,31.401748975037947,2481.8209950126784
3429,74.4203680153018,31.406260072442407,4053.187852230443
3430,74.42034028390913,31.410771166646622,8502.239278819285
3431,74.4203125462867,31.415282257650333,10329.616098696573
3432,74.4202848024333,31.41979334545327,6585.0999499943755
3433,74.42025705234767,31.42430443005516,6952.012111315245
3434,74.42022929602864,31.42881551145578,8960.929179855142
3435,74.42020153347491,31.433326589654843,2067.6930955596636
3436,74.42017376468525,31.437837664652093,1578.0501122355156
3437,74.42014598965847,31.44234873644728,1646.6464590522862
3438,74.42011820839329,31.446859805040134,6868.266133337399
3439,74.42009042088851,31.451370870430406,9923.916098972546
3440,74.42006262714288,31.45588193261782,12080.377123381688
3441,74.42003482715512,31.46039299160214,10101.245306380059
3442,74.42000702092405,31.464904047383094,9444.308611726412
3443,74.41997920844842,31.469415099960425,12263.927552546473
3444,74.41995138972699,31.473926149333863,12269.347911394032
3445,74.4199235647585,31.478437195503158,14941.792545939417
3446,74.41989573354174,31.482948238468058,11832.177428818008
3447,74.41986789607546,31.487459278228297,11045.611674052541
3448,74.4198400523584,31.491970314783618,9950.277537349633
3449,74.41981220238937,31.496481348133774,9788.49383839016
3450,74.41978434616706,31.50099237827848,3574.598393226074
3451,74.4197564836903,31.50550340521749,4347.9336507489
3452,74.41972861495778,31.510014428950548,830.1520508275106
3453,74.41970073996832,31.514525449477404,1352.1804243505812
3454,74.41967285872063,31.519036466797782,3030.289825045444
3455,74.4196449712135,31.523547480911436,2982.1279209897607
3456,74.41961707744568,31.528058491818104,11684.592928978156
3457,74.4195891774159,31.532569499517532,13220.266089501862
3458,74.41956127112299,31.537080504009452,14097.296184218669
3459,74.4195333585656,31.541591505293624,10114.830476640256
3460,74.41950543974255,31.546102503369774,11299.131521910578
3461,74.4194775146526,31.550613498237652,16131.985120501351
3462,74.41944958329447,31.555124489896993,16256.049837973635
3463,74.41942164566696,31.55963547834755,9382.165643501405
3464,74.41939370176875,31.564146463589054,10291.736975739048
3465,74.41936575159866,31.568657445621255,11615.96540483137
3466,74.41933779515544,31.573168424443896,10772.348774779743
3467,74.41930983243782,31.577679400056727,10941.197770446013
3468,74.41928186344452,31.582190372459465,7820.432229797317
3469,74.41925388817437,31.586701341651885,11861.983875019094
3470,74.41922590662607,31.591212307633707,7694.6002453309075
3471,74.41919791879836,31.595723270404676,10518.22579941919
3472,74.41916992469002,31.60023422996456,8981.800955029525
3473,74.41914192429978,31.60474518631307,10150.981827242955
3474,74.41911391762642,31.60925613944998,9124.829331115614
3475,74.41908590466866,31.613767089374992,11102.979890921695
3476,74.41905788542525,31.61827803608789,4373.597112682515
3477,74.41902985989495,31.622788979588393,1503.0801647592605
3478,74.41900182807649,31.62729991987627,0.0
3479,74.41897378996863,31.63181085695123,0.0
3480,74.41894574557014,31.636321790813042,0.0
3481,74.41891769487974,31.640832721461432,1896.4004481829456
3482,74.41888963789614,31.64534364889617,1387.167764567189
3483,74.41886157461816,31.649854573116983,0.0
3484,74.42595691929144,31.352150316662467,0.0
3485,74.42592951348531,31.356661453416713,0.0
3486,74.42590210152059,31.361172586973975,1137.2968673806042
3487,74.42587468339607,31.36568371733397,1567.2083849895907
3488,74.42584725911053,31.370194844496456,1317.655786507494
3489,74.42581982866272,31.374705968461154,0.0
3490,74.42579239205149,31.37921708922782,0.0
3491,74.42576494927553,31.38372820679619,1458.671092286968
3492,74.42573750033371,31.388239321165997,866.9284429694025
3493,74.42571004522473,31.392750432336978,1338.7401684477175
3494,74.42568258394743,31.397261540308886,1296.797280381418
3495,74.42565511650056,31.401772645081454,1705.3245102351748
3496,74.42562764288292,31.406283746654424,3381.876271150975
3497,74.42560016309326,31.41079484502752,3308.45589181713
3498,74.42557267713039,31.415305940200515,7290.662683867436
3499,74.42554518499307,31.41981703217313,10866.48917014704
3500,74.42551768668007,31.42432812094509,9369.919677354037
3501,74.42549018219019,31.428839206516148,10521.736496936188
3502,74.42546267152217,31.433350288886064,7818.561766602782
3503,74.42543515467482,31.43786136805456,7587.526342475381
3504,74.4254076316469,31.44237244402137,8009.444144052528
3505,74.42538010243722,31.44688351678624,6975.224035112052
3506,74.42535256704453,31.451394586348925,7175.599366051572
3507,74.42532502546756,31.455905652709145,9068.755505743258
3508,74.42529747770516,31.46041671586666,9325.034833542531
3509,74.42526992375605,31.464927775821188,11243.93788427318
3510,74.42524236361905,31.4694388325725,10735.360121710424
3511,74.4252147972929,31.473949886120316,9324.957332096898
3512,74.42518722477637,31.47846093646437,10396.179379346231
3513,74.42515964606824,31.482971983604426,10778.284076285305
3514,74.4251320611673,31.487483027540208,13136.992882418497
3515,74.42510447007227,31.491994068271467,11577.579830801847
3516,74.425076872782,31.49650510579794,9175.542662205453
3517,74.42504926929519,31.501016140119376,7668.580564853072
3518,74.42502165961065,31.5055271712355,5964.8570115902585
3519,74.42499404372714,31.51003819914607,4329.9336183274
3520,74.42496642164342,31.51454922385083,7761.5948150785525
3521,74.42493879335828,31.519060245349507,9516.961716955031
3522,74.42491115887044,31.52357126364184,7507.036677071405
3523,74.42488351817875,31.528082278727585,7570.494990904841
3524,74.42485587128188,31.53259329060648,7858.609558135594
3525,74.42482821817867,31.537104299278266,9137.856447478629
3526,74.42480055886789,31.541615304742695,8560.955808296454
3527,74.42477289334823,31.5461263069995,11713.016643804976
3528,74.42474522161854,31.550637306048422,15482.050172085244
3529,74.42471754367754,31.555148301889204,16732.678058321042
3530,74.42468985952402,31.559659294521598,7686.94940944104
3531,74.42466216915673,31.564170283945323,8816.956603386307
3532,74.42463447257445,31.568681270160152,7724.4857842831525
3533,74.42460676977592,31.57319225316581,12646.439300878355
3534,74.42457906075991,31.577703232962048,9444.610360531595
3535,74.42455134552519,31.582214209548596,10132.676524747547
3536,74.42452362407053,31.58672518292521,11504.604640735972
3537,74.42449589639467,31.59123615309162,13673.951611179822
3538,74.4244681624964,31.59574712004759,12140.327388842807
3539,74.42444042237447,31.600258083792852,7733.153211555599
3540,74.42441267602763,31.604769044327153,11147.440739598476
3541,74.42438492345465,31.609280001650223,7516.832473815797
3542,74.4243571646543,31.61379095576181,4976.190878473679
3543,74.42432939962531,31.61830190666167,1086.4214670443764
3544,74.42430162836648,31.62281285434954,3495.4359352859824
3545,74.42427385087655,31.627323798825163,3515.1982613081987
3546,74.42424606715426,31.631834740088273,2112.7788984069157
3547,74.42421827719839,31.636345678138625,476.7533060991627
3548,74.4241904810077,31.64085661297597,527.7675810258748
3549,74.42416267858096,31.64536754460004,0.0
3550,74.42413486991688,31.649878473010588,0.0
3551,74.43121353819782,31.35217372555572,884.6094526583743
3552,74.43118638331862,31.356684866436243,1002.3825825484428
3553,74.4311592223372,31.361196004120146,4042.294907428831
3554,74.43113205525238,31.365707138607178,1439.3529391881043
3555,74.43110488206294,31.370218269897084,2913.154444222341
3556,74.43107770276765,31.374729397989597,1003.6710377024697
3557,74.43105051736534,31.37924052288444,1084.7383682487684
3558,74.43102332585478,31.383751644581395,1190.415415383435
3559,74.43099612823478,31.38826276308017,0.0
3560,74.4309689245041,31.392773878380506,2320.401368047488
3561,74.43094171466157,31.397284990482152,3052.2684854924346
3562,74.43091449870595,31.401796099384843,1105.305730922604
3563,74.43088727663604,31.40630720508832,329.0301758222657
3564,74.43086004845064,31.410818307592322,3850.479216223399
3565,74.43083281414853,31.415329406896603,6627.583098808482
3566,74.43080557372849,31.419840503000884,8770.392180396517
3567,74.43077832718934,31.424351595904902,8937.63764135974
3568,74.43075107452982,31.428862685608404,10093.480533947764
3569,74.43072381574878,31.43337377211116,8802.03132030927
3570,74.43069655084496,31.437884855412864,12411.951633599547
3571,74.43066927981715,31.44239593551329,10658.888846143353
3572,74.43064200266416,31.44690701241216,11260.86664252268
3573,74.43061471938475,31.451418086109236,7070.847654080269
3574,74.43058742997773,31.45592915660422,5144.357316014307
3575,74.43056013444189,31.460440223896892,9562.143603931623
3576,74.43053283277598,31.464951287986977,8846.373738498993
3577,74.4305055249788,31.46946234887421,9035.338793832683
3578,74.43047821104918,31.473973406558354,10584.053127066358
3579,74.43045089098581,31.478484461039123,9320.029540691767
3580,74.43042356478756,31.482995512316275,10118.721066031932
3581,74.43039623245319,31.48750656038954,12278.72299900293
3582,74.43036889398145,31.49201760525869,10800.841093510538
3583,74.43034154937115,31.496528646923434,9979.780381259818
3584,74.43031419862106,31.501039685383507,12036.954175797964
3585,74.43028684173001,31.505550720638688,4966.198498903537
3586,74.4302594786967,31.510061752688696,6023.913080883066
3587,74.43023210951995,31.51457278153326,8276.726512366306
3588,74.43020473419855,31.51908380717215,10173.011779968585
3589,74.43017735273126,31.523594829605095,10549.316939380806
3590,74.43014996511691,31.528105848831846,7927.260015549564
3591,74.4301225713542,31.53261686485211,4028.697594610567
3592,74.43009517144196,31.53712787766567,4202.535765040255
3593,74.43006776537895,31.541638887272246,4388.040906906389
3594,74.43004035316399,31.54614989367161,5496.951012272187
3595,74.4300129347958,31.550660896863477,8276.194363467986
3596,74.42998551027316,31.555171896847586,9882.777764830369
3597,74.42995807959488,31.559682893623688,12026.123812357679
3598,74.42993064275973,31.56419388719153,4462.523545532003
3599,74.42990319976646,31.568704877550857,9876.982772556441
3600,74.42987575061386,31.573215864701414,14325.70110780906
3601,74.4298482953007,31.577726848642925,13146.571421662213
3602,74.4298208338258,31.582237829375163,8756.968313572537
3603,74.42979336618787,31.586748806897834,10852.365344046439
3604,74.4297658923857,31.591259781210706,12307.735418985458
3605,74.4297384124181,31.595770752313527,7145.633901294712
3606,74.42971092628382,31.600281720206024,7627.562004352192
3607,74.42968343398161,31.604792684887947,3498.7454475214063
3608,74.42965593551027,31.609303646359045,3085.3837371544732
3609,74.42962843086856,31.61381460461903,3929.684907507538
3610,74.42960092005525,31.6183255596677,3319.7329390972086
3611,74.42957340306913,31.62283651150477,2322.1370744698347
3612,74.42954587990893,31.627347460129975,2464.013019570158
3613,74.42951835057345,31.631858405543078,3117.3664799334174
3614,74.42949081506148,31.636369347743805,4552.741684381707
3615,74.42946327337175,31.640880286731907,3268.628320777196
3616,74.42943572550304,31.645391222507136,0.0
3617,74.42940817145413,31.649902155069228,0.0
3618,74.4364701632052,31.352196919125664,46.98869028238844
3619,74.43644325925413,31.356708064094498,1118.3778616385346
3620,74.43641634925723,31.361219205867094,1253.6314487027817
3621,74.4363894332133,31.3657303444432,0.0
3622,74.43636251112115,31.37024147982256,54.86043925059491
3623,74.4363355829796,31.374752612004908,1421.3470740724747
3624,74.43630864878743,31.37926374098999,1.8843386999699938
3625,74.43628170854348,31.383774866777543,339.11481892455544
3626,74.4362547622465,31.388285989367297,1085.0436017540405
3627,74.43622780989536,31.39279710875902,1007.7488293738069
3628,74.43620085148876,31.3973082249524,1329.218712886866
3629,74.43617388702562,31.40181933794724,67.09426715403765
3630,74.43614691650465,31.40633044774323,714.5229690161068
3631,74.43611993992471,31.41084155434013,3253.150424242279
3632,74.4360929572846,31.415352657737703,7527.968334660718
3633,74.43606596858308,31.419863757935648,5334.459696787609
3634,74.43603897381897,31.424374854933728,6585.052907874453
3635,74.43601197299105,31.428885948731672,11793.36053415633
3636,74.43598496609815,31.433397039329236,13193.265783982475
3637,74.43595795313905,31.437908126726157,17329.278420572642
3638,74.43593093411258,31.44241921092216,14330.609897722987
3639,74.43590390901748,31.446930291917013,12113.682364446551
3640,74.4358768778526,31.45144136971043,10356.963118601656
3641,74.43584984061673,31.455952444302156,9314.534849298467
3642,74.43582279730866,31.460463515691963,8069.468146754668
3643,74.43579574792714,31.464974583879552,6992.600126512624
3644,74.43576869247104,31.469485648864687,11065.707308881178
3645,74.43574163093913,31.473996710647096,9646.761754351819
3646,74.43571456333017,31.47850776922654,12566.929774132892
3647,74.43568748964302,31.483018824602738,12836.700089599426
3648,74.43566040987642,31.487529876775447,10848.866528702916
3649,74.43563332402915,31.492040925744394,10923.817017524472
3650,74.43560623210007,31.496551971509337,7896.154547124822
3651,74.43557913408796,31.501063014070017,8825.315715688444
3652,74.43555202999156,31.50557405342616,9476.38411616025
3653,74.43552491980968,31.510085089577526,13150.164267873173
3654,74.43549780354115,31.514596122523848,9727.910247278713
3655,74.43547068118471,31.519107152264866,9743.631124621652
3656,74.43544355273922,31.523618178800323,7467.5492252941
3657,74.43541641820337,31.528129202129964,11041.836285917247
3658,74.43538927757606,31.532640222253526,8210.578271939428
3659,74.43536213085603,31.53715123917076,4308.029671606883
3660,74.43533497804205,31.541662252881416,1577.5660967857189
3661,74.43530781913293,31.546173263385214,5662.8849444051075
3662,74.43528065412744,31.550684270681916,3985.4831782753267
3663,74.43525348302441,31.555195274771243,6709.313411317504
3664,74.4352263058226,31.559706275652957,8650.485865667659
3665,74.43519912252079,31.564217273326797,6867.396576066003
3666,74.43517193311777,31.56872826779251,7821.047655249024
3667,74.43514473761235,31.573239259049824,13378.345603279953
3668,74.4351175360033,31.577750247098496,14402.120761395126
3669,74.4350903282894,31.58226123193826,11469.96296085315
3670,74.43506311446944,31.586772213568874,8833.726152767613
3671,74.43503589454221,31.59128319199007,9244.557082777605
3672,74.4350086685065,31.595794167201586,7648.551626533884
3673,74.43498143636108,31.600305139203176,3046.638697434765
3674,74.43495419810472,31.604816107994584,255.6705084620877
3675,74.43492695373624,31.60932707357554,2213.339204400909
3676,74.43489970325442,31.613838035945793,1288.8999904833902
3677,74.434872446658,31.618348995105098,1478.8559188030313
3678,74.43484518394582,31.622859951053208,2510.579341004085
3679,74.4348179151166,31.627370903789828,2406.6384373768424
3680,74.43479064016918,31.631881853314738,2519.70720941447
3681,74.43476335910232,31.636392799627664,2849.0639360440946
3682,74.4347360719148,31.64090374272835,2078.360425308538
3683,74.43470877860535,31.645414682616554,0.0
3684,74.43468147917282,31.64992561929202,0.0
3685,74.44172679425724,31.35221989737142,0.0
3686,74.44170014123547,31.356731046390603,2854.714385934634
3687,74.44167348222427,31.361242192213943,2532.9555571871915
3688,74.44164681722242,31.365753334841163,0.0
3689,74.44162014622877,31.370264474272023,0.0
3690,74.44159346924215,31.374775610506244,677.6263008277809
3691,74.44156678626133,31.379286743543574,2281.589385327871
3692,74.44154009728517,31.383797873383752,1124.427098878551
3693,74.44151340231242,31.388309000026524,0.0
3694,74.44148670134196,31.392820123471623,1007.9027064885655
3695,74.44145999437256,31.397331243718796,928.0719910974558
3696,74.44143328140306,31.401842360767755,2002.3948496298635
3697,74.44140656243226,31.406353474618285,1334.9818914143827
3698,74.44137983745897,31.410864585270097,1847.346344289075
3699,74.44135310648204,31.415375692722947,1830.6299633295048
3700,74.44132636950022,31.419886796976567,1981.4328680001918
3701,74.44129962651235,31.424397898030694,2577.9784717177486
3702,74.44127287751724,31.42890899588507,8927.502498590571
3703,74.44124612251372,31.433420090539443,12560.430751113834
3704,74.44121936150056,31.43793118199354,13859.916177832405
3705,74.44119259447659,31.442442270247117,15908.62952967343
3706,74.44116582144063,31.44695335529991,10632.028032896871
3707,74.44113904239147,31.451464437151657,11513.187300650121
3708,74.44111225732794,31.455975515802095,12319.966036621789
3709,74.44108546624884,31.46048659125098,7992.218313289601
3710,74.44105866915294,31.464997663498053,15084.640129315885
3711,74.44103186603911,31.46950873254303,10962.85956420362
3712,74.44100505690612,31.47401979838568,10239.49745695585
3713,74.44097824175277,31.478530861025725,10698.467684416499
3714,74.4409514205779,31.483041920462927,13673.04343512766
3715,74.44092459338027,31.487552976697003,11277.742656862762
3716,74.44089776015875,31.492064029727725,11469.202602850015
3717,74.44087092091208,31.496575079554813,10138.232444517533
3718,74.44084407563908,31.501086126178006,6069.973308343298
3719,74.44081722433857,31.505597169597053,11784.82051359407
3720,74.44079036700934,31.5101082098117,12858.380864917466
3721,74.44076350365022,31.514619246821688,8696.473429995503
3722,74.44073663425998,31.519130280626754,10044.766909130109
3723,74.44070975883743,31.52364131122665,8487.532328082661
3724,74.44068287738139,31.528152338621105,9072.378650407049
3725,74.44065598989067,31.532663362809867,1806.6404501302409
3726,74.44062909636402,31.53717438379268,3505.531001441574
3727,74.44060219680028,31.541685401569286,3485.5308984870776
3728,74.44057529119823,31.546196416139438,4866.590001375203
3729,74.44054837955669,31.550707427502857,5217.420357273572
3730,74.44052146187445,31.55521843565931,5507.49787778912
3731,74.44049453815032,31.559729440608518,5196.748400228789
3732,74.44046760838307,31.564240442350233,2762.181449000255
3733,74.44044067257153,31.568751440884203,8627.268071186729
3734,74.44041373071447,31.573262436210168,12564.444618616531
3735,74.44038678281073,31.577773428327863,11732.597442432832
3736,74.44035982885906,31.58228441723705,3319.136483893586
3737,74.44033286885828,31.586795402937447,4963.589575328035
3738,74.4403059028072,31.591306385428823,11482.851513904507
3739,74.4402789307046,31.5958173647109,11461.67946651541
3740,74.44025195254925,31.60032834078343,9154.403283208992
3741,74.44022496833998,31.60483931364617,6225.052796662433
3742,74.44019797807559,31.609350283298845,4130.583202107248
3743,74.44017098175483,31.6138612497412,0.0
3744,74.44014397937654,31.618372212972982,765.4694215899322
3745,74.44011697093951,31.622883172993962,2566.9585467316447
3746,74.44008995644252,31.627394129803832,3937.39621370027
3747,74.44006293588434,31.631905083402383,2679.814605240494
3748,74.44003590926383,31.636416033789327,2922.5959486768866
3749,74.44000887657968,31.640926980964423,1963.1661350505535
3750,74.43998183783077,31.64543792492742,0.0
3751,74.43995479301584,31.649948865678063,0.0
3752,74.44698343129751,31.35224266029213,85.02052580540493
3753,74.44695702920625,31.356753813323717,2546.1667212263505
3754,74.44693062118192,31.361264963159833,2194.429122666693
3755,74.44690420722338,31.365776109800212,46.81747398760441
3756,74.44687778732943,31.370287253244605,0.0
3757,74.44685136149889,31.374798393492732,0.0
3758,74.4468249297306,31.379309530544337,754.3502272402179
3759,74.4467984920234,31.383820664399178,1790.5714045821205
3760,74.44677204837609,31.38833179505698,1054.014865509938
3761,74.4467455987875,31.39284292251749,2313.170613888617
3762,74.44671914325646,31.397354046780432,500.5626096648047
3763,74.44669268178183,31.401865167845568,445.6959505422747
3764,74.44666621436235,31.406376285712625,2512.79367259263
3765,74.44663974099694,31.41088740038135,832.9887080920787
3766,74.44661326168435,31.415398511851482,0.0
3767,74.44658677642343,31.419909620122766,912.115370893367
3768,74.446560285213,31.424420725194935,5150.210310097446
3769,74.44653378805187,31.428931827067725,11502.712111688188
3770,74.44650728493887,31.43344292574088,12904.504677093235
3771,74.44648077587286,31.437954021214157,2689.326103922747
3772,74.4464542608526,31.44246511348728,9717.882525322679
3773,74.44642773987697,31.44697620256,7643.839918831965
3774,74.44640121294472,31.451487288432045,4343.8488116598855
3775,74.44637468005472,31.455998371103163,6411.674980408564
3776,74.44634814120576,31.460509450573102,10006.67906045868
3777,74.44632159639671,31.465020526841602,10611.548505080938
3778,74.44629504562633,31.4695315999084,10435.557760468824
3779,74.44626848889345,31.47404266977323,10112.328731018182
3780,74.44624192619692,31.478553736435845,10565.722650100231
3781,74.44621535753552,31.483064799895985,9336.762348007289
3782,74.44618878290808,31.48757586015339,10957.564222842475
3783,74.44616220231343,31.492086917207804,13197.328805197229
3784,74.44613561575038,31.49659797105896,3894.123241763808
3785,74.44610902321773,31.501109021706615,7081.504323605127
3786,74.44608242471432,31.505620069150496,7545.0313172197475
3787,74.44605582023894,31.51013111339036,7218.294053572975
3788,74.4460292097904,31.514642154425925,6919.176104843731
3789,74.44600259336757,31.51915319225697,11854.825439142422
3790,74.4459759709692,31.52366422688321,6998.481433876224
3791,74.44594934259412,31.528175258304387,7977.561366112721
3792,74.44592270824114,31.532686286520253,147.42837092879836
3793,74.4458960679091,31.53719731153055,4531.063728002752
3794,74.44586942159678,31.541708333335027,37.763115605350286
3795,74.44584276930303,31.546219351933416,1430.839712523347
3796,74.4458161110266,31.550730367325457,4052.5926887776586
3797,74.44578944676637,31.555241379510903,2828.914325501994
3798,74.44576277652112,31.559752388489496,1632.3759021979808
3799,74.44573610028965,31.564263394260973,4717.799361763751
3800,74.44570941807076,31.568774396825074,5193.198012631177
3801,74.44568272986331,31.573285396181554,8795.618516272754
3802,74.44565603566605,31.577796392330157,9070.86490172472
3803,74.44562933547782,31.582307385270617,3450.146934146514
3804,74.44560262929743,31.586818375002682,10881.81980570373
3805,74.4455759171237,31.59132936152609,10494.185383637116
3806,74.4455491989554,31.59584034484059,13536.746783970542
3807,74.44552247479136,31.60035132494592,6358.788201082479
3808,74.44549574463038,31.604862301841834,2035.573360328862
3809,74.44546900847125,31.609373275528082,427.5879738275003
3810,74.44544226631281,31.61388424600438,0.0
3811,74.44541551815385,31.618395213270492,450.80804038534404
3812,74.44538876399317,31.622906177326154,6429.6629981591395
3813,74.44536200382956,31.627417138171122,3487.8262072239363
3814,74.44533523766188,31.631928095805137,4928.767594371561
3815,74.44530846548889,31.636439050227935,2593.5612325990996
3816,74.44528168730939,31.640950001439254,3472.4331367391155
3817,74.44525490312218,31.64546094943886,0.0
3818,74.4452281129261,31.649971894226496,0.0
3819,74.45224007426968,31.35226520788694,0.0
3820,74.45221392311008,31.35677636489298,0.0
3821,74.4521877660738,31.361287518703918,183.8424494422773
3822,74.45216160315972,31.3657986693195,0.0
3823,74.45213543436662,31.370309816739454,0.0
3824,74.45210925969337,31.37482096096351,0.0
3825,74.45208307913879,31.379332101991427,0.0
3826,74.45205689270175,31.383843239822944,0.0
3827,74.45203070038103,31.388354374457812,0.0
3828,74.4520045021755,31.39286550589574,344.82442685090206
3829,74.45197829808401,31.39737663413648,0.0
3830,74.45195208810537,31.40188775917979,0.0
3831,74.45192587223845,31.406398881025385,302.1640134686316
3832,74.45189965048202,31.410909999673027,0.0
3833,74.45187342283498,31.41542111512245,0.0
3834,74.45184718929613,31.419932227373398,0.0
3835,74.45182094986433,31.424443336425593,1726.806898844393
3836,74.45179470453837,31.42895444227878,568.720622191819
3837,74.45176845331711,31.43346554493273,1149.334892296934
3838,74.4517421961994,31.437976644387152,0.0
3839,74.45171593318402,31.4424877406418,0.0
3840,74.45168966426986,31.446998833696416,279.9001098775545
3841,74.45166338945573,31.451509923550745,471.3901844677317
3842,74.45163710874044,31.456021010204505,906.8228144276329
3843,74.45161082212284,31.460532093657466,736.3159687766899
3844,74.45158452960176,31.465043173909358,1320.1394358350842
3845,74.45155823117601,31.46955425095992,857.7770688489064
3846,74.45153192684445,31.47406532480889,459.65134965162144
3847,74.45150561660591,31.47857639545602,842.7224966007095
3848,74.45147930045917,31.48308746290105,908.9006217321124
3849,74.45145297840311,31.48759852714372,1922.1476040262899
3850,74.45142665043653,31.49210958818377,1463.1883494852127
3851,74.45140031655828,31.496620646020947,287.1404696749494
3852,74.45137397676716,31.501131700654977,0.0
3853,74.451347631062,31.50564275208562,0.0
3854,74.45132127944166,31.51015380031262,0.0
3855,74.45129492190493,31.51466484533571,0.0
3856,74.45126855845064,31.51917588715463,723.6976743394589
3857,74.4512421890776,31.523686925769127,773.6678908653768
3858,74.45121581378471,31.52819796117895,2155.0753924746664
3859,74.4511894325707,31.532708993383824,0.0
3860,74.45116304543446,31.537220022383508,902.2260397464961
3861,74.45113665237476,31.541731048177745,0.0
3862,74.45111025339048,31.54624207076628,166.07461024739845
3863,74.45108384848038,31.550753090148827,672.1264623160481
3864,74.45105743764333,31.55526410632517,1635.5487913214215
3865,74.45103102087815,31.559775119295026,1380.1856789874512
3866,74.45100459818362,31.56428612905814,1121.3663766593424
3867,74.45097816955862,31.568797135614265,101.55284202674363
3868,74.45095173500191,31.57330813896314,3884.459008207968
3869,74.45092529451237,31.57781913910451,3459.5312126635367
3870,74.45089884808878,31.582330136038127,2024.735180030651
3871,74.45087239572997,31.5868411297637,2726.9968467104686
3872,74.45084593743476,31.59135212028101,3001.228875669852
3873,74.45081947320196,31.59586310758979,4457.453784021321
3874,74.4507930030304,31.600374091689787,913.9222772009037
3875,74.4507665269189,31.60488507258073,964.3172924984076
3876,74.45074004486627,31.60939605026238,0.0
3877,74.4507135568713,31.61390702473446,0.0
3878,74.45068706293287,31.61841799599673,1254.151168288766
3879,74.45066056304974,31.62292896404895,2568.625294012405
3880,74.45063405722075,31.62743992889084,1183.2834077542632
3881,74.45060754544471,31.631950890522134,770.0641259119107
3882,74.45058102772046,31.636461848942602,520.4553734647515
3883,74.45055450404676,31.64097280415198,1121.1251802192223
3884,74.45052797442247,31.645483756150014,65.46648576489939
3885,74.4505014388464,31.649994704936454,0.0
