cell_id,LST_Celsius,NDVI,NDBI,Elevation,lon,lat,road_length_m
0,49.578635727254714,0.18460005663552775,0.0669327543847808,204.45317220543805,74.152622541456,31.350636362980964,4188.219826242895
1,50.09939891017754,0.17952293642967043,0.07242283809141044,205.92991452991453,74.1525820893877,31.35514723287628,7547.041898997074
2,49.651301105043366,0.18695368831686232,0.053923474199088675,210.38991066736727,74.15254162822949,31.35965809954965,8097.100636617341
3,47.85342917331276,0.19180074267349584,0.011049656332419026,210.28434336795067,74.15250115797963,31.36416896300084,6442.029291554116
4,48.09303557590779,0.19441118781722755,0.022207471730680602,210.25354703100376,74.15246067863632,31.36867982322956,9632.942981296936
5,47.65788541462511,0.24292315999077865,0.007171040141136108,209.32570376216788,74.15242019019772,31.37319068023553,3000.1238450191317
6,45.60058512999214,0.2559911421594324,0.00018382035067618298,208.63301787592016,74.15237969266207,31.37770153401852,1482.4889982579043
7,47.29509550098582,0.23958082600954586,-0.005956894374553777,208.43165089379605,74.15233918602756,31.382212384578224,4339.507343223475
8,45.555610215817275,0.17896686177733315,0.048854318174252245,207.81029276618094,74.15229867029238,31.38672323191441,9563.01094771659
9,46.1517204133636,0.15546406226348888,0.05307836904418073,208.01327549947425,74.15225814545474,31.391234076026777,4699.939389539757
10,46.83445272856245,0.21327015669008448,0.01593199448432441,208.96048312984118,74.15221761151285,31.395744916915085,2978.9155171217863
11,47.62552611504732,0.278931153020711,-0.005894820853799636,207.26511566771816,74.15217706846491,31.400255754579053,1979.154887624108
12,49.18310406580339,0.24004269761009403,0.034669611307891965,208.43961669729586,74.1521365163091,31.404766589018426,983.7909593993652
13,45.89152521329656,0.28900919613045667,-0.02204161864774819,207.80126182965304,74.15209595504363,31.409277420232915,2805.1909855540844
14,46.63051558111319,0.272541984856403,-0.0109075155366738,205.68129846234723,74.1520553846667,31.41378824822227,4603.874656983821
15,47.82539859289937,0.20892178612166679,0.005613329078201673,200.01274303730952,74.15201480517649,31.418299072986237,16433.762189133136
16,48.63030165000264,0.2047288879957719,0.00815275166393996,200.72585096596134,74.15197421657119,31.422809894524512,14022.971854875645
17,46.976550034994105,0.3204301716075019,-0.06539691766056382,201.4714304479181,74.15193361884901,31.427320712836856,33.42315660119845
18,47.856721833472236,0.3108075379987449,-0.04905018123446986,200.0061768957814,74.15189301200819,31.431831527923013,0.0
19,46.61988932332987,0.33441371972996103,-0.057992616916429936,201.11230789439128,74.15185239604683,31.436342339782684,0.0
20,53.08393241881521,0.2211920659106689,0.019920882946754627,204.83633258899258,74.1518117709632,31.44085314841562,0.0
21,47.983389115709436,0.24337923240460851,-0.013689750906237861,201.39152119700753,74.15177113675547,31.445363953821555,0.0
22,39.665546905501145,0.15040253335827652,-0.1307368065938905,197.3501904636806,74.15173049342184,31.44987475600024,0.0
23,48.08030869113345,0.2583089540127238,-0.019273473996615234,198.1381345926802,74.15168984096046,31.45438555495136,0.0
24,47.201173749302626,0.32264875191575987,-0.043576015013431516,199.7943262411348,74.15164917936957,31.45889635067469,0.0
25,44.232890008170045,0.3772228618663078,-0.09232810383758498,200.01679128951858,74.15160850864733,31.463407143169963,0.0
26,42.233789126383854,0.4439952536243911,-0.14281522375577996,200.653487455668,74.15156782879195,31.467917932436908,0.0
27,43.60557539552117,0.38049950249079506,-0.09556237535404323,201.14741401942774,74.15152713980163,31.47242871847524,0.0
28,44.3819190991074,0.38151828820421113,-0.08261679131284086,201.99186138093987,74.1514864416745,31.476939501284708,0.0
29,43.57437609336701,0.35856306295326573,-0.07072861923979022,201.45422350472188,74.15144573440885,31.481450280865054,0.0
30,43.06929379321438,0.38556307076919755,-0.10468295674805454,202.65848858567296,74.15140501800276,31.485961057216,0.0
31,44.570824260495876,0.3184156692164436,-0.07087932181834525,199.7267479994752,74.15136429245449,31.49047183033728,0.0
32,40.319912578259164,0.36934748337371015,-0.10779612471815672,202.29539188656946,74.15132355776218,31.494982600228653,0.0
33,38.43998393231407,0.36784709409230304,-0.11229678697438165,202.4075823166732,74.15128281392406,31.49949336688982,0.0
34,36.78276782778654,0.42173688697313655,-0.1345753168252801,203.12629644216878,74.15124206093827,31.504004130320524,0.0
35,38.152328493434844,0.41927371955518544,-0.1420822363857221,203.79222995143718,74.15120129880302,31.50851489052052,0.0
36,40.78991501635208,0.38995083282718196,-0.1174440593554622,203.22026778682067,74.1511605275165,31.51302564748952,0.0
37,40.30618552813314,0.3828655564573093,-0.11097340492919754,204.08323486937115,74.15111974707686,31.51753640122728,0.0
38,39.31434667345929,0.3622931861905676,-0.09484408065064566,204.58310376492193,74.15107895748233,31.522047151733517,0.0
39,39.440071564569074,0.32753108488093635,-0.0828985947442022,204.17945690672963,74.15103815873105,31.52655789900797,0.0
40,38.56807249652547,0.32737674634740316,-0.07523220491021775,204.37959076600208,74.15099735082124,31.53106864305038,724.3113406622736
41,36.59433943668024,0.36038240745085504,-0.1047242485852795,204.22643738514043,74.15095653375107,31.535579383860465,211.2459340457873
42,38.492711884313636,0.252282341915136,-0.028260188819130914,203.63852104366066,74.15091570751868,31.540090121437984,81.55183641166926
43,37.83244820852869,0.2629459748608219,-0.031100611716268056,203.6011287570547,74.15087487212232,31.54460085578268,0.0
44,39.593268269461284,0.1719001098902237,0.017593415277917683,203.5223489317079,74.1508340275601,31.549111586894245,298.6342341305381
45,40.907361010602145,0.16793306847455117,-0.005946089410767478,203.1116358389086,74.15079317383024,31.55362231477245,0.0
46,36.91450265754033,0.23688432429693032,-0.0093236892897963,202.4844630916481,74.15075231093087,31.55813303941701,0.0
47,38.15357914508857,0.20824997384478303,0.0021573887431176413,202.8703922340286,74.15071143886026,31.56264376082769,0.0
48,40.01716745178279,0.24637725116239895,-0.032044150492597845,202.84796012068742,74.15067055761651,31.56715447900421,0.0
49,42.15242490234949,0.21208855805306534,-0.0288474907817319,203.4855043945953,74.15062966719779,31.57166519394628,0.0
50,42.716551928746085,0.2186397182384232,-0.08142579174327685,202.6757607555089,74.15058876760233,31.57617590565368,0.0
51,49.06407932106906,0.17127251510421848,0.05667283351463182,203.21393947333942,74.15054785882828,31.580686614126133,0.0
52,46.12231194901941,0.2626987626376806,-0.02502514092702807,203.61208704771894,74.1505069408738,31.585197319363346,0.0
53,50.23030313020072,0.19952483757313,0.06549227732755752,204.24885215794308,74.15046601373707,31.58970802136508,0.0
54,48.06267369985956,0.19071801251358408,0.06430461425579227,204.02060908374906,74.15042507741627,31.59421872013107,0.0
55,45.17848712634745,0.32286182196269236,-0.056543026906429435,204.04061312721078,74.15038413190956,31.598729415661055,0.0
56,45.19791430998034,0.37270732097575515,-0.08269564514788232,203.6219192448872,74.15034317721513,31.603240107954765,0.0
57,46.98950704280679,0.31479625295928404,-0.04334831810152474,203.40023597273208,74.15030221333117,31.607750797011956,0.0
58,46.72482587004719,0.2053125822599839,0.02292805128153388,203.66823961200683,74.1502612402558,31.61226148283232,0.0
59,46.28616653141192,0.22150354083443502,0.012246072671137392,202.83665443104354,74.15022025798721,31.61677216541562,0.0
60,49.232969113124994,0.17070191298263748,0.04490542590053529,203.10744234800842,74.15017926652358,31.621282844761605,0.0
61,47.539903481638724,0.20675420379529477,0.014192565534802753,203.37336130047197,74.15013826586309,31.62579352087,0.0
62,46.0371980418263,0.25610646382554036,-0.016589794900511715,203.69199528363686,74.15009725600386,31.630304193740542,435.0262157283607
63,46.8956272105189,0.22288143259228016,-0.0038200495119854482,203.75917190775684,74.1500562369441,31.634814863372966,876.4088331779483
64,46.1005301506459,0.19873801867532417,0.015117286422986872,203.97510808332245,74.15001520868198,31.63932552976701,516.3700951602422
65,48.43658594329971,0.19439935153527615,0.02453288439274031,204.22561615102254,74.14997417121562,31.64383619292241,0.0
66,47.83060849301166,0.19618322074012923,0.01791765562945431,203.64724368207413,74.14993312454324,31.648346852838905,158.4917359491986
67,48.88740141466264,0.21452956211220742,0.043260005024814294,206.9538340128896,74.15787876544005,31.350670967289577,2155.464287644046
68,49.917124109130626,0.1772576814732263,0.06415793524829429,207.38747862685784,74.15783856422061,31.35518184328436,9736.415140902644
69,49.91851669762194,0.1780947830432473,0.05575785938231932,209.38004469567502,74.15779835396766,31.359692716057783,9569.331121534142
70,48.44109512778115,0.19579763825678234,0.020862848818739305,209.6532947520716,74.15775813467941,31.364203585609584,4690.098360629285
71,45.30223692847247,0.294141877275678,-0.031017556418456417,209.76403312738267,74.15771790635408,31.36871445193948,3539.9965408089483
72,46.62994149104039,0.2611017915333312,-0.0025149927240311724,207.9072734446929,74.15767766898988,31.373225315047225,3853.091415191994
73,45.84618905067431,0.29106114112976617,-0.02363994114905491,206.11698212407993,74.15763742258501,31.37773617493253,5270.7904345991965
74,47.17728776891124,0.23734514209970567,-0.009692251491358226,207.51992110453648,74.1575971671377,31.382247031595146,8414.933014321137
75,47.11064112581045,0.24033937997933172,-0.0022626098589963585,207.83225976074664,74.15755690264614,31.3867578850348,9937.046040666875
76,45.13261357982257,0.26522857682017037,-0.024094823641171124,209.72147739221873,74.15751662910856,31.39126873525121,8756.138237109804
77,44.96227326449134,0.28204983275559187,-0.038704577514886145,209.97160883280756,74.15747634652315,31.395779582244117,8611.869333616274
78,47.903316449050905,0.25172901350148763,0.004505885639277338,207.39910608649927,74.15743605488818,31.40029042601328,3241.3601465032066
79,49.31127601272478,0.2063949424405899,0.026396033133764322,208.75105152471085,74.15739575420181,31.404801266558398,3005.6634159280707
80,46.09837172204574,0.2923700469269413,-0.02022463085295655,208.71528051504401,74.15735544446223,31.409312103879213,373.14205182614046
81,44.44271437962152,0.32489044000473677,-0.04102312623764025,206.59495334472342,74.15731512566767,31.41382293797548,5612.683633967843
82,45.982611872548276,0.21805386737113397,-0.00024376759502365373,200.16318760666942,74.15727479781638,31.418333768846903,15208.82650316975
83,46.100624778478135,0.23053159412787502,-0.012409435554154625,198.44973058220538,74.15723446090648,31.422844596493228,16108.625014207628
84,46.559393436282036,0.27492618873087743,-0.045979435129547074,199.98582118944472,74.15719411493627,31.427355420914196,2316.3753094813064
85,46.3487659876501,0.3703879346678094,-0.0872116719906137,199.12898988572184,74.15715375990389,31.431866242109525,0.0
86,46.80421758866879,0.35478888193932273,-0.08108799851150383,201.82722856767762,74.15711339580758,31.43637706007896,0.0
87,50.417944837996885,0.24710886621095993,-0.00821557741483173,203.90778930776312,74.15707302264552,31.440887874822227,0.0
88,49.088136457477056,0.30391605890882056,-0.021034123884283024,202.27185613021794,74.15703264041593,31.445398686339068,0.0
89,44.49815352057275,0.26454509454444564,-0.07568333886279038,200.00026270852496,74.15699224911702,31.44990949462922,0.0
90,39.40526358335786,0.1288469353881374,-0.16240581432842943,197.9176949330534,74.15695184874697,31.4544202996924,0.0
91,45.34826331411141,0.3023821658501706,-0.04370477764909247,198.51819256534876,74.156911439304,31.45893110152835,0.0
92,46.13825789357135,0.35128099749672353,-0.07047387776566222,199.18243864024157,74.15687102078631,31.46344190013683,0.0
93,46.2513009023826,0.3109362463614357,-0.06226203197971793,200.099580162687,74.1568305931921,31.467952695517532,0.0
94,44.25757571096433,0.371562237192268,-0.09888934640189262,198.5461821044345,74.15679015651956,31.47246348767021,0.0
95,45.73185431206773,0.327617526388692,-0.06136756677573814,200.12038860443738,74.1567497107669,31.476974276594607,0.0
96,44.9419112897007,0.3518281291788149,-0.0676722496612814,199.55592018902593,74.15670925593233,31.48148506229045,0.0
97,44.53664850953132,0.37871021135965993,-0.10430177996482481,199.6360771957463,74.15666879201402,31.48599584475745,0.0
98,45.61369545431291,0.33851200248743035,-0.0679147846050471,199.31972699829365,74.1566283190102,31.490506623995383,0.0
99,42.628796316047534,0.40493296711402543,-0.12602798427071651,201.45707534786027,74.15658783691904,31.495017400003967,0.0
100,41.88408971225649,0.3389948672085365,-0.07732623351037322,203.25439747965342,74.15654734573876,31.499528172782927,127.59666274288642
101,39.93625028535899,0.33299678319357384,-0.06717183689130632,203.81165507284413,74.15650684546756,31.504038942331995,2622.226426093769
102,39.667563021347014,0.4396039626296929,-0.1627219148003017,203.50085335433894,74.1564663361036,31.508549708650936,1000.5324240647558
103,39.511545532833544,0.4545560393855382,-0.16159440803049813,203.3286107831562,74.15642581764511,31.51306047173946,841.8142796559657
104,43.224841259341055,0.3775159910364455,-0.11104050101740458,204.12024153321084,74.15638529009026,31.51757123159731,722.7075977803186
105,42.03519842945693,0.41542860244636226,-0.12414817932057853,203.99186671913944,74.15634475343728,31.522081988224205,0.0
106,43.15025973092019,0.366402516230607,-0.08735706695165438,204.79548437910208,74.15630420768431,31.526592741619904,1048.7790606079802
107,38.050702115454314,0.35340207422375913,-0.09413916863269642,204.7116821817228,74.1562636528296,31.53110349178413,477.2297753607375
108,35.37905567583543,0.3904105482378435,-0.14564031883809123,204.1857199107494,74.15622308887131,31.53561423871662,1298.018651627286
109,37.55226756574727,0.3073327031707175,-0.059778692244520704,204.96696381751437,74.15618251580763,31.54012498241711,3002.9787520563864
110,37.999505719826736,0.25125696077415083,-0.03032511126851282,203.7861643475977,74.15614193363676,31.544635722885342,3084.4231107163564
111,37.59648203827872,0.21890442603756466,-0.020357717241418483,202.97024121657046,74.15610134235688,31.549146460121044,1966.5432736528824
112,37.92535598462477,0.2168762907857556,-0.02329262796126581,204.2252689582787,74.1560607419662,31.55365719412395,1562.9554750591838
113,36.63170562799294,0.2662606666158437,-0.03591229985798389,203.96077659714018,74.1560201324629,31.5581679248938,773.5029848249856
114,37.33159958937427,0.2285159067789717,-0.01595980405082221,202.99829463465827,74.15597951384515,31.562678652430325,0.0
115,37.79024995060954,0.1888043675965442,0.019570602106741247,202.16856730895267,74.15593888611117,31.567189376733264,0.0
116,41.595196254142564,0.17275738813228894,-0.0017740948335448574,202.74570941962534,74.15589824925911,31.57170009780236,505.595837222246
117,46.0600187847184,0.15072317819539066,-0.013840842765339607,203.06419850334782,74.15585760328719,31.57621081563733,1000.0188614585109
118,48.01343662848466,0.16430028192743562,0.03332414828860524,203.59774337444244,74.15581694819356,31.580721530237938,1000.0066057666588
119,45.91969989201499,0.22871050499064136,0.012887375525722104,204.0842740876871,74.15577628397645,31.585232241603897,2217.628211400474
120,46.24820401879732,0.24176228374559416,0.006509618706790912,204.12655574479228,74.15573561063404,31.589742949734955,1425.6603713344034
121,49.10965238648172,0.1864039069135861,0.05460246629631301,204.2791551882461,74.15569492816448,31.59425365463085,1000.1164643572264
122,45.86603377773587,0.2981342036696466,-0.052662554688239736,203.96383647798737,74.15565423656598,31.598764356291305,1369.433941094433
123,44.81114211874659,0.3378555305845935,-0.06974409729123983,204.0628031991609,74.15561353583671,31.60327505471608,790.1942533966294
124,46.707895966144285,0.28982751424064385,-0.043246405598146916,202.42780327868851,74.15557282597487,31.607785749904885,0.0
125,46.40982226928807,0.2605031934403011,-0.024524416695234,202.43582011275728,74.15553210697861,31.612296441857463,0.0
126,46.88089170810625,0.22770579136925118,-0.011817874120329188,203.1938360655739,74.15549137884615,31.61680713057356,0.0
127,45.96893503726062,0.200155055535092,-0.01720167696108282,203.54473994497582,74.15545064157564,31.62131781605292,0.0
128,47.00148569905864,0.25020736303860014,-0.008944745280098407,204.1050216336699,74.15540989516526,31.62582849829525,1220.3392045850403
129,47.08750769661559,0.23965151982493477,-0.0015097983418111225,204.78865303983235,74.15536913961324,31.630339177300325,2661.171954784268
130,46.39305359103439,0.22374339333912707,-0.0155593080105177,203.99147876245416,74.15532837491769,31.634849853067863,2630.1580453663464
131,47.72517711562095,0.20340251468227905,0.009682964985684665,203.42219020172922,74.15528760107682,31.639360525597585,1000.1578113267566
132,49.78551080734666,0.15483138480470135,0.039956512493365084,204.41570529627694,74.15524681808883,31.643871194889257,800.1105851692531
133,47.10714890146304,0.23844245700275166,-0.0047858441569014355,204.10055060304148,74.15520602595183,31.648381860942607,1358.7148861232286
134,49.440576672952545,0.1858685034533791,0.039790359585524626,205.9065334560273,74.16313499845582,31.350705356331144,6082.607410533064
135,50.17608033072387,0.18688201142709848,0.051445081321010125,207.9211770888071,74.16309504808707,31.355216238387463,12469.605729381943
136,49.48841615210707,0.1825669214089462,0.04668059886117834,208.12823885308427,74.16305508874115,31.359727117222995,10548.846888669314
137,47.74384196323207,0.19100630960450513,0.017577536480954784,209.11707445409098,74.1630151204163,31.364237992837467,8476.577435461812
138,46.98475968168771,0.2119693915396055,0.009730602412059374,209.61198738170344,74.16297514311074,31.3687488652306,10880.160624516113
139,47.474530892059924,0.24440973436528327,-0.009980634529971992,208.1124540199684,74.16293515682268,31.373259734402147,9776.7276131313
140,48.654522387402416,0.22857947388723523,0.016298158029664823,205.9731825949783,74.1628951615504,31.37777060035182,8684.14441031073
141,49.21918510671354,0.2305584119622688,0.009016118937829347,206.0987784053593,74.16285515729206,31.38228146307938,10708.922316473108
142,47.165941290009215,0.24207969033989182,-0.013420467408554376,207.0466859547606,74.16281514404591,31.386792322584533,10506.577612933705
143,46.126225633080274,0.2668643288393591,-0.027919140171172696,207.77932483909103,74.16277512181018,31.391303178867016,11493.84520144013
144,43.187969558040244,0.3355633159341167,-0.08089506482213824,209.4150893796004,74.1627350905831,31.39581403192658,3310.413217455712
145,46.27986113774235,0.2581248260581687,-0.01589416913457139,207.94641449960608,74.16269505036283,31.400324881762938,2500.398558985055
146,46.474121061537915,0.21896654367149507,-0.001956604879331451,208.06519453207162,74.16265500114767,31.40483572837584,464.5356163651199
147,46.508782389687525,0.24012810634842222,0.0008957301948419932,209.0227153361345,74.1626149429358,31.409346571765,3899.135395487792
148,46.064065137712966,0.25521366022362985,-0.01308396519700066,208.46083070452164,74.16257487572545,31.413857411930174,4870.918786834868
149,44.63830397831828,0.3287231167086697,-0.0460331574004143,205.99448601811744,74.16253479951482,31.418368248871083,4526.23524257418
150,47.89468840363649,0.19989535329581726,0.015505403650126317,202.31581022473398,74.16249471430217,31.42287908258746,11206.818446218467
151,48.124867346506846,0.2642655831792034,-0.022764048374268056,199.4550709406201,74.16245462008568,31.42738991307904,9542.153266625848
152,45.447030982881,0.3781831976504909,-0.09218257299933741,199.18970047293755,74.16241451686355,31.43190074034556,0.0
153,47.97688344627876,0.3376733444535171,-0.061549417634429976,198.61132273742285,74.16237440463405,31.43641156438675,0.0
154,50.264325199854234,0.25263476067863105,-0.009848667644211367,202.06502035991073,74.16233428339535,31.44092238520234,0.0
155,48.51965655888892,0.28118128074352083,-0.029644406680947897,202.40320462306283,74.16229415314572,31.445433202792085,0.0
156,48.43611213035056,0.3028860193145409,-0.04200292414837392,200.29578574241833,74.16225401388334,31.449944017155698,0.0
157,41.99996811757973,0.2377664000342977,-0.06193549368468792,200.07110061655524,74.16221386560642,31.454454828292903,0.0
158,35.98824697135717,0.13393164973104932,-0.12282230544921088,198.2848142800893,74.16217370831315,31.45896563620347,0.0
159,45.813899435780385,0.29092802579016697,-0.03519653269415826,197.38662637940092,74.1621335420018,31.46347644088711,0.0
160,45.67660559762908,0.36880517296307164,-0.084341875482553,198.10889268356757,74.16209336667055,31.467987242343558,0.0
161,47.47699656212139,0.3177281845891002,-0.046611596522588616,199.95678444765528,74.1620531823176,31.47249804057256,0.0
162,47.585313645833565,0.29356977360083786,-0.029590857159380233,200.1531898135993,74.1620129889412,31.47700883557383,0.0
163,45.235049539219766,0.3672841518034427,-0.08089142044547461,199.53868383029024,74.16197278653954,31.481519627347115,0.0
164,45.483783777237186,0.3217212261666214,-0.06669225112258778,198.32038325239526,74.1619325751108,31.486030415892163,0.0
165,45.304192176997645,0.364750953082353,-0.09712460543708518,200.13370107696343,74.16189235465325,31.49054120120868,0.0
166,43.789324934375756,0.3830069681544098,-0.12146448164617282,200.24799789943546,74.16185212516504,31.49505198329643,0.0
167,43.30307030595432,0.32329556619834043,-0.06766509537098998,202.3851404568128,74.16181188664441,31.499562762155133,0.0
168,44.46887410189585,0.29186731589745973,-0.043686544016618395,202.36971923379693,74.1617716390896,31.50407353778452,0.0
169,41.37024684880023,0.41783417240097936,-0.14255099090274564,203.72039905487003,74.16173138249873,31.508584310184325,0.0
170,38.12115332749413,0.43317978735569845,-0.14909133003211192,203.58331146680663,74.16169111687006,31.513095079354304,1317.51469670525
171,42.15326372270148,0.3558421151588843,-0.09155166140530792,203.81018640063007,74.16165084220182,31.51760584529417,1738.56235948751
172,40.011394078370735,0.3761834128231898,-0.10374369594425724,204.0249245703791,74.16161055849219,31.522116608003675,1332.94837785684
173,44.055207895206124,0.29935676820495993,-0.041636802615172656,204.00603833027043,74.16157026573936,31.526627367482543,2325.083481743486
174,40.53345952971666,0.35436100036558144,-0.08843434419406862,204.3922340285977,74.16152996394153,31.53113812373051,2236.053422350521
175,35.52728254332109,0.39973514277513644,-0.12968240761236405,205.07521659228144,74.16148965309694,31.53564887674731,1165.4486417208657
176,38.1454070539032,0.27432028738470665,-0.04459205134022714,205.90330621884019,74.16144933320375,31.54015962653268,4344.622223271664
177,36.88104622207379,0.3050104480644543,-0.0641242165023976,204.76702979393613,74.16140900426021,31.544670373086383,1833.9189604625492
178,36.87192083045658,0.2862203576720632,-0.049533611171495864,204.6430070847546,74.16136866626448,31.54918111640811,211.66198212290004
179,40.736911318436526,0.2439063201474323,-0.03686545172948369,203.70474816369355,74.16132831921479,31.553691856497625,1337.5963039938135
180,37.775827492383335,0.30010586635095843,-0.0526513979499201,204.6077608809649,74.16128796310932,31.55820259335464,1122.432575103914
181,37.41045883842665,0.24747604558139175,-0.022466847799925596,203.48118526288187,74.1612475979463,31.562713326978923,0.0
182,38.00978625175902,0.20610098873238517,0.006756173925284289,203.1689419795222,74.16120722372388,31.567224057370183,0.0
183,41.37437090568752,0.184688344538859,0.010955858495009048,203.36814484387304,74.16116684044029,31.57173478452817,650.186273149327
184,46.20654455462055,0.18268235257238233,0.01614828980729315,202.97977941176478,74.16112644809373,31.576245508452637,351.8556910769128
185,46.50772319955425,0.15172047411970313,0.014932982447013634,203.36987019798093,74.1610860466824,31.58075622914328,896.7872098928931
186,47.23286503341118,0.21614329898185952,0.039449673556964195,204.19115717659412,74.16104563620446,31.58526694659986,141.22590869370418
187,43.98775775713726,0.26926200588720534,-0.03569809371109143,203.75357189670996,74.16100521665814,31.589777660822108,1522.460603941639
188,48.55424027825267,0.1733437255526628,0.04819458198047141,204.800209891119,74.16096478804164,31.59428837180977,0.0
189,46.32675575212489,0.2429270630002667,-0.01997478230020164,205.12224554039872,74.16092435035316,31.59879907956257,403.604037398725
190,45.706754786068466,0.27631595223833,-0.03435172457861024,202.95097011012075,74.16088390359086,31.603309784080267,2162.6894914096997
191,44.85481933239774,0.25042801755952027,-0.043528478652212634,203.83656873032535,74.16084344775295,31.607820485362566,1000.3437578745564
192,46.16131431546374,0.23544456256054647,-0.014715224229813759,203.48912758711035,74.16080298283764,31.61233118340921,1000.1787796526476
193,45.71298167210157,0.2721721619822149,-0.031927102602389026,204.45953036862133,74.1607625088431,31.61684187821996,2030.184673983504
194,45.691831647570766,0.23384928062392557,-0.018968784177394987,204.07298218029356,74.16072202576756,31.62135256979454,1000.0732311669422
195,47.859657183707206,0.2451039524427393,-0.016405951394156747,204.02177620359444,74.16068153360916,31.62586325813267,1570.221861108129
196,48.82715335792455,0.2247091913973023,0.002964195656360836,204.17099056603774,74.1606410323661,31.63037394323411,609.5127765758931
197,47.334577743720025,0.23395318601610396,-0.004086662920704513,204.185345392581,74.1606005220366,31.63488462509859,2178.5358176506465
198,46.3225438677114,0.2851743786691305,-0.0325903387106537,204.55026871149562,74.16056000261884,31.63939530372584,2153.9068981092714
199,49.60603540754198,0.19233057398045184,0.03292861846333941,204.63240692186685,74.160519474111,31.643905979115605,1319.862971816261
200,49.3657669283666,0.20607985327268952,0.016472191197470093,204.65272679601478,74.16047893651127,31.64841665126764,643.8394640887019
201,48.408404467654044,0.18920988322391946,0.025033243532555385,205.27422327540805,74.16839124044701,31.35073953010439,6788.4204939752535
202,48.49230142446684,0.20343537088138067,0.03238043608849244,206.2528962611901,74.16835154093067,31.355250418184315,6932.762041660399
203,47.47522592224943,0.1942831472076172,0.018037910783187526,208.96737700605107,74.16831183249356,31.35976130304401,8212.365071735383
204,48.8179384638209,0.1755105575798809,0.023157542103302578,210.27173484150993,74.16827211513389,31.364272184683195,9590.19233451112
205,48.2083323714889,0.1961350252071317,0.015924969210357492,208.05826647376034,74.16823238884986,31.36878306310162,10203.503034718164
206,45.790695216607084,0.22373372647021553,-0.015347580932156686,207.49796240304977,74.16819265363975,31.37329393829901,12789.097376221616
207,46.59524557285489,0.2226301326466362,-0.006062762243410421,207.94702944269187,74.1681529095018,31.377804810275112,12897.7542273604
208,47.6607370040016,0.2260790332055219,-0.013181999834585848,207.57696858156962,74.16811315643425,31.38231567902964,7303.266142817812
209,45.436154691644354,0.290864257295594,-0.04106403260165735,207.3927444794953,74.16807339443528,31.38682654456234,6880.067479693889
210,45.33833170494416,0.28124704646030185,-0.033399707831916765,206.68068883922712,74.16803362350318,31.391337406872925,8698.01053769113
211,46.89418597045349,0.22518521161586785,-0.003272842020459918,208.7740536277603,74.16799384363614,31.395848265961156,7153.172693171129
212,46.215571524885675,0.2513072067574452,-0.016777189784625498,208.9454521556257,74.16795405483242,31.40035912182675,5194.081400908094
213,45.07547788022873,0.28550016706985243,-0.032974851453178605,207.13945846477392,74.16791425709026,31.40486997446945,4165.439875421364
214,45.10624208192825,0.28900718152733157,-0.027359146395463576,208.16745531019984,74.16787445040785,31.409380823888974,9245.13257338656
215,46.39338449093457,0.24941231776969375,-0.01904583841504596,208.74093059936914,74.16783463478347,31.41389167008507,3491.44905791292
216,47.9129103388727,0.226570872977085,0.008885124923286629,208.2041781631849,74.16779481021533,31.418402513057465,2611.864473186307
217,48.01487152428631,0.22875606616880514,0.0021379391596966814,207.0797844374343,74.16775497670164,31.422913352805896,5536.885358300949
218,47.80063849952689,0.21113050324670538,0.01858012441244693,204.2026547509529,74.16771513424068,31.4274241893301,13477.065093610016
219,45.66854692289808,0.36384586752208803,-0.07568569989668071,201.0056489753023,74.16767528283061,31.431935022629816,2500.949340720699
220,48.05329389035056,0.3046957701570524,-0.04663368797391377,198.54785348562433,74.16763542246971,31.43644585270476,214.89732748056227
221,48.129615086439564,0.32781006263178003,-0.06514660773008872,199.92214782722866,74.1675955531562,31.44095667955467,0.0
222,49.252425984173705,0.24477885258662951,-0.017679621805555466,202.26694692590652,74.16755567488828,31.44546750317929,0.0
223,48.76847137669777,0.2643008767044369,-0.009672597246722819,201.6840929988179,74.16751578766419,31.449978323578343,0.0
224,43.660663642332864,0.34656008888300877,-0.07342868884873631,201.10166819913297,74.16747589148216,31.454489140751583,0.0
225,38.61588833379138,0.27380961136529414,-0.09285927198630047,200.96439831844444,74.16743598634042,31.45899995469872,0.0
226,40.48922954669645,0.17405342824738948,-0.0898404114690013,199.66741071428567,74.1673960722372,31.463510765419517,0.0
227,47.084185834724344,0.24764436155293407,-0.011844198886267258,197.75059070622208,74.16735614917067,31.468021572913678,0.0
228,46.041771400830164,0.30172383310373946,-0.03966212598282378,198.59450939182972,74.16731621713912,31.47253237718095,0.0
229,46.51521872912755,0.28088454496033655,-0.03154871702069228,198.197192337969,74.16727627614075,31.477043178221088,0.0
230,44.332479446730595,0.3731376087297668,-0.08845937517580958,198.68107185078156,74.16723632617379,31.48155397603378,0.0
231,45.540278749559164,0.3717426528484361,-0.09225467414827634,198.92062450800307,74.16719636723641,31.486064770618803,0.0
232,42.547147394208054,0.44625710485004805,-0.1347403355548738,199.09653270291574,74.16715639932691,31.49057556197588,0.0
233,43.50651091916909,0.40647512304847366,-0.12038200437771038,200.20359674455233,74.16711642244346,31.49508635010475,0.0
234,44.680083966518325,0.3718009805971985,-0.09373119745377524,201.9971117237757,74.16707643658428,31.499597135005125,0.0
235,43.70589190453402,0.3333317992351459,-0.07765249627978972,203.0724599632449,74.16703644174761,31.50410791667677,0.0
236,41.664924763206,0.4029112689607267,-0.13162099942108618,204.14113167913877,74.16699643793166,31.50861869511941,0.0
237,39.81429980454451,0.4242944659303118,-0.1322047091062476,204.66631661853503,74.16695642513463,31.513129470332768,1201.637905681563
238,39.034329894914684,0.442834327401596,-0.16472929150998283,204.41940141769487,74.16691640335476,31.51764024231659,1325.4584917354769
239,41.62825104985955,0.3621347780458478,-0.09582258484703875,204.17432396954575,74.16687637259027,31.522151011070623,1025.827456602512
240,42.63841071201259,0.35195499682412323,-0.09260663113887951,204.22763054316445,74.16683633283935,31.52666177659458,2074.1331845128007
241,42.63601148795879,0.35510477252218586,-0.0835652830853617,203.64951430821736,74.16679628410024,31.531172538888207,2758.269390234402
242,38.8034464990432,0.3623477626351733,-0.09319209820608912,204.77949862186637,74.16675622637115,31.53568329795124,1323.594682480289
243,38.92210745740163,0.2795460382061159,-0.04361276420089642,205.25865687303246,74.16671615965028,31.540194053783416,987.203177285104
244,40.6309426596998,0.318152099856107,-0.06937052496333197,206.6599370739381,74.16667608393583,31.54470480638447,2080.6184789315203
245,38.53731564858962,0.33691583682821147,-0.08139082652061351,205.410915770139,74.16663599922606,31.549215555754145,52.032973810738966
246,37.90704856756792,0.29068366779848726,-0.04880026799583716,204.98097861734226,74.16659590551917,31.55372630189217,2026.932641209461
247,38.72769642717829,0.3000909726724214,-0.05985469425860717,204.4112554112554,74.16655580281332,31.55823704479826,1170.2823360519465
248,37.458034176473234,0.22976814159443684,-0.01551334976304791,203.61804096638653,74.1665156911068,31.562747784472183,0.0
249,37.51922975477356,0.20100243986641944,0.00016188084205070397,203.22686096888546,74.16647557039778,31.56725852091368,0.0
250,38.50654218571581,0.2757459549078086,-0.02756072010492639,203.7940482433141,74.16643544068444,31.57176925412245,0.0
251,45.34344923055491,0.17435739896916563,0.02076404593008812,203.2619703528795,74.16639530196504,31.576279984098274,1002.1186510693332
252,46.473798264132235,0.1765190328505683,0.0234208994175582,204.07490489308665,74.16635515423776,31.58079071084084,1155.7796935332526
253,47.53532865076742,0.21078105794091267,0.05373543579250255,203.88902007083828,74.16631499750083,31.58530143434993,0.0
254,45.10390383131597,0.24936629882806965,-0.01682806736575464,204.30687483600113,74.16627483175245,31.58981215462525,310.71607367010586
255,47.36235435303924,0.20271918575371825,0.0299382969099099,204.19483414186448,74.16623465699081,31.594322871666545,747.667553010027
256,48.484941769736324,0.1785183407905736,0.06006148084638604,204.50104959328257,74.16619447321412,31.59883358547356,0.0
257,46.889025845896256,0.24445250992686757,-0.019360649001722862,202.9889937106918,74.16615428042061,31.60334429604604,1000.0761561121832
258,46.673480714321165,0.25444605537694515,-0.03132676488356542,204.32480650662475,74.16611407860847,31.607855003383683,0.0
259,48.02597497852598,0.22812443265090085,0.005210256383466396,204.13849580712784,74.1660738677759,31.612365707486266,0.0
260,45.77185849386395,0.22582222250535994,-0.004518526274485627,203.60626720860103,74.16603364792111,31.616876408353495,46.45394485351294
261,45.547018911469976,0.3159306599145826,-0.050338382956892753,204.33774400628857,74.16599341904232,31.621387105985143,1279.6811896381985
262,49.8412589052865,0.19208851874771718,0.035963133244066504,204.9183165071457,74.16595318113768,31.625897800380923,1587.7444468448534
263,48.70441904207659,0.18204894163986002,0.05087165569013912,204.86261143156793,74.16591293420545,31.630408491540575,351.1455915305418
264,48.40420011418199,0.21262113754331766,0.031964112932424564,205.06095962244373,74.16587267824379,31.634919179463843,1916.090735720644
265,42.11731638510024,0.3332349698464061,-0.12945342109437005,204.62020175553525,74.16583241325093,31.63942986415045,1549.620093940625
266,48.249434722278714,0.2110304106110344,0.010813092408451767,204.66893661602933,74.16579213922506,31.643940545600145,0.0
267,48.804662663608035,0.23076933595462876,-0.01200679908529489,205.54526398532695,74.16575185616436,31.648451223812675,0.0
268,47.660320354686256,0.20410220297134782,0.009617691363876173,205.91461649782917,74.1736474913572,31.35077348860804,5189.396284701102
269,47.909644933796386,0.19416445506440985,0.009975435147535051,206.03959484346228,74.1736080426951,31.355284382673624,12936.105822367494
270,47.6914004892039,0.1802449808470246,0.01544954317412699,207.6686810299527,74.17356858516854,31.359795273519527,12936.230175553304
271,47.46936001320622,0.22451694647132295,0.017038986590473128,209.2414518674382,74.17352911877578,31.364306161145503,1507.9806027102536
272,46.04321733900093,0.2316321605216526,-0.015569740239220763,208.9839621401341,74.1734896435151,31.368817045551268,9004.345676102574
273,46.05283996481456,0.23232773040677618,-0.012548846021261918,208.74769797421737,74.1734501593847,31.37332792673656,12549.413461415432
274,46.62285074279824,0.2086975907504025,-0.005593266381144764,207.5401996847084,74.17341066638285,31.377838804701103,13206.570408665886
275,47.363413522575286,0.2490968015412288,-0.012927152929525527,207.39082424083085,74.17337116450781,31.382349679444644,6157.444643855139
276,44.70587930880131,0.3709854352766853,-0.05027466993430235,207.38525236593068,74.17333165375778,31.38686055096693,3291.326067198479
277,43.69003143759303,0.35989678893714316,-0.059855201870271484,207.42736952806624,74.17329213413107,31.39137141926764,7021.343007855437
278,45.80328155834628,0.2138240219072803,-0.004543238614318728,207.00328385656115,74.17325260562589,31.395882284346563,12143.635642622778
279,45.696007255824924,0.2803296133598214,-0.03247192587498618,205.4874457736295,74.17321306824046,31.400393146203424,11297.649780505608
280,47.07407292955342,0.28124434291917805,-0.01117645587211379,206.73453303559708,74.17317352197306,31.40490400483795,13336.00576248236
281,46.85998330712544,0.2756332832004836,-0.016233797867280395,205.67363301787594,74.17313396682191,31.40941486024985,11478.628125682284
282,44.93535491558463,0.31552692449008274,-0.03357049684020006,206.70966894377298,74.17309440278527,31.413925712438896,6808.34014779138
283,47.02777991709016,0.26498578465296263,-0.02430987619388743,207.39319495533374,74.17305482986137,31.418436561404796,9798.65624427002
284,48.45171409185936,0.19989623021044328,0.02454912385084681,206.01955123999477,74.17301524804846,31.422947407147287,5764.388257952433
285,48.048262746927264,0.1507414873637878,0.04285647632429736,207.49369416710462,74.17297565734474,31.427458249666103,14307.197028344544
286,47.7863655346986,0.14374600069790996,0.049391472558831216,208.4963877577828,74.17293605774852,31.431969088961008,12293.97421368682
287,47.08370449057404,0.20538588730345178,0.011744790412482022,204.99422041245248,74.17289644925798,31.4364799250317,8273.688362477647
288,46.7358424978051,0.2783140831792578,-0.07664689591675933,198.60803888086173,74.17285683187141,31.44099075787792,0.0
289,50.47804961635962,0.20353913642924432,-0.007856179723609528,200.07596267577875,74.172817205587,31.44550158749941,0.0
290,50.407911398886,0.22640520511968784,-0.007868059366518503,199.99290593799265,74.172777570403,31.45001241389591,0.0
291,47.09635336453436,0.3018260499154962,-0.04724535726822147,199.7954814133718,74.17273792631762,31.454523237067143,6.087993217014618
292,42.84864018725327,0.30977164994648665,-0.06732083922096137,199.2541726902352,74.17269827332917,31.459034057012843,1363.3280435299075
293,38.39621903161589,0.24064002567876974,-0.1075309045001953,200.06857593273776,74.17265861143584,31.463544873732754,1188.680219302367
294,39.44219615738081,0.18423938721506922,-0.061378587065867976,200.6061999211874,74.17261894063584,31.4680556872266,0.0
295,40.94852623088022,0.28037074968795483,-0.035572723415866495,200.80898581187603,74.17257926092748,31.47256649749413,0.0
296,45.41983094199399,0.28112961170071366,-0.035062493829884626,200.42874031262318,74.17253957230893,31.47707730453507,0.0
297,45.06770394449759,0.35870959814927095,-0.0815077723789334,200.03914357020886,74.17249987477844,31.48158810834914,0.0
298,44.80033266579155,0.4235730812100623,-0.11156996729986694,199.5514570753478,74.17246016833423,31.48609890893612,0.0
299,44.1580939320008,0.35125946709516587,-0.07771946027191742,199.25968228961534,74.17242045297455,31.49060970629569,0.0
300,43.32091166001183,0.39929413264797153,-0.12756985346945188,200.08300499080642,74.17238072869762,31.495120500427625,0.0
301,44.45526676627856,0.3729177822674917,-0.09753122933421803,202.31832501969018,74.17234099550166,31.499631291331635,0.0
302,43.79424487283972,0.37975071049242987,-0.10687311744846158,202.97505579624527,74.17230125338494,31.504142079007465,0.0
303,43.33403275195613,0.3569581959035358,-0.08751480401530537,204.44653179190743,74.17226150234566,31.50865286345487,315.78860058089464
304,41.504260108541615,0.4014171530538019,-0.13435802050204299,203.81320556576523,74.17222174238204,31.513163644673547,799.0192503800349
305,39.17199732760332,0.506245132148378,-0.18466266932549297,205.12422930604743,74.17218197349236,31.517674422663266,1559.4342557454547
306,40.86715835672313,0.39208332077896985,-0.12819647608683699,203.64342917158987,74.17214219567478,31.522185197423745,1372.4701990975584
307,43.32268425682928,0.35917112126233336,-0.09271100769834952,203.75649095200623,74.17210240892757,31.52669596895473,1060.345932293148
308,42.40796236387251,0.3644138281570456,-0.06629227511527117,204.55909746818833,74.17206261324894,31.53120673725593,3258.906404043601
309,39.54523035212273,0.3330408666542832,-0.07650567522065353,204.26943752458368,74.17202280863711,31.53571750232711,4067.3020089376582
310,40.09269120720137,0.3196971645559175,-0.0654412836309178,203.5720661590968,74.17198299509035,31.54022826416801,1467.0759793684383
311,41.36740894041751,0.29574292042828987,-0.06162599304541459,207.10450308520407,74.17194317260682,31.544739022778348,0.0
312,42.42869980347417,0.3082605159689896,-0.06072192712043568,206.3735240094463,74.17190334118477,31.549249778157854,4088.3409243644137
313,41.36224087807256,0.3255086023801312,-0.0723018573567731,206.4443568519248,74.17186350082244,31.55376053030629,1484.927674031626
314,41.45100661061837,0.27979156899433366,-0.05157364352468948,204.5197584350794,74.17182365151805,31.558271279223376,0.0
315,39.02362007946437,0.20672974052020893,-0.0185791942538022,204.71563607719568,74.17178379326981,31.56278202490884,0.0
316,38.83142097073624,0.1646997923182306,0.014878059691717977,204.33674540682418,74.17174392607595,31.567292767362424,621.5064961966664
317,41.421431019623576,0.1738761337681499,0.0404562162631501,203.79144805876183,74.17170404993468,31.57180350658389,0.0
318,45.319467123744445,0.19985611628063824,0.005480190310880292,203.84518499081616,74.17166416484423,31.576314242572945,1892.553966368516
319,45.341761161436665,0.26163927201865333,-0.011225262161668803,204.34938336394654,74.1716242708028,31.58082497532933,421.1451897105268
320,45.63705791817541,0.2831860722537292,-0.024874279395648735,204.13540437803124,74.17158436780866,31.585335704852785,0.0
321,43.627174728910056,0.364109424577626,-0.08524230676343249,204.76390346274925,74.17154445585999,31.58984643114305,807.1573175796636
322,44.60552479795492,0.30729057484830236,-0.04723023571011058,205.0108809648663,74.17150453495502,31.594357154199862,1518.0268385718682
323,45.646530484899664,0.2633217491794403,-0.027232739484331164,203.62757444575627,74.17146460509194,31.59886787402296,720.4712180480425
324,44.91497674428087,0.25819301289050833,-0.02883925039358019,204.18250950570348,74.171424666269,31.603378590612078,511.9454867274038
325,47.040371061830015,0.22188155795319517,0.006957428156311235,203.21618785255157,74.17138471848442,31.607889303966942,0.0
326,46.583380039138184,0.2606612931708496,-0.02562447270140482,203.25344352617086,74.17134476173639,31.612400014087303,0.0
327,41.999933828366565,0.4803496113267857,-0.18070871592507282,203.84596224436294,74.17130479602312,31.616910720972896,0.0
328,45.60464348603306,0.33374158659111036,-0.06116748730374533,204.45270890725442,74.17126482134286,31.62142142462345,0.0
329,49.082599969375025,0.19568087560981046,0.0507475998670915,204.20728511530407,74.17122483769381,31.625932125038727,0.0
330,48.34227392106907,0.17528266961137923,0.015630697250706833,204.34259137953626,74.17118484507418,31.63044282221842,1705.3260341329562
331,48.78887440018871,0.2132212115483924,-0.000645247920201683,204.13233752620545,74.17114484348218,31.634953516162312,1960.636436158181
332,48.46568780311919,0.2025241706369323,-0.0021376444821453915,205.6157073554478,74.17110483291603,31.63946420687012,611.955549107847
333,48.70221035046024,0.19403105467650583,0.009043523956841428,204.63144093352568,74.17106481337393,31.643974894341586,1187.8199913166118
334,47.597195899590965,0.2334415906948757,-0.01449581217902383,206.17241379310352,74.17102478485408,31.64848557857644,1113.9528662294065
335,48.26551355635756,0.22859555688122668,0.02300616544770827,204.25217048145228,74.1789037511301,31.35080723184081,3920.434929857877
336,47.22224056970014,0.23595398953330002,0.0029552557410866846,206.41917664079975,74.17886455332395,31.35531813185412,9998.878125227347
337,47.48433176514267,0.20499909751432804,0.00851744057041585,208.1799658209544,74.1788253467097,31.359829028648296,9319.559942357322
338,47.06548974211914,0.23355431686150296,0.0016924465234845517,208.5004601025372,74.17878613128563,31.3643399222231,3794.053296472514
339,46.000662564932306,0.21066107991829747,-0.005270136857993839,209.82875180849666,74.17874690705,31.36885081257825,11309.291980630283
340,46.46082547702093,0.18622390343296527,0.008400353353296157,209.06484282520063,74.17870767400106,31.37336169971348,12623.052349886151
341,46.91902717481917,0.20417173269575467,0.0020215712382732837,208.27475996317244,74.1786684321371,31.37787258362853,12214.725768819022
342,47.84305109944135,0.24668166654317616,0.0012330545730378417,207.2224267122388,74.17862918145632,31.382383464323127,5864.964977597305
343,47.97609353029576,0.2418028816691608,0.02070713967581318,207.00368033648795,74.17858992195703,31.38689434179701,4255.2273833685385
344,45.89194782471412,0.22940143951006642,-0.005852574724353614,207.10161693177338,74.17855065363746,31.391405216049915,10250.64866715544
345,46.23767333603788,0.2400946599117145,-0.010267574899806812,206.7765216248193,74.17851137649586,31.39591608708156,10161.734703888686
346,46.532573379726585,0.2687910052142977,-0.031193173095353504,206.47298540817675,74.17847209053048,31.400426954891696,3458.413559441355
347,47.05722480562701,0.2442974148749484,-0.003408971945355159,207.80546792849634,74.1784327957396,31.404937819480043,9339.223928943802
348,47.15336892828454,0.24442179747918288,-0.00882923267272573,206.16760803888093,74.17839349212146,31.40944868084635,11430.982207806754
349,45.86787963471627,0.2619950033515967,-0.02102267547841702,206.6459537572255,74.17835417967432,31.413959538990348,7953.25578875306
350,46.02738108214674,0.28733354689853957,-0.039418357947851944,207.42776390166952,74.1783148583964,31.418470393911765,7564.322547307922
351,46.46360990542771,0.24942556880057629,-0.016147312369610232,208.82393903560643,74.17827552828601,31.42298124561032,8736.212350851309
352,47.48630200176658,0.2052456332700034,0.004005885190266385,208.79692429022094,74.17823618934136,31.42749209408577,7141.58283819853
353,47.73284578809545,0.16891381020894577,0.028301419954277162,208.2971871713986,74.17819684156072,31.432002939337867,12962.276267245918
354,47.987444025339116,0.18004299173866412,0.032230466740797145,207.35883280757093,74.1781574849423,31.43651378136629,10530.055078646295
355,43.84111770712822,0.33338250334404973,-0.08898806620409833,201.9826589595375,74.17811811948442,31.441024620170825,1821.067946147068
356,49.7151755466855,0.20375306603128496,-0.019859473659805924,199.05710160147015,74.17807874518527,31.445535455751177,74.1121760172347
357,49.126143870440266,0.2044622948155773,-0.003016880082954279,200.22893941385195,74.17803936204312,31.450046288107096,3518.216624459973
358,47.28656204645138,0.32099162017666283,-0.03650542068144097,199.6734935013784,74.17799997005622,31.45455711723831,793.1600236448653
359,48.73165818335877,0.22790726332229758,-0.013448903374875932,199.89938263496654,74.17796056922282,31.459067943144547,10401.179134818582
360,47.942884036348964,0.20080168468111523,-0.015949158683623642,201.08638571616123,74.17792115954116,31.463578765825552,10169.432096094524
361,38.439569332041536,0.1466065899573015,-0.0860071490427603,201.80005254860745,74.17788174100946,31.46808958528106,2961.6435582240774
362,33.52308445191811,0.10041046192180891,-0.145496363583777,201.0110279637652,74.177842313626,31.4726004015108,0.0
363,42.03561105736472,0.31557240714927387,-0.09292922084411057,200.4555964266947,74.17780287738903,31.47711121451451,0.0
364,45.512652566063835,0.34150703602039045,-0.0749564471855347,200.2415287628053,74.17776343229679,31.481622024291934,0.0
365,44.07544371417052,0.32086388326696846,-0.054738841858797425,199.86076448180742,74.17772397834747,31.48613283084279,0.0
366,46.51904889139668,0.3127612904339371,-0.049849121570878986,200.36072459963242,74.17768451553938,31.490643634166823,0.0
367,42.30699819405623,0.405347332307408,-0.11742753084480151,201.13384999343225,74.17764504387074,31.495154434263764,0.0
368,45.291456977446835,0.32436899518830903,-0.060488334780730915,202.34659837142098,74.17760556333981,31.499665231133363,0.0
369,42.80317792528555,0.39341343371494325,-0.11262427182959159,202.51293160036764,74.1775660739448,31.50417602477533,142.2853539873737
370,44.46055987120149,0.3808375812314928,-0.08506582862593637,204.08499475341023,74.17752657568397,31.508686815189424,1103.156745969537
371,42.051105023778064,0.44158512457377846,-0.1293998858622316,205.38055883510427,74.17748706855558,31.51319760237537,0.0
372,41.227560879845136,0.44612485776872984,-0.14518560419289883,210.21026381414882,74.1774475525578,31.517708386332902,0.0
373,42.74908253287872,0.3303999358278364,-0.07598687230408421,202.9547125229719,74.17740802768893,31.522219167061767,1199.6340727345337
374,40.806943407562045,0.40555728007135644,-0.13173216098339705,203.4526716555074,74.17736849394717,31.526729944561687,1041.8809223723536
375,35.59317589383698,0.5242664361275476,-0.20988016397125497,204.7700183775269,74.17732895133082,31.531240718832404,890.4907374899685
376,40.08487301364665,0.3867219887602418,-0.11361540296662229,205.07836702546604,74.17728939983807,31.53575148987365,1281.799768166324
377,41.10709061662861,0.3531560038370889,-0.08882979182346606,204.55231718524342,74.17724983946715,31.54026225768517,2847.6846174416837
378,39.03756163009986,0.42272190737047904,-0.13250661358818405,204.95612191276936,74.1772102702163,31.544773022266703,1320.1184971864102
379,41.89333055945817,0.38440119087989677,-0.10064680959099354,206.23038572553133,74.17717069208376,31.54928378361797,1170.5737613499816
380,44.070748681671276,0.2564604605671491,-0.025526767131505545,206.26172644856132,74.17713110506782,31.553794541738707,2177.9353643546315
381,44.597214486670616,0.27956507841560674,-0.04369769586381218,205.50977305522758,74.17709150916662,31.55830529662867,5673.188641049312
382,44.90184916201393,0.21025426416159135,-0.013164947856366155,204.59905536604572,74.17705190437844,31.562816048287573,1899.116739629531
383,44.13401823424826,0.1568933580040599,0.001458162143096268,204.68656520598276,74.17701229070151,31.567326796715168,877.7238184747972
384,45.32179883426434,0.1765590971875415,0.014664895211070388,203.66294789342433,74.17697266813411,31.571837541911197,0.0
385,44.934110509256215,0.2677081343887518,-0.027575575267091545,203.52761380034113,74.17693303667437,31.576348283875376,1266.205351162922
386,44.548137673990574,0.30787280683992313,-0.04492341640562024,204.9174865538502,74.1768933963206,31.58085902260745,0.0
387,45.02660577132232,0.26795519029625664,-0.0085107172912038,204.45821854912768,74.17685374707101,31.585369758107152,799.5824353886131
388,45.550523939268025,0.2767274306931674,-0.004734685836940448,205.3673094582186,74.17681408892382,31.58988049037425,2644.605446551284
389,44.30079536755707,0.3408456170234909,-0.06397357319579902,205.8870375229599,74.1767744218773,31.594391219408447,2857.022597909377
390,42.98539319283354,0.32560942953481187,-0.07766123882771066,204.7308146399056,74.17673474592962,31.59890194520948,2447.28500017876
391,44.90756976452999,0.3002104104593721,-0.04606922495446107,205.71443555788647,74.17669506107903,31.603412667777118,1222.5766923098513
392,44.996135971204794,0.2989649005729587,-0.04600159768859519,204.48492396434196,74.17665536732378,31.607923387111047,482.1273573991949
393,44.840974223185235,0.288100941298797,-0.04412598749536936,203.9057543583695,74.17661566466208,31.61243410321105,0.0
394,42.85123198104955,0.36926522774096104,-0.14294880639641025,202.7303459119497,74.17657595309215,31.616944816076845,0.0
395,44.85411765905341,0.3544642092136403,-0.10622747738592556,203.458371574669,74.17653623261222,31.62145552570817,0.0
396,48.87109965506496,0.20031253905841792,0.03681519748797924,203.69618260527352,74.17649650322052,31.62596623210476,0.0
397,48.10231624607057,0.2196902279141143,0.016296596104260864,204.13124426379972,74.17645676491529,31.63047693526637,1312.6154466663074
398,49.72304859786317,0.20876227920333956,0.014239322500549143,204.76848453067652,74.17641701769473,31.63498763519273,716.2703975963971
399,47.598381360337136,0.26641004258417855,-0.031953150264459336,205.35217733473254,74.17637726155708,31.63949833188356,2691.530528286616
400,49.15068013350685,0.20530199956743775,0.013004883402564752,205.50681699003673,74.17633749650054,31.64400902533862,2142.046524925838
401,49.03887786062365,0.19799896964052072,0.012444695210903434,205.26961876064456,74.17629772252333,31.648519715557622,710.3684560502857
402,48.089247227146835,0.20421581218081702,0.029694274659026708,206.25966850828735,74.18416001970934,31.35084075980146,5440.922099460782
403,46.74989452700513,0.22311027640902573,-0.008718386973720528,206.58253321057475,74.18412107276087,31.35535166572453,12831.488269461612
404,47.43955277866107,0.19898445967483863,0.0013636270494410622,206.5529396290938,74.18408211706068,31.359862568429048,10954.580687437
405,47.368413618087324,0.16483899392511783,0.015185460085034843,205.8099119232286,74.18404315260705,31.36437346791473,14052.831849907225
406,46.097015695134104,0.21223531741970386,-0.0007433033586692508,208.56966351209252,74.18400417939822,31.368884364181312,11329.467878406693
407,47.121113460558796,0.17765045465356047,0.0068482712058746675,207.8477517749146,74.18396519743251,31.37339525722854,13631.019787268271
408,47.13399289484284,0.19508588011753475,0.00653112121074376,207.49546231750637,74.18392620670814,31.377906147056123,12398.338627705809
409,46.535752854154964,0.22951669303285782,-0.01464635361066305,208.35341312639756,74.18388720722338,31.382417033663813,10684.842008899048
410,46.574883406283085,0.232625992003562,-0.012393530592065955,206.01499408128376,74.18384819897653,31.386927917051345,10854.63471916368
411,47.492288254065485,0.2391497465610293,-0.015552296559761043,205.93651419558367,74.18380918196586,31.39143879721845,8547.538706861666
412,49.26237347081179,0.15467437950962237,0.03884514317108954,206.06396952581116,74.18377015618958,31.395949674164846,10911.23102993338
413,46.589304573833445,0.23146689657887914,-0.001470132076151868,205.23857067787702,74.183731121646,31.400460547890283,4123.389117463547
414,46.933652044051804,0.2378865209106969,0.004232503706140214,206.3577342620582,74.18369207833341,31.404971418394496,12168.947729626483
415,46.82510135275634,0.2599936994568962,-0.01734939628243016,205.26235541535226,74.18365302625001,31.40948228567721,13758.873095013252
416,46.254962037962436,0.26198339233523493,-0.02476136668090561,205.9149467595636,74.18361396539413,31.41399314973818,10822.3577117172
417,45.17555136689498,0.31403985012743124,-0.05146018924916687,206.35270145918244,74.18357489576398,31.41850401057712,10376.306360992075
418,45.967352009458786,0.31128315362213294,-0.04863391113667624,207.35930110352086,74.18353581735784,31.423014868193757,10252.824796853398
419,46.5072562675158,0.2996337861141582,-0.046862507451836205,209.6427444794953,74.18349673017399,31.42752572258784,8597.67539655575
420,46.83513190264196,0.24590363944816407,-0.008989097903463361,208.6579915878023,74.18345763421067,31.432036573759103,5236.058394294225
421,47.170421109932946,0.20258753515196606,0.020345542054505016,208.43033648790737,74.18341852946617,31.43654742170728,5266.956161710304
422,47.49820262371452,0.23605818032796727,0.0014992167588139557,206.3604100946372,74.1833794159387,31.4410582664321,4142.737943358225
423,48.47939240059119,0.22397458328769915,0.0008181183803456329,202.3392012611666,74.18334029362659,31.445569107933316,404.1921225835605
424,50.44052291091044,0.14203976607292293,0.018469265111435134,199.7067787703626,74.18330116252802,31.45007994621063,8716.75080885246
425,49.27035285246979,0.20368254435068028,-0.0066405417591344496,199.72871781397794,74.18326202264132,31.454590781263807,10431.960801204636
426,49.77764256553993,0.17936150296991288,0.005325734183694252,198.68654755648976,74.18322287396471,31.45910161309256,13360.328491665745
427,48.968461579432486,0.16168121954401804,0.0022576020754628166,200.0865738307935,74.18318371649646,31.46361244169664,16166.44371127389
428,48.136364098355244,0.1684198937466993,-0.00478027225523143,200.14621650026268,74.18314455023483,31.46812326707577,12726.06923417595
429,38.89056880888073,0.18776478697602478,-0.08150778195528195,199.9742511823437,74.18310537517806,31.472634089229697,660.8625671749486
430,35.500076173315826,0.12294362160067282,-0.11208307863170927,201.61731476615867,74.18306619132439,31.47714490815815,0.0
431,34.624759166734556,0.09429555810378394,-0.11868779914199323,199.93970839353736,74.18302699867216,31.481655723860865,0.0
432,36.9868665943463,0.14370821389671057,-0.13489699004282069,201.12667366762923,74.18298779721954,31.48616653633757,0.0
433,38.713996693773154,0.15276226506150656,-0.17151472364761414,200.18051726401467,74.1829485869648,31.49067734558801,0.0
434,44.26372653257547,0.28528733305468124,-0.09407540050688001,200.4263972710574,74.18290936790623,31.495188151611924,0.0
435,47.17112138558908,0.30563467603629324,-0.06618655239465703,201.9923904487011,74.18287014004203,31.499698954409038,0.0
436,45.22476023495732,0.34202097412423554,-0.08323084807981763,202.8386969657165,74.18283090337052,31.50420975397909,0.0
437,41.94062594020095,0.40008879245910567,-0.1313340940867725,202.9080640924612,74.18279165788988,31.50872055032182,0.0
438,41.474294424052786,0.4426837882140747,-0.1609820191525694,205.29565445713533,74.18275240359844,31.513231343436964,0.0
439,41.0861754933281,0.44239870479474264,-0.1513415096226188,206.3148221084416,74.18271314049434,31.517742133324244,859.7839847766484
440,40.93608573430879,0.3954041678963551,-0.13138093005897852,204.74478141000392,74.18267386857593,31.522252919983416,1928.6581197989944
441,42.164832064072485,0.3925042340820314,-0.12286768746721914,203.19719049494546,74.18263458784143,31.5267637034142,3049.831234354496
442,41.35157359264769,0.4198066546841668,-0.13260554977970662,205.19952743502233,74.18259529828909,31.53127448361634,1774.0750007358104
443,39.22212932173412,0.42786856700608317,-0.14887898688554502,205.864161849711,74.18255599991716,31.535785260589574,0.0
444,39.58171697177377,0.47298330390249577,-0.1593537911608851,206.88976481408488,74.18251669272387,31.540296034333632,2272.1614631619914
445,38.80822245657647,0.4488654070439546,-0.14080070433741643,206.09182869153972,74.18247737670747,31.544806804848257,1577.1367708597109
446,42.96855637589874,0.35394764330878764,-0.08077043996927341,205.06769876672797,74.18243805186623,31.54931757213318,0.0
447,44.50421285013385,0.21760783158693478,-0.00013813854598970868,204.67016531094205,74.18239871819836,31.55382833618814,2347.217941194413
448,43.437179806873225,0.2527716453080428,-0.03197161367744263,206.20779732213185,74.18235937570215,31.55833909701288,13325.52238936335
449,43.66990219092677,0.27457951042245493,-0.05021989488179296,206.0479128380152,74.18232002437583,31.56284985460712,8005.47643136181
450,45.76536267615327,0.21368795866334528,-0.021496162382048045,207.35253214379432,74.18228066421763,31.56736060897061,5759.512832270279
451,45.57005033818934,0.21146733018619346,-0.011567928545572974,205.39478169660418,74.1822412952258,31.57187136010308,0.0
452,42.802255487307846,0.3662723561935141,-0.09881019666808676,204.82484912096564,74.18220191739857,31.576382108004285,1050.5617001044416
453,43.11790192111653,0.3275254480204691,-0.0733492235311609,204.9960640251903,74.18216253073423,31.580892852673934,0.0
454,42.337758663305806,0.3732220410998503,-0.08589152207641743,204.89571035025585,74.18212313523098,31.585403594111774,1472.58771813342
455,42.15052717107992,0.4161867882306963,-0.11390444597513168,204.94397060753187,74.18208373088704,31.589914332317548,2025.834551259665
456,44.3093932590437,0.305037985427564,-0.0531848878078632,204.880624426079,74.1820443177007,31.594425067290995,0.0
457,43.22661132515539,0.37374895378458495,-0.09728982823790697,204.49901665137023,74.18200489567019,31.59893579903185,1080.0040395338071
458,45.14382791742929,0.30000144150835084,-0.03412533495985208,205.58136792452842,74.18196546479375,31.603446527539848,1416.3223004169097
459,46.571009837804056,0.2462462623350271,-0.006446833954878993,204.51265905811363,74.1819260250696,31.60795725281473,1615.9341204314878
460,47.621758303786756,0.20315915229375875,0.03754393184389296,203.68166316894022,74.181886576496,31.61246797485622,0.0
461,48.288275008500634,0.18321427332938683,0.02712882026118528,203.81372163190352,74.18184711907115,31.616978693664063,0.0
462,46.36937244717152,0.2223118620482357,-0.018596805652578194,204.56046115550902,74.18180765279334,31.62148940923801,0.0
463,47.27184314885016,0.2228792899234952,-0.019603237142503768,203.24360823390597,74.18176817766077,31.626000121577786,243.1770060883709
464,48.27626340476788,0.2274179384251197,0.010715236267186264,204.2131427072403,74.1817286936717,31.630510830683136,3033.402250411303
465,48.992585730335634,0.18310748750661598,0.03952014627120502,204.7157839538543,74.18168920082435,31.635021536553776,1782.3544299851833
466,47.82103517855011,0.23482676849905615,-0.010467496767917396,205.30440482433144,74.18164969911697,31.639532239189467,1040.9887691560098
467,49.159323806096765,0.1766837120383722,0.013431540416332884,206.20453651501234,74.1816101885478,31.644042938589955,3993.522134261096
468,49.94128276719586,0.19271597281885944,-0.0010974707332821157,206.6493183009963,74.18157066911502,31.64855363475496,1198.201831689056
469,47.58748193610895,0.19684916340854544,0.032703806104222834,205.35345961589056,74.18941629703858,31.350874072488708,4558.211113362627
470,47.33491467253751,0.24753327121859298,-0.00919455429226315,204.76966587740074,74.18937760094951,31.355384984283628,7490.6357115025085
471,45.839620397146824,0.25022037012227216,-0.012946468770318782,205.87503288608266,74.18933889616511,31.35989589286052,8985.187805880681
472,46.948783909372644,0.1865097281183043,0.004132135926262505,206.7419439694857,74.18930018268365,31.364406798219136,10840.093947764435
473,47.342937630799725,0.16692231535017363,0.014942126296030252,206.659739576483,74.18926146050336,31.368917700359205,12324.467635550189
474,46.88490038307614,0.189053465095418,0.003973501104310773,206.63704482713297,74.18922272962257,31.373428599280462,11732.186371528103
475,46.9922613817499,0.19579361677390184,0.007013952892510169,207.11179716237524,74.18918399003954,31.377939494982623,10119.769717700316
476,46.54593698812379,0.20523600148673785,0.0010048047549692622,207.7569307581133,74.18914524175254,31.382450387465443,13291.225720745771
477,47.053623951116094,0.20915234774387065,0.0027687928135519484,205.43420533718952,74.18910648475988,31.386961276728652,10044.986825561202
478,47.19996106025239,0.2435651510387171,-0.003347794802313801,205.80454784437438,74.1890677190598,31.391472162771983,7342.5016927414945
479,46.68208610359625,0.2653985938166071,-0.011225523401446507,205.98396424815988,74.18902894465063,31.39598304559517,4989.211751997421
480,45.57411883685335,0.254238827145187,-0.020351514818196817,206.437960042061,74.1889901615306,31.40049392519794,6113.632671907858
481,46.41673916386833,0.21866094274436734,0.0006340786842874889,205.54810725552062,74.18895136969799,31.40500480158003,13862.57592047764
482,46.13041728830685,0.24155418326466072,-0.009763452417479447,205.20507427369532,74.18891256915109,31.409515674741183,15563.5118870688
483,46.91098202548899,0.24374714076796636,-0.0107171238878503,204.922712933754,74.18887375988818,31.41402654468113,8301.926877989163
484,46.51517706162856,0.26124370845478223,-0.021826600946620613,206.22305467928499,74.18883494190753,31.4185374113996,11887.162739304482
485,47.20349312489554,0.261662569597752,-0.015447957141781526,206.14439626855864,74.18879611520737,31.42304827489632,11244.971305901454
486,46.97066077059643,0.2456431389685836,-0.015394918304885678,206.7669469259065,74.18875727978607,31.42755913517104,8378.826465790871
487,44.843685118946404,0.32548357620927165,-0.0644523977680004,208.01208617971625,74.18871843564182,31.432069992223475,5760.329885801849
488,46.38605407109303,0.2619005174743951,-0.026468916456333407,208.09366789280085,74.18867958277295,31.4365808460534,2715.697034957655
489,46.22988315308138,0.3165681194209118,-0.024679634302585032,208.42447745497563,74.18864072117765,31.441091696660497,1554.3015748359244
490,48.3134642459682,0.2128141817049524,0.021974915991485527,203.76100959642434,74.18860185085428,31.445602544044547,1327.6591009837389
491,50.79608447713329,0.15758128314714825,0.033630530775412656,200.2515772870662,74.18856297180109,31.450113388205256,12590.964207843426
492,47.7749364490773,0.17717960307355995,-3.600290521287886e-05,200.4077287066246,74.18852408401632,31.454624229142365,14462.999463600465
493,49.646489350014484,0.21408116467666885,-0.010089381626794685,200.26357302484553,74.18848518749826,31.459135066855616,8937.485615906962
494,50.19459565346162,0.17779501153887434,-0.0025697845334620895,199.8314503415659,74.18844628224515,31.463645901344748,9283.04357588559
495,49.04468697277326,0.2266117742381185,-0.020582037622727027,200.933394640042,74.1884073682553,31.46815673260947,9250.02795290442
496,47.21211393023776,0.18052457949080133,-0.0033150281683050446,202.27584395113618,74.18836844552698,31.472667560649548,11009.95341849802
497,40.39025559288585,0.31154222634049006,-0.06933877007784656,201.76290555628523,74.18832951405841,31.4771783854647,2636.9112957746192
498,41.00948094911777,0.27934176909247427,-0.043455025264638826,199.4927136667979,74.1882905738479,31.481689207054668,0.0
499,41.24467275132976,0.34694900585974214,-0.09929524424745062,200.08913100551317,74.1882516248937,31.48620002541919,0.0
500,42.425236633446744,0.184075808744878,-0.08656148468586333,199.03993169578348,74.18821266719408,31.490710840557988,0.0
501,37.6662789030255,0.19579143615390657,-0.18158870348038142,201.72228060956382,74.18817370074729,31.49522165247082,0.0
502,44.73123561339286,0.26515866505580504,-0.08340617914390229,202.734637605042,74.18813472555162,31.499732461157407,0.0
503,45.75259178149647,0.3663180403256909,-0.07775783361424475,203.88619060120757,74.18809574160531,31.50424326661747,0.0
504,41.099638462481316,0.41899388265276405,-0.1433542198205196,204.19233293947744,74.18805674890665,31.50875406885077,0.0
505,43.54304957066168,0.37366044833420176,-0.10021108777057279,204.87055271104103,74.18801774745387,31.51326486785705,619.0630212312005
506,43.66433443328519,0.435844660697971,-0.13403527364928597,208.3520294233547,74.18797873724525,31.51777566363601,185.92006104140785
507,45.5490492716785,0.376189097750186,-0.11013821229244183,204.6078276858419,74.18793971827904,31.522286456187416,0.0
508,46.402104868183265,0.332892281064935,-0.0688974804543345,205.12667366762932,74.18790069055353,31.526797245511,3907.161442708379
509,42.23175804106823,0.4320913486667302,-0.1346600693770411,205.37564052029956,74.18786165406695,31.53130803160648,657.9673644799647
510,40.05337117033773,0.45232692726992324,-0.16334917013845163,205.39211563731936,74.18782260881758,31.535818814473608,0.0
511,39.05946024667415,0.4710517428302296,-0.17937862991605133,205.77928046218494,74.18778355480369,31.54032959411213,1000.01747209884
512,39.65128586999083,0.4091648824973653,-0.11910169913477903,206.39537936466266,74.1877444920235,31.544840370521765,2219.338824290549
513,40.7990694418354,0.41211000566963,-0.13643321856797314,205.61415255349874,74.18770542047528,31.54935114370225,1082.3055412047038
514,47.02491867900828,0.25327899417384014,-0.022799794809461815,205.6400367309459,74.18766634015729,31.55386191365332,1418.816887339632
515,43.746047403091076,0.31795088364868845,-0.0695631578337015,207.3011020729468,74.18762725106782,31.558372680374735,5838.910025116551
516,43.612956063189465,0.33540349242663464,-0.07525076620461693,206.33521385463138,74.18758815320508,31.56288344386621,2664.0975109274127
517,47.11684122140217,0.230391241268387,-0.030003590012540927,206.81987659183412,74.18754904656736,31.567394204127485,8665.427343965746
518,44.25077489585907,0.32043884911421416,-0.06428833001327379,206.5752723454522,74.18750993115287,31.571904961158303,1223.169337699151
519,43.309003166174065,0.3620572008527189,-0.0877074381270173,205.57645360283502,74.18747080695992,31.5764157149584,1121.9016147564937
520,43.19120481749936,0.3561515372755968,-0.0948381636293482,205.20047231697723,74.18743167398674,31.5809264655275,372.32571059185193
521,42.12445784710374,0.43486083105588885,-0.1329213813481001,204.89602727153547,74.18739253223157,31.585437212865354,1192.8534198952327
522,43.68900418089816,0.35102461838177057,-0.07257668647737966,206.10436606791671,74.18735338169267,31.589947956971702,844.5430497493296
523,45.40601092353014,0.30333311452341394,-0.03786272369408607,203.83838383838383,74.18731422236831,31.59445869784626,676.4036641579129
524,43.136682613695434,0.3595348116714082,-0.08372366338296339,205.23914469369018,74.1872750542567,31.598969435488797,1000.1370874169234
525,45.963171271966196,0.2432916212214698,-0.002376914007121027,204.66631689401893,74.18723587735616,31.603480169899026,1207.851041542614
526,46.3219201325394,0.20164554986184996,0.018862570349492465,204.4079223504722,74.18719669166488,31.607990901076693,703.3370068472273
527,48.79678205755316,0.1746252585988394,0.04396174425383749,204.41445814746794,74.18715749718115,31.61250162902154,841.8158991775438
528,48.39205538618658,0.16513394865823394,0.02282741033570351,204.1941492850584,74.18711829390317,31.617012353733298,0.0
529,48.28842073282176,0.2432860177627814,0.003217078178310098,203.8103109012201,74.18707908182921,31.62152307521171,0.0
530,46.009640111244295,0.24987327461073344,-0.026498206325337722,203.7015864691229,74.18703986095757,31.626033793456514,0.0
531,47.981174169061276,0.23082636672518073,-0.009171869735953013,204.78405664088112,74.18700063128644,31.630544508467427,1792.6582037274447
532,48.21272960604093,0.20278708421860642,0.020773368301682693,204.64669638175138,74.18696139281404,31.63505522024422,2934.6339882778275
533,48.87218545323801,0.2072570726639565,-0.0010976018405034265,205.79821569141953,74.18692214553869,31.63956592878661,3151.151830506291
534,49.512080185517846,0.1749513083510386,0.003950088793450818,205.9298636601992,74.1868828894586,31.644076634094333,956.661881862098
535,50.62714110104747,0.18876903388153393,0.03183853102435486,205.78106974305186,74.18684362457202,31.648587336167164,735.9323204271263
536,47.38978896097332,0.24794760399924515,0.009190268075508278,204.1427068262528,74.19467258306143,31.35090716990132,4914.248185843437
537,47.706642516951234,0.23382197773052593,0.01020504162152828,204.0231487570696,74.19463413783355,31.355418087530136,7137.377641492926
538,47.26753035564088,0.21030824502480286,0.008558597400474866,204.69659524122522,74.19459568396664,31.35992900194148,10610.426739770826
539,46.27439736528394,0.2124804747481673,0.0004773527004021906,206.0487644584648,74.19455722145902,31.36443991313508,11848.645928041691
540,46.62032520475161,0.2655937899978749,-0.01211024151021702,206.00157728706625,74.19451875030902,31.368950821110676,6266.189459793555
541,46.5527883367759,0.19695061568014913,0.005107098039631379,204.98631938963436,74.19448027051487,31.373461725868,9329.070217597164
542,46.67256828695913,0.18146947920475606,0.010475548759854158,205.59542285939762,74.19444178207492,31.37797262740679,11693.393592678814
543,46.36431058148891,0.17663625790062748,0.010905208006782878,205.74312771274506,74.1944032849874,31.382483525726784,13134.973822108894
544,45.44298807832437,0.1980177975762529,0.0032245235946986523,203.27607523346052,74.19436477925062,31.386994420827705,12612.092838907494
545,42.84330019469292,0.2096933469621273,0.005670053424164822,205.84966460607663,74.19432626486291,31.3915053127093,9072.952828234753
546,42.57402875177937,0.3220856147136689,-0.04061532623429185,205.43253550762765,74.19428774182252,31.396016201371285,1050.658014208845
547,44.161620123810366,0.22741283289857595,0.012351127915933876,206.3446008154676,74.19424921012772,31.4005270868134,5655.263092734964
548,43.47957385619233,0.21279112981094048,0.0031835362109523093,204.56477706168624,74.19421066977685,31.405037969035405,13181.1512362784
549,46.418271906256116,0.22807757066747883,-0.008107660268719147,204.7051400026292,74.19417212076816,31.409548848037,13402.253303859794
550,47.99165072088738,0.24460519244576576,0.005615504276660816,206.5694754831077,74.19413356309995,31.41405972381794,12422.183944511804
551,47.183621909309934,0.24543846109927472,-0.008718504346541974,205.85357518401673,74.19409499677052,31.418570596377947,10023.774398304176
552,46.82416463197555,0.24335135678678857,-0.014847427967876596,206.46056782334387,74.19405642177813,31.42308146571675,9626.665500794745
553,46.74820915611989,0.2685445142162805,-0.021169643918401402,206.8819663512092,74.19401783812107,31.427592331834106,9445.752887807164
554,45.092464873552835,0.3550694008384947,-0.06610498340952846,207.62999474237643,74.1939792457976,31.432103194729734,8487.632924631273
555,45.632011836862446,0.28652619077368957,-0.024296645092287406,207.19222178425954,74.19394064480609,31.43661405440338,5679.3447144812
556,47.63055012395169,0.21972509534927936,0.014161383193560128,208.01563321071995,74.19390203514473,31.44112491085476,3000.2226058030315
557,48.05274901043485,0.253233830157699,0.029576339175770953,206.03087230688385,74.19386341681184,31.445635764083637,1011.1665438448516
558,49.5381885314648,0.2194930017308506,0.06449179829606086,200.7484235417761,74.1938247898057,31.450146614089714,190.56665313510584
559,47.13160317265107,0.17645709629692216,0.00024532644295715845,202.56029952706248,74.19378615412461,31.454657460872752,11783.4800787499
560,47.22296717953363,0.18890439775772655,-0.0051053052081995835,202.2581450341565,74.19374750976681,31.459168304432467,10846.148643781937
561,47.86281360846428,0.22609200931250614,-0.02683187566970901,201.71978455070936,74.1937088567306,31.46367914476861,7727.942431441452
562,44.55478932422609,0.3347894168112816,-0.0815898210906083,202.52737298148872,74.19367019501428,31.46818998188092,1877.630986041503
563,43.70816479662072,0.24089059094522605,-0.026416460595914095,202.66929237232503,74.19363152461611,31.472700815769105,1539.1321718770946
564,41.66071539864314,0.28452869623446686,-0.05260745711431464,200.78957047156175,74.19359284553437,31.477211646432927,2260.076939896342
565,42.947791777136125,0.3284949477148298,-0.0802675410505584,201.35851287440877,74.19355415776734,31.48172247387211,0.0
566,44.23828081214409,0.3508770234394942,-0.10965243933287781,200.55475220191923,74.19351546131328,31.486233298086397,0.0
567,45.3187416423552,0.35081137355333913,-0.0994846075421466,200.78838828319977,74.19347675617048,31.49074411907551,0.0
568,47.002855240252394,0.2810877158843456,-0.03718601439133351,201.82124079915883,74.19343804233725,31.495254936839192,0.0
569,39.274710708037595,0.1445436036602484,-0.1293703038106323,203.26139498226715,74.19339931981182,31.499765751377183,0.0
570,44.46596136635756,0.2108852940991025,-0.06278630724765402,203.24917903585973,74.19336058859247,31.504276562689228,0.0
571,45.95187392887548,0.3206229124603848,-0.06028920898252013,204.6741986337361,74.19332184867748,31.50878737077504,0.0
572,45.66376876269792,0.3447203764280663,-0.08134103038650234,202.44335040042003,74.19328310006513,31.51329817563437,0.0
573,46.08618658402129,0.3467544093894065,-0.07952456957138243,203.3106209793882,74.19324434275372,31.517808977266945,0.0
574,46.516639318638994,0.34307756389143845,-0.07707931660129252,204.03914871255918,74.19320557674146,31.52231977567251,0.0
575,47.43466619889242,0.3266713583668846,-0.06961705506513333,202.506766522139,74.19316680202668,31.52683057085081,0.0
576,43.36109526854463,0.4236904310255155,-0.13001203656710159,204.8331800866938,74.19312801860765,31.53134136280156,0.0
577,40.51238520192204,0.4540378919994001,-0.16049418716116443,205.3555205461468,74.19308922648258,31.53585215152451,0.0
578,39.09512066831716,0.47995828440640903,-0.18175461145867813,206.67379889734838,74.19305042564979,31.540362937019392,1000.057029726276
579,35.665962213942535,0.5162495968614115,-0.22388282568468587,205.57476696862284,74.19301161610754,31.544873719285956,27.72286148614876
580,36.899042305981126,0.4054398100545887,-0.1291855227874867,206.45491534322096,74.19297279785411,31.549384498323903,3102.5006303508244
581,45.31575778804675,0.30222577136093337,-0.05234790381358844,204.37188238382782,74.19293397088775,31.553895274133,34.287508731342854
582,48.26836465165532,0.17169523677877907,0.00921989911864154,205.6345497505907,74.19289513520674,31.55840604671299,568.6417154835426
583,43.92866360941611,0.3120803946995756,-0.0660614208249639,205.78611730744,74.19285629080935,31.56291681606358,141.37599470475112
584,45.19302908399109,0.2840193206059029,-0.042532187384314954,207.33206507478357,74.19281743769382,31.567427582184525,1636.970570201879
585,46.231863844486725,0.22013599096923156,0.0015420151097333026,208.28359774485384,74.19277857585845,31.57193834507558,1853.452424096144
586,42.909208708779374,0.39875732103421063,-0.11215494695849222,207.57283335518557,74.19273970530149,31.57644910473646,0.0
587,43.49763908609691,0.33443759973044357,-0.069335512569768,206.20664303531578,74.19270082602122,31.58095986116689,0.0
588,42.791934385325405,0.3804906541180762,-0.11125884571931874,205.96510102335353,74.19266193801589,31.58547061436663,1249.441742127309
589,45.14782485018634,0.25525744394088506,-0.03403518493998117,205.6550774075046,74.19262304128377,31.589981364335408,0.0
590,44.96426952856001,0.3065268148575509,-0.02752371000148044,204.3907849829352,74.19258413582314,31.594492111072977,1094.1772568991182
591,43.851790866776874,0.3042528378430962,-0.04580862925147412,205.15715597533782,74.19254522163222,31.59900285457905,1397.7041740117725
592,44.31551480148763,0.232952201297784,0.0048910304292494305,204.570116751935,74.19250629870929,31.60351359485337,600.1029015243512
593,44.704142887648246,0.21476717454895175,-0.008323657456182606,205.04000524658971,74.19246736705263,31.60802433189569,0.0
594,45.751943068635555,0.23828409558692928,-0.018837867856005282,204.87194961952247,74.19242842666051,31.61253506570575,1319.8373022942817
595,47.9910386445809,0.17040927091601343,0.01796804461287058,203.9901613537977,74.19238947753115,31.617045796283264,0.0
596,48.775936965348336,0.1781271328096116,0.021732898876077048,203.23166732257656,74.19235051966282,31.62155652362799,0.0
597,48.45453744593677,0.18745122575540135,0.0028056065559706085,202.84046182104433,74.1923115530538,31.62606724773965,0.0
598,46.29923173697757,0.18207637705169466,-0.07052117471675287,203.0637544273908,74.19227257770237,31.630577968618,1783.9581229862029
599,47.812010636419295,0.18578761989860107,0.019463090860733237,205.23679035007208,74.19223359360672,31.63508868626277,5142.088175552592
600,48.91981143337573,0.1767106735827338,0.021055854463299772,206.53605138961717,74.19219460076515,31.63959940067368,5313.741726353983
601,47.288650019711575,0.1767295406685269,0.0064346354072695655,206.1995542152878,74.19215559917593,31.6441101118505,1447.220958489684
602,47.22524512198088,0.19369029221899672,0.0037569871618470204,205.8377031987415,74.1921165888373,31.64862081979296,950.5253419869308
603,47.71412227970029,0.23526167820553878,0.02012559717102033,203.73800446956747,74.19992887772159,31.35094005203805,8101.303696580456
604,47.503987511422956,0.23170984302888192,0.017538590626543355,204.39844675529818,74.19989068335654,31.355450975462823,8684.400057798437
605,45.89713526052093,0.30712664750605856,-0.0303665812978375,204.00920810313085,74.19985248040886,31.359961895670654,2502.762486520686
606,44.49575108124788,0.2993622783527436,-0.03573130694851297,204.56377517441098,74.19981426887684,31.364472812661297,3733.504155521935
607,47.91127865055638,0.21674006176246574,0.020319061400009338,205.3531500723399,74.19977604875878,31.368983726434468,9057.220702008217
608,45.69707751042383,0.22696285991238377,-0.011073764785161096,204.15991050276395,74.19973782005302,31.373494636989925,9548.428432273
609,45.592326960180216,0.1973859132866982,0.0005577944607771257,205.32395107194537,74.1996995827578,31.378005544327376,9564.1168667415
610,42.76341656021313,0.19575662377540273,0.011316358069095766,205.05459089713239,74.19966133687149,31.382516448446577,10668.215604328672
611,42.485627406826204,0.20952012017871086,0.01652663982852339,204.75387851696033,74.19962308239235,31.38702734934725,6872.83284654687
612,40.64745476825467,0.2819006995805967,-0.02872087675337578,205.0099960541892,74.19958481931866,31.391538247029125,2191.112966225456
613,42.38789522337192,0.30283541723570945,-0.03293292252404543,204.49165242539775,74.19954654764878,31.39604914149195,4074.8942575618735
614,46.004251643279,0.22688583986116023,0.023545583793273726,205.8224385111141,74.19950826738096,31.40056003273545,1602.1724768507731
615,45.53118292964491,0.23484787824908196,0.006211132334557234,205.40036827568073,74.19946997851352,31.40507092075936,9117.069196677308
616,48.84928100110556,0.21461867728407383,0.01565255943771806,204.13700973940507,74.19943168104477,31.40958180556342,11071.637787420996
617,49.405061735001986,0.2114177287828335,0.021499614350043737,205.11232408259892,74.19939337497297,31.41409268714736,9652.490512180106
618,48.491413114952664,0.24602453898800744,0.0037615159238412097,205.8082083662194,74.19935506029647,31.41860356551092,10434.069521848489
619,47.42866941335567,0.26186492150072943,-0.014158754722734935,205.8303101997897,74.19931673701353,31.423114440653823,11404.890251275814
620,46.313587398461145,0.26888623272390766,-0.015819682427268375,207.11613836643428,74.19927840512246,31.427625312575817,11207.564984052957
621,45.884931155814385,0.293032512317797,-0.03233749328379953,207.69252004732482,74.1992400646215,31.432136181276626,8777.14635261764
622,45.90820342661101,0.3092511444950172,-0.03346988562587218,206.87269857969488,74.19920171550905,31.436647046755997,9112.412073735846
623,45.6887384176262,0.29237566526394243,-0.03259373188672226,208.6482649842271,74.1991633577833,31.441157909013643,4013.633769640332
624,45.90803924789662,0.27761127570847577,-0.023626074424463076,209.2056037884767,74.19912499144264,31.445668768049323,1853.6155444510312
625,47.57866959153179,0.18943381093569203,0.022050704853617518,204.7467157120336,74.1990866164853,31.45017962386277,10022.341277904794
626,47.76508956422132,0.2074199841209294,-0.006468502118101737,201.14495991588905,74.19904823290958,31.454690476453703,11978.957130348026
627,47.36736050321387,0.21611440126710563,-0.01060895124069328,201.2502297492451,74.19900984071377,31.459201325821866,12502.087091370502
628,46.52825356320496,0.23062464891818432,-0.017206074266683576,204.08426449322994,74.19897143989618,31.463712171967007,4995.971146048123
629,45.10037810662507,0.3290566533158918,-0.07574096691666488,203.33447188649495,74.19893303045511,31.46822301488885,2384.961238933674
630,46.26367019316289,0.293484643582189,-0.03258127935284602,200.85066386223212,74.19889461238881,31.47273385458711,0.0
631,41.25185036017342,0.2743629907682903,-0.03876156424633098,201.33552285864425,74.1988561856956,31.47724469106156,0.0
632,40.63434134262619,0.3036733892353508,-0.06744652345697984,202.1767875920084,74.19881775037378,31.48175552431192,0.0
633,41.78121261542959,0.3804559074881047,-0.13518557591659996,198.6116657908565,74.19877930642159,31.48626635433792,0.0
634,47.18914881372523,0.27970772779001873,-0.049147693418645284,200.97622487849725,74.19874085383736,31.490777181139297,0.0
635,50.28532877252234,0.2397385977910367,-0.002481548681334788,202.74934314240676,74.1987023926194,31.495288004715803,0.0
636,46.95867535730463,0.1516690108793849,-0.024350962049466084,203.55221331932222,74.19866392276592,31.499798825067156,0.0
637,37.92101344427352,0.1566016317119318,-0.1436824740656907,203.2720704151341,74.19862544427527,31.50430964219309,0.0
638,39.03274672411668,0.1479873248367809,-0.1598899355673621,204.8727177196901,74.19858695714571,31.508820456093357,0.0
639,41.3706345982319,0.1587010372090467,-0.12865556926915,203.13395556724075,74.19854846137552,31.513331266767683,0.0
640,42.414774801489955,0.21204951321031548,-0.11352220176192049,202.9076336880831,74.19850995696301,31.517842074215807,0.0
641,46.828642630374496,0.2827099047483225,-0.0735172781040616,203.6472211273157,74.19847144390644,31.52235287843747,0.0
642,47.87514855073512,0.35026780580684536,-0.08867122946806545,202.45024940929378,74.19843292220412,31.5268636794324,0.0
643,45.619171223831735,0.3580912440632665,-0.09691744062765688,202.80808611184034,74.19839439185431,31.53137447720033,0.0
644,39.836643949255645,0.5179247610808586,-0.19281979869705068,206.99172902717612,74.19835585285527,31.53588527174101,0.0
645,37.594765214612075,0.5296468681490033,-0.2104639328329789,207.66824209006174,74.19831730520535,31.54039606305417,1000.0387464021128
646,39.392145862327716,0.4950852263922127,-0.18027370636917514,206.07942759616648,74.19827874890277,31.544906851139555,0.0
647,42.6476088863521,0.41377299285731434,-0.12137273598753112,205.92307692307696,74.19824018394584,31.54941763599688,347.5353762992127
648,42.077067433950404,0.2994984687947758,-0.06001356424994601,207.18642510174607,74.19820161033284,31.553928417625905,2467.9014605007187
649,43.64283653851243,0.3398297037202464,-0.08546888781673162,206.3978748524203,74.19816302806204,31.55843919602636,0.0
650,45.16891851342605,0.28715208583018076,-0.05173070705583767,207.37421301154254,74.19812443713171,31.562949971197973,0.0
651,44.400354733029054,0.30032816870445805,-0.06957811403469241,207.6030474188888,74.19808583754013,31.567460743140497,978.5559075763274
652,45.55528241437183,0.2696699574201679,-0.03377309046329739,208.27110410922936,74.1980472292856,31.571971511853658,4380.687961846791
653,45.333222993476966,0.2734604562475235,-0.02816828956677942,207.02364376724034,74.1980086123664,31.5764822773372,1499.4195614419743
654,44.21156907424001,0.30551649076634213,-0.04289504252189288,207.3328957731689,74.19796998678076,31.58099303959085,806.2909991852532
655,44.43333345704952,0.307884358182276,-0.06513292720887857,206.0248064050401,74.19793135252702,31.585503798614354,777.1598970696626
656,44.606509091139,0.33779048604798345,-0.06681300832267346,205.2372392074531,74.19789270960341,31.590014554407443,0.0
657,44.887512491927346,0.28516724374382624,-0.03120793687236303,204.47402256625563,74.19785405800822,31.59452530696987,1592.587890163588
658,43.693951025584425,0.33854745016183563,-0.0683236623970695,204.79916043552413,74.1978153977397,31.599036056301355,5218.438570872648
659,45.44314574018893,0.25973520125346833,-0.006663114717697957,205.03148366784734,74.19777672879617,31.60354680240165,239.5592184013477
660,47.19078344646995,0.20214664122376236,0.016931705349737116,205.17184835366672,74.19773805117588,31.60805754527048,0.0
661,46.71077458632779,0.19777417606901662,-0.0005259904382197784,204.92009971136193,74.19769936487707,31.61256828490758,1087.4301240367477
662,48.69865151115705,0.15803156880565963,0.03154790385047769,204.63859372950287,74.19766066989808,31.617079021312723,0.0
663,49.089835223955156,0.17480382143791223,0.031699367587662036,203.97586252131705,74.19762196623714,31.6215897544856,708.6059761131401
664,46.741157501169994,0.15954449303241242,0.01765640530370973,204.82174711437563,74.1975832538925,31.626100484425976,78.39930218872745
665,46.65769451070841,0.17800084674618144,0.0062979125389686814,204.54151908697364,74.19754453286247,31.63061121113358,320.8716113795973
666,46.98753671900906,0.17841909062304814,0.01384050477383836,204.6519228245176,74.19750580314529,31.63512193460816,3606.731689737457
667,47.78466606551956,0.2105707555814443,-0.0009638180537380929,206.60325373917604,74.19746706473927,31.639632654849432,4993.632383295431
668,47.21961058683238,0.1999911520852342,0.011223681684605996,206.34391395592868,74.19742831764266,31.64414337185717,1000.1732629492888
669,48.50341522210153,0.19527158286425284,0.007411266051907346,206.56421356421347,74.1973895618537,31.64865408563109,1519.242618857093
670,47.72745359260993,0.22315786454121483,0.028663775862339664,203.59041853119248,74.20518518096269,31.350972718897683,7359.063070794994
671,47.806334357573036,0.21391099992941748,0.02225061918079656,205.09431728492504,74.20514723746219,31.355483648080455,8108.013323394285
672,44.72400847902924,0.3127244881488983,-0.02763891577766908,204.57340173638516,74.20510928543543,31.359994574046848,3155.920523705305
673,44.659247970785344,0.3235644128819278,-0.04293521023812827,204.5335438042621,74.20507132488069,31.36450549679657,6527.250253316031
674,48.95785976523286,0.17193797960074408,0.037069307600671036,205.9080505130229,74.20503335579629,31.369016416329384,8573.391648230056
675,49.1465211367688,0.18863850256143383,0.04754475123904905,203.55935322729064,74.20499537818057,31.373527332644997,8206.501264019435
676,45.18991378544204,0.2913512655583665,0.005170248485026952,205.5023677979479,74.20495739203184,31.378038245743152,1795.4056558679586
677,41.89682199941736,0.2504094982969594,0.013737181284826325,205.823885308431,74.2049193973484,31.382549155623597,4857.526957541182
678,41.72573522832285,0.2421065630630695,0.0036122458445317753,206.1824519863195,74.20488139412858,31.387060062286043,4173.898017529285
679,44.823493037774014,0.26106918238672727,-0.01868430690196331,204.64702012893048,74.20484338237064,31.39157096573025,7784.821188851795
680,46.533330860579845,0.2672847555332393,-0.0005026627472727879,204.59900078885101,74.20480536207296,31.396081865955924,4210.217629551364
681,46.281604800667836,0.24253136618674104,-0.002154740810772212,205.07401077954515,74.20476733323383,31.400592762962827,5286.921183451575
682,44.79712258888788,0.28211467879306834,-0.0188030602439784,204.07085579071904,74.20472929585154,31.40510365675068,9207.931715889896
683,47.523091491873295,0.24266133045367566,-0.005279135812740918,204.387537794137,74.2046912499244,31.40961454731921,10381.781825370592
684,48.95086878169145,0.225833352448051,0.004218280712350925,205.61528344074708,74.20465319545075,31.41412543466817,8485.304047012585
685,49.049513981793105,0.20847663091436822,0.01940153537597918,204.84238201656373,74.20461513242886,31.418636318797283,11794.883383628265
686,48.67654743069936,0.2093624501605485,0.024392421566342373,206.14618114894176,74.20457706085706,31.42314719970628,9100.97677133751
687,46.21860013740897,0.2623739673713742,-0.014449932543918244,205.93413960825546,74.20453898073366,31.427658077394923,9999.107875778718
688,45.93071563399056,0.2647011164098143,-0.02188638135510596,206.79206098843315,74.20450089205696,31.432168951862916,10572.50517335714
689,45.765140338729644,0.2981252483538328,-0.03903447237177928,207.17130846032578,74.20446279482525,31.436679823109987,8415.89089048487
690,46.30705164875986,0.27678118847124794,-0.0356902090651104,206.15042038885963,74.20442468903688,31.441190691135905,11276.063137748988
691,46.15610486869138,0.2471195705911354,-0.01290592614251446,207.73958743923265,74.20438657469009,31.445701555940385,7342.211466086816
692,47.185258498036,0.22528945672778672,-0.00994209943145499,207.28481345244347,74.20434845178325,31.450212417523165,7204.500448232569
693,48.09819609491719,0.20078341180708517,0.00494445471761622,206.65076235541525,74.20431032031462,31.45472327588398,9992.001315907575
694,47.792029693943235,0.1993788817176887,0.0018133347307026414,205.4727917981072,74.20427218028253,31.459234131022576,10134.654950071825
695,46.57029684276252,0.2321573695523527,-0.0137502693348415,205.21671704560387,74.20423403168527,31.46374498293868,5282.639587646755
696,45.28359454975159,0.3296136019290107,-0.0739036056149311,201.96595688748687,74.20419587452115,31.468255831632018,1411.5833079352806
697,49.06986025994089,0.2214344897817743,-0.014046272254427467,201.26632505584024,74.20415770878844,31.47276667710234,0.0
698,42.33090876686024,0.2975317260585486,-0.06122833099074005,201.30254860746194,74.20411953448549,31.47727751934938,0.0
699,39.49652866747013,0.3242303821135468,-0.09596325248341382,200.45579929068697,74.20408135161055,31.481788358372864,0.0
700,39.84721491543546,0.31375672031047996,-0.08171707284044995,199.37317745960857,74.20404316016194,31.486299194172545,0.0
701,41.76051817045977,0.4179888350553444,-0.1560463006415268,202.48719295941157,74.20400496013802,31.49081002674814,0.0
702,49.58809782008542,0.2526977798574683,0.01625640135458588,202.52167630057804,74.20396675153701,31.4953208560994,0.0
703,48.646195611819635,0.26597049964341474,-0.004715127610715011,204.07535775239594,74.2039285343572,31.499831682226056,0.0
704,47.47062120050061,0.32204708585433606,-0.05575648981524847,203.63894363421363,74.20389030859695,31.504342505127838,0.0
705,47.086473206562886,0.29957776616682963,-0.056509135659431754,202.8713703849691,74.20385207425454,31.50885332480448,0.0
706,46.48200604966086,0.2537029776881104,-0.06815538900919088,202.064545813067,74.20381383132822,31.51336414125575,0.0
707,43.35012711938003,0.20373511888417692,-0.09509126398953982,202.9184290030212,74.20377557981635,31.517874954481343,0.0
708,38.107989807203495,0.0731094172263943,-0.18903694886776098,203.39879154078554,74.20373731971719,31.52238576448101,0.0
709,49.08101143495209,0.2862670381061282,-0.051560496022365766,202.9167213976093,74.20369905102902,31.526896571254504,0.0
710,45.695182420685626,0.32525119234577055,-0.06741208067064598,201.7037037037037,74.20366077375017,31.531407374801542,0.0
711,40.520731115870554,0.4920692792401688,-0.16932167165047604,203.98279936974797,74.2036224878789,31.535918175121868,0.0
712,39.69844853372149,0.5101085855046121,-0.19703484040675903,206.561433447099,74.20358419341355,31.540428972215228,1540.295859132117
713,43.760236761870345,0.38318894637104495,-0.08456175787726505,205.19687623047653,74.20354589035237,31.544939766081345,2281.2059531193386
714,41.05904030007086,0.44336586714329956,-0.14979816184134825,205.6796536796537,74.20350757869367,31.549450556719957,1056.838054931557
715,38.237729324924494,0.4573184875390014,-0.1626047166623926,206.49875213450682,74.20346925843573,31.553961344130805,2060.19596581808
716,38.01232053564398,0.37184551057656495,-0.10496696737658488,206.8810555336747,74.20343092957685,31.55847212831362,2850.999587273453
717,41.83401972224123,0.37675983510162886,-0.09640756528200664,206.57461902259587,74.20339259211532,31.562982909268158,1059.6410832675151
718,41.54795158406934,0.39650639954150774,-0.10800679429673869,207.1642163297454,74.20335424604941,31.567493686994126,2807.843114984321
719,44.99465954997903,0.3008258229060857,-0.0598833268308605,206.59821545728917,74.20331589137744,31.572004461491296,9623.321607987316
720,46.166349517609575,0.253982514959961,-0.02758702606178196,206.6651797428497,74.20327752809771,31.57651523275939,9485.67459919323
721,44.201818530997144,0.3251378090564513,-0.07104345453067575,207.274599842561,74.20323915620845,31.58102600079813,1987.6121018401725
722,44.238646104530346,0.2762528587444159,-0.05138015670561674,206.13290474940968,74.203200775708,31.585536765607277,3631.2288415235016
723,44.75067240652718,0.29489012259270336,-0.04854676414835743,205.84584098661776,74.20316238659461,31.59004752718656,3420.125306152252
724,42.810512637958574,0.34169197427542175,-0.09389837061588356,206.1760692731567,74.20312398886661,31.594558285535705,2326.365248662272
725,46.52492216723736,0.20786116708826394,-0.0038743744343029546,205.69041059950158,74.20308558252222,31.59906904065447,11287.93749908418
726,46.95892543928762,0.22812447944349237,0.004427851104313531,205.7158226187353,74.2030471675598,31.603579792542583,6434.187389496283
727,46.38964976871823,0.22129772682512272,-0.006764178629691143,205.14340068223572,74.20300874397759,31.608090541199783,378.7092979921691
728,46.63511400952638,0.22958092791482332,-0.0039463308014509755,205.6351351351351,74.20297031177387,31.612601286625807,1207.1785274652998
729,47.24787526241144,0.18420901999725978,0.004813849173534739,204.65901338231438,74.20293187094695,31.6171120288204,0.0
730,47.938509701738425,0.1450771004661367,0.008258706010337997,204.84242980844922,74.20289342149509,31.62162276778329,0.0
731,46.04205326615972,0.23624983454593113,-0.028845328199819657,204.95489707617668,74.20285496341658,31.626133503514215,2873.9967126780343
732,45.730641196964974,0.21029528847906034,-0.03651131486771773,205.06101561474873,74.20281649670972,31.63064423601293,4307.963945369373
733,47.66935098745642,0.19125173915433355,0.016296609702214193,206.34941654647955,74.20277802137277,31.63515496527916,3285.167402193086
734,46.827864225846874,0.19113600195417366,0.0137973628494333,206.55755112742526,74.20273953740401,31.639665691312636,6624.157221218757
735,46.6500949234662,0.1884192914684129,0.013781850549520818,206.8365233350812,74.20270104480171,31.6441764141131,2725.852460747224
736,47.7521766629953,0.18977760171135033,0.005328359864774153,205.9696016771488,74.20266254356417,31.64868713368031,518.3194999584672
737,47.543693216614,0.23091032568670936,0.01951455843748522,205.19004346108264,74.21044149272839,31.351005170478977,6908.728182494306
738,47.51916627341361,0.22066754233520983,0.018250225153359608,204.60470928702978,74.21040380009411,31.35551610538182,8330.829751863508
739,46.26395419303504,0.23593712951612286,0.013601583015274223,205.03908923400903,74.21036609898992,31.360027037068814,7317.440755839092
740,45.87666994438367,0.22430032685612508,0.011772590846108828,205.34442836468895,74.21032838941414,31.36453796553968,5755.756009020207
741,47.87610980547685,0.22682036966037486,0.011982665088763358,205.35893045310866,74.21029067136512,31.36904889079416,6513.562204955302
742,48.07399222713934,0.23498371531760237,0.015542082504685719,205.82638432197822,74.21025294484114,31.373559812831985,7344.783072866052
743,45.52207243753195,0.3142062432892702,-0.017597065623822745,205.5088850862183,74.21021520984058,31.378070731652883,4243.7502656176775
744,43.06117367213105,0.3594189278682825,-0.05607429318120031,207.70218363588538,74.21017746636171,31.382581647256604,862.927914972556
745,40.79610608484282,0.28488998351886896,-0.014161696476530084,206.15826864886208,74.21013971440289,31.387092559642877,2518.158104484196
746,42.653478028605846,0.23517004220438897,-0.01889427818629818,205.72168880704987,74.2101019539624,31.391603468811425,11486.366009421628
747,46.386804750648864,0.24211175813005817,-0.009781551190850057,205.76151618847055,74.21006418503862,31.39611437476199,11729.292797207798
748,45.401488109596244,0.32600550015309776,-0.0336448823277624,206.26502696304084,74.21002640762984,31.400625277494303,3087.3311623554623
749,43.06716907236099,0.31015835455169793,-0.035031751407083644,207.40173524385432,74.20998862173437,31.40513617700812,8149.563689082026
750,46.16996423352572,0.22917651437759545,0.001726636656966519,205.2588405416064,74.20995082735055,31.409647073303145,11059.69974948246
751,48.72847629718006,0.21850693583374828,0.0028792971329009687,205.29580428778112,74.20991302447672,31.414157966379136,10752.45115763171
752,48.87600801650455,0.20335727064425144,0.02262314370494793,205.38977257788872,74.20987521311116,31.41866885623581,6977.956940648549
753,44.80851121449819,0.23411996094352844,0.011854915236898255,205.8223857067787,74.2098373932522,31.423179742872914,10380.805747107304
754,42.954927769495555,0.25787668352715953,-0.02318962008377089,206.68129269574356,74.20979956489818,31.42769062629018,9747.31651355648
755,45.785144023220724,0.22752387696357027,-0.0023741570092614857,206.04955961614291,74.20976172804738,31.432201506487356,7032.415627078762
756,46.263946745407964,0.2532114077269506,-0.020544818663444812,205.71488634870576,74.20972388269816,31.436712383464144,10729.786605893962
757,46.55053449744315,0.25968623750756936,-0.011703051216087968,205.5873537531221,74.20968602884881,31.44122325722031,11294.656581149213
758,46.075620273675085,0.2762219118394623,-0.024290420314055195,206.33977392218713,74.20964816649764,31.445734127755586,7175.74278590771
759,46.295406417500025,0.23845965100414437,-0.017141422272810215,208.35515247108304,74.20961029564297,31.450244995069685,9369.24922160896
760,47.5695154316881,0.19596108774108562,0.015130431309828558,207.41605359957958,74.20957241628317,31.454755859162372,4555.014796119383
761,48.36041840766555,0.17304079059643604,0.028187829142351677,207.20310036784028,74.20953452841646,31.45926672003336,6411.138711308828
762,45.25194475229507,0.32271418357337534,-0.06663414889192086,201.9776668418287,74.20949663204121,31.4637775776824,5635.268096553213
763,44.87077428877368,0.3486552588065682,-0.09615102020273131,202.54902733964246,74.20945872715573,31.46828843210921,4556.202192601013
764,46.97821544031941,0.27026793331593263,-0.05173365861673524,202.5051261829653,74.20942081375834,31.472799283313552,2270.877755229813
765,42.02443797506113,0.3502880962363552,-0.13674930524118986,199.53200999079797,74.20938289184733,31.47731013129514,0.0
766,39.53956131510643,0.39856069766634983,-0.17057800929372824,198.7966368891225,74.20934496142101,31.48182097605372,0.0
767,34.51621448212935,0.3818296058070977,-0.2316637158911698,200.68533123028394,74.20930702247772,31.486331817589026,0.0
768,38.88392816266781,0.39202160242204737,-0.12940031236969327,203.00039406278728,74.20926907501574,31.490842655900792,0.0
769,42.931302665029584,0.32136416506580245,-0.0478740971834011,203.21296174576042,74.2092311190334,31.495353490988755,0.0
770,40.91366266257693,0.27535355471363604,-0.12349603634998522,203.75111753878517,74.20919315452899,31.49986432285266,0.0
771,47.253481316982,0.32297675942757637,-0.06983513629732344,201.56032101039344,74.20915518150083,31.504375151492216,0.0
772,47.16861802066468,0.30765261058215704,-0.04683031552239358,202.1515828188625,74.20911719994726,31.5088859769072,0.0
773,48.97617010619086,0.2874116547219783,-0.035331116424210086,203.1445846477392,74.20907920986653,31.51339679909732,0.0
774,48.76574082766445,0.27911372232496695,-0.04102277912100346,202.49520808717344,74.20904121125697,31.51790761806232,0.0
775,43.062282874282744,0.19039601407157025,-0.0912415528264365,203.79637414608513,74.20900320411691,31.52241843380194,0.0
776,44.67710246331805,0.23859327501067626,-0.11979367569659928,203.44397795854107,74.20896518844462,31.52692924631591,0.0
777,46.48458118761232,0.3625160377064788,-0.09618046731897746,203.36091410559493,74.20892716423845,31.53144005560398,0.0
778,42.1244064001326,0.4410441017354369,-0.15264049734167293,203.2156734050932,74.20888913149665,31.535950861665867,0.0
779,44.90071438417184,0.3201600375874611,-0.06746963854388094,204.15959542887168,74.20885109021756,31.54046166450132,1094.3328106315817
780,44.705632776607175,0.3178908053724247,-0.046337361003228786,204.06827731092437,74.20881304039948,31.54497246411008,1000.0605341448122
781,40.659444424237925,0.41827717273603193,-0.15030258286800546,203.76657476696866,74.20877498204072,31.54948326049188,617.836413978893
782,43.79751238379759,0.357444666592301,-0.09443935909168723,205.57062221055395,74.20873691513955,31.55399405364645,1574.7340594822915
783,37.436592379019324,0.40995773177914235,-0.13387257291153074,205.7748457397926,74.20869883969432,31.55850484357353,2400.87449957862
784,39.58333918828,0.38270641824750634,-0.10090788970375297,206.90173182891627,74.20866075570329,31.56301563027287,2042.2022988131807
785,38.90405815115913,0.43333549386912834,-0.1594997485706757,206.8767393016539,74.20862266316477,31.5675264137442,340.0518338007399
786,43.2820621819102,0.36304834075097275,-0.09895155022204617,206.52500984639616,74.20858456207709,31.57203719398726,4053.1691747726863
787,47.03592138162665,0.22780629895790305,-0.015263571586456129,206.74806354207698,74.20854645243851,31.57654797100178,15103.260633751372
788,42.530066328263366,0.375942767810482,-0.1054010208397721,207.43344709897622,74.20850833424734,31.5810587447875,5394.337142853565
789,44.429095139166584,0.28587197455450875,-0.05803627115846795,206.2190576191102,74.20847020750188,31.585569515344147,6393.626825360667
790,45.634461748045176,0.2140648929404876,-0.003994445893153645,206.85213854631337,74.20843207220045,31.590080282671494,14656.941441226416
791,44.171773632942845,0.3244090604022657,-0.07261109784577523,207.8905799002887,74.20839392834134,31.59459104676925,8914.510751424341
792,46.62596562442697,0.21342958699077622,-0.00966693163437731,205.76368649074448,74.20835577592281,31.599101807637155,15958.819107266743
793,45.81765673840182,0.2612005111619355,-0.03757681376476683,205.36648733761984,74.20831761494321,31.603612565274947,8690.519958518093
794,44.6548078050965,0.252768540300916,-0.019520223308497578,205.13981882630952,74.20827944540079,31.608123319682377,3182.865264577693
795,44.289062025950415,0.2583135560638086,-0.03080999659866409,204.92903056539416,74.20824126729389,31.61263407085916,606.8824470509704
796,43.3847757695313,0.3080147586497357,-0.07568058202249582,205.70132598135743,74.20820308062075,31.61714481880506,2304.51586848941
797,45.605936397048424,0.26864393716337026,-0.04883895794489537,205.03358257903716,74.2081648853797,31.62165556351981,2570.6375678491027
798,44.13406156710745,0.2438661988900354,-0.07565744948232751,205.73133936770296,74.20812668156904,31.626166305003142,3595.8485545783733
799,46.48235183340024,0.22015730125034932,-0.015804025597452233,206.4599239144693,74.20808846918705,31.6306770432548,8452.197699533757
800,47.57678919650415,0.20418705490917805,0.0017252869926289943,207.80010486302263,74.20805024823201,31.635187778274503,13316.801356894624
801,47.68521077983614,0.25892759174644164,-0.02574873532135079,208.03972207656,74.20801201870225,31.63969851006201,10152.843794990022
802,48.401196707521976,0.2547320906900282,-0.0002418247761494086,207.8241772649796,74.207973780596,31.64420923861705,7700.936100229925
803,48.03958749080361,0.23166344170600112,-0.014940429122454777,207.62362349239635,74.20793553391161,31.648719963939385,3366.999216754489
804,44.8603090561648,0.2825079509568146,-0.015391039292129732,205.63937878389052,74.21569781296232,31.35103740678071,4816.348077090367
805,47.27956900641283,0.23091980053601033,0.016099445523764928,205.13088660878722,74.21566037119597,31.355548347365698,8337.199352114683
806,44.512814311059095,0.309158467275642,-0.0406744910558094,204.83173266675445,74.21562292101603,31.36005928473534,4355.951583114324
807,44.9056352397685,0.2731085945959258,-0.008433134157676696,205.11945796605715,74.2155854624209,31.36457021888941,2682.1501647773307
808,44.61104315145248,0.33628541619969415,-0.0483300511020115,206.0563083804763,74.2155479954089,31.369081149827604,1522.2695187758716
809,45.60409150572954,0.3255917672639067,-0.02684731401778964,207.0343375871596,74.21551051997834,31.373592077549677,4963.993181123311
810,44.97742237923052,0.3560366666860471,-0.04820336645805772,206.9235727440148,74.21547303612759,31.37810300205536,1573.4048534173298
811,44.179675080584104,0.34559584058018966,-0.046043631892954524,209.09536963956862,74.21543554385497,31.382613923344397,288.8004474185983
812,41.64707468215469,0.30836306373141087,-0.02139792802140014,206.82833464877666,74.21539804315883,31.387124841416508,2207.060205648479
813,41.33407780196635,0.283770534504282,-0.02848822198074824,205.86018676838086,74.21536053403747,31.391635756271445,7991.452535327064
814,46.23316794776888,0.253460192656523,-0.005398274794433337,205.15908493294765,74.21532301648926,31.39614666790892,5764.395020133701
815,45.59190841794423,0.3193425629933591,-0.03249067213789511,206.20202551624348,74.21528549051253,31.40065757632868,10701.3388234126
816,45.30361793076904,0.2917872790911093,-0.021496081798819115,205.41803601945568,74.21524795610556,31.405168481530463,9682.686711074286
817,48.32867099762721,0.1892624874621008,0.021833676593297217,205.6208755093992,74.21521041326676,31.40967938351401,12036.484812441757
818,48.14077555791797,0.21230439111522806,0.007636307826797566,205.11238170346994,74.21517286199442,31.414190282279037,13851.50069593154
819,48.65633761343689,0.25469762706099647,0.001774063364464128,206.5324470185599,74.21513530228685,31.418701177825287,9825.119858763934
820,46.4623758858202,0.2535530290765996,0.011692135885014172,205.99645110410086,74.21509773414245,31.423212070152506,10863.606522424128
821,42.56916739309482,0.24548362457529319,-0.011997997808437242,206.12389846113368,74.21506015755945,31.4277229592604,11058.752584657255
822,45.30623580898331,0.24465223089956045,-0.01407002397950866,205.1463895830593,74.21502257253627,31.43223384514874,9785.812380371684
823,47.312001079372536,0.23955243548891064,-0.001561924936828636,205.97263877926852,74.2149849790712,31.436744727817256,9980.159755158938
824,45.85833384899843,0.29944676750003296,-0.02637879364454597,207.14681913774967,74.21494737716255,31.44125560726565,6734.117742925998
825,46.38949077472972,0.2659459417605874,-0.026848725386568233,207.04866500065765,74.21490976680867,31.44576648349369,9995.863653744858
826,45.82331513338769,0.25532765048220973,-0.025865253744699616,206.21559090311558,74.21487214800788,31.450277356501115,10370.922289311786
827,46.695511579159444,0.22744215201524753,-0.010692890095339122,207.76677190213104,74.21483452075856,31.45478822628764,7854.895236418353
828,47.04845064057712,0.2743373809345292,-0.01591637515478616,207.92493755751283,74.21479688505895,31.459299092852994,3889.9569593774
829,46.9308698197686,0.22087068035957164,0.0017485523837463665,202.60018406521166,74.2147592409074,31.463809956196958,10410.798324576312
830,44.87848617729998,0.2974280090659583,-0.06422472942386892,202.59203783996858,74.21472158830225,31.468320816319203,7965.91100077065
831,44.62758620716955,0.35381623772779963,-0.09936458926161414,202.09312113639353,74.21468392724184,31.472831673219524,3364.144633756167
832,46.71821830542434,0.3011978959851926,-0.07124006440223012,200.9785864424593,74.21464625772447,31.47734252689763,518.9717228918059
833,39.312543964615806,0.5070368770078356,-0.23377892494784672,199.8287140417707,74.21460857974846,31.48185337735325,0.0
834,36.59515094337713,0.4190845465194188,-0.19681040843591038,200.69893603047413,74.21457089331211,31.486364224586147,0.0
835,36.41455024899752,0.3447750954775012,-0.1511006343467187,201.21102486514943,74.2145331984138,31.490875068596026,0.0
836,33.773136444295304,0.380186474845798,-0.23446745537382674,200.53023928477518,74.21449549505184,31.495385909382644,0.0
837,32.174711255051285,0.35146563100821226,-0.2679692927067816,200.78135682356032,74.2144577832245,31.499896746945737,0.0
838,44.252516276356246,0.3831862188910382,-0.0872040589771181,201.3955076842244,74.21442006293016,31.504407581285022,0.0
839,48.9476336821652,0.2745706979726848,-0.01302734369178838,202.0741859243698,74.21438233416707,31.50891841240026,0.0
840,48.68420464937378,0.3158035173492802,-0.052256678773491126,204.12235788368125,74.21434459693363,31.51342924029118,0.0
841,49.35265163218171,0.28005692912840874,-0.03757970065541641,203.81622473090056,74.21430685122812,31.51794006495751,0.0
842,47.05916527999607,0.2655984133390228,-0.050978368322388924,201.5607513463812,74.21426909704886,31.52245088639901,0.0
843,43.2837505936384,0.12120293835878099,-0.10718692324593998,202.36357668067228,74.21423133439416,31.526961704615378,623.0898543913988
844,50.08907952593939,0.2556194725852817,-0.032221075551696,202.51752658526976,74.21419356326233,31.531472519606385,1001.1244955188369
845,44.79882973152768,0.3556665123360436,-0.09106926723148458,203.23801392355188,74.21415578365169,31.535983331371757,1005.0628646269544
846,41.60624718263097,0.4404797396622181,-0.14919416998749507,205.113036628594,74.21411799556057,31.540494139911225,1915.668488213383
847,43.46702229647107,0.39061478578511777,-0.11218679824345712,205.19220165419458,74.21408019898729,31.54500494522454,1120.0078908866003
848,42.041714055109054,0.3613513342609852,-0.10639720665065765,204.7501313715187,74.21404239393016,31.54951574731142,1721.7290558435527
849,43.160862253087856,0.3721756858741698,-0.1046891147475681,205.95024287777343,74.21400458038748,31.55402654617162,1999.7405433382587
850,38.24510119190885,0.47229003833127214,-0.16456722515196878,207.43457698371,74.21396675835757,31.558537341804872,1097.1423506746366
851,43.09548572127614,0.35619679238862945,-0.0795792682538198,206.8456085072863,74.21392892783874,31.563048134210916,2502.687573414368
852,44.43837516680903,0.3090234515057865,-0.055699170518811056,207.22884918549667,74.21389108882931,31.567558923389484,338.53581878623135
853,40.55706004829881,0.4942098075897123,-0.1818550872206728,207.91913888159633,74.2138532413276,31.572069709340315,1771.0949037421024
854,45.41756491886164,0.2895720770032026,-0.056428510407658485,207.91137079831935,74.21381538533188,31.576580492063155,6149.941266523312
855,42.49027190067711,0.40606322914138493,-0.12308806105764424,207.92441936753707,74.21377752084051,31.58109127155772,4352.99304043431
856,42.71627005909369,0.31854496835722274,-0.06543651307052946,207.58505188493376,74.21373964785177,31.58560204782377,8653.182278427397
857,44.432019249965904,0.2995824432456665,-0.05210896204438176,207.8834339721712,74.213701766364,31.59011282086103,3607.553301565701
858,44.45693554448214,0.2967433366754022,-0.05599468012779459,208.89628462649344,74.21366387637548,31.594623590669247,6033.496018987609
859,44.45952477232749,0.31812721560685425,-0.047068340893335954,207.7743374442404,74.21362597788452,31.59913435724816,10659.842080138247
860,44.613534331847276,0.2964049745557515,-0.03766568630715145,207.10994489635257,74.2135880708894,31.603645120597506,3199.6064805067963
861,44.48249752600892,0.2773646751087432,-0.03938381790836352,205.57583311466803,74.21355015538852,31.60815588071701,5164.356093552367
862,44.91594294604488,0.24027271391136598,-0.022369438503804778,205.99422799422794,74.21351223138011,31.612666637606427,2358.3206423482875
863,43.10598638590004,0.3453425080522229,-0.08988377933958612,206.32616111256883,74.21347429886247,31.617177391265493,1624.6330152039693
864,42.486304452472474,0.3772051849075078,-0.10872670872136937,205.81135291033024,74.21343635783394,31.621688141693944,1000.1504925741704
865,45.913440720826465,0.27346763753794817,-0.047794828234996714,204.50137741046825,74.21339840829285,31.62619888889152,2050.9259265159526
866,47.03492119641087,0.2292499449100507,-0.003930466448958501,206.7239931785386,74.21336045023742,31.63070963285795,3525.420434449579
867,46.736086022955014,0.23243284638354111,-0.016346489548084212,208.13397191969554,74.21332248366603,31.635220373592983,9999.213243025728
868,47.038724825383724,0.25613781003772895,-0.0334521873209551,208.32703659976383,74.21328450857693,31.63973111109635,14672.462291346845
869,48.325313629803105,0.2342690501660593,-0.002561361921172129,208.68141244421108,74.21324652496847,31.64424184536779,9147.095724687226
870,48.35210965946873,0.24161756388047387,-0.006690671269731267,207.4150596877869,74.21320853283893,31.64875257640707,8146.038595499002
871,44.60030381064758,0.3037020856816882,-0.02980038481390858,207.34640694919722,74.22095414160816,31.351069427801704,4907.998385069993
872,46.45912777208243,0.2229442463767506,0.016771514114303724,205.3419770962222,74.22091695071134,31.355580374030875,9351.52443715319
873,44.354894017320476,0.29134192937534154,-0.03242480892523015,205.78742436201006,74.22087975145735,31.360091317045235,4870.9923878167065
874,45.28163650682343,0.27675406738309966,-0.012090131460018305,206.22533912814444,74.2208425438445,31.364602256844528,6478.258305140014
875,44.89919324455805,0.32231881260274536,-0.03922523583138214,205.13877926861363,74.2208053278712,31.3691131934285,2681.273893979846
876,46.77186967595975,0.24209798245417882,0.00891208908716013,205.4125855713534,74.22076810353573,31.373624126796862,9407.89967735683
877,45.14724752803765,0.2925822158515944,-0.01560325688682098,208.4410101275813,74.22073087083648,31.378135056949368,3946.516481556189
878,44.719952055103995,0.3083849847098877,-0.024000635162012052,207.68649644643327,74.22069362977177,31.38264598388576,3318.110578950195
879,44.91660717588747,0.28680748797591155,0.004578664779050851,207.34551669734415,74.22065638033997,31.387156907605764,4946.264923896614
880,46.12197754902143,0.2572794310305431,0.019750291307838255,205.26318558463757,74.22061912253943,31.3916678281091,554.1479418859283
881,47.12833022431782,0.224895955973415,0.004980877235237021,204.15523133543635,74.22058185636844,31.396178745395503,3496.580933488316
882,46.52384691673858,0.21974953800439068,0.008065933373340483,205.0488093671885,74.22054458182541,31.40068965946473,3541.4547883146056
883,44.896431035566216,0.3169288913758492,-0.0339209807364963,204.46113376298825,74.22050729890864,31.40520057031652,2154.906190762503
884,46.78060642882794,0.20060060213626454,0.02005492008174346,205.15443304393577,74.22047000761648,31.40971147795058,14899.574199927974
885,47.188025718374966,0.1712487339732947,0.026672485135457835,205.7640021036024,74.22043270794731,31.41422238236666,13034.87660274243
886,48.0786004503541,0.2101235056136735,0.017655041880433344,205.34803211794124,74.22039539989945,31.4187332835645,9036.740016868953
887,47.79577710151572,0.24248041757503228,0.0009628918057115371,207.28434336795053,74.2203580834712,31.42324418154381,8291.667408821022
888,45.83548950280979,0.20954031598909043,0.010936198841848334,206.4543541173375,74.22032075866096,31.427755076304354,13785.224443226763
889,45.13744605026297,0.23296860714033468,0.008598704209371831,205.9886931369971,74.22028342546703,31.432265967845865,11137.381177625222
890,47.116043816606165,0.25640010474778613,-0.013277893479723453,207.0057879505393,74.22024608388776,31.43677685616807,9491.737877753532
891,45.466033613584415,0.352574817635103,-0.03212169477435298,205.89984227129338,74.22020873392152,31.44128774127071,3106.815001099138
892,44.408949495548576,0.36340378824954944,-0.07652350497162984,206.22875559063402,74.22017137556662,31.44579862315352,3513.1040390577214
893,45.57262311424874,0.27764860553782916,-0.037394063620676134,206.76298146444066,74.22013400882139,31.450309501816225,8970.581843377367
894,44.90159031218382,0.28947237205982956,-0.03904810735971961,207.66263476203,74.22009663368418,31.45482037725856,6990.380658218892
895,46.995038002082026,0.25052428966506973,-0.01785369563249636,208.82978443743428,74.22005925015334,31.45933124948029,4087.539943285819
896,46.991796181803494,0.24245028502956562,-0.0003386818661141362,206.9878979215996,74.22002185822718,31.463842118481114,7020.555180529421
897,46.31169776711773,0.29020876861057754,-0.03391872273775796,204.76142932212295,74.21998445790406,31.468352984260797,7462.5949541748705
898,44.71747548368588,0.34491931557634153,-0.07464724847188178,201.39910549855298,74.2199470491823,31.472863846819045,4038.092796791673
899,46.518119323095135,0.29072043966589367,-0.052419261603243374,203.46663163426177,74.21990963206022,31.477374706155626,2781.2339030845305
900,45.25163388121695,0.327218719378573,-0.06188743769676273,203.78687014866463,74.2198722065362,31.481885562270254,3259.483748336814
901,43.10446159054958,0.38546067342062745,-0.11071294700090423,200.13962661057067,74.21983477260854,31.486396415162687,73.3319662295537
902,39.371082742213915,0.418953586209973,-0.15558436197649303,199.72441462772957,74.21979733027555,31.49090726483263,0.0
903,33.86790973237097,0.3848347816437948,-0.21868717671649415,200.11743071062654,74.21975987953562,31.495418111279864,0.0
904,37.68470733765797,0.4477751395590678,-0.17887111918329016,202.34782608695656,74.21972242038704,31.49992895450407,0.0
905,45.627005864245774,0.3530188414128809,-0.08231682032909844,202.39333070762765,74.21968495282817,31.504439794505025,0.0
906,47.6411448342803,0.30313242446828187,-0.04759840913417982,202.38096490074926,74.21964747685732,31.508950631282477,0.0
907,49.26630040000265,0.28799956789466336,-0.03923791172920644,203.6331275449889,74.21960999247281,31.51346146483611,0.0
908,46.35205024148603,0.33563387525901844,-0.06686618348734183,203.9048745237157,74.219572499673,31.51797229516571,0.0
909,45.902814049322224,0.36855294935758076,-0.09579584656382659,203.68238539340607,74.21953499845623,31.522483122270994,0.0
910,41.58071686179024,0.1929607889844301,-0.13328723615279253,201.7318611987382,74.21949748882076,31.5269939461517,0.0
911,52.25142287930806,0.2029353100271724,-0.0018176484127458868,202.56210609243703,74.219459970765,31.531504766807565,0.0
912,44.61618904641911,0.3788224510863833,-0.10433341558360246,203.42526620218223,74.21942244428723,31.53601558423832,0.0
913,42.205574257211,0.4351039799642842,-0.1329258691396423,203.65987913820288,74.21938490938575,31.540526398443717,116.62547558069868
914,40.207318805015774,0.4830774683907591,-0.1868136201049032,204.8083289542827,74.21934736605895,31.545037209423487,0.0
915,38.08873394692403,0.4357417924498374,-0.15435409094727887,206.21753971379815,74.21930981430515,31.54954801717737,1892.881267072508
916,42.20106478126825,0.38586894887600065,-0.10493592935918931,206.48549297623742,74.21927225412261,31.554058821705095,1749.1528005511825
917,40.45633120529014,0.40623838174932364,-0.1236314991647763,207.23917038592816,74.21923468550973,31.558569623006413,856.7095461394974
918,42.86697872160696,0.3754357486212405,-0.10243857429790089,206.48601811736913,74.21919710846478,31.56308042108104,263.7287315783418
919,45.161814304047034,0.3665879156781223,-0.07956074998292158,207.0250721974272,74.21915952298615,31.56759121592874,1259.3660702920083
920,40.38074251972827,0.48452971078718127,-0.17392507934208498,207.68517789155848,74.21912192907209,31.57210200754923,2376.2930848245715
921,41.14254935248856,0.45850864753814174,-0.15485456788119836,208.22430765192289,74.21908432672095,31.57661279594226,2744.329433940521
922,41.8205748065656,0.41162168991431325,-0.134487590987765,206.49271366679807,74.21904671593106,31.581123581107565,1127.4387734905963
923,43.52339943336355,0.35993480163961217,-0.08930142252913147,206.74465012472106,74.21900909670072,31.58563436304488,3397.1395978601445
924,44.75406904443482,0.3242393749475368,-0.06314625766678943,208.0186425101746,74.21897146902828,31.590145141753947,5399.243197114704
925,45.50790119067385,0.2729508964218535,-0.046357193876693424,208.81400236437673,74.21893383291203,31.594655917234505,4790.214196151069
926,43.55780898768435,0.3628610531663315,-0.09548050117362926,207.71346103384937,74.21889618835031,31.59916668948628,2947.3331358332184
927,43.72312586998427,0.28274301542388913,-0.04442275724590064,207.21517657870547,74.21885853534144,31.603677458509036,3103.1931798817486
928,44.84699987295159,0.22292620812939953,-0.01489536788008009,206.51357733175908,74.21882087388374,31.60818822430249,11031.195286136051
929,41.32529993295161,0.3757949660511546,-0.10577418344415083,205.2909615636887,74.21878320397552,31.612698986866384,2090.6161718852536
930,42.32808862154664,0.33855333884615274,-0.07127744253786877,205.90305653942013,74.21874552561509,31.61720974620045,1080.8550983350835
931,44.01256871275306,0.23257661417220285,-0.02489436118185129,206.37271891820924,74.21870783880078,31.621720502304463,3412.8588988167994
932,47.52769429231023,0.1614883406066739,0.029172571910056875,206.3393208338796,74.21867014353091,31.62623125517812,6152.47873036559
933,47.86294980002101,0.18119948340700165,0.025506573460425053,208.022172658095,74.2186324398038,31.63074200482117,5189.649019574447
934,45.550260514533655,0.24989003879689373,-0.03744500715797391,205.71258034894396,74.21859472761773,31.635252751233363,4921.830554676815
935,47.469303875348295,0.2586036695982698,-0.015402793887892684,209.24845861209496,74.21855700697104,31.639763494414424,8735.358648669184
936,48.85202570703199,0.2270564146804514,0.004140145364571447,204.58940744625065,74.21851927786201,31.644274234364097,12119.237560484544
937,48.550797821404956,0.2233851392140422,-0.002505825690929907,208.0053784599239,74.21848154028902,31.64878497108214,8005.427874255338
938,44.632407466778126,0.2784923738725781,-0.009865227379511109,206.95393524611742,74.2262104786095,31.35110123354074,3588.587744070415
939,44.77833785946685,0.25550821098351456,-0.007427752857475688,210.04620853080576,74.22617353858391,31.35561218537615,8392.512093091946
940,45.30767451106949,0.24375534457582942,0.004789142180540621,207.6185214417259,74.22613659025751,31.36012313399727,6318.695421341302
941,45.691394451018986,0.2680610220159277,-0.009897823163697968,207.91864139020547,74.2260996336286,31.36463407940386,3875.520108103012
942,45.96225883784534,0.25183087624404094,-0.007801861573733664,206.7084977637464,74.22606266869563,31.36914502159565,4831.901254780661
943,47.519987065697755,0.20628667716719204,0.02389988887811985,206.2546363277653,74.22602569545693,31.373655960572357,8775.767682796333
944,45.07143480876285,0.2968130695448182,-0.019722226356509262,207.21930055219553,74.22598871391081,31.378166896333727,5751.497029398132
945,41.60574872596924,0.34528828715198934,-0.05864239522886019,207.77722251446596,74.22595172405569,31.3826778288795,3830.5297753411314
946,44.275362554980276,0.2610235175213766,0.009624636770269366,205.82175743225463,74.22591472588987,31.3871887582094,1949.2945755688452
947,43.842074340631406,0.2798866662183687,-0.014566105188210339,204.65219679031824,74.22587771941176,31.39169968432318,1478.4996514506618
948,47.29588669509142,0.26356255443286564,-0.0009453875440440639,204.9852689727739,74.2258407046197,31.39621060722056,2304.761924862383
949,47.669979037962136,0.1750588772964233,0.038189198810227254,206.1489277726615,74.22580368151202,31.400721526901272,5007.068752103928
950,46.88762165853593,0.1822032273067501,0.029423428501972493,205.25795843199154,74.2257666500871,31.405232443365065,4813.15357399852
951,46.00736584287312,0.24662880544891455,0.0007007926661248844,204.75572519083966,74.22572961034327,31.40974335661166,7790.120214019013
952,47.01538723940845,0.2062697905972412,0.013189415760029978,206.24306559747595,74.22569256227892,31.414254266640807,7167.030191523354
953,47.76491354325787,0.23806773842116247,0.008654213107907125,206.41621692773458,74.22565550589236,31.41876517345224,6948.654634361862
954,47.8379575442001,0.24062285132479494,-0.0041180801531277905,206.28855001971866,74.22561844118198,31.42327607704567,9034.692273670007
955,47.54027309836385,0.24535199088287335,0.0030955290818305554,206.84309595893114,74.22558136814612,31.42778697742085,8622.983816283879
956,44.60895917251218,0.25818770699365756,-0.01216901840475189,206.38885237281457,74.22554428678313,31.43229787457753,6201.3496619338
957,42.93346260559197,0.270631246349763,-0.012782961749968846,205.75177584846097,74.22550719709135,31.436808768515423,3595.63639292769
958,46.61542917543784,0.24565962811369896,-0.012479071802297887,206.74914541151725,74.22547009906917,31.441319659234285,8557.242414575006
959,47.1894484153993,0.25850034483378276,-0.02610636126273584,205.88712011577422,74.22543299271489,31.445830546733838,9110.936175339282
960,46.341104239704265,0.28131181644067904,-0.03644722940480765,206.69689800210298,74.22539587802686,31.450341431013808,6155.743903131003
961,45.33094306298437,0.2794194009993348,-0.04479706105863103,208.2176772326713,74.22535875500348,31.45485231207395,10313.254942457534
962,44.98498348012615,0.2906766290792303,-0.037095700862949534,208.31927473393773,74.22532162364305,31.459363189913987,4214.941294663823
963,44.86686728219025,0.3290903152625244,-0.0636880461974775,209.12865035516964,74.22528448394394,31.46387406453368,4422.012411170103
964,47.63854645870732,0.22955200440344045,-0.006044680836611415,207.91158696794537,74.2252473359045,31.468384935932733,3754.9847006133177
965,47.35876693412868,0.20836442316650391,0.006426241304704007,207.35854268052083,74.22521017952305,31.472895804110905,5245.99128125425
966,48.13340112363245,0.23292110172140762,-0.01903999497981798,204.5679515853177,74.22517301479797,31.477406669067918,3435.0048597642244
967,43.39635670487317,0.4719616799305992,-0.22589488528097432,202.15564611541996,74.22513584172758,31.48191753080352,525.3819692121155
968,43.35945495118352,0.4483012964906952,-0.18844132259678986,203.12242217259947,74.22509866031022,31.486428389317425,1033.593296300484
969,46.35800402515436,0.34569220475892615,-0.06931252879293916,203.5112307894391,74.22506147054428,31.490939244609407,265.5392990006611
970,44.78739466439498,0.3494702035407208,-0.07411407760764636,203.4836420969649,74.22502427242806,31.49545009667917,958.2237506205928
971,41.30508877392274,0.40276827928872283,-0.10655929478136451,203.2901275141318,74.2249870659599,31.499960945526468,0.0
972,40.35074744681427,0.4130190439742532,-0.15647158421795662,203.80793483972676,74.22494985113816,31.50447179115104,0.0
973,38.942386585896685,0.3331968213181996,-0.19202477982419294,203.24993426242443,74.2249126279612,31.5089826335526,0.0
974,46.37779311730333,0.33868920727659374,-0.06732400243954767,205.2233022461579,74.22487539642734,31.513493472730907,574.8541469069629
975,44.44182550348414,0.41288736793447234,-0.12283500181092435,205.23534052064167,74.22483815653489,31.518004308685697,1319.1789907607294
976,46.183818940290195,0.32917366420152294,-0.0722788965526173,205.0677521008404,74.22480090828225,31.522515141416697,297.1841230868216
977,44.338207460343114,0.18013041011015696,-0.08876120893474844,202.37307742868413,74.22476365166773,31.52702597092365,0.0
978,49.429281853501394,0.20899242088858636,-0.023793070790989846,202.95247472758308,74.22472638668968,31.531536797206293,0.0
979,44.93726262157123,0.33802466881810417,-0.08012576289229524,204.45848660010518,74.22468911334641,31.536047620264355,0.0
980,43.79838160802577,0.33834951741600783,-0.08110281050013181,205.23761986076457,74.22465183163631,31.540558440097588,0.0
981,43.053075279812184,0.34462492566302333,-0.07543854286149737,205.35312664214408,74.22461454155766,31.54506925670573,637.0337844760243
982,41.51314924318275,0.39322439146327054,-0.12722360722082984,205.21174307106273,74.22457724310881,31.549580070088517,999.4666822601564
983,43.66268377182609,0.3607924902657861,-0.09172771103042929,206.62716763005784,74.22453993628814,31.554090880245667,0.0
984,41.82263966399371,0.3990809130308867,-0.11760381908652129,206.62373637915192,74.22450262109395,31.55860168717693,1966.0237479415416
985,42.26158001302249,0.41752021304071923,-0.13666007185647153,207.06685931958498,74.22446529752459,31.56311249088205,1001.0253531870068
986,42.883026632890946,0.3913898419934628,-0.11649442898499378,206.29526060128674,74.22442796557839,31.567623291360764,1152.6595194445686
987,43.62740614133739,0.38109528665130954,-0.10756494898885419,204.95454545454555,74.22439062525366,31.572134088612817,3131.282869324268
988,41.87025110083064,0.42762823327577903,-0.14411214887687526,206.31688754756595,74.22435327654875,31.57664488263793,2511.523991718594
989,42.697232096759095,0.3392102673336507,-0.0978085946642299,206.011429322123,74.22431591946203,31.58115567343584,4606.920413470403
990,46.177141500764094,0.18593095569275322,-0.020892096204296728,204.9954050150977,74.22427855399178,31.585666461006287,12204.406357474729
991,46.69796665281685,0.18697952889462538,0.010595078283732866,206.65337181842028,74.22424118013633,31.590177245349032,15008.4862688899
992,45.367436126387254,0.22587848555967657,-0.0149236278834313,207.7409156500065,74.22420379789408,31.594688026463796,7582.810557004515
993,43.03590493860741,0.3046280012590139,-0.07114624185715977,207.61211644374504,74.2241664072633,31.599198804350305,7125.426974307904
994,42.963347634844425,0.3211383778237667,-0.0724620141890509,206.67270578968092,74.22412900824231,31.60370957900833,7377.628490443328
995,43.2607468460449,0.2662994711649484,-0.05183586454166475,206.61039642950902,74.2240916008295,31.608220350437584,8595.145986582085
996,41.468618141528175,0.34781118405637756,-0.09850168176637814,206.97899435473272,74.22405418502315,31.6127311186378,1048.0950313966034
997,40.86380289005904,0.3578728045911376,-0.09744440525286573,207.49914731732912,74.2240167608216,31.617241883608745,3970.9443760104905
998,43.21508188100356,0.2235333699075217,-0.01990489055675351,206.4280835413109,74.2239793282232,31.62175264535013,7865.210899089553
999,46.872400465832364,0.1925095974948903,-0.004218932814835439,207.14653023743926,74.22394188722626,31.62626340386172,6727.977302125007
1000,48.24720089775109,0.1849869442060179,0.016772185608614463,207.51345674149925,74.22390443782909,31.63077415914324,2689.244069838044
1001,45.63620674941787,0.23580198575191236,-0.03054822082669389,205.94755473974035,74.22386698003002,31.635284911194415,1025.0901899111652
1002,46.679543323513215,0.25978393563517227,-0.045520751593681234,205.84573979256925,74.2238295138274,31.639795660015,3506.6293656834014
1003,48.129142345534,0.22030550518432004,0.008167473922362167,206.23589609026502,74.22379203921956,31.64430640560474,3924.757080658591
1004,48.73336751724616,0.221292107800603,0.013332472188249862,206.85108895303074,74.22375455620482,31.64881714796337,10781.090761251964
1005,45.21375416590367,0.22663454352750798,-0.0014463715183255768,207.28774516256422,74.23146682391005,31.351132823996625,8478.105088894408
1006,43.12471882308696,0.3369974887927845,-0.04517887530822401,208.50269630409056,74.2314301347573,31.35564378140033,3242.992159162485
1007,44.8433462508485,0.27381323243007927,-0.01184444723922371,208.7680873454355,74.23139343736011,31.360154735590275,6093.591274002911
1008,45.083180715958434,0.28935165390964684,-0.03108942847250949,208.40021049861855,74.23135673171682,31.364665686566195,5303.463668454102
1009,46.884257788292764,0.2351309708470366,-0.001200518834956586,208.08766618401995,74.23132001782582,31.369176634327843,7822.927369618559
1010,46.35955796414692,0.21348105936657788,0.011695333443551718,208.67548709847276,74.23128329568549,31.373687578874936,8265.734085440023
1011,46.72515499130954,0.2528556687083802,-0.0005107896870713719,207.93314030007895,74.23124656529417,31.37819852020721,2805.0373114827166
1012,46.953137455023715,0.21133542945815878,0.019324098379316486,206.57003686150608,74.23120982665026,31.38270945832441,3573.0275476435136
1013,46.68352905844669,0.23800184255204368,0.003641863314576349,206.00683940549786,74.2311730797521,31.38722039322626,2704.084662577485
1014,46.29909149843604,0.27041899780570533,-0.00988955287597677,205.63401790415998,74.23113632459807,31.391731324912502,2320.9392769485503
1015,48.13559391180586,0.259546617381747,0.007833594192315113,205.8350651058793,74.23109956118654,31.396242253382862,2608.0387677828503
1016,46.927919990596294,0.25474376467425286,0.00020631957045274984,206.1596682901145,74.23106278951586,31.40075317863708,4244.809257878786
1017,47.24257795592219,0.2345061343817441,0.012077884235360867,204.77428684106744,74.2310260095844,31.4052641006749,3468.741995779193
1018,46.74372776539819,0.26496216221751234,-0.004869459946519851,205.630380413321,74.23098922139057,31.40977501949606,3241.04046098678
1019,47.20503133405209,0.20856862377979035,0.008970087560261818,207.12726794635816,74.2309524249327,31.41428593510028,5453.181127048039
1020,47.82192149336013,0.26535771661465646,-0.004729757301429864,206.6957093972098,74.23091562020913,31.418796847487307,3304.000433421405
1021,47.37723994592614,0.23590324472102592,-0.005599794759081473,206.62679111344815,74.23087880721825,31.42330775665685,8735.4220753621
1022,47.90257374193372,0.22633707903819086,0.01187384089201711,206.78873980531444,74.23084198595842,31.42781866260868,5187.971737241938
1023,47.81324723147911,0.23895257138355666,0.002439189580234982,207.8025243229029,74.23080515642802,31.43232956534251,6004.92293957235
1024,44.29375745556435,0.26714961315812646,-0.0015928747088463121,208.50789265982633,74.23076831862537,31.4368404648581,2963.6046460849584
1025,47.85569116665922,0.22187061038832429,0.009123543642666732,207.27991059689717,74.2307314725489,31.441351361155167,3981.8479120629063
1026,48.91697301612472,0.17165840598939994,0.011178786443530318,207.31136543014995,74.23069461819686,31.44586225423345,14330.730983676203
1027,48.52934960925326,0.19730977726277443,0.0023576033769712626,206.31869576650013,74.23065775556773,31.45037314409268,12007.824881645289
1028,46.6803745603026,0.26668604732329987,-0.02307561238155611,207.50993290356536,74.2306208846598,31.454884030732597,10178.449528861644
1029,45.00085088559544,0.29517907708764246,-0.04235112764214771,207.78601472134594,74.23058400547144,31.459394914152945,9530.476041302218
1030,45.34700119337896,0.3398447362968871,-0.07964005793497121,208.2424043140866,74.23054711800103,31.46390579435345,4962.991363655867
1031,47.61437221647037,0.24091424700787814,-0.01306276998650531,208.91034573419228,74.23051022224692,31.46841667133386,5550.7475114898125
1032,44.212234420973985,0.35914817015258294,-0.06052098972426937,209.05862250262885,74.23047331820744,31.472927545093903,3068.98556902926
1033,48.163034104834274,0.24945203538431965,-0.015265953389539092,206.21533806892927,74.23043640588101,31.477438415633312,4408.768816365885
1034,48.06250901381806,0.26054626805480935,-0.010640536328043819,203.94017880620558,74.2303994852659,31.481949282951827,4669.483442298414
1035,47.67530279266204,0.2764472753307995,-0.04081198854308105,203.14539240173525,74.23036255636055,31.486460147049183,5009.22196977051
1036,47.95507853594326,0.30491331762909596,-0.04779083303945691,203.17536479558294,74.23032561916325,31.490971007925136,3572.887483523596
1037,46.012124082736605,0.3299078134045228,-0.05286665835075868,203.8488433228181,74.23028867367239,31.4954818655794,2299.212810396633
1038,46.731976901177866,0.3160509825619372,-0.05468135262942476,203.95214933613778,74.23025171988633,31.49999272001172,652.8512923833698
1039,42.42908793382555,0.420079399151392,-0.13469638677272214,204.03836048344712,74.23021475780341,31.50450357122181,1332.2751577216882
1040,36.377461396722786,0.16096017501922272,-0.21675345564862553,201.824109372946,74.23017778742197,31.509014419209453,0.0
1041,42.941760175237796,0.3866639917840644,-0.11446351712648954,204.10352075669996,74.2301408087404,31.51352526397436,1001.0432070923192
1042,45.212667939152226,0.35331732193485565,-0.0876367436254192,205.04889589905363,74.230103821757,31.518036105516263,0.0
1043,46.38560840834346,0.35070947526657315,-0.08235585192564844,203.80951129795068,74.23006682647016,31.522546943834907,1055.6149455827906
1044,48.79661960171536,0.2592560641201416,-0.03278744486818894,204.66508937960054,74.23002982287824,31.527057778930036,0.0
1045,41.57131560623576,0.17606634150709227,-0.1398540045756427,203.3238733412168,74.22999281097955,31.53156861080137,0.0
1046,45.2891275312259,0.35179171631054595,-0.10246015418669506,202.63671002496397,74.22995579077246,31.536079439448663,0.0
1047,45.99912697770234,0.2501684587210671,-0.03665380829358561,205.0654230162901,74.22991876225535,31.540590264871643,0.0
1048,42.02151455754439,0.2759398185321959,-0.055920683668186234,205.601760609644,74.22988172542654,31.545101087070066,0.0
1049,40.36064031057271,0.3759717719320793,-0.11563789361224532,205.60396689872596,74.22984468028436,31.54961190604364,0.0
1050,42.41509659315556,0.4097120084239081,-0.11747380646739376,206.78625853914875,74.2298076268272,31.554122721792112,0.0
1051,41.78927930415917,0.4401398816860447,-0.14982878422294957,206.83392411710656,74.22977056505336,31.55863353431523,1219.2271110069985
1052,40.932802306110126,0.46107354513636845,-0.15495615632818974,207.59327377824502,74.22973349496121,31.563144343612738,0.0
1053,42.59294680976372,0.42341180570539266,-0.13385099536941203,206.9796507811475,74.22969641654912,31.56765514968436,351.83117963100705
1054,43.70385582268886,0.36995629452950074,-0.10490807178783165,206.94850912912128,74.2296593298154,31.57216595252984,4545.222370481479
1055,46.327668961470934,0.2840878499994126,-0.04434379957602548,205.80212570528798,74.22962223475841,31.57667675214891,5892.83439361285
1056,42.55931776508791,0.3761637037979871,-0.11662249456650915,206.4169509315139,74.2295851313765,31.581187548541305,145.20509140551067
1057,47.22756330264008,0.2002262259220663,-0.008660454470719942,205.9127411100905,74.229548019668,31.58569834170679,11550.232439057289
1058,46.36657730542339,0.20243689940273607,-0.0023471882941240676,204.8588683208611,74.22951089963126,31.590209131645064,12690.318530875407
1059,46.3090516294486,0.16193446689184096,0.01631023423090306,207.13903111461192,74.22947377126464,31.5947199183559,16469.935200117656
1060,44.72122709854045,0.20596074779756277,-0.007893128978561596,208.2400157645822,74.22943663456644,31.59923070183901,11818.81733438739
1061,41.55256647697193,0.33024886186052455,-0.08698882981355688,208.03083180267652,74.22939948953503,31.603741482094165,8548.332212326737
1062,38.463223530861136,0.3993350601226473,-0.11432416590187243,207.36676292990285,74.22936233616878,31.608252259121063,2779.139223213252
1063,39.96762003453328,0.3592487028711764,-0.09403569599874673,205.47774714454508,74.22932517446598,31.612763032919485,1613.5371761725205
1064,39.03080226390975,0.29455994259350243,-0.06371865844315554,207.43190763579113,74.22928800442497,31.617273803489127,7724.117574161556
1065,41.087213660122096,0.1633879288968992,0.016751301914795343,207.33552113415593,74.22925082604415,31.62178457082977,10815.296530343863
1066,44.250979138647345,0.2123312000099966,-0.012685035494524334,207.954867488848,74.22921363932181,31.62629533494112,7055.201429910856
1067,45.23040936202285,0.2538975656390252,-0.03273162202023145,206.50656340246792,74.22917644425625,31.63080609582293,7220.6185284838975
1068,46.249765663407246,0.18971924784553715,0.008743698814662484,206.3950406717397,74.22913924084591,31.635316853474944,15278.914928903088
1069,47.08175233156364,0.23373204127682956,-0.01802731543568489,205.22961795982673,74.22910202908905,31.639827607896887,6991.845245792395
1070,48.21542697198349,0.21776076789417936,0.017330433884385748,205.7174340810705,74.22906480898402,31.644338359088515,6337.8847232818025
1071,48.61169933166581,0.22623589993761511,0.0176201056090344,205.31674980309793,74.22902758052916,31.64884910704956,10096.03873756038
1072,45.48742485487763,0.2524313306185697,-0.021180478209640474,206.94301131876813,74.2367231774534,31.35116419916817,4317.424350879881
1073,45.304973700734614,0.2874606556709785,-0.022115089156874032,207.12427593470244,74.23668673917514,31.355675162102237,2705.0135591947296
1074,46.45151365442092,0.27188546964902943,0.0009094630796129454,207.5059226112134,74.2366502927088,31.36018612182305,2490.569129510348
1075,46.42594341815168,0.2395909912733298,-0.0023267344686593323,209.4936808846761,74.23661383805273,31.36469707833037,2644.3572419446173
1076,46.42015406318639,0.281333129254145,-0.026444452944465884,208.05106607001838,74.23657737520537,31.36920803162393,7233.233908518932
1077,45.90615989359353,0.2605782603855025,-0.013089940656829193,207.42016585494275,74.23654090416503,31.373718981703448,9350.732793246809
1078,49.30315052182297,0.2177105655619851,0.02513169901727847,206.1695383401288,74.23650442493013,31.37822992856865,2365.895974235964
1079,49.036816178223596,0.2358443821196241,0.02201320751975793,206.81274690545163,74.23646793749906,31.382740872219312,1801.673595448885
1080,46.6325620770096,0.24084851390298515,0.0021840851654946966,204.87922641757658,74.23643144187018,31.387251812655133,2823.331612275628
1081,46.09740861815718,0.26247457510682465,-0.001163259323133809,205.19770962221924,74.23639493804187,31.391762749875877,1000.5218229053816
1082,45.73366649816891,0.2750722500160886,-0.00796644724889976,206.30649828992372,74.23635842601252,31.396273683881248,1022.37474565097
1083,46.40211762286731,0.23971216720702737,0.003559236288315882,205.0022380200105,74.2363219057805,31.400784614671,6119.991898660347
1084,46.81947701532872,0.2847902296514559,-0.006765491927910564,207.60728372337624,74.23628537734415,31.405295542244865,7178.566067297881
1085,45.56893467501384,0.3221856428368998,-0.04376509064106026,206.02856390680532,74.23624884070192,31.409806466602586,5706.388628808384
1086,47.46316464437288,0.23994986588416942,0.007867383516949123,205.7621614514857,74.23621229585216,31.414317387743885,6718.3337588492295
1087,47.10063829894579,0.26116141282631977,-0.0013033128793780908,204.86812319031324,74.2361757427932,31.41882830566851,9847.788960827063
1088,44.70213347961989,0.280787698151879,-0.024858270999370605,206.60620807575953,74.23613918152347,31.423339220376185,11762.886754235453
1089,46.38812215861467,0.22827360533687283,0.002530057764232175,208.64991448493615,74.23610261204132,31.427850131866645,10098.461692700024
1090,47.938330313693776,0.24229362444587085,0.0005544448188361207,208.10905024993423,74.23606603434511,31.43236104013965,8156.487940568784
1091,45.99174814036307,0.28381085038699705,-0.022096618307938905,208.47790055248618,74.23602944843324,31.43687194519492,3816.3872483414207
1092,46.75341997998006,0.3151346740060539,-0.020825076625456657,207.7463758478521,74.23599285430407,31.441382847032173,1281.4955056062229
1093,47.92082116677983,0.23591913564471118,-0.01583784419275009,208.9811891607472,74.235956251956,31.445893745651176,9601.287065965034
1094,49.709222434781246,0.20250733456012715,0.026283574572316126,206.79700433582968,74.23591964138737,31.45040464105164,6137.944160292121
1095,46.845963622050775,0.3186574126028829,-0.035855848628827416,206.99355856448005,74.23588302259654,31.45491553323332,6405.04255521619
1096,45.75511677700764,0.3138729084728338,-0.049579587798283975,209.04272942413886,74.2358463955819,31.459426422195943,5031.414456149895
1097,46.49579803812031,0.24636013313522503,-0.015978497220725113,209.95063840989863,74.23580976034184,31.46393730793925,8020.763647757183
1098,48.03242518625446,0.24019420328613472,-0.01577564160000048,210.8462044467833,74.2357731168747,31.46844819046297,4841.666663408522
1099,47.433849033710224,0.257667498746297,-0.023588150867978237,210.37338942939783,74.23573646517886,31.472959069766844,5272.081473812396
1100,48.18313285630079,0.20934567894172412,0.009321689217404271,207.73524385434462,74.23569980525266,31.477469945850608,7684.25506328921
1101,47.784414934057345,0.19943679971976258,0.011058792196273197,209.04286089929002,74.23566313709453,31.481980818714007,9762.841092759916
1102,47.723887862125395,0.1978944097546363,0.010226938585088418,207.27536803364876,74.23562646070279,31.486491688356768,9336.35539859766
1103,48.07823711605759,0.20473212544014766,0.004134747440663701,208.09491258051793,74.2355897760758,31.49100255477863,5226.37375789862
1104,46.374220546385985,0.30275954261554533,-0.04214940793070356,203.49527062532846,74.23555308321195,31.49551341797934,2817.5468933669717
1105,45.179253136024734,0.34136828517795575,-0.07033026267598033,204.3704482713291,74.23551638210962,31.500024277958616,945.796917072882
1106,44.25545631509068,0.32909709161506007,-0.07186247968022053,203.33486600105107,74.23547967276714,31.5045351347162,2293.53784257404
1107,41.57977455656767,0.3122098003757479,-0.12561607392016952,202.31102931510463,74.23544295518289,31.50904598825184,0.0
1108,43.90778391513404,0.4039886941792902,-0.11895538590862634,204.18011035207576,74.23540622935523,31.513556838565275,1003.4997878468428
1109,45.058930699231006,0.3512550429985739,-0.08370694117366947,204.68476403312752,74.23536949528254,31.518067685656227,649.4188501816858
1110,45.03726777097611,0.3850412437309738,-0.10758535516330382,205.11153441933794,74.23533275296317,31.522578529524445,2001.2196777907157
1111,46.77427571935237,0.35392959883002745,-0.09169523767064157,204.5231213872833,74.23529600239547,31.527089370169666,1325.2199713142022
1112,46.466092790417726,0.2830791543635194,-0.06248914880299157,204.26205175357947,74.23525924357783,31.5316002075916,1460.342061637498
1113,38.029460306018954,0.1597898684353758,-0.17845050520829836,202.98646695572214,74.23522247650857,31.536111041790036,0.0
1114,39.12742875153423,0.10165580250920576,-0.14350742495916113,202.21069223696315,74.2351857011861,31.540621872764675,0.0
1115,47.46401689067011,0.2163502592094821,-0.04581735804719656,202.854158454868,74.23514891760874,31.545132700515275,0.0
1116,48.0425172423828,0.26078379436823923,-0.04063066521263727,207.2557467489821,74.23511212577489,31.54964352504155,0.0
1117,42.296005006015015,0.4497285144413082,-0.14115976284622747,207.59361450532128,74.23507532568287,31.554154346343253,0.0
1118,43.31955507880867,0.40625183266693565,-0.12195772811459185,206.1744384605281,74.23503851733105,31.558665164420127,357.8012407999869
1119,43.783255677903675,0.34544489318180566,-0.09313169897902722,207.86978209503812,74.23500170071779,31.563175979271897,4194.459161571639
1120,43.52546768024805,0.3613029899956429,-0.1039500455269301,207.03858267716538,74.23496487584146,31.56768679089831,4027.431457232625
1121,43.057690882293464,0.39345996482977325,-0.11771498366853615,206.8962301326678,74.2349280427004,31.57219759929912,3530.2515797505966
1122,41.36547646002759,0.42433959421399015,-0.14703769626885038,207.8499409216227,74.23489120129298,31.576708404474036,1000.132108776162
1123,45.82673515584658,0.2828246226531492,-0.05825127889905415,206.31616970970708,74.23485435161757,31.5812192064228,1567.9421443889753
1124,48.89173984596745,0.17626267944368712,0.007820888446106674,206.03859280651088,74.23481749367244,31.58573000514516,7387.427163040066
1125,46.43923890729149,0.17848352241786203,0.010225974918227488,205.41849468015232,74.23478062745609,31.590240800640863,11657.923371573706
1126,45.75545110660281,0.1716131794515476,0.01570344181199217,207.9813672746359,74.23474375296674,31.594751592909628,12021.29013141192
1127,42.96968797933799,0.27579574414665936,-0.05548200407251449,207.87337449100218,74.2347068702028,31.599262381951213,9253.4161348316
1128,42.23472492626741,0.31796108218672087,-0.07790993245297351,208.39057990028857,74.23466997916265,31.603773167765347,8913.671361578912
1129,37.86748408270197,0.4075875537857258,-0.1346740769160179,207.5326415342178,74.23463307984457,31.60828395035177,1339.326919514761
1130,34.91544117239465,0.47628619219240875,-0.16412909212616394,207.46737560719433,74.23459617224698,31.612794729710217,1622.228873436654
1131,37.33199508427543,0.2457637165230424,-0.036394177852572394,207.83749015489633,74.2345592563682,31.617305505840427,7178.585335102413
1132,39.45657331808588,0.12402287961087312,0.03822962079381494,210.14139424970463,74.23452233220661,31.62181627874215,14599.78866246531
1133,40.44225195107773,0.13085674014837712,0.041217777554290735,209.61787870832242,74.23448539976052,31.62632704841512,15210.313218140898
1134,41.11428160658529,0.2594979257417844,-0.02957435893002492,207.19745306551135,74.23444845902827,31.630837814859067,7477.612973505476
1135,43.54291042058122,0.24025401315316405,-0.008379219912889119,206.2299921280504,74.23441151000826,31.63534857807374,13394.36289229538
1136,45.61948168801497,0.22744296411409573,-0.008311906456972823,204.85138505973478,74.23437455269882,31.63985933805888,9168.843352202848
1137,42.984771342596446,0.34717643396642484,-0.0855322281533175,205.5047231697717,74.2343375870983,31.644370094814217,2892.232283989125
1138,43.92280384314692,0.3109806832086392,-0.05559192260354897,206.6582644085598,74.23430061320502,31.64888084833949,492.6345980912127
1139,46.75466653778714,0.2557824583066822,0.0018550988001754412,206.41635932560587,74.24197953918322,31.35119535905423,2493.116900363052
1140,46.95318452709695,0.22386878901951296,0.00861679660400967,206.30900948366696,74.24194335178107,31.3557063274807,9607.83346739464
1141,46.14267280308879,0.23721784035822252,0.004745673156838092,205.7070600632244,74.2419071562472,31.360217292694447,5517.7210156170895
1142,46.87900565895737,0.23351445091948198,-0.007804827287797215,206.8304370721432,74.24187095257999,31.36472825469521,387.3349913765386
1143,47.53363883462085,0.22081375575472525,-0.0038617908349006438,207.09254870984722,74.24183474077785,31.36923921348271,4786.027842568333
1144,47.67685031472602,0.2334908592641542,-0.0007660138338712496,205.61538461538456,74.24179852083913,31.373750169056684,10044.873395165014
1145,47.22974109106946,0.2751677585070506,-0.0022370753520508753,206.90778742436203,74.24176229276229,31.37826112141688,3601.3667792253564
1146,46.6756557622417,0.2920688338767445,-0.012274607258799915,207.7782019218112,74.24172605654567,31.38277207056302,2995.0702612725977
1147,44.6111390869992,0.2501692005039176,-0.005833633731709273,206.10818636483293,74.2416898121877,31.387283016494862,5981.5136021636645
1148,44.07076638825196,0.19872529903950334,0.01154525213798031,204.60497564828225,74.24165355968674,31.39179395921212,3757.835771000561
1149,42.183780834254705,0.237721116111997,0.020485926967371795,206.00315747927905,74.24161729904118,31.39630489871453,1214.3285846989295
1150,46.1487145925948,0.2631789363509578,0.010647785354170958,204.79028436018962,74.2415810302494,31.40081583500184,4514.747786711841
1151,46.270409214731046,0.3075308800752957,-0.024273206728367885,205.47954754702084,74.24154475330984,31.40532676807376,8590.696229072008
1152,45.31689900453205,0.3160120004529217,-0.040081010971837916,204.7734632091615,74.24150846822083,31.40983769793006,7952.65151391897
1153,47.31239506958593,0.23582571966314994,0.009824340545733659,204.58143814907325,74.24147217498077,31.41434862457045,9797.592162588371
1154,46.67201638304201,0.26464850678623414,-0.007769640029980288,204.87850467289718,74.24143587358807,31.418859547994685,9558.087874716795
1155,46.45151235031832,0.26646365966973495,-0.020568687242960154,202.6473760357753,74.24139956404109,31.423370468202485,11556.330437932484
1156,48.125100025198,0.23171878683774,0.0056900452894665604,208.13287725299296,74.24136324633824,31.4278813851936,9442.620623666868
1157,48.165566595974745,0.2665552985192948,-0.0016957546230177997,209.11325966850828,74.24132692047787,31.43239229896775,6962.644883888687
1158,47.152755742291326,0.2608430328171449,-0.00751292755225286,206.59510976731954,74.24129058645842,31.43690320952468,6164.558011798983
1159,45.339719434050195,0.294956380689002,-0.0417966287937749,207.43208092485546,74.24125424427822,31.441414116864124,9915.71489446127
1160,46.19750523907083,0.29661250637399195,-0.04675077186102902,207.84903922084752,74.24121789393567,31.445925020985836,4565.210281705499
1161,46.5231593339753,0.30104583223271114,-0.03442925280374393,207.78454055475223,74.24118153542918,31.45043592188952,8659.719220242334
1162,46.53830182612562,0.2819972727824012,-0.015130431824172326,206.67654028436013,74.24114516875709,31.45494681957493,9699.47084785719
1163,47.15251264336579,0.22710791095662297,0.008807557643216047,208.34130949250584,74.2411087939178,31.459457714041804,6152.657258073011
1164,46.85746646709158,0.26648727948172707,-0.02441940598079655,208.28400420941858,74.24107241090971,31.46396860528988,6642.534047287982
1165,47.862365294380915,0.19082152353399345,0.0074054917211771884,211.55113038906413,74.24103601973117,31.468479493318885,9769.628082701489
1166,48.54515649125298,0.17260793841342265,0.017977524621907822,211.37062845122273,74.24099962038058,31.472990378128557,8563.290134176168
1167,48.86909595731863,0.1603483371727199,0.033752900940000385,210.94453207150372,74.2409632128563,31.477501259718647,9797.842547630986
1168,47.86601276199556,0.18681722919846147,0.026605141123690043,210.71171289601688,74.24092679715673,31.48201213808888,9568.933318831092
1169,46.98474597905759,0.28698686892185676,-0.024261025744479074,206.21805993690853,74.24089037328025,31.48652301323899,6899.9170403204935
1170,48.424037396246256,0.21131398581336863,0.007044663405029511,204.14902012363547,74.24085394122521,31.49103388516872,7987.178001067422
1171,47.47443486832877,0.2237731397245655,-0.008143235190842417,204.8651951123375,74.24081750099002,31.495544753877805,7848.158907664783
1172,48.58581197512634,0.22561071034209276,-0.00500098410878234,204.89936858721398,74.24078105257304,31.500055619365988,3636.929904879538
1173,48.12023604615478,0.19287252117733628,0.02075957018352921,205.90252233315826,74.24074459597266,31.504566481633,9132.48508951123
1174,45.16275359881938,0.3600464074422692,-0.08910000622856509,202.37812253484094,74.24070813118722,31.509077340678576,2647.906281235193
1175,44.48762527868764,0.4190989457373219,-0.12433898923725867,204.12624802942727,74.24067165821513,31.513588196502475,1000.533431031756
1176,43.6403021392035,0.4137730500284604,-0.12321905265913516,205.92862776025243,74.24063517705477,31.518099049104404,1425.383129862083
1177,43.161010840681925,0.46283330242028886,-0.1636960636236691,203.96018919984235,74.24059868770448,31.522609898484102,0.0
1178,44.79575641433685,0.3948376473553537,-0.11300773415457553,205.1400026291574,74.24056219016266,31.527120744641334,2006.678695708224
1179,47.43083259301369,0.32707314517005315,-0.07021581403289259,203.59432475039412,74.24052568442768,31.531631587575816,2213.3983940843664
1180,46.492408217150206,0.3343566516055619,-0.07796500234384116,204.99658389173572,74.24048917049791,31.53614242728729,2434.631963172993
1181,38.62927774910538,0.14845733160396576,-0.10416076534940878,202.8489227535471,74.24045264837173,31.5406532637755,1161.7962729001513
1182,37.579631179893575,0.1522697333393872,-0.16210250324312597,203.79463933780062,74.24041611804748,31.545164097040185,0.0
1183,41.4984092574242,0.1476677872268093,-0.12600276738549215,203.33517132729426,74.24037957952358,31.54967492708107,0.0
1184,45.07392943816861,0.30713086200477346,-0.07962931062735133,205.15334121045038,74.24034303279834,31.554185753897904,465.1686641179432
1185,46.584950506266296,0.28458477153432715,-0.051831225317688044,208.6855717474072,74.24030647787018,31.558696577490416,10527.617221320645
1186,44.907453084755524,0.3649099185802536,-0.08824202905964407,207.41955835962142,74.24026991473745,31.56320739785836,3462.2044209355245
1187,42.74642205544311,0.3873012876393162,-0.11276425439027939,207.03177103846653,74.24023334339854,31.56771821500146,2944.490216978489
1188,43.017951217746976,0.3985557639463068,-0.12163762878280862,207.4010772464529,74.24019676385178,31.57222902891947,2601.996427285274
1189,42.22412889994487,0.43206753138380183,-0.15144887420127465,207.75594065905213,74.24016017609559,31.576739839612102,0.0
1190,43.11557336240413,0.3866086490017251,-0.11557417227110214,206.76799789805565,74.24012358012827,31.58125064707912,668.1413483151744
1191,46.74877561702245,0.21287995150384006,-0.009813041841480269,204.2082184587107,74.24008697594823,31.58576145132025,8969.57092774256
1192,45.071991622285594,0.2255931457452499,-0.014750862017970606,206.9687376855379,74.24005036355383,31.59027225233523,11536.992855549386
1193,44.58977599729563,0.2206157210872624,-0.009229187672755768,207.43406377115866,74.24001374294345,31.5947830501238,9413.049168908678
1194,41.826817791292534,0.3009386915666833,-0.05168816111778068,207.5255484040457,74.23997711411542,31.599293844685715,5591.813180526196
1195,41.283211671941984,0.2815184500010239,-0.050017780835294186,208.93146008403366,74.23994047706813,31.6038046360207,4543.716567920292
1196,37.29253624253549,0.4632934891406421,-0.1679428821739886,207.35575407251704,74.23990383179994,31.60831542412849,4233.008579656386
1197,35.86926081128399,0.3622927219498393,-0.10326527044947546,209.85059734803733,74.2398671783092,31.612826209008823,5946.969519808057
1198,36.90102288056418,0.27642991351078056,-0.047553596374786,207.36906323799533,74.23983051659428,31.61733699066145,6590.710228706562
1199,39.59430826081924,0.16563230772630078,0.024174796884885337,209.6872784560851,74.23979384665354,31.621847769086106,10955.954430316891
1200,38.169877353419515,0.17510265447288312,0.017570793651966402,207.13161002493106,74.23975716848535,31.62635854428252,16455.390670632623
1201,39.007588547034274,0.1773811887201307,0.020926037171135975,208.97059209662595,74.23972048208809,31.63086931625044,9366.148449189506
1202,38.111768595442754,0.3205781597680543,-0.06742295910891062,207.06309851764397,74.23968378746007,31.635380084989617,5365.652889699672
1203,43.08078940198899,0.2359232273031947,-0.011631987141339967,206.53918865695152,74.23964708459971,31.63989085049977,7024.439204327811
1204,46.285221576552544,0.2798567844680561,-0.032843396207318264,204.8251344614981,74.2396103735053,31.64440161278065,2450.6626850581915
1205,46.427752453142666,0.2679857658916163,-0.028714727247495707,205.82863141320038,74.23957365417526,31.64891237183199,1308.7288340941548
1206,46.14031481008295,0.23299639532473532,-0.006941755301877905,207.27083607636598,74.24723590904318,31.351226303653608,9488.929207044068
1207,46.51370856190206,0.25278699065912863,-0.011610324962542592,205.13755429774903,74.24719997251874,31.355737277534555,9547.65462060388
1208,46.499134960730935,0.25897086954364135,-0.008196083550459289,205.2227051231397,74.24716402791891,31.360248248203277,7463.785711084519
1209,46.6665984816546,0.22778007597496142,0.006757846376239833,205.54152955113858,74.24712807524214,31.364759215659515,6138.567848777951
1210,45.89144176611376,0.2365877486634717,0.001329544807346032,206.7076092680358,74.24709211448685,31.369270179903012,4174.97411495998
1211,46.89018212515065,0.22973667085272725,-0.0013337128608520322,207.74082357584535,74.2470561456514,31.373781140933502,10162.69395769628
1212,47.91328122319021,0.238892444189756,0.01853605306822964,206.8825079030558,74.2470201687342,31.37829209875072,9026.676963156788
1213,47.37233165286694,0.26240388031744294,0.015754644801091233,207.20021060945112,74.24698418373366,31.382803053354387,6529.339733189317
1214,46.989682730473945,0.24615931025138177,0.0015928693391829812,206.92601369141644,74.2469481906482,31.38731400474425,9206.785997370112
1215,46.22274089225879,0.21783715471181725,-0.00024358349749815976,205.70580492299587,74.24691218947619,31.391824952920068,8961.89529020382
1216,47.07744588039754,0.22881437958067521,0.019668805063600282,204.86297222587862,74.24687618021602,31.39633589788154,3889.652919842456
1217,46.25931127670661,0.26800489670743655,0.0037785585762985722,204.90562063972615,74.24684016286614,31.40084683962841,7704.884355180263
1218,45.91151295912323,0.3076563083425731,-0.028865766569689238,204.4749868351763,74.24680413742492,31.40535777816043,4737.42176405604
1219,46.163289750129,0.32076555335993745,-0.025807849392693843,204.31538765302088,74.24676810389074,31.40986871347732,4317.103232114017
1220,46.39746921343903,0.2615623915017167,-0.014757552522331338,205.04723062754897,74.24673206226204,31.41437964557881,7849.804959620771
1221,46.939871233405704,0.23597581056671996,-0.004541883362832864,204.91554853985787,74.2466960125372,31.418890574464665,8095.691438017529
1222,47.215653466052345,0.24773004785874864,-0.018059084471043086,205.32220323386352,74.2466599547146,31.423401500134588,8671.845110014914
1223,47.86177628483172,0.24813872266610412,-0.012154000161609991,207.15579805416778,74.24662388879266,31.427912422588324,10072.237316519508
1224,47.05312357824089,0.2447999563633562,-0.010219292586313754,208.58861425190645,74.24658781476977,31.43242334182564,11020.958195837524
1225,48.730099034318265,0.2864254812571588,0.0019292856772332087,206.70031587259808,74.24655173264432,31.43693425784623,7677.481238210128
1226,47.40638174230346,0.28887515484425735,-0.010664953085224643,207.02984485932163,74.2465156424147,31.441445170649857,8432.446626454832
1227,45.42826968271329,0.37610961404040893,-0.06367666765898519,208.09952606635073,74.24647954407932,31.445956080236243,2684.6805431923344
1228,45.94961796395818,0.2624866609638183,-0.019717614019705388,209.03788476716656,74.24644343763657,31.45046698660513,5875.619421931641
1229,46.61077585332502,0.23594012937015313,-0.009959906927029987,209.1549203003557,74.24640732308484,31.45497788975625,8853.832015449105
1230,47.822822684640485,0.1915186964164509,0.009674697455941718,210.4064677270935,74.24637120042252,31.45948878968936,7678.244962968881
1231,47.72558942742798,0.19131804670342584,0.014293728072892274,210.4912511511643,74.24633506964803,31.463999686404165,11217.268117111464
1232,46.47634971407914,0.26319151079154973,-0.029938757956186227,212.73708426449326,74.2462989307597,31.46851057990042,8773.19173740988
1233,47.12366377108525,0.262084108966765,-0.02545739280865309,212.80255196001048,74.246262783756,31.47302147017786,8409.661237091625
1234,48.63689421997112,0.20405673513686384,0.01141506153026444,211.67976863415288,74.24622662863523,31.47753235723622,6924.788702134342
1235,47.23507359976863,0.3286393776391556,-0.03620250073269658,211.23797002366558,74.24619046539587,31.48204324107524,218.3699045867787
1236,47.629905378486434,0.31023423159117325,-0.01823979600392018,206.99316778347136,74.24615429403626,31.486554121694667,2140.0659794071016
1237,47.58850302574588,0.26062487076158686,-0.022729670194521906,203.8880557747961,74.24611811455479,31.491064999094217,8446.319792043527
1238,48.005956738265716,0.15337014048808742,0.030621452932233256,203.86598344501385,74.24608192694987,31.49557587327363,12120.624067887216
1239,47.624871682871465,0.18239342947529655,0.012593069955804647,206.33618196160924,74.24604573121988,31.500086744232657,10704.24573946199
1240,47.64659761531548,0.17829835187101345,0.014924137554553405,209.77168769716098,74.24600952736319,31.504597611971032,11430.96314583018
1241,47.67778740493694,0.25820966979394816,-0.027767638311918027,205.46660531159614,74.24597331537822,31.509108476488493,7189.721971926387
1242,45.79522717689046,0.3765249061319505,-0.0972169736431991,205.04348397267484,74.24593709526332,31.513619337784768,1128.394672235053
1243,42.33615014814491,0.4225220484704523,-0.16760812512651396,204.51288456481734,74.2459008670169,31.518130195859595,507.0770884926013
1244,43.642795762916485,0.4370770427918446,-0.15137352021389217,205.5659485023647,74.24586463063734,31.52264105071272,0.0
1245,43.71454580485147,0.4166602585963344,-0.128002648442607,204.59071785432562,74.24582838612304,31.527151902343885,255.5688755243208
1246,47.18222702535717,0.3645650208339972,-0.08579393362628343,204.484243697479,74.24579213347235,31.53166275075281,3334.398990664562
1247,45.247938726883895,0.34987863653069623,-0.07739094568278695,204.95848660010515,74.24575587268367,31.536173595939257,2919.640124885844
1248,36.774032513840126,0.08090778885622163,-0.1009021002974026,204.78968097676258,74.2457196037554,31.54068443790294,1827.1584767620036
1249,32.21653563768394,0.05206452199792669,-0.18020948408121687,203.56765633210725,74.24568332668589,31.545195276643614,0.0
1250,35.08986041073662,0.06302241061715319,-0.16753470797493486,203.00105042016813,74.24564704147356,31.54970611216101,23.57622399416324
1251,41.536120775171554,0.1473289454109628,-0.11716922851588739,204.1194952017877,74.24561074811677,31.55421694445488,1485.175352622785
1252,42.873487214843756,0.2536566719301663,-0.12036642915128605,205.9600840336134,74.2455744466139,31.558727773524936,970.6267850625978
1253,45.37892473413164,0.2805870908895412,-0.07223095359025367,206.67827115081448,74.24553813696333,31.56323859937093,2666.512030490524
1254,42.518072231565476,0.3885013734747393,-0.12040232503478218,206.57321240799152,74.24550181916345,31.567749421992605,194.2418190718336
1255,46.0418831947327,0.28217777971606367,-0.05448441499621586,206.37935110994343,74.24546549321263,31.57226024138969,1754.167444118972
1256,41.630791671024696,0.41727815417837893,-0.14848104729488207,204.36508145034153,74.24542915910926,31.576771057561945,224.2796139647144
1257,43.417330455329136,0.36917449490353416,-0.09673105575121957,205.75574825909862,74.2453928168517,31.58128187050908,3400.9172599553963
1258,43.70347477569571,0.3120453354267397,-0.06544971088993252,206.3237419524372,74.24535646643838,31.58579268023085,6292.623162057481
1259,44.2423890508039,0.2269563117870818,-0.017396904251244148,207.2728228031,74.24532010786757,31.590303486726977,11410.612762408113
1260,42.17557435976753,0.22394341146267938,-0.018315543632955896,207.87035334296598,74.24528374113778,31.594814289997228,9785.25517235664
1261,41.910589297443515,0.18123994396064758,0.01756776847395081,208.1634261692065,74.24524736624728,31.599325090041336,11609.27323748135
1262,39.390223927227254,0.19025167303110402,0.010076484123731643,207.7500328213207,74.24521098319451,31.603835886859024,11470.978893918782
1263,39.78693659577789,0.22176629140111082,-0.013486166221673137,207.93015622948664,74.24517459197781,31.608346680450037,6866.35689080022
1264,36.60660128792856,0.3011851216255064,-0.0635751254785015,208.96847497701302,74.24513819259558,31.612857470814117,8732.614844401349
1265,38.6520193234335,0.20910930484692353,-0.009363891010463926,207.6214904224613,74.24510178504615,31.61736825795099,9218.495764597976
1266,40.45853002861668,0.17787438861215812,0.017664691878387033,208.34287966368893,74.24506536932793,31.62187904186043,6139.2398449906
1267,38.21184700380479,0.18095274743554837,0.020420824592397614,207.6824980320126,74.24502894543929,31.626389822542137,13157.755734374956
1268,37.592086262347394,0.2945114021286729,-0.0513753095803638,207.68806616778258,74.2449925133786,31.630900599995883,8912.204570579906
1269,40.142063706452404,0.3612358595743477,-0.0914732243120313,206.52532143794278,74.24495607314424,31.635411374221388,795.6111631104894
1270,43.186776415450254,0.34584638165270065,-0.0820482407820919,206.71409818850094,74.24491962473456,31.63992214521839,1920.559200282938
1271,45.434362874323384,0.2822955908606556,-0.037770818949305965,205.0051140833988,74.24488316814796,31.644432912986645,3306.54696906291
1272,44.75905838382528,0.281681012953665,-0.0542627520234448,205.51239669421486,74.24484670338279,31.64894367752588,1581.6284052224712
1273,43.077778790865054,0.1838964698987301,0.021571844902478137,207.22462146148783,74.25249228697689,31.35125703296515,6609.300458685834
1274,44.6382140427177,0.2405066102223275,-0.005884674458626447,206.22039257014885,74.25245660133174,31.35576801226262,6673.52037261576
1275,45.80477392800842,0.24340502172083878,-0.009878929202351627,204.49275553213903,74.25242090766761,31.360278988348377,8393.001640254828
1276,46.27551366415833,0.2496149249056955,-0.01376634806249584,206.02989989462588,74.2523852059829,31.36478996122216,9522.55417825745
1277,46.718909240308236,0.2148276923752235,0.002715090098843902,206.97444678609062,74.25234949627601,31.36930093088369,10450.7073407868
1278,47.60030017530722,0.22390132825842315,0.013100036406601156,207.90685436126827,74.25231377854541,31.37381189733273,6617.425050976808
1279,45.79707633559243,0.2446286869543579,-0.005728946185867134,207.42601369141653,74.25227805278946,31.378322860569003,7945.3390748996335
1280,46.62465825468036,0.2446233842844538,0.0007624810760075847,206.29676400947116,74.2522423190066,31.382833820592232,8783.060959515376
1281,46.887181965555136,0.2288674677088792,-0.0011157207282688293,205.7588568418279,74.25220657719524,31.387344777402177,10032.045615305926
1282,46.321938158492834,0.21041096699880724,0.013745313903957678,204.7204159536659,74.25217082735377,31.39185573099856,6003.725250949228
1283,43.04319818550948,0.23628930526305383,-0.002550503989406716,207.1916798314902,74.25213506948063,31.39636668138111,9704.4956022161
1284,44.17954986109315,0.247480328287844,-0.008059090046441644,205.17811102341486,74.2520993035742,31.40087762854957,7530.904236524415
1285,44.81205037054067,0.258139172127084,-0.01791690189934393,205.01052354643505,74.25206352963293,31.40538857250369,9426.79167534743
1286,45.01020749204708,0.265183618624636,-0.022287942267468903,205.36103076518532,74.25202774765522,31.409899513243182,6613.360654214511
1287,44.34101009056449,0.23176026220105903,-0.004833284877205462,205.44131578947366,74.25199195763948,31.414410450767804,8857.482798504563
1288,46.6133201580821,0.2476455226724875,-0.003417665645665558,207.62154696132592,74.25195615958408,31.41892138507727,9775.816922916958
1289,46.696478149316846,0.2361882244142391,-0.011986159847212045,208.8991707252863,74.25192035348748,31.42343231617133,11565.60803028061
1290,46.7155474345189,0.24237007983402792,-0.013789239674384278,208.4637356851388,74.25188453934804,31.427943244049704,11652.158563273317
1291,46.73366504907382,0.2387242789806385,-0.013127425655564719,206.98947506906987,74.25184871716421,31.43245416871216,11652.648647758033
1292,46.813007477928195,0.246666831388381,-0.008546632756088019,209.21178637200737,74.25181288693436,31.436965090158417,9229.44788823543
1293,47.56007057434777,0.27892875445220777,-0.012232105438909333,207.0931946821113,74.25177704865696,31.44147600838819,7196.871093641563
1294,46.357537988985655,0.27418249792371147,-0.025505089255491883,209.12027400869448,74.25174120233035,31.445986923401254,9397.579556984783
1295,43.50387043390294,0.2182847192241982,-5.793759876698023e-05,207.9229150223625,74.25170534795296,31.45049783519732,9284.210736848014
1296,44.26804455216025,0.184675474656688,0.014882419632674697,209.2301013024602,74.25166948552318,31.45500874377613,10144.754546074584
1297,44.42180933493688,0.20209069276971328,0.0070504806401198725,209.62562483556962,74.25163361503944,31.45951964913743,10541.158923102868
1298,46.98018608792134,0.19337860966556816,0.014531861804151853,208.4994079726352,74.25159773650013,31.46403055128096,12045.24613261512
1299,47.636798182580925,0.2210217193983047,-0.0036258588427345614,209.4594843462247,74.25156184990367,31.468541450206427,13167.134533254455
1300,45.58191688634178,0.30713534405329934,-0.05233695393932248,213.3299131807419,74.25152595524841,31.4730523459136,9221.64269501212
1301,47.11900771924233,0.22406460722332563,-6.701653079959182e-05,213.70336753485924,74.25149005253282,31.4775632384022,11289.881650135148
1302,47.95445620113264,0.2276043919414482,0.00037115442500078283,211.68797684819788,74.25145414175523,31.482074127671964,6693.5823569727945
1303,48.25360221637657,0.15768327370402094,0.03869962129466838,209.6631606626348,74.25141822291411,31.486585013722635,8380.674384800714
1304,47.97560220844276,0.15012465892005403,0.038252670395331465,207.74431145600425,74.25138229600785,31.49109589655396,12700.86686484817
1305,48.02235351106805,0.134000778415138,0.0516398449472155,204.63369722477972,74.25134636103479,31.495606776165644,10081.196524175346
1306,47.397957900991216,0.15928374494151878,0.028839432534809313,207.58288418561855,74.25131041799341,31.500117652557467,11625.222318027205
1307,47.256400784668095,0.18687612249701327,0.012143843833055501,208.62679111344823,74.25127446688202,31.50462852572913,11351.968203793833
1308,47.93168866607205,0.16688355213702366,0.016110086281783856,205.85013803076123,74.25123850769913,31.5091393956804,11786.216499600005
1309,47.78806220356358,0.2659594559239393,-0.01760863078778194,205.89910549855304,74.25120254044303,31.513650262410994,5277.501918270825
1310,45.00786346619239,0.38590795521409643,-0.11391091095023584,205.44908684798318,74.25116656511217,31.51816112592066,3331.584302490646
1311,44.63502444343322,0.4141502053156046,-0.13948385075501854,203.6808566548417,74.25113058170496,31.522671986209133,340.90682477512604
1312,44.04501979659659,0.321525602509754,-0.1311184919854627,204.4122518732747,74.25109459021976,31.527182843276147,1237.1664455445657
1313,47.235987169625524,0.2559561079464542,-0.024255957996492647,203.13902759526943,74.25105859065499,31.53169369712143,1860.7849592319849
1314,45.8845346263082,0.3015058093832165,-0.04220972608646393,204.71824875098613,74.25102258300903,31.53620454774475,5716.441071044685
1315,41.08178135408968,0.17251745680262218,-0.07473718087113065,204.04969107401087,74.25098656728028,31.540715395145828,3133.6219280761543
1316,38.764957577897995,0.09689539807749366,-0.09409325767426086,205.91100302353095,74.25095054346716,31.545226239324407,2015.9503613910813
1317,45.69177392244353,0.2025256503661036,-0.05944753935331601,206.4730688386758,74.250914511568,31.549737080280213,1963.5181953436147
1318,47.88589115213751,0.2455628144966682,-0.03256683209982191,202.64072564742995,74.25087847158126,31.554247918012997,15.586509600229537
1319,40.61590751965033,0.1708914439103411,-0.12627676595477236,202.85671092414873,74.25084242350532,31.55875875252249,0.0
1320,46.14221273484824,0.17728113393114442,-0.05735030285012643,204.86046511627907,74.25080636733851,31.563269583808435,0.0
1321,46.656762871602744,0.2815058121442535,-0.05805770472114339,206.76484498160795,74.25077030307929,31.56778041187058,1322.4407681779066
1322,44.30826140126512,0.3489951071387759,-0.0840458271233948,206.4263005780347,74.25073423072604,31.57229123670864,2315.0935690662727
1323,42.29624720618762,0.3949547255368561,-0.10479079673361409,206.69626904887022,74.25069815027713,31.57680205832237,3848.2179101312886
1324,41.13467327966524,0.4497368255931776,-0.15082329154018162,206.85085991860313,74.25066206173096,31.581312876711515,2217.205760737076
1325,42.437055755145835,0.33945516003366444,-0.08472564759444932,207.96505517603785,74.25062596508592,31.585823691875788,4564.395281680411
1326,42.10191662333203,0.27040030434081086,-0.04028379820662159,207.54627806222916,74.2505898603404,31.59033450381495,7522.123590415536
1327,38.99208449548679,0.26515020526011707,-0.0420754138235825,207.90842202075942,74.25055374749277,31.59484531252874,4660.819160607201
1328,39.51134308361956,0.22086267668378787,-0.009667218299056313,209.81462518051723,74.25051762654145,31.59935611801689,7063.676147764196
1329,39.92768367705002,0.2243735968044935,-0.0247885445415718,207.78180385978732,74.2504814974848,31.603866920279145,8740.693456796162
1330,39.159294203391106,0.18879960345315958,-0.013909073754226047,208.12157017198368,74.25044536032122,31.60837771931524,9629.637972695224
1331,38.917099074744534,0.18787086219036986,-0.008621974852649117,207.73098647051094,74.2504092150491,31.61288851512491,7227.703733645057
1332,39.75244705433073,0.1945683622541759,0.0008987244693673827,208.6292650918635,74.2503730616668,31.617399307707892,8073.460018834122
1333,39.50542493254039,0.16942769357629142,0.021967801203510082,209.89549691479579,74.25033690017274,31.62191009706396,6449.439550302196
1334,38.35111736543845,0.22655268131983303,-0.0010065754183473797,207.58703071672358,74.2503007305653,31.62642088319281,8424.66995215689
1335,36.324850025978236,0.3835465258238326,-0.11440011097791114,208.1945938853168,74.25026455284284,31.63093166609421,2693.8161128085585
1336,41.338248057742085,0.38740523014407635,-0.10061940585693552,206.9570978745736,74.25022836700373,31.635442445767872,2705.662212466874
1337,46.450940451395006,0.2775939058108943,-0.025142645349289568,205.89951398922898,74.2501921730464,31.639953222213563,4273.378070525195
1338,44.22446575964554,0.33255001334489503,-0.05359498175393064,205.97544965209403,74.2501559709692,31.644463995431007,3478.064079377649
1339,45.99769075371782,0.2833942557525858,-0.021993517190105286,206.4243300052549,74.25011976077053,31.64897476541996,2920.412375040451
1340,40.13010167262861,0.31973164676330756,-0.05343049603364327,207.61255098013416,74.257748672928,31.351287546987727,4546.528392909053
1341,40.150308080039515,0.3471894702521425,-0.06928803390881123,206.98406007113687,74.25771323816373,31.355798531663773,3383.609003194256
1342,44.94668001727263,0.20517773566113753,0.01614096898851719,206.0363301303146,74.25767779543685,31.36030951312861,5245.907660130484
1343,46.10061779457651,0.2200291007386613,-2.347334045075405e-05,205.68844684494792,74.25764234474578,31.364820491381963,10124.76136154406
1344,47.27731007553963,0.23257195122929597,-0.006112165464662138,206.95498815477748,74.25760688608892,31.36933146642359,9378.42838260435
1345,47.83934271845516,0.20056829942258972,0.015428403381863355,207.40142236270248,74.25757141946475,31.37384243825322,7792.102848867476
1346,45.89605153981823,0.2679693461068562,-0.010584219443632309,206.16517386722862,74.25753594487163,31.37835340687057,6406.538469252582
1347,46.263736211114924,0.2386998429391483,-0.002810829257483839,205.76661840200072,74.25750046230802,31.38286437227541,8746.440739134163
1348,47.42725127732931,0.21373211953675203,0.01604883540906348,204.64951980002627,74.25746497177236,31.38737533446746,9012.8884582643
1349,46.86702496316891,0.2529900055334287,-0.011162036300621628,206.73559589581683,74.25742947326303,31.39188629344644,9237.752125514227
1350,46.61384981179954,0.24882150401298928,-0.009832451196324378,209.54669823730592,74.2573939667785,31.396397249212097,12076.870639753331
1351,45.89058848867187,0.26213800586061464,-0.02019098864908313,211.10741082006052,74.25735845231715,31.400908201764167,11529.473951605803
1352,46.47933827193893,0.27587104699785897,-0.020175166832368266,208.11912597077787,74.25732292987742,31.4054191511024,7829.391384180267
1353,46.49325375707516,0.2755197879766995,-0.02385930241135648,208.59536659207575,74.25728739945772,31.409930097226518,9525.82427941908
1354,46.1346789904317,0.23701427928093644,-0.011507524147169062,209.38418004738085,74.25725186105653,31.414441040136253,11971.12582191014
1355,46.993488180071104,0.24334762924900055,-0.0028741597762458465,208.6923380726698,74.25721631467219,31.418951979831352,11190.212106522908
1356,46.638531711875494,0.2638401679264016,-0.01613717669854967,210.43603579889435,74.25718076030314,31.42346291631154,10628.168276158203
1357,46.574521543720394,0.24992186326736085,-0.018194342401319473,208.84794628751982,74.25714519794782,31.42797384957656,10938.240728091674
1358,46.69159242564032,0.2210912077669803,-0.002833499656195142,208.3602108036891,74.25710962760465,31.43248477962614,17436.85429506054
1359,46.220376018755935,0.2756573506349063,-0.038342119724792734,208.43351764086367,74.25707404927205,31.43699570646005,8405.229508434628
1360,47.677502783447906,0.21280210382925208,0.004806925908803015,207.43996840442344,74.25703846294839,31.44150663007798,11503.146601783925
1361,48.13732995045883,0.1856137003489706,0.014260583950392924,208.12606809517555,74.25700286863216,31.446017550479706,10773.187048150685
1362,49.0865387769399,0.17094120555020967,0.024416570671890906,208.0385475595317,74.25696726632171,31.450528467664927,10217.573151946506
1363,44.282464702484894,0.2435596595374407,-0.017297438756898775,208.0493031816987,74.2569316560155,31.455039381633405,10642.53068457738
1364,42.35644813212294,0.21632469394470788,0.0016770809799063313,208.2654645959463,74.25689603771191,31.45955029238488,6570.838562256467
1365,44.45328312185883,0.19055421408731762,0.01867921873111738,208.37320888655194,74.2568604114094,31.46406119991908,11095.886499090024
1366,46.444367591345724,0.2008127719279618,0.005012240104148309,209.90791896869248,74.25682477710636,31.468572104235736,13304.97397648341
1367,45.74246569903762,0.29063405183638935,-0.05038631936284015,213.2487509860636,74.2567891348012,31.47308300533459,11148.725014538306
1368,46.491271176067656,0.27309113695085036,-0.030348581510299944,213.32535192737808,74.25675348449232,31.47759390321539,8618.07784299917
1369,46.948560477760296,0.2906291959547793,-0.03171974860946188,211.74014195583598,74.25671782617817,31.48210479787786,6401.634578074391
1370,48.23760482601424,0.1502343276300835,0.04094569142030419,211.73471802287366,74.25668215985715,31.48661568932175,6857.71385323339
1371,47.39933655437922,0.17410927263405043,0.022146766972080643,208.479700433583,74.25664648552763,31.49112657754677,9631.920082634875
1372,46.80271497531969,0.12128759877106875,0.054334615970356825,207.05143383320186,74.25661080318807,31.495637462552686,14051.188821905262
1373,47.09078517960723,0.13925164760279457,0.04341814989321113,207.55530740935367,74.25657511283687,31.50014834433924,12821.604988278345
1374,47.48901980401082,0.14423494765492742,0.04084725023996889,208.98869462337322,74.25653941447244,31.50465922290614,12889.494955665145
1375,48.22721460881701,0.1328284117239615,0.04234209665937536,205.29490546218494,74.25650370809319,31.50917009825315,9296.67845552285
1376,48.52437447128059,0.20588515038327054,0.009198597641735458,205.49776492242978,74.2564679936975,31.51368097038,12006.054998685886
1377,49.08173288528512,0.16335396112510814,0.0304969623548188,207.06332107199168,74.2564322712838,31.51819183928642,13640.82696554657
1378,48.79917592845034,0.22429132801787863,-0.0015875376938167503,206.53075709779185,74.25639654085053,31.52270270497216,8676.735283977067
1379,47.52295990685333,0.2526457553861669,-0.05079722115982745,205.6827024185069,74.25636080239606,31.527213567436945,2522.313717066525
1380,48.415431281812836,0.20422233632640022,0.02764053992324678,204.8849743657159,74.25632505591882,31.531724426680523,5657.665533022593
1381,47.47515667693026,0.20534444510213537,0.01684701730861955,204.44069355050573,74.25628930141718,31.536235282702624,7567.703929703644
1382,46.07494637383283,0.32289350266151695,-0.06589726115363395,205.18848580441633,74.25625353888958,31.540746135503,3440.7482633100044
1383,48.281939823149884,0.2174655360692074,0.000780042611595939,204.98279259161956,74.2562177683344,31.545256985081384,6959.866524938366
1384,48.47178063515966,0.2250356403963643,0.0033921030711773306,203.8228879253711,74.25618198975006,31.549767831437503,4415.1644645228935
1385,46.55484195948662,0.3254523167311762,-0.06838090909468271,202.88642331932766,74.25614620313496,31.5542786745711,1974.6874072175683
1386,46.85667850229891,0.2383745043186594,-0.024637183672910175,203.90483701366986,74.25611040848752,31.558789514481937,163.98100121344277
1387,44.383403733092514,0.1587417541458829,-0.07083519194958882,201.5006568575933,74.25607460580613,31.56330035116971,0.0
1388,43.27459817980165,0.24465216888868352,-0.10515650301471169,204.79611140304783,74.25603879508918,31.567811184634195,466.0228687503428
1389,46.97968734941965,0.2743332819297897,-0.01815784278454088,206.66990546218494,74.2560029763351,31.572322014875127,4281.41786943727
1390,43.447150489385194,0.2983095896419165,-0.04642135798761592,206.12086179716232,74.25596714954226,31.57683284189222,7815.39739311588
1391,43.11698264455992,0.27077322576714796,-0.03848142543143973,207.76615869679446,74.25593131470907,31.581343665685235,7050.169951857877
1392,42.70710964470311,0.25480634079202846,-0.0337899207948703,208.50223331581714,74.25589547183395,31.585854486253904,8814.031779048086
1393,40.393631878118775,0.25871743829530747,-0.04423413286443966,209.75380977404095,74.2558596209153,31.590365303597967,5745.7543481006405
1394,38.73796303956261,0.24537020662577622,-0.02265685536450489,207.84027321686588,74.25582376195149,31.59487611771716,5064.283770444106
1395,38.664201543577256,0.2219514307252956,0.003530715058624943,208.20874934314233,74.25578789494094,31.59938692861122,4278.500018641846
1396,39.46141643662948,0.20303102888603994,0.01760460842482782,208.10543592436971,74.25575201988205,31.6038977362799,6135.531616304412
1397,38.92212059644294,0.1942129204446504,-0.006863945966396218,207.78602390647572,74.25571613677322,31.60840854072294,6997.46026876125
1398,39.08005499812026,0.141608422873388,0.02788059252837864,208.57849829351534,74.25568024561281,31.612919341940056,12477.68047914226
1399,42.10700200202154,0.13951375524438614,0.03144121460341113,210.3624310842741,74.25564434639925,31.617430139931,6738.76970168697
1400,42.25141482360454,0.11935940114662072,0.04731723654674799,208.29799238945017,74.25560843913095,31.621940934695523,7342.311113020929
1401,39.210270056897336,0.22058010756055174,-0.005773096930265349,208.59414390756297,74.2555725238063,31.62645172623336,9305.237782215172
1402,41.12905983269839,0.2994563668313901,-0.0619792043644213,207.28389385181293,74.25553660042367,31.630962514544237,4647.071170449066
1403,45.25615136734937,0.2745985543610907,-0.022908916365537674,207.21596429040306,74.25550066898147,31.635473299627908,8818.308232301919
1404,44.45848102507611,0.31780249925950926,-0.046259973880665196,206.93794279716604,74.25546472947809,31.63998408148411,5049.442573314927
1405,45.52714896892251,0.3133528027881429,-0.047234536911608914,207.0089356110381,74.25542878191192,31.644494860112573,5191.102903282666
1406,44.137303169927776,0.34768798779655213,-0.06707495265532736,206.89455022980957,74.25539282628135,31.64900563551306,0.0
1407,41.836147688441784,0.28629785597691265,-0.03294341678060353,207.1448893572181,74.26300506684018,31.35131784572017,4857.1165776996295
1408,40.78608018743581,0.38321852666719514,-0.09396561797951793,207.48939812985634,74.26296988295836,31.35582883573685,1502.9553560804256
1409,45.23907045797946,0.21583136816812182,0.00829070905962717,205.9934141201264,74.26293469117032,31.360339822542816,7033.7204636052165
1410,45.422384385306216,0.24378756041322186,-0.009389655587993236,206.66139865665744,74.26289949147443,31.364850806137813,8815.801528136504
1411,46.31356205235357,0.22562044178454416,0.016307409717541774,207.36856653942345,74.26286428386918,31.36936178652157,8567.060780786089
1412,47.7855167462556,0.2226062082770965,0.014028067745288936,206.88931297709917,74.26282906835299,31.37387276369382,9421.643760362636
1413,47.43154384192551,0.23302923789304814,0.008940816411453377,206.88496972887597,74.26279384492427,31.37838373765431,9011.444096522777
1414,47.06789439482615,0.24236499123041236,-0.0022555799904302965,206.82731822971542,74.26275861358151,31.382894708402777,10115.982601944334
1415,47.172367535770555,0.2412327716099344,-0.002807884217611425,207.1898050579557,74.26272337432312,31.387405675938943,15687.155564584442
1416,47.17057366054796,0.2460774352088585,-0.004307633045312736,207.22563224446785,74.26268812714753,31.39191664026256,12235.392153650404
1417,46.876143512054526,0.25078630639452626,-0.008601619507397377,208.9353351771368,74.26265287205315,31.39642760137335,9609.8307092713
1418,46.656555137044265,0.25035025631801827,-0.01109708047361097,210.7149631190727,74.26261760903844,31.400938559271054,11450.079498003472
1419,46.94750578459465,0.24918343702668214,-0.012511844328925117,208.13766780731774,74.26258233810186,31.40544951395541,9506.749995738865
1420,47.458450719182494,0.2486039235809339,-0.010372634759210703,208.9990784623486,74.26254705924178,31.409960465426167,10498.291363724396
1421,46.43755731328906,0.25744376984572154,-0.015400066589970883,210.3857387185897,74.26251177245669,31.41447141368303,10017.15441248216
1422,47.34968199716826,0.2510473446243338,-0.0019477528948734718,210.26777251184836,74.26247647774497,31.41898235872576,8914.394222722933
1423,47.09131412424117,0.21804669857531578,0.009520518485825847,210.04870343556667,74.2624411751051,31.42349330055408,12822.323853174024
1424,46.89683364386383,0.24317670926649143,-0.015675243360631752,208.45106046634174,74.26240586453548,31.42800423916773,10819.871172155632
1425,46.9201069444787,0.19943673653740848,0.012815058259529357,208.77080042127437,74.26237054603453,31.43251517456646,14103.83404445768
1426,47.17757267530346,0.2148858444176647,0.00234892845921084,207.76938265104653,74.26233521960071,31.43702610674999,11809.32651793674
1427,47.65127101453471,0.2092622414358403,0.008169801887580716,208.83006449914444,74.26229988523244,31.441537035718078,10001.086083545988
1428,47.66821444156906,0.20588433866688532,0.008903351288982269,207.12096880347508,74.26226454292812,31.446047961470438,10841.336451326326
1429,47.947717495294825,0.22216160564364604,0.0057175780740184295,208.48328507501975,74.26222919268626,31.450558884006803,10911.164141863675
1430,46.985910416108936,0.2364664034716029,-0.006837291712086204,208.1083925282821,74.26219383450518,31.455069803326925,9308.64075697705
1431,48.50390538904896,0.20096818133179237,0.015345376255936589,208.40292028413577,74.26215846838335,31.459580719430537,8734.292658431
1432,50.44194790783349,0.15302998831399306,0.04493349844392251,206.10194685609048,74.26212309431921,31.464091632317384,2752.9884180808394
1433,48.27422721428968,0.21782810453239337,-0.006582223589811506,209.75927387529595,74.26208771231117,31.46860254198719,11473.14929620268
1434,46.82530574049728,0.2589107795277945,-0.023808175392903152,212.02946593001843,74.26205232235769,31.473113448439705,9981.816217238902
1435,46.94879666290059,0.33387858615570604,-0.05505130357965493,212.36056300973434,74.26201692445714,31.47762435167466,3391.910058863774
1436,47.6344871205118,0.23377374323748096,0.006561736719593754,212.97579265886068,74.26198151860798,31.48213525169179,8690.746635215663
1437,47.70351302779682,0.17438823281781968,0.022273873953503002,209.71986328381757,74.26194610480862,31.486646148490838,9930.622339006726
1438,47.80056586036392,0.15926005070045468,0.028376318039712488,209.67117708880718,74.2619106830575,31.49115704207152,9075.165309787844
1439,47.395955343272455,0.16565942956994387,0.030508136374127616,207.73468314488565,74.261875253353,31.49566793243361,10343.348725473335
1440,47.512217904973724,0.1358712854893378,0.049640057970816984,209.91822245595588,74.26183981569359,31.500178819576835,15315.866822092685
1441,47.96849953289248,0.13797178309802682,0.04494096573025137,209.1831448856167,74.26180437007767,31.504689703500908,12447.767420334889
1442,48.32569435678025,0.11875337330158542,0.05203742474520539,204.94502170195983,74.26176891650367,31.50920058420559,9623.355959111635
1443,49.370076933899,0.15002990421614082,0.03467325020668009,208.19521178637206,74.26173345497,31.513711461690622,14509.215782672223
1444,49.212271824392296,0.17162997113271844,0.024268881654002865,204.6599579058143,74.26169798547505,31.51822233595573,14166.574981854135
1445,48.95996485493561,0.21269806876169273,0.00984648079295558,207.2864843544571,74.26166250801731,31.52273320700065,9203.571703560923
1446,48.17265885140923,0.2169560411673693,0.003897677837591463,207.69580649401868,74.26162702259515,31.52724407482513,9390.06276518476
1447,48.34811848449849,0.19326998943519585,0.008926609283983011,206.49073222032337,74.26159152920702,31.531754939428914,9144.673162785635
1448,49.203984868103305,0.16624954050526466,0.025407175820368694,206.56059411146154,74.26155602785131,31.53626580081171,9422.06330579643
1449,48.18929095536279,0.19340759553892004,0.007546036489128359,207.59687171398528,74.26152051852641,31.54077665897328,9910.992151559574
1450,48.31720038850798,0.1568279919431667,0.035462532506760014,206.4248718285789,74.26148500123081,31.54528751391338,12586.07813218524
1451,47.07165246767584,0.22198818373904203,-0.008427812522686904,205.28224004206655,74.26144947596286,31.54979836563172,7743.069313086316
1452,47.849356922130106,0.2046222215065064,0.025067472244563824,206.91721419185276,74.26141394272103,31.554309214128047,8471.188738527648
1453,48.050386661089085,0.24515184403467655,-0.015897555148430696,204.66789280084075,74.26137840150369,31.5588200594021,1078.640024990601
1454,43.15999575095429,0.2903165851669398,-0.11283759159211017,204.015247108307,74.26134285230927,31.56333090145361,0.0
1455,39.268262124862,0.17147654942552845,-0.09474017626843823,201.61225026288116,74.26130729513619,31.56784174028233,0.0
1456,40.867364451786294,0.0965376661714987,-0.09733184844865198,203.9102260778128,74.26127172998287,31.572352575888,1021.0435416574488
1457,46.46570540030759,0.20844969717422415,0.0012921349448891512,206.19137749737118,74.26123615684772,31.576863408270345,7400.970656901065
1458,46.52827302478326,0.20516034861779317,0.004734392848914089,208.20296899632157,74.26120057572915,31.581374237429117,7573.118535475626
1459,42.48201800930805,0.2582188462215193,-0.028018604984687067,212.42660189075627,74.26116498662554,31.58588506336403,5522.856989821513
1460,40.7918875344595,0.21269097254870728,-0.007945123702898627,209.4405621962433,74.26112938953534,31.59039588607487,4872.681275283387
1461,39.09824595199292,0.26187821028137925,-0.034284255926683396,208.37245634764335,74.26109378445693,31.59490670556133,3079.91034106216
1462,37.11124215245374,0.3062175321824081,-0.05191131875219163,207.1675200210056,74.26105817138877,31.59941752182317,3176.924226773649
1463,38.18528231861528,0.2985773519034485,-0.04242812450541697,207.10477314450563,74.26102255032922,31.603928334860143,3443.1802232956416
1464,38.985558921930924,0.21813260716522082,-0.009544743021810624,207.91461972941016,74.26098692127673,31.60843914467196,12550.4921603673
1465,44.11440434893266,0.13193226779657005,0.036002787112259065,209.3578836812393,74.26095128422965,31.612949951258383,9766.309942626089
1466,46.61520734599843,0.16864904059414865,0.010682733301804912,209.44245927482925,74.26091563918646,31.617460754619135,5439.762089954535
1467,46.0502558725348,0.16331184877234797,0.023231037517676204,210.5484379102126,74.26087998614551,31.62197155475396,10133.431876535507
1468,43.42004975107145,0.28586772744057315,-0.041639016767237136,207.5586922268908,74.26084432510527,31.62648235166261,4807.156565186401
1469,44.04332752723516,0.3054421625094821,-0.04703994527811978,207.59879217539716,74.26080865606407,31.63099314534482,4441.222886696703
1470,45.02050520661104,0.25304284183885295,-0.005836878865954034,205.96517739816036,74.26077297902036,31.63550393580033,10546.365681270188
1471,43.01551511086729,0.3856706146766251,-0.08453265909965896,208.66504599211567,74.26073729397253,31.640014723028862,2332.6618188834805
1472,43.6814607553563,0.3941999614347582,-0.08743669834154288,207.08046279253224,74.260701600919,31.644525507030178,2706.194002754528
1473,42.65119562335568,0.3730536123893038,-0.07311745637352673,207.42549560194303,74.2606658998582,31.649036287804023,1813.406974462057
1474,46.30667112427726,0.25436335636774016,-0.00034393903224945905,206.89507635597678,74.26826146865702,31.35134792916135,7752.9518622450705
1475,44.79995674597156,0.30617282971410675,-0.0361916136087636,207.33372827804098,74.26822653565924,31.355858924480724,4331.479039679456
1476,46.85486221041706,0.21980700071708412,0.025612714268822664,206.02631232732531,74.26819159481157,31.360369916589875,5529.134616829247
1477,45.813059984209346,0.23579121123605407,-0.005312701039186817,206.59144173798546,74.26815664611247,31.36488090548854,9961.792384640728
1478,47.385220225651665,0.2084112899782399,0.01563995958305562,208.8480779357556,74.26812168956037,31.369391891176484,10548.954787046932
1479,47.76970945265405,0.25876251448752974,0.0008017536647036043,208.3189836756187,74.26808672515375,31.373902873653403,7189.250324825497
1480,47.12251798509481,0.2479804619632559,-0.012163973415395208,206.81121642969975,74.26805175289103,31.378413852919063,13080.694059957328
1481,46.989238603862574,0.2570133952398213,-0.014216192121283914,205.89125855713527,74.26801677277066,31.38292482897319,12486.223155976144
1482,48.06170201502701,0.21392429398947924,0.013956390277475878,206.34737396340662,74.2679817847911,31.387435801815524,10969.472151753676
1483,47.10895007460901,0.27025287076237603,-0.003415225021323878,205.88823064770935,74.26794678895078,31.3919467714458,5341.209284366163
1484,46.407047171434805,0.24556898310533384,-0.008556329269960914,207.80742398315118,74.26791178524815,31.39645773786374,10150.634777571791
1485,46.609190397855265,0.20714193811686002,-0.004331359047986242,207.7232894736842,74.26787677368168,31.40096870106909,10532.810801079537
1486,46.85206374720943,0.2545676326620289,-0.008784968622560741,207.70146110306692,74.26784175424977,31.4054796610616,8425.12217443485
1487,46.35562846837657,0.2490099407601934,-0.012885497275477895,208.6634628044766,74.26780672695087,31.409990617840982,9810.821300824196
1488,46.898008378821935,0.2781598020971682,-0.020571898205655775,209.03290772673427,74.26777169178345,31.414501571407,9771.677289700096
1489,46.89683026681863,0.2381367334578494,-0.002908538409085337,209.25490712686076,74.26773664874595,31.419012521759363,9241.086103676069
1490,46.94640011199972,0.2257537377113424,0.003711782448073288,209.74706889737857,74.26770159783679,31.42352346889781,9735.076750017268
1491,46.233256590438415,0.24943722178083585,-0.013601376862800179,208.82095839915746,74.26766653905443,31.428034412822104,8160.593149286686
1492,46.75739888802135,0.20886955263018156,0.00576678394261932,209.24170616113747,74.26763147239733,31.43254535353197,10490.873720557292
1493,47.35410540256121,0.1931552253820961,0.019447467637643698,208.5547224414628,74.26759639786387,31.43705629102712,11989.82721764874
1494,47.70384221334695,0.24089496562183568,-0.011987332424225972,208.71885278252864,74.2675613154525,31.441567225307324,12315.78050702772
1495,48.082139817238534,0.19234431627692825,0.010102231230948645,208.64452045783455,74.26752622516173,31.44607815637231,9475.485360261517
1496,47.300431313449565,0.23307772753535558,-0.012668678440154676,208.1007762136561,74.26749112698994,31.4505890842218,12754.628921116053
1497,47.03181658184584,0.24972914673899566,-0.016445206583567802,209.46835942639126,74.26745602093557,31.45510000885554,12106.940457844474
1498,48.73541172341362,0.1825729617180946,0.018828627971204676,211.16219415943175,74.2674209069971,31.45961093027328,13186.068928208746
1499,50.05463504560062,0.17016987004871068,0.026973624194008682,210.31772135245373,74.26738578517292,31.464121848474743,10166.865588679811
1500,49.14251854413569,0.15600334966500035,0.03868481626625375,210.75009859340085,74.26735065546148,31.468632763459677,11123.903206113546
1501,47.95078051171426,0.20613820788008352,0.011587190340087134,212.60115682923626,74.26731551786122,31.473143675227792,11500.279161532966
1502,45.51364800316027,0.34552386689576636,-0.06443219761777493,212.42960431181805,74.26728037237058,31.477654583778857,6599.7550918104735
1503,46.56121804818447,0.3192523890331699,-0.032936353682523005,210.88330482831216,74.26724521898798,31.482165489112607,1030.7728337502167
1504,47.05465157258522,0.23314512586806582,-0.003312605601805969,209.06959610577562,74.26721005771188,31.48667639122876,10243.616508510657
1505,47.73771407654698,0.15306367398159323,0.03561069840568151,207.69705340699818,74.26717488854068,31.491187290127066,12083.890093266256
1506,47.6363119173047,0.1879706545714079,0.018759251847466435,209.8717442778217,74.26713971147285,31.495698185807274,11166.48965781367
1507,47.29845759102213,0.18846538699312887,0.011155092313691724,209.4877663772692,74.26710452650683,31.500209078269098,10461.295766786743
1508,49.26948485589275,0.13086026032850812,0.0497560407463722,210.2805679726533,74.26706933364098,31.50471996751228,11173.291278733552
1509,49.35004582570473,0.12398894510792562,0.05195257520515019,209.754272942414,74.2670341328738,31.509230853536568,7881.034239244541
1510,49.46314450159987,0.16513666128147236,0.026497955534900933,207.99815958985147,74.26699892420372,31.51374173634172,12439.177868677722
1511,49.20287061359014,0.18815015455583298,0.013529909807706925,205.55383199684508,74.26696370762913,31.51825261592744,7732.831528713654
1512,48.597197486007104,0.206618105794309,0.005945570942787888,207.48527478306596,74.2669284831485,31.522763492293475,9368.155278047816
1513,47.725138395953735,0.1747230379633026,0.021060602769385917,207.42276850269488,74.26689325076025,31.527274365439563,11546.005771902082
1514,47.74472550237315,0.19169771395524696,0.01308054637562128,206.91795950565339,74.26685801046278,31.531785235365454,10317.349550882982
1515,48.96251937429605,0.12588445453757538,0.04022998973955619,207.41330353621666,74.26682276225458,31.536296102070875,7738.429878694444
1516,48.06383622990008,0.130122800132074,0.03672147194010379,209.70553437623235,74.26678750613402,31.54080696555557,10597.30558742406
1517,48.091905826115436,0.12790280538546933,0.03751153906732857,208.25042723807022,74.26675224209956,31.54531782581928,13684.04318637244
1518,47.98648439196375,0.16439593323022522,0.028688282383875066,207.8145373291272,74.2667169701496,31.549828682861737,13083.321293639974
1519,47.891793044171166,0.12674523359352458,0.054284130727116776,207.5300381227816,74.2666816902826,31.55433953668268,14809.134781447772
1520,46.18899124191173,0.2549045487637637,-0.01598236727365774,205.55340953882538,74.26664640249695,31.558850387281847,9302.117358164673
1521,46.55744760047694,0.2803601221101271,-0.02902425807388349,204.85258178951514,74.2666111067911,31.563361234658988,1676.6198600241112
1522,43.480156276629884,0.11820114589802652,-0.021059693938486904,203.43266325055842,74.26657580316348,31.56787207881382,1266.6384400385268
1523,37.251840996081995,0.06471220917893096,-0.10137468912408834,203.26001839442907,74.26654049161252,31.57238291974612,0.0
1524,39.19497346521089,0.09310636972852511,-0.14250607293993434,206.4381815792931,74.2665051721366,31.576893757455597,1021.4057101653076
1525,45.18534385155698,0.1470472502331759,-0.02837915462171179,207.11391407173832,74.2664698447342,31.581404591941983,4656.410702590587
1526,45.00532200915322,0.23365285155242932,-0.012064967894514122,208.58763292634887,74.26643450940372,31.585915423205044,5280.385804335927
1527,43.72727465610873,0.2367695508544972,-0.004778706090918125,207.57253511881314,74.26639916614357,31.590426251244505,4780.65922611034
1528,39.730443048809775,0.32403835639830114,-0.06894428981306945,208.36652653704672,74.26636381495219,31.594937076060116,3041.864784093636
1529,36.302771812226766,0.42082178693419403,-0.12789157149511696,207.0822385706778,74.26632845582797,31.5994478976516,2223.973037211925
1530,35.426785152822234,0.43837973120114715,-0.1415202791374674,207.39955327815005,74.26629308876936,31.603958716018703,1386.034094468013
1531,37.74639402288362,0.2527585124129587,-0.03182867303000239,208.90357330530742,74.26625771377479,31.608469531161173,5840.318404484662
1532,45.70723785856675,0.12746465790696354,0.04262433903828114,209.9259064634787,74.26622233084267,31.612980343078743,13459.576498151426
1533,47.66595631812427,0.10678075100281532,0.057519161810490584,209.24103507158807,74.2661869399714,31.61749115177114,16619.075120625097
1534,47.73802467084604,0.13199769445559148,0.05674660175839164,207.9276142932212,74.26615154115942,31.622001957238133,17020.39398640404
1535,47.121483353048525,0.17875865372575828,0.03245895018628839,208.1347443144472,74.26611613440515,31.626512759479432,11115.48441046929
1536,47.67480293973965,0.19500756120581839,0.010006278026694395,206.25693622616697,74.26608071970699,31.631023558494803,10269.031275541776
1537,45.88771148348838,0.19147442962509692,0.011384703110902927,207.71685718039677,74.26604529706337,31.635534354283987,11387.525852470875
1538,42.25065030299727,0.3973957787271252,-0.09781594853189723,206.31731652881717,74.26600986647271,31.640045146846692,3161.696194603262
1539,42.03771300132138,0.43881949750037413,-0.11477517754776267,207.38262695184366,74.26597442793341,31.644555936182687,2654.0731793133373
1540,45.60074853064736,0.2650902830448567,-0.015387229846400898,206.8134191176471,74.26593898144391,31.649066722291707,5137.019441221417
1541,47.840670269326836,0.22206767213338427,0.0320242240108529,207.5860887893558,74.27351787832222,31.35137779731015,5610.264210892272
1542,44.66269677614473,0.3177164451647873,-0.04024226568874082,207.87663107947796,74.27348319621001,31.355888797894263,1218.788832192289
1543,45.467494091139514,0.283066031460249,-0.01700194743811707,206.29785272032663,74.27344850630428,31.36039979526865,8388.504101942504
1544,46.55621540516467,0.2326956541358968,0.002856586258771435,206.5725763962065,74.27341380860348,31.364910789433047,11613.99775253425
1545,47.49575693395945,0.2302498646169321,0.009713575375679953,208.70403055848254,74.2733791031061,31.369421780387203,10176.423775064475
1546,49.81674082988146,0.2133172249372642,0.04241544202582751,208.42813858516664,74.2733443898106,31.37393276813084,9732.72386341465
1547,48.9368226646148,0.22826960619374834,0.018549581997838405,206.94508099565383,74.27330966871541,31.378443752663703,11926.434664993436
1548,47.393040300526884,0.23901535396232712,-0.003136980285942078,205.48656480505792,74.273274939819,31.382954733985525,16026.964962274744
1549,46.71917891812438,0.24060530061217045,-0.007892915077574746,205.93032139093782,74.27324020311983,31.387465712096045,13553.121990516443
1550,47.12850602037131,0.2558205651307735,0.010235005004554154,208.00605661619497,74.27320545861635,31.391976686995005,7971.72795479446
1551,46.40656994738558,0.2997887860183579,-0.029899139834335557,207.42855263157898,74.27317070630698,31.39648765868212,8705.611116200791
1552,46.730294340402885,0.2623589341156274,-0.016589033101260475,205.46945760926806,74.2731359461903,31.400998627157147,9168.59175288174
1553,47.312014705805694,0.2501508872394672,-0.0008992539064147678,205.86795681937863,74.27310117826462,31.40550959241981,7530.446160733523
1554,46.38206659384669,0.2644002010011974,-0.02009625274761564,208.67066262679486,74.2730664025285,31.410020554469853,8477.150944529398
1555,46.460340856039544,0.2480368567154124,-0.01107247213097891,208.72872200263504,74.27303161898033,31.41453151330701,9384.86172645706
1556,46.46902010409038,0.2547080465534828,-0.010821828412068036,209.72493742589907,74.27299682761857,31.41904246893102,10380.162757528557
1557,46.97172980091235,0.242984943290846,-0.008050360935727825,209.29476040021066,74.27296202844168,31.42355342134161,10105.510382702994
1558,47.35916627477239,0.18111712137879818,0.03170743061617225,208.45276315789474,74.27292722144816,31.428064370538525,7301.3814464242205
1559,46.47847735562067,0.2331168740607964,-0.005430746350349696,208.69251020139527,74.27289240663639,31.43257531652151,9581.880453182506
1560,47.17051302651837,0.21486484401222988,0.00433114763784036,209.94155587732,74.27285758400487,31.437086259290293,9879.874875494726
1561,47.789250007628034,0.2031266705737903,0.011135232712666816,209.26023430301439,74.27282275355202,31.44159719884461,11509.682854780614
1562,47.494901886060305,0.2556402651634619,-0.02471179084605219,210.09951296564435,74.27278791527633,31.446108135184197,9903.60475859509
1563,47.35253443113377,0.24402091672179582,-0.01781590229687422,207.9456793371038,74.27275306917622,31.4506190683088,11846.147595462036
1564,47.53098546464486,0.22132965434000532,0.0011846085547344346,209.09313338595106,74.27271821525012,31.455129998218133,12667.703828530315
1565,48.269110750386766,0.1838114769255792,0.015933728855622428,210.41528545119704,74.27268335349653,31.459640924911955,14297.47033577907
1566,48.41392950169434,0.17971603891604548,0.015569444201938273,210.75895208004218,74.27264848391387,31.46415184839001,13585.284399371343
1567,48.51131110310094,0.18590311417146219,0.016570475576112485,211.1480068412051,74.27261360650058,31.46866276865202,13979.588888263854
1568,47.8171101618682,0.21589138852194942,0.003507648715457763,212.94487567425338,74.27257872125513,31.473173685697724,10188.101673820394
1569,45.371125630002666,0.35844133291998376,-0.06985233684849809,214.09169846072888,74.27254382817596,31.477684599526867,6979.428240456133
1570,45.5542125165939,0.3082847420665747,-0.035116549531025706,212.6774108669912,74.2725089272615,31.482195510139174,5794.891380622409
1571,46.33583264214289,0.30234905777833143,-0.030791991458124047,207.62286240463044,74.2724740185102,31.4867064175344,3430.4929882159977
1572,47.824839042114206,0.2020717755918924,0.019868788821264163,210.38060781476122,74.27243910192055,31.491217321712263,13839.836917328874
1573,48.31492399846095,0.23523762131754056,-1.1163552392893715e-05,210.98842409892137,74.27240417749091,31.49572822267252,10153.158811013254
1574,47.56058492434496,0.23898808012808898,-0.012665025315239397,212.75046040515653,74.27236924521982,31.500239120414893,11239.96755252416
1575,48.666404145864824,0.19822256029620053,0.008745272358939396,211.30264369327904,74.27233430510564,31.504750014939127,12182.278491941275
1576,49.17765324376879,0.13476458071552952,0.042078863261085654,210.95027624309395,74.27229935714688,31.50926090624497,12467.752997563204
1577,48.95573349225568,0.15807752741492243,0.02721002844466457,211.18058661054846,74.27226440134194,31.51377179433215,12169.171516265076
1578,48.8874749180521,0.15454296359411826,0.026455509341408404,209.69077995528087,74.27222943768928,31.51828267920041,12645.074643871903
1579,48.26464651936501,0.1731666471133944,0.016537974085051955,210.77872732053635,74.27219446618733,31.52279356084949,13585.372286847296
1580,48.2596290831243,0.11714003442483067,0.055608148589502235,210.4909927679158,74.27215948683452,31.52730443927911,8313.725023734953
1581,48.06599479018405,0.10217388750678948,0.06419456880448983,211.65531747075065,74.27212449962933,31.531815314489027,9388.719535397517
1582,48.77503151899173,0.10963805766386735,0.05596356719337706,210.8500065728934,74.27208950457019,31.53632618647897,8070.361308824322
1583,47.952287530589025,0.10392549791405066,0.05919162835360629,211.33710228766753,74.2720545016555,31.540837055248687,10305.293336946068
1584,46.5885375598278,0.1669979418042552,0.015584281509280628,210.51570921519655,74.27201949088376,31.54534792079792,14674.81219878288
1585,47.03703507384647,0.18011342135697733,0.006807674034657681,209.8914158012356,74.27198447225337,31.549858783126396,12891.148418601411
1586,48.126522321293535,0.12774571751536776,0.050166379254579,208.82516103588796,74.27194944576277,31.55436964223386,13964.42721644459
1587,46.76755165402603,0.24362666060535873,-0.01792607595488526,206.997239747634,74.2719144114104,31.55888049812004,10764.488317357946
1588,46.93511611584332,0.2342831200491445,-0.009727711074912332,205.93624293413964,74.27187936919472,31.563391350784688,6271.365254736318
1589,46.3224536186771,0.2424431663583474,-0.016806360963474543,205.12834997372568,74.27184431911412,31.56790220022754,2685.693631439828
1590,47.581225023983194,0.14445854338894082,0.018527453218071692,204.22845507094056,74.27180926116706,31.572413046448336,4887.927356714439
1591,42.848546836330804,0.19431827079196215,-0.05683040465935841,203.73909616395161,74.27177419535201,31.576923889446817,1228.1566450757114
1592,39.38011153743657,0.06429072354273545,-0.10617257407133238,203.2226896279742,74.27173912166737,31.58143472922272,0.0
1593,35.356480355439736,0.022474874803239488,-0.18448839873429357,204.35099250690155,74.27170404011156,31.585945565775784,0.0
1594,43.478620762945596,0.19375702564169353,-0.061115839414548255,202.21424815983173,74.27166895068302,31.59045639910575,171.43034436214992
1595,43.408775986226345,0.2692239031996947,-0.016483593736420037,205.3450315457413,74.27163385338022,31.59496722921236,0.0
1596,35.24650888679585,0.47830620629540305,-0.16727275643865644,206.1983709931687,74.27159874820157,31.599478056095347,447.2637515872302
1597,36.89760585441671,0.32840496932749935,-0.0651161874494112,207.7182080924855,74.27156363514548,31.603988879754457,7633.668664917236
1598,38.81226889473071,0.1470828178684394,0.03847364260935551,208.90436153441928,74.27152851421043,31.60849970018942,11636.45386778732
1599,46.89370435457591,0.12718053474233249,0.04133658989220149,208.75945378151258,74.27149338539482,31.61301051739998,6858.306167898195
1600,48.7417127873884,0.10743528258199168,0.05842528954616533,211.24382878151255,74.27145824869706,31.617521331385888,10276.860233006206
1601,48.1635575043516,0.13184331382589895,0.04749588803296356,208.88556037314405,74.27142310411563,31.62203214214688,11230.871566930267
1602,47.016005903287386,0.15968631564094835,0.02117105811989851,208.06280383655243,74.27138795164892,31.626542949682683,12038.309271059135
1603,47.28016890860971,0.13721017038074848,0.04852366654001379,209.82762242352644,74.2713527912954,31.63105375399305,6941.257214846861
1604,47.43986142196457,0.15198823330304032,0.04268573164054839,207.54576493762323,74.27131762305342,31.635564555077732,9593.446520578167
1605,45.981583370271785,0.22551725539458636,0.007127598670441865,208.60903242746485,74.27128244692152,31.640075352936435,8541.420483116402
1606,42.652287555245564,0.3697317172432641,-0.08382175487215504,206.80055147058823,74.27124726289804,31.64458614756893,4638.001639731553
1607,46.54526064265625,0.17832830614790576,0.028031747394641617,208.0967699579832,74.27121207098143,31.649096938974942,7811.792591034663
1608,47.58236188421024,0.24611697686075687,0.02385336277443993,206.3253853247266,74.27877429577937,31.351407450165443,3597.1317397073585
1609,47.0097931680825,0.239139317921805,0.011889996815085752,206.2664733790194,74.27873986455427,31.355918455976354,5636.407509925841
1610,46.51221234928063,0.2502208485819323,0.0028177087959270148,206.89552042160733,74.27870542559204,31.36042945857803,6882.950042359522
1611,45.695123108058496,0.2891504106160892,-0.02305580877972614,208.7173340358272,74.27867097889111,31.364940457970203,6032.349225304663
1612,46.85826733757741,0.24824204279966747,0.012413281979797646,207.9949940719273,74.27863652444998,31.36945145415262,6557.965595448936
1613,47.875919017857726,0.27594860958366524,-0.0020741372270340125,208.1889328063241,74.27860206226714,31.37396244712501,4959.494115459873
1614,48.94647690664694,0.2181478423200697,0.025644793377441428,207.3622959452343,74.278567592341,31.378473436887116,10679.33613492111
1615,47.60049340411853,0.22290722003325192,0.014253637017182805,207.06254114549054,74.2785331146701,31.38298442343867,13869.90782198492
1616,48.1089502622155,0.2160210142833187,0.020509455949562633,207.03925184404633,74.27849862925287,31.387495406779404,7529.613087008771
1617,47.70356755259093,0.2120742660756068,0.03451369138479119,209.25316122233926,74.27846413608776,31.392006386909063,4823.926940164107
1618,46.84155794571788,0.30792831326015235,-0.019524360095913233,209.77357744994725,74.27842963517327,31.396517363827385,3990.7707163084106
1619,47.4661631626637,0.25547564468888256,3.084294004989631e-06,208.33631932551702,74.27839512650786,31.401028337534093,8174.732152617635
1620,46.5027574034427,0.2862643968293342,-0.030360097787268923,207.85204216073777,74.27836061008999,31.40553930802893,11168.52727975126
1621,46.59109385616604,0.2660643995125753,-0.01521813388238888,208.08919631093542,74.27832608591812,31.410050275311647,11677.720111401231
1622,49.34685502190762,0.2089835002363586,0.020265718226796223,207.9300947867299,74.27829155399077,31.414561239381964,9798.3042191079
1623,47.19938443002109,0.25581192404779973,-0.01077078398967662,209.78241411083323,74.27825701430629,31.419072200239626,8967.746951496161
1624,47.04263444674481,0.24880815236483686,-0.0035004949667010146,206.65381071475576,74.27822246686327,31.423583157884345,9720.562260422945
1625,47.72426353575493,0.2072798388007619,0.018545675490754004,207.25694353034095,74.2781879116601,31.4280941123159,8774.25796413234
1626,46.50845420537057,0.2373488195209811,-0.009835486452059517,208.5675924707122,74.27815334869526,31.432605063533995,8606.70509141039
1627,46.54589766502568,0.2611512163865647,-0.02057835999103324,208.60755163794235,74.2781187779672,31.437116011538382,8572.597427822415
1628,47.86721399115646,0.21216714401679337,0.001960095634915665,208.9972372056309,74.2780841994744,31.4416269563288,10147.595080771767
1629,47.974947880309365,0.1745715557844487,0.021198787588921037,208.43030143477688,74.27804961321533,31.446137897904983,11728.920245529082
1630,47.924022778635724,0.1909565933400421,0.019083893018959946,209.04973029864493,74.27801501918844,31.450648836266662,9749.73963921877
1631,47.18031513703634,0.24782788365783262,-0.025824021053370887,209.99223888450405,74.2779804173922,31.45515977141357,12787.863615143382
1632,48.319414589719834,0.20552258824258768,0.0033436765700287354,210.4325177584847,74.27794580782503,31.459670703345463,11982.159823758073
1633,48.38771012611298,0.2254324047879406,0.0033118771571988537,211.30696327497697,74.27791119048547,31.46418163206207,6958.660699319004
1634,48.53074694984601,0.203028543364569,0.016758800369309056,211.5939968404424,74.27787656537187,31.46869255756312,10383.741114584667
1635,47.546035229314576,0.2486480343887973,-0.014487418765566452,213.09038284436267,74.27784193248279,31.473203479848365,7986.414145313234
1636,46.2207050567794,0.27231334837586935,-0.031967795894716364,214.4957242468097,74.27780729181661,31.47771439891753,9818.80695402375
1637,43.10322583926601,0.26956725553086747,-0.030077295927161393,213.7708497763747,74.27777264337185,31.48222531477037,10261.272239574995
1638,42.41307192252734,0.27854168711088,-0.024618400228223328,212.2332587817393,74.27773798714692,31.4867362274066,2979.7066351254366
1639,43.9189114482163,0.2807969902748002,-0.014939197372583668,210.88595106550915,74.27770332314033,31.491247136825987,5054.077599071919
1640,46.42934817447709,0.31745954629899514,-0.039801406508289054,211.6367583212736,74.2776686513505,31.495758043028243,6213.230153982063
1641,47.338735328279455,0.26547478599074664,-0.02350198626593432,212.81781110234158,74.27763397177587,31.5002689460131,9806.35282704303
1642,48.368140658839266,0.20066055236164448,0.003594873066632193,214.908899697647,74.27759928441493,31.50477984578033,11026.542914313402
1643,48.82177382107693,0.1614369570902492,0.022835209671245655,210.99026955950035,74.27756458926609,31.509290742329647,14090.937387889153
1644,48.64675242409887,0.16806424000451425,0.019269506081918842,211.06231102931505,74.27752988632787,31.5138016356608,10719.879341806904
1645,49.11421592520589,0.12093196121177885,0.05473823339686882,211.08472569398756,74.27749517559867,31.518312525773517,8978.535379670771
1646,48.50215995973563,0.13846668170624685,0.04069265604668311,211.56261510128908,74.27746045707698,31.522823412667552,12068.521856950105
1647,48.636936597872946,0.1385833996864983,0.04165542924519797,211.27216521967904,74.27742573076121,31.52733429634263,12336.082186865991
1648,48.59540621608526,0.10398082607402903,0.06274735327774639,212.36885030255195,74.27739099664984,31.531845176798488,11320.010387620245
1649,48.976719039875135,0.10791749651669144,0.05871547137021249,212.3175124901393,74.27735625474132,31.536356054034872,11431.92738338784
1650,47.932892761174074,0.10623088175120154,0.060476985621510625,211.32816197738617,74.27732150503411,31.540866928051525,10844.896108337054
1651,46.69184839119644,0.20335606347585358,-0.007995579252225953,209.62122008940307,74.27728674752663,31.545377798848172,14947.98976190182
1652,47.08623671427953,0.18742209402487314,0.008413881081899149,211.1121483039705,74.27725198221735,31.54988866642458,11715.156486636726
1653,47.70088693160143,0.13288866460074555,0.041987375287551865,210.7124277456647,74.27721720910472,31.554399530780444,16787.62714040738
1654,47.88257678690096,0.10561078092542972,0.061750440587133824,212.08906988964787,74.27718242818719,31.55891039191554,17006.098221574804
1655,47.17527757331055,0.12376146513363846,0.05221242458137081,208.23218511701285,74.2771476394632,31.563421249829585,14386.58240237008
1656,47.01864812121799,0.17478090001389024,0.01848179526698379,207.01103665746936,74.2771128429312,31.567932104522335,6402.521343183964
1657,48.174862175433525,0.13305920427289902,0.03747452912956302,206.92130846032572,74.27707803858966,31.572442955993537,8405.47021390536
1658,47.32170515124164,0.22479547637175787,-0.013051434610031592,206.55905925633948,74.27704322643699,31.576953804242905,5824.055116344164
1659,47.85237509844305,0.1889676641358444,0.008111115857010805,203.6311916962291,74.27700840647165,31.581464649270178,54.94538931812798
1660,40.26472929638944,0.08916572047819042,-0.08361209290146629,206.5606359216923,74.27697357869212,31.58597549107512,491.4546534253059
1661,37.71374276841657,0.08790610997383147,-0.16390193554318944,204.74520367936924,74.27693874309679,31.59048632965746,0.0
1662,46.14743227728027,0.1955541799139398,0.00025835117165634466,202.51990540007878,74.27690389968413,31.59499716501693,0.0
1663,38.80903542625723,0.34638830806339665,-0.08428971128563456,206.2542038885969,74.27686904845258,31.599507997153285,25.059322443722184
1664,40.386102535060445,0.234004388439959,-0.016447428978283933,209.1607987388334,74.2768341894006,31.60401882606625,8590.987117721683
1665,42.42392902266162,0.1447153745039353,0.03622841213599106,209.48121387283243,74.2767993225266,31.60852965175557,10676.53417431254
1666,48.30881204731662,0.12846940693374434,0.036567307306189144,207.98711543518277,74.27676444782907,31.613040474220988,4318.930855573429
1667,49.591623162414244,0.11844663507792062,0.03471849944107199,210.5801446416832,74.27672956530643,31.61755129346225,8015.968819653785
1668,48.17827230912176,0.13101423199743373,0.039727687805170185,208.3214567446753,74.2766946749571,31.622062109479074,7278.631655881513
1669,47.16809070364246,0.15673471708960032,0.017009990808226523,208.4483120977276,74.27665977677952,31.626572922271222,7496.7429919931965
1670,47.64432054162641,0.1175109202203126,0.05908085154877565,209.8811087756175,74.27662487077215,31.631083731838437,6142.31484108929
1671,47.793978871186454,0.1257071684606967,0.05630770429895796,209.86572066745504,74.27658995693348,31.63559453818043,7737.398693331153
1672,47.172960205072954,0.17277975944688972,0.030543113706589024,207.9060570227303,74.27655503526186,31.64010534129697,11416.572903020318
1673,46.132509011581746,0.18760925842735215,0.02981916031576606,206.85325801366272,74.27652010575578,31.644616141187782,7311.142805493323
1674,45.96748379990413,0.12786216028636133,0.05448339121025045,208.55044666316348,74.27648516841366,31.64912693785263,7578.220053930388
1675,46.90351366437624,0.2647387811346225,0.012479762236640714,207.54946647345537,74.28403072097214,31.35143688772612,0.0
1676,46.15744530692767,0.26388187389454804,0.006549216408302347,208.22617635429026,74.28399654063568,31.355947898725884,1852.887844406442
1677,47.04469306456595,0.24289704284953112,-0.006782113626243609,208.4338031879858,74.28396235261845,31.36045890651689,6818.707151211307
1678,47.326317326599074,0.24549876111539154,0.003489270701282064,208.22576396206534,74.28392815691893,31.364969911098893,9636.92425082045
1679,46.52705169882363,0.24900230994759232,0.0017195365134573689,209.6054538269003,74.28389395353558,31.36948091247161,8066.679108882231
1680,47.25716166347651,0.21340286775918532,0.025319694045269844,208.99433539718083,74.28385974246693,31.3739919106348,8091.053045631841
1681,48.1362948724289,0.25535128192442,0.007746786573000152,205.25197576396207,74.28382552371139,31.378502905588167,6571.859358717658
1682,49.49349935617626,0.21320134374372107,0.03274786219947786,206.1396206533193,74.28379129726751,31.383013897331487,5515.387795457094
1683,50.35221209365566,0.1781194645020199,0.049550423840490555,207.65419575813468,74.28375706313375,31.387524885864487,4633.794024259958
1684,47.936921529619525,0.232410870404375,0.015413835064374484,208.0871626069783,74.28372282130856,31.392035871186877,9159.409573915977
1685,48.0880680564382,0.23821720684341507,0.006701817136778407,209.10018455048774,74.28368857179046,31.396546853298403,9900.457666455955
1686,47.27783568343355,0.2497209120747176,0.004341928911819127,207.83412447257382,74.28365431457787,31.40105783219883,10802.7459838652
1687,48.243589357677536,0.245370977808779,0.009089977907674228,207.6154656830457,74.28362004966934,31.405568807887864,7526.527889750038
1688,47.99422490420616,0.269984405258579,-0.0026069477287111865,206.3675618746709,74.28358577706331,31.410079780365248,7274.838167266424
1689,47.43099531463251,0.24779928133029544,-0.009162511418384004,206.94889357218125,74.28355149675826,31.41459074963073,14832.859726611268
1690,48.20553577898513,0.18423833158997902,0.01878928658580114,206.820455442938,74.28351720875264,31.419101715684047,11989.646509639577
1691,47.439762744978964,0.21736378633129252,0.004514304725129455,208.86141089760463,74.28348291304498,31.423612678524908,8766.190555929341
1692,47.13283829069853,0.21772776323934726,0.002599551151255606,207.59892133649038,74.2834486096337,31.428123638153085,11309.861545569012
1693,46.63526879464458,0.2315694520816699,-0.008133150515693386,207.92482885729333,74.2834142985173,31.43263459456829,8830.766932311002
1694,47.30696237187207,0.24937150879826278,-0.01609147613957737,209.1833859926277,74.28337997969429,31.437145547770275,10173.386481658765
1695,47.33304045900661,0.21220974682118268,0.005951290656488897,210.2576315789474,74.28334565316307,31.441656497758768,9968.513748099807
1696,47.73178185000001,0.20974430124175106,0.005143054813464133,210.7727751448131,74.28331131892216,31.44616744453353,11500.470754759162
1697,48.285912818317556,0.17638972280602427,0.018586570573800636,210.2219589257504,74.28327697697004,31.45067838809428,12090.127927761476
1698,47.47507411256122,0.22697826184413492,-0.0004033957815670909,212.16214793366677,74.28324262730516,31.45518932844073,11191.366627959778
1699,47.507062111781366,0.23288905614622865,-0.0012796094948573367,211.18813314037627,74.28320826992598,31.45970026557266,10493.385246165068
1700,47.40595082063153,0.25433445084543205,-0.015823310167474257,211.49125115116433,74.283173904831,31.46421119948979,8204.146663299063
1701,48.397535865059915,0.1745897915108693,0.028849517319368315,212.57746478873244,74.28313953201868,31.46872213019186,11068.051296287
1702,46.645054202636594,0.2090835743664302,0.010382355145588959,212.7043569830197,74.28310515148748,31.473233057678605,11490.293058849764
1703,45.001661005931375,0.27381767823637737,-0.0277082149682573,214.33504340962912,74.28307076323587,31.477743981949757,8924.699691023525
1704,40.37475405571038,0.35680692970557,-0.09606286613262845,214.43935806366758,74.28303636726234,31.482254903005074,9390.958788942784
1705,39.786418884752045,0.2723429825702421,-0.02447036726535568,213.87106959610588,74.28300196356535,31.48676582084427,8150.079806416293
1706,38.53489271715172,0.2921998034657849,-0.03400486378285572,212.3875805815025,74.28296755214335,31.491276735467103,679.8071041061953
1707,41.04429137894166,0.3108298830157306,-0.03946629493020569,211.57152248225097,74.28293313299483,31.495787646873318,0.0
1708,43.32398751809631,0.3163812763409038,-0.05102636399906948,211.99960531509007,74.28289870611825,31.500298555062603,2586.963227245607
1709,47.702262486434684,0.18370186216779458,0.017727496410818343,214.34113932377318,74.28286427151205,31.50480946003475,13155.923654258651
1710,47.95232814421866,0.1921426730655328,0.012189524555435021,212.2682188897658,74.28282982917474,31.50932036178948,13482.471461991778
1711,47.98051566570057,0.20492226269606692,0.00737926370535625,211.11827391132744,74.28279537910477,31.513831260326537,11974.675989658095
1712,48.01268640661714,0.1903859204173529,0.009261080664773704,212.3023928477518,74.2827609213006,31.518342155645648,13322.764284714882
1713,48.40534954551479,0.16211592829791815,0.027814376907971963,211.318869165023,74.28272645576068,31.522853047746555,10483.283053660522
1714,48.68955653074538,0.1278193228568044,0.04314145330525314,211.5389772577888,74.2826919824835,31.527363936629,15049.705754327568
1715,48.73430925234807,0.11543158158975372,0.060745881929824115,211.66114180478817,74.28265750146751,31.531874822292725,14744.91978862814
1716,48.3760020248751,0.12129678844255033,0.052231041451765846,211.1308177754404,74.28262301271117,31.53638570473745,10276.627201943124
1717,48.10894058957825,0.10199969629821846,0.06463980766048442,212.11903823413473,74.28258851621293,31.540896583962944,11818.037131548426
1718,48.217841576684194,0.11139790985071539,0.058070743996560634,210.61731476615864,74.28255401197127,31.54540745996893,16583.495890562917
1719,47.78947216439989,0.1469290098868787,0.03046765245075949,210.80859734455106,74.28251949998467,31.549918332755144,12737.956025096675
1720,47.511454856937036,0.12889518962144542,0.048633143597640975,211.21756277113175,74.28248498025158,31.55442920232133,16723.61217448884
1721,47.33459604009856,0.10843632665540531,0.05953478303909527,212.06897910918403,74.28245045277043,31.558940068667223,16075.397645898598
1722,46.42294713934404,0.1076793906585931,0.05990028518997743,212.35033521756276,74.28241591753972,31.56345093179257,18360.26915300974
1723,47.678065349371565,0.10829235574136976,0.05887367903984401,211.1260846699974,74.28238137455787,31.567961791697105,13826.497408697838
1724,47.077699977896394,0.18252452177385814,0.011381916011106835,209.18616881409412,74.28234682382335,31.572472648380568,11716.662368761474
1725,46.58250087010779,0.21970025684718233,-0.014144511165410958,206.76745103194423,74.28231226533465,31.57698350184272,9072.286805483356
1726,43.85371716676878,0.1583753743405159,0.035196939247426506,207.03089259892198,74.28227769909019,31.581494352083244,10206.54527724064
1727,44.899503564765496,0.17198544731489765,0.031608030956216435,204.93207200105107,74.28224312508846,31.586005199101937,4369.367433569272
1728,44.129507082716785,0.23029139625778536,-0.026451351947381612,203.98436678928007,74.28220854332785,31.590516042898507,0.0
1729,35.67054722663297,0.10801465637989717,-0.18376601309838772,206.1495007882291,74.2821739538069,31.59502688347272,0.0
1730,40.67248659770203,0.4105759706315263,-0.15182029175880823,204.82696097753262,74.28213935652404,31.59953772082429,0.0
1731,44.0897239223147,0.2004854086308392,0.004197413174428915,206.79376971608835,74.2821047514777,31.60404855495297,10435.518183038008
1732,47.26800687370415,0.14711974936515235,0.03334167176051541,209.8189349112426,74.28207013866634,31.60855938585851,6601.762496304664
1733,48.97216812105578,0.12015820892379664,0.041449814238215574,208.90507494083616,74.28203551808845,31.61307021354063,5591.428030370349
1734,48.726436845869706,0.13500055247045234,0.033023290158697545,208.5478192327904,74.28200088974245,31.617581037999077,5586.249566108079
1735,48.66272750356281,0.1124271733032177,0.05899360389264614,210.02995270625325,74.28196625362679,31.62209185923359,5825.24244764993
1736,48.22478695560566,0.10134690686222626,0.062136401900472565,211.82737782448768,74.28193160973991,31.626602677243923,11352.494716436437
1737,48.034476614513245,0.11856555007724093,0.05371929712768308,211.6269872552884,74.28189695808031,31.6311134920298,9582.527231210825
1738,47.429936086919675,0.16042194222442607,0.029741411089229088,211.79595588235296,74.28186229864642,31.635624303590955,6081.711085106075
1739,47.91832675912949,0.18601959662634893,0.012837871118292528,209.43920693277312,74.28182763143668,31.64013511192716,5870.584134172637
1740,47.888978984553,0.1563434331396326,0.037186538045701205,209.07378232900086,74.28179295644955,31.64464591703813,8966.711699576948
1741,44.62637003274557,0.14414500314350662,0.037457717853924995,210.09690126050418,74.28175827368348,31.64915671892362,7437.884865647799
1742,48.44992431980509,0.24339729676044153,0.02448064692276068,207.10774499473135,74.2892871538442,31.351466109991083,1967.116291072512
1743,46.19177282372481,0.3183792879891057,-0.022998083301442384,206.50678792671673,74.28925322439787,31.35597712614174,2184.801315597734
1744,47.98235916686883,0.2792350930771104,0.004830025916620794,207.58048780487806,74.28921928732716,31.360488139084143,538.8098563900528
1745,45.56731743345894,0.30831573202900575,-0.030313776968063,207.77476290832453,74.28918534263055,31.364999148818008,2394.066021593487
1746,46.582266178754466,0.26560906564167497,-0.005649889016163834,208.49967048899435,74.28915139030651,31.36951015534308,7055.02768589192
1747,45.28989550999212,0.31815639933653794,-0.028901094703635784,207.71584771439856,74.28911743035354,31.37402115865909,5197.70000842122
1748,47.14053992580087,0.26429365914098,-0.002012304607651392,205.9471812434141,74.28908346277017,31.378532158765783,10896.385805483827
1749,48.167198720047416,0.2573434861171384,0.010291767328757232,205.6864139020537,74.28904948755482,31.383043155662897,5693.28443776522
1750,48.98536084455482,0.21275160388264863,0.019720175629257382,206.90858798735508,74.28901550470606,31.38755414935016,13139.798127035274
1751,47.981507252984855,0.2516268158581435,0.0007087034480680825,208.63796967699403,74.28898151422231,31.392065139827324,10505.761983776658
1752,47.16391739346203,0.2528149439273793,0.002122368509520456,209.01304175997888,74.28894751610208,31.396576127094104,11188.878887625784
1753,46.87706361430303,0.276083056511314,-0.014148049151259823,208.71107015927336,74.28891351034389,31.40108711115024,10993.86435886969
1754,48.35528572748849,0.2434391258959374,0.014384735001715002,207.5673292088982,74.2888794969462,31.405598091995483,8437.588043150545
1755,48.501245683988955,0.2543807299949067,0.013700301487596694,208.3775818971188,74.28884547590752,31.410109069629566,9161.525047193729
1756,47.05738144031991,0.23606533459500673,0.0018152822660748701,207.1042654028436,74.28881144722631,31.41462004405221,13227.82515911169
1757,48.33586456020023,0.15959186847252044,0.04158250731034572,207.37170706006324,74.28877741090105,31.41913101526318,10281.188861592644
1758,46.62705245233415,0.22651205435838487,-0.002531948751546605,208.82780410742498,74.28874336693028,31.423641983262183,9306.314336728456
1759,47.72013308844789,0.18422083647996246,0.021766599278482332,207.1325697735651,74.28870931531242,31.42815294804897,11818.587414073889
1760,47.63515880929187,0.2073061522490351,-0.0021668455235527182,207.88758720547588,74.28867525604603,31.43266390962329,10540.178375797928
1761,47.6168357453043,0.22936434346836732,-0.00585782226831626,209.70864067439413,74.28864118912952,31.43717486798487,10144.768474632485
1762,48.209503242203816,0.2045763219832005,0.014629107232013518,209.95352817272246,74.28860711456144,31.44168582313344,13580.039753867875
1763,48.48165108197711,0.18526313277043635,0.02415228786382833,210.67386722866175,74.28857303234022,31.446196775068756,13058.832426816938
1764,48.05132255140115,0.18853900834335946,0.011049892724101016,209.03499539534272,74.28853894246438,31.45070772379053,11147.165598920448
1765,48.18614272324687,0.2065593885115301,0.005253727887574097,209.47049525816655,74.28850484493239,31.45521866929851,12010.669444403857
1766,48.43787476568725,0.21099311947884566,-0.00024364275132204442,210.0300157977884,74.28847073974275,31.45972961159246,6648.678296055436
1767,47.322687000489374,0.251355432958422,-0.02162446837476346,211.82636148382008,74.28843662689388,31.46424055067208,9735.27636549526
1768,48.07383759460337,0.18988110093284216,0.02130540536057283,211.364162610183,74.28840250638433,31.468751486537123,10130.199298445948
1769,46.19353700003953,0.20269647270360686,0.016791471604553694,213.3546136632882,74.28836837821261,31.47326241918733,11909.22706683036
1770,41.18699286890689,0.27928417802542044,-0.030015081828600704,213.02236253617474,74.28833424237709,31.477773348622435,11584.079411526913
1771,38.630749718775185,0.35617221367336416,-0.09931137485599928,213.7028022628602,74.28830009887632,31.482284274842176,9674.154896126229
1772,37.82231862014604,0.4007836805219455,-0.11870235417233613,213.91107603262307,74.28826594770877,31.4867951978463,5278.2529634178
1773,38.72136734969861,0.34761012758695287,-0.07806546262561026,212.44912465446896,74.28823178887292,31.49130611763453,3071.9220689313856
1774,38.75994620662987,0.33882941515397613,-0.05343369810694145,210.63364903972644,74.28819762236725,31.49581703420661,751.1259524543163
1775,39.66038675165747,0.3675487115657278,-0.06158657344974722,209.72138910812936,74.28816344819022,31.50032794756229,0.0
1776,46.384589470136824,0.26554720169148593,-0.028790021908717166,211.9113274569135,74.28812926634033,31.50483885770129,10243.875007596018
1777,46.86894865662722,0.18972747373232696,0.005496924313618488,213.2248520710059,74.28809507681606,31.50934976462337,13555.839309685443
1778,44.052853589494866,0.35992003173263226,-0.07646587183435077,210.74112075769523,74.28806087961587,31.513860668328245,4137.25676991198
1779,47.28532393235201,0.22146421295913174,-0.010260942502322248,211.65693238621407,74.28802667473825,31.51837156881568,16761.40246370368
1780,47.23010032906582,0.17209592287191,0.014700954914868527,213.2908947575876,74.28799246218166,31.522882466085385,18830.165289690416
1781,48.25661513098148,0.13733913603683093,0.04334832697948809,212.1362501642359,74.28795824194458,31.52739336013712,11874.78565959434
1782,48.49340051022086,0.14209772568456466,0.038772973144995546,211.84685158406722,74.2879240140255,31.531904250970616,10900.936406083336
1783,48.183406180786534,0.11763302672015785,0.0541393934000521,212.4174667894252,74.28788977842288,31.5364151385856,14340.226910979827
1784,47.99977828060084,0.11540221085673395,0.054304957520500005,211.8864054693662,74.28785553513521,31.54092602298185,12308.230459258988
1785,47.591461278856166,0.13960034089488169,0.04042759572001856,210.9180909808046,74.28782128416091,31.545436904159065,15026.538665240278
1786,48.07395034818563,0.1393927823193081,0.04457901714875027,211.24493820667888,74.28778702549852,31.549947782117,15662.077038036345
1787,48.06084298776274,0.11987090427130544,0.05194619344293534,212.03919505458367,74.28775275914647,31.5544586568554,17466.78827737995
1788,47.570466476234245,0.10139524762912289,0.06588526782915358,212.35594111461614,74.28771848510326,31.558969528373986,18893.621386090763
1789,45.97729009923876,0.1104579547846021,0.05977466082493985,212.83013410465423,74.28768420336735,31.563480396672517,16526.987472159566
1790,46.670934027431,0.11237827698937729,0.057899687540679694,212.22876676308178,74.28764991393717,31.56799126175072,16924.573442226774
1791,46.069566060923805,0.16253610792783219,0.022842157424764694,210.39119579500655,74.28761561681125,31.57250212360834,12840.11618327962
1792,47.97009948921422,0.11326386206819622,0.05318882912372646,211.15821287779238,74.28758131198803,31.57701298224512,15515.948860979715
1793,45.85986530137641,0.0986692826163843,0.057217657945618255,208.26146969896152,74.287546999466,31.58152383766079,16345.527560711254
1794,43.69584571113056,0.11004350160505594,0.05649789108686445,208.42776390166958,74.28751267924362,31.5860346898551,12009.702416366436
1795,44.78920829230165,0.19311924941823216,0.013125590117985933,207.254992117709,74.28747835131932,31.590545538827783,1995.5978019824552
1796,41.40603708971487,0.35774057403720083,-0.13077857915474983,205.0522996057819,74.28744401569163,31.59505638457859,1139.8175905746218
1797,38.06270525767159,0.18143555302461478,-0.17089796071976646,204.4412306074152,74.28740967235896,31.599567227107254,436.0932825595312
1798,45.337983966667565,0.350330748830473,-0.08405083038496122,204.079331666886,74.28737532131981,31.604078066413507,2048.34909132236
1799,47.199096535060484,0.2132227426473859,-0.005199078778358292,208.2444123060742,74.28734096257264,31.6085889024971,6709.031121400464
1800,49.85718606959933,0.11976343781471903,0.03979558998911872,210.62611665790857,74.28730659611593,31.61309973535777,8825.177545793542
1801,48.56126502574096,0.12770145248803183,0.03668055132023956,209.59537572254342,74.28727222194811,31.61761056499525,7683.2997853170045
1802,48.10051724282621,0.12372812749942522,0.0420218585373943,210.1274471160162,74.28723784006768,31.6221213914093,7597.717048846674
1803,48.39683115854911,0.13796214629568934,0.04033364272795287,212.46835609243706,74.28720345047306,31.62663221459966,11072.025924630489
1804,47.93243690668422,0.1538512806882445,0.03439096371991657,211.91868102995275,74.28716905316276,31.631143034566044,8797.202589464157
1805,47.18806538755519,0.20828691066001062,0.009842370541961312,209.47477666841834,74.28713464813521,31.635653851308195,7447.694581339168
1806,46.96000196237467,0.20363027017300844,0.0015865522492116899,210.51667104226834,74.2871002353889,31.640164664825875,8848.886398823053
1807,47.57211656123345,0.18104105232085982,0.010543966797700319,210.03034283462503,74.28706581492226,31.644675475118827,7356.228372638091
1808,45.20025945037948,0.2007679120506165,0.009688405469534249,209.0387342436975,74.28703138673379,31.649186282186783,6081.664529862607
1809,45.880380994644284,0.27872300479483025,-0.008389977130573165,207.37720685111987,74.29454359433909,31.351495116959228,1245.7228607285626
1810,45.08288548738202,0.3147786001278554,-0.028281024040171448,207.31703137358286,74.29450991578447,31.356006138222845,0.0
1811,47.236321242230275,0.2556606664331673,0.020557067818112052,206.26373336846268,74.2944762296618,31.36051715627869,337.9753305359785
1812,47.36618367426051,0.22991600236575208,0.023100580468000603,207.5322963353546,74.2944425359696,31.36502817112647,1347.7963934926331
1813,45.67112628455745,0.2689846455726064,-0.013603265313478732,208.58324552160175,74.29440883470636,31.369539182765923,3037.113915854672
1814,45.406442292329096,0.3188373918696702,-0.03429473652508437,207.14899222763796,74.29437512587062,31.37405019119681,401.9852380071574
1815,47.1539012465771,0.26340790829012184,5.029510679658792e-05,207.22964426877476,74.29434140946087,31.37856119641885,6525.885128603812
1816,47.91473015145928,0.22898894217037222,0.014575272939610234,205.48642235697332,74.2943076854756,31.3830721984318,11226.879653456574
1817,48.44877154843917,0.21793021849491995,0.017438477780726783,206.22510537407797,74.29427395391332,31.38758319723537,11133.066452827648
1818,49.55540182936334,0.23588805799669765,0.027321492652137992,208.49789085156866,74.29424021477251,31.392094192829312,10744.669183503023
1819,47.121135278801404,0.27930001131886023,-0.0015002147066573678,208.78200737618542,74.29420646805168,31.396605185213343,10156.967139735358
1820,47.679539061047315,0.2543611388757576,0.010036372024511133,210.11434593597684,74.29417271374938,31.40111617438724,7871.713330796135
1821,48.192703815692276,0.25910295654785165,-0.002398789982945177,209.5106046634173,74.29413895186406,31.40562716035069,9705.32957940502
1822,48.115494881898336,0.2799180558221723,-0.004669994061404834,208.03267026742193,74.2941051823942,31.410138143103477,6870.152861595321
1823,47.09032455429889,0.26266779316177696,-0.007924750366987737,208.1112574061883,74.29407140533836,31.414649122645297,14372.89420205242
1824,48.033721730059284,0.13679774326353303,0.05563705178518275,207.6131963650731,74.29403762069501,31.41916009897593,12850.259379154524
1825,47.90252360435174,0.1252466185806772,0.06324307466193,209.7372647097539,74.29400382846262,31.423671072095075,9420.602974758867
1826,48.079084135343635,0.14334164875987793,0.047175524277822616,207.03686150605577,74.29397002863973,31.428182042002494,10720.170091603595
1827,47.947686780000026,0.17506323663781242,0.02303626902431018,207.54186413902056,74.29393622122481,31.432693008697907,12471.288046631453
1828,47.47152883046211,0.22828005197538645,-0.00893922757368261,209.8009478672986,74.29390240621639,31.43720397218106,10924.107917100804
1829,48.848319027953174,0.17087100365649655,0.02942420426488701,209.75990522574708,74.2938685836129,31.44171493245169,12031.08701701968
1830,48.690714427197605,0.15014579597359018,0.04149275847281331,210.34421482164024,74.29383475341292,31.446225889509535,10673.458996714284
1831,47.30475748798583,0.21891462044994917,-0.0023334606389453305,209.10887309110063,74.29380091561488,31.45073684335433,9950.312872573468
1832,48.471245037585895,0.19276032985243513,0.015303481605981021,209.61597158268654,74.29376707021731,31.455247793985823,14472.8881916534
1833,48.35704079757111,0.16036261016275102,0.0316562556003263,209.86374407582937,74.29373321721869,31.45975874140373,10129.839460130055
1834,47.85366688448733,0.1975667573931004,0.0082986671670121,211.6652626036594,74.2936993566175,31.464269685607825,11396.40136433106
1835,48.43791211372043,0.1860750993220165,0.013369879947105747,212.532122169563,74.29366548841224,31.46878062659781,11398.240337916792
1836,48.4309156625879,0.19422442940775694,0.02080438072454332,211.42227194945383,74.29363161260143,31.473291564373447,11415.169315851968
1837,45.52359027843149,0.1591681686683826,0.02937942332838027,212.40181746345328,74.29359772918355,31.47780249893445,17661.93594586753
1838,40.993296519686936,0.23406281580034824,-0.010463167252886768,212.4915142744376,74.29356383815706,31.482313430280577,11863.417491881375
1839,38.61053410317627,0.36058235410682093,-0.10121841944423977,213.5054626826379,74.29352993952047,31.486824358411567,7530.6666702152415
1840,37.95922039265984,0.3967397475626472,-0.10539532292870359,211.0660352538805,74.29349603327229,31.491335283327142,3040.629628179141
1841,39.33277143425355,0.34193179152762265,-0.04856446213538744,212.41074249605052,74.29346211941099,31.495846205027057,2383.2870382789747
1842,45.56982878939351,0.2964204679329575,-0.0008437517916333961,208.7737139850019,74.29342819793507,31.50035712351105,40.64207216798224
1843,46.80469388882284,0.3070666468082253,-0.02839444536662986,210.1362620018413,74.293394268843,31.50486803877885,3323.769963226
1844,47.94878775258448,0.26797973970625105,-0.018815138971056487,211.3277244643092,74.29336033213329,31.509378950830197,5528.31292455582
1845,47.120987290530074,0.22223137481073194,-0.010614732672667692,211.6494804682362,74.29332638780441,31.513889859664832,12676.456013643445
1846,47.357114190443355,0.17527335489310863,0.010583654330690835,212.66057097750289,74.29329243585488,31.518400765282504,15564.38941511385
1847,46.88264416071213,0.19379162877292994,0.006286759002282635,212.23680400157951,74.29325847628313,31.52291166768294,14287.98477147469
1848,47.48975361339074,0.11387544218649012,0.058393022940465215,213.03510386536945,74.29322450908768,31.52742256686588,13453.715609860346
1849,47.35594951845283,0.1177222155634835,0.05051172169564304,211.91645836074193,74.29319053426705,31.531933462831056,12774.154576530444
1850,47.86566001942787,0.11002819142984882,0.057179767119060684,211.2535841115349,74.29315655181968,31.536444355578222,12163.1995273984
1851,48.42809319288083,0.10754431295299025,0.062328114761968575,212.13654301499596,74.29312256174403,31.54095524510712,9542.128823223236
1852,47.679734139441244,0.15032612863259479,0.02052913546338379,210.78569550354976,74.29308856403864,31.54546613141748,12435.54017678078
1853,47.736806702641765,0.15664103323907597,0.03156721532994483,210.18194974345477,74.29305455870198,31.54997701450904,14920.161975862504
1854,47.83109971190745,0.14452562460370075,0.04295866121845343,210.70014460365448,74.29302054573255,31.554487894381527,15523.723987506395
1855,46.04476184638124,0.12390704973838532,0.055478011851825236,211.71691660089445,74.29298652512877,31.55899877103471,15431.583875192156
1856,43.82993184170262,0.1344359624290475,0.04168502962300331,213.29765974230872,74.29295249688919,31.563509644468304,21749.136488059343
1857,43.662547583634606,0.13160977077047792,0.042105469522558205,213.24940805051313,74.29291846101225,31.568020514682058,17124.214096963646
1858,46.37122773838571,0.1371984792936367,0.0382855264805379,212.34494544498494,74.29288441749644,31.572531381675727,16987.752568168667
1859,48.20049657293385,0.0954450493111202,0.06606859213605296,214.195632153664,74.29285036634025,31.57704224544904,17755.344973054936
1860,48.144147448101194,0.09356438221063493,0.06520584098866632,213.2561103810775,74.29281630754218,31.58155310600172,19261.605434386154
1861,47.12960528980271,0.09524996191867534,0.057925558106384265,211.5268350434096,74.29278224110067,31.586063963333512,17835.301042303177
1862,46.056346858313404,0.1789507430655486,0.002132557836909975,210.98369922439855,74.29274816701421,31.590574817444185,10618.56111408724
1863,46.16071649105002,0.18105349820584815,0.012902902489462199,208.05315789473678,74.29271408528129,31.59508566833345,8146.95861760269
1864,43.457129183112464,0.2229445817075814,-0.055982141697179015,205.77159763313605,74.29267999590039,31.599596516001057,5470.6687702235495
1865,39.06020684176774,0.13020278819462938,-0.15086334920963132,204.02683151387615,74.29264589886995,31.604107360446736,166.30362880418562
1866,44.2869744379007,0.19055279482488688,-0.06036936280670332,205.46571203363115,74.29261179418849,31.60861820167025,5016.842905956544
1867,48.45255470788853,0.14275651839089945,0.02484154980744258,211.88219826452803,74.29257768185448,31.613129039671318,9215.010213802389
1868,47.549883819181545,0.19084073715138522,-0.008753477626951566,210.89831844456126,74.29254356186641,31.61763987444969,5745.1493496724415
1869,46.24802434724911,0.2946031612710831,-0.03823857140801909,211.80859169732008,74.29250943422271,31.622150706005115,3891.517476573064
1870,47.87976452823661,0.20249474265540987,0.015466550022482834,210.91137079831938,74.2924752989219,31.62666153433732,9541.876426705476
1871,47.88650346373707,0.22744192633488275,0.01148496725340206,210.83633258899252,74.29244115596245,31.631172359446047,5247.789393829202
1872,46.628575350379634,0.2270661568317341,0.0038417055463517975,207.8477604098253,74.29240700534278,31.635683181331043,6186.853711110205
1873,46.62002238076077,0.20645026140552936,-0.0014744414371698242,208.53948232820917,74.29237284706144,31.64019399999203,7980.686928381857
1874,47.21304638076865,0.15250553550500648,0.029314065833376615,208.972933911444,74.29233868111685,31.64470481542879,6527.247538028239
1875,45.94376076914467,0.15983725691601824,0.03228983945502314,208.32650111680462,74.29230450750748,31.64921562764103,8045.51905697352
1876,44.17019430351601,0.31350400217657365,-0.033041830540284645,208.4305098142536,74.29980004240058,31.35152390862948,271.8177379443947
1877,45.921526068385674,0.306736261288022,-0.030973476503376337,208.52017937219728,74.2997666147391,31.35603493496811,0.0
1878,47.30542108244666,0.27575274934522465,0.008574427346139791,208.00764163372855,74.29973317956595,31.36054595809943,0.0
1879,46.993424431293015,0.24764485847978937,0.009080861299517845,208.79992091735858,74.29969973687966,31.365056978023176,94.8858803721833
1880,45.58593822956161,0.27783482656764047,-0.022925454600876548,207.91614007372291,74.29966628667874,31.369567994739075,450.7539605014283
1881,46.197572877286525,0.2857588411689357,-0.009932080203424901,208.73181338956243,74.2996328289617,31.374079008246863,0.0
1882,45.10487895504153,0.3445231101618675,-0.04295979039087792,208.37761961249495,74.29959936372708,31.37859001854629,1212.9120467502405
1883,46.91191407848439,0.2758049519347265,-0.014291841465345635,207.16712834718368,74.29956589097335,31.38310102563709,1008.7862069989742
1884,47.77844798665527,0.2607418192797847,0.0015333426754737265,207.54235278619413,74.29953241069907,31.387612029519,3621.7447550058105
1885,49.69235703148316,0.2065135771239343,0.01627916377517861,209.05861433087452,74.29949892290271,31.392123030191748,7957.338124275279
1886,48.41343469335268,0.23680361677773662,0.016368708973571726,208.27914635752862,74.29946542758282,31.396634027655068,8012.886459714963
1887,46.82525469466607,0.23755144815036308,0.018351955232035214,207.87682782242126,74.29943192473787,31.40114502190871,6652.865667051611
1888,47.436255157580376,0.2633356176356235,-0.002912451593423604,206.85287144362493,74.29939841436641,31.405656012952416,7544.810036197205
1889,47.038560966995526,0.28942641168005306,-0.011108604970117038,209.64554794520552,74.29936489646694,31.410167000785908,5474.660991555896
1890,47.99170233192498,0.2834823824390588,-0.0025482323611306316,209.52337063857803,74.29933137103795,31.414677985408925,6977.267241804382
1891,46.97089487077047,0.207666969299405,0.020222178538160777,209.20150138285263,74.29929783807799,31.419188966821213,7249.364644541053
1892,46.83356064986699,0.1378702152561505,0.044201806148728866,208.54090370175223,74.2992642975855,31.4236999450225,6525.340824011377
1893,47.87370589112098,0.12380053147068452,0.062068172930309924,209.0090885142256,74.29923074955907,31.42821092001253,8408.47020094865
1894,48.25609658222504,0.13292122436280773,0.04873308165303038,208.85482808589123,74.29919719399714,31.432721891791036,12958.63592576208
1895,47.487552036646946,0.18465243769272968,0.014029851529160482,209.55581885202741,74.29916363089826,31.43723286035775,11753.580769945262
1896,47.73333296016206,0.2192726122596797,-0.0025798065065942306,211.37763435194947,74.29913006026092,31.441743825712425,10166.617894543988
1897,47.84676361982229,0.21922818481043888,0.0014729715185637666,212.02593470247507,74.29909648208364,31.446254787854787,8892.000652905035
1898,47.502422496816,0.24922279244978307,-0.015424070475219497,210.94374917665655,74.29906289636493,31.4507657467846,5282.836005253846
1899,47.44932686132292,0.23684166886351,-0.016235666621222857,211.11004343819926,74.29902930310325,31.455276702501557,7569.107526030548
1900,47.990881355284394,0.2116708184996092,0.005175012107822022,211.81990521327023,74.29899570229718,31.459787655005425,10864.66673347963
1901,48.116572326482874,0.2165459745513238,0.0023648910533578997,212.81637488482303,74.29896209394516,31.464298604295937,10818.152321441306
1902,48.02060646363244,0.20740939501618275,0.004892797933966012,212.59755295355882,74.29892847804571,31.46880955037283,10287.361946936511
1903,48.085235575356634,0.18813788438739915,0.016193911153640675,211.54236842105263,74.29889485459735,31.47332049323585,9031.440002167945
1904,47.95838890741347,0.1915513986846958,0.010378383204979717,211.62801105699626,74.29886122359856,31.47783143288472,12919.805024937386
1905,46.05438360100779,0.24760668098134445,-0.026633581737520937,214.29035653203533,74.29882758504789,31.482342369319184,10049.038534810035
1906,42.74552366164563,0.3720588446429839,-0.0849665051431868,214.07484872402,74.29879393894377,31.48685330253898,4554.041204964914
1907,41.10856260289773,0.37731539370255673,-0.10543216294093083,214.72626873520898,74.29876028528479,31.491364232543862,5801.577866192688
1908,43.21879273842605,0.38729975406547185,-0.08845162279162903,213.82248520710056,74.29872662406937,31.495875159333558,2023.4832237145656
1909,44.61955919707275,0.42152864709686855,-0.09310199643755669,213.7084594132351,74.29869295529603,31.500386082907795,1108.6617900173137
1910,45.594239684762535,0.39811209177076673,-0.08759678758554117,211.98592290488085,74.29865927896331,31.50489700326631,806.4549921725403
1911,47.828021202754435,0.2810183012251163,-0.03291249587919578,213.21325269524053,74.29862559506967,31.509407920408872,5626.104516979799
1912,48.135634236028146,0.1806740515007885,0.013561440348422946,213.4058676489935,74.29859190361364,31.513918834335207,12239.526049557056
1913,47.461229440588,0.15377455995244718,0.030406904296747934,212.0395948434622,74.29855820459368,31.518429745045044,11550.066718558315
1914,45.73474701777266,0.1872665825523397,0.0049127307923671005,212.74924352058937,74.2985244980083,31.522940652538114,15429.040787776814
1915,45.73723667278255,0.14634828579388257,0.03617600316678764,212.31903696881986,74.29849078385601,31.52745155681417,12063.29038172524
1916,45.53864345026429,0.130739544235118,0.044282675641980074,212.04378122534845,74.29845706213533,31.531962457872964,9394.39975943468
1917,45.93214074014603,0.13628024782443748,0.040971420725382915,211.29900026308863,74.29842333284469,31.53647335571421,10773.840181250687
1918,47.54649708814121,0.1394500449845715,0.03884599656277628,211.53122124359132,74.29838959598264,31.540984250337672,13472.627982250093
1919,47.70184993319225,0.18871429524086047,0.006366435357074318,210.04272942413886,74.29835585154767,31.545495141743068,12294.912523504358
1920,47.35413734449825,0.20031894351504229,0.005189536789725985,209.54820465605684,74.29832209953825,31.550006029930135,9983.28600367323
1921,47.82126020999872,0.12377488117340826,0.05229415646783288,211.49684459637132,74.29828833995292,31.554516914898645,16788.257776518385
1922,44.0711112155864,0.11309292515060464,0.05878168262433428,212.22022087825403,74.29825457279013,31.5590277966483,19565.63654753464
1923,40.70891679991195,0.1611280053334233,0.025657224395225,212.57788878664388,74.29822079804842,31.563538675178854,13737.687434149924
1924,41.84499125107271,0.1700923080883633,0.019768109125356207,212.85303010385172,74.2981870157262,31.568049550490063,15757.863878686188
1925,45.04940050280664,0.15032260977441708,0.03347987817565195,212.17260418036025,74.29815322582202,31.57256042258164,13431.535783766763
1926,47.83058590805969,0.1447975727772316,0.040708296664341524,213.0816353358748,74.29811942833439,31.577071291453358,12755.850344070404
1927,47.76588320795163,0.11800191377975626,0.050261475529022555,214.14935577175916,74.29808562326178,31.58158215710492,14426.654131833597
1928,46.87764469633974,0.10596822121375947,0.05273944396686225,213.83973179069162,74.29805181060267,31.586093019536083,14668.89361793606
1929,46.81538920044739,0.1418678343616294,0.03834397146300924,213.92276315789474,74.29801799035558,31.59060387874659,12564.83442709868
1930,46.92396323387976,0.10424505848886505,0.05400600676738431,213.53690303907376,74.29798416251893,31.59511473473618,11519.290086537589
1931,47.80251044850219,0.12040859879114531,0.03693291690804629,211.2514781237682,74.2979503270913,31.5996255875046,9556.791009974331
1932,45.251417526733285,0.279303232325178,-0.037278905368419595,210.50256342842118,74.29791648407112,31.60413643705157,5546.056995988078
1933,38.09057320002235,0.0484079068815158,-0.1474170767643825,203.1931460084034,74.29788263345691,31.608647283376847,1450.3466690806742
1934,43.64676383894449,0.12530645415836295,-0.03424804010614129,208.75095181830122,74.29784877524716,31.61315812648017,5191.916610835993
1935,45.26537065990934,0.1631010014432348,0.02253574477531744,212.04351255422637,74.29781490944032,31.617668966361265,5583.737932641591
1936,46.01229726614297,0.27864998051179135,-0.03179137799007562,211.06410930110357,74.29778103603489,31.622179803019907,3166.717766109014
1937,47.973900830070974,0.14780775358964734,0.042678545044488286,210.56056227009984,74.2977471550294,31.626690636455805,7609.555763667316
1938,47.390707395982176,0.1835285939080055,0.03218022544882428,209.80803571428575,74.29771326642228,31.63120146666872,7592.050133531153
1939,46.512656418297446,0.2213709742047913,0.0035241507617334764,208.46242774566477,74.29767937021205,31.63571229365837,4370.03629696996
1940,46.594161114209726,0.25610939276889366,-0.020201754100220806,208.44028379976356,74.29764546639719,31.640223117424508,6854.657961778033
1941,46.10050313200896,0.25376605264628116,-0.012502114709297124,207.59729516806723,74.29761155497617,31.644733937966887,6975.618247480216
1942,46.44389016200238,0.21914018163576898,-0.0029351568988471785,209.80961765865197,74.29757763594746,31.64924475528524,1874.1191709138184
1943,44.35907522944438,0.3007658092751771,-0.020659572617033592,208.3275839368005,74.30505649797222,31.35155248500075,639.457721658777
1944,46.59415649137605,0.26743182632089063,-0.0027036368036601017,209.34084618426255,74.30502332120538,31.35606351637645,420.7098031499864
1945,46.22416609212754,0.281103131180497,0.0023241716434989797,209.39204320906336,74.30499013698325,31.360574544545305,670.5174296105808
1946,46.411522569040216,0.2533600192096855,0.013383634253222433,209.10323005932761,74.30495694530434,31.36508556950705,1796.142144494792
1947,44.68235491094387,0.3297894906714386,-0.05201856842831491,207.810440284735,74.30492374616722,31.369596591261427,315.0518188078728
1948,44.95731648661395,0.3353447932986525,-0.04512497643922558,209.81513713080165,74.3048905395704,31.374107609808163,0.0
1949,46.39638391737379,0.28294711425285823,-0.00020367633066787255,209.01371127224783,74.30485732551239,31.378618625147016,733.4466637369411
1950,47.08810385473851,0.295194198252604,-0.018457906933608152,207.01857462784878,74.30482410399172,31.383129637277705,2283.730621793532
1951,46.77231928625347,0.29002574635763,-0.011912135231462328,206.2018179423001,74.3047908750069,31.387640646199976,1688.510133530613
1952,48.16616924599132,0.25849982774277674,-0.004058850596593092,206.76458964563298,74.30475763855648,31.39215165191356,2675.171658630155
1953,48.59865754552967,0.2078524767206456,0.03052120782884231,207.26785243741767,74.30472439463898,31.396662654418183,8525.451338587645
1954,47.14981282654199,0.23490779948966325,0.011985528973005897,208.90238440258207,74.30469114325291,31.40117365371361,6120.688688813978
1955,46.633339052237176,0.2788996940549915,-0.004016239556977788,208.11778656126492,74.3046578843968,31.405684649799564,9817.11173324115
1956,45.98708693872615,0.3333765436296904,-0.030462548293952913,208.11276511658556,74.30462461806916,31.41019564267577,6435.89513786744
1957,46.33513954900399,0.2826344152734535,-0.0179694640751432,208.4583662714099,74.30459134426853,31.414706632341986,9744.396517188274
1958,46.30517552265152,0.2560426177298868,0.002815286651481815,209.27476290832462,74.30455806299344,31.41921761879794,5099.976489608608
1959,48.14336344764098,0.17959888739295138,0.05072741664184059,208.9487618545838,74.30452477424235,31.42372860204336,6328.478257914935
1960,47.575591584023215,0.15539457430694886,0.05976152318017971,209.12251350283233,74.30449147801384,31.428239582078,9285.138793231925
1961,47.00777526242691,0.15155345976574133,0.03716687901375652,210.67009222661403,74.30445817430643,31.4327505589016,16653.661974720606
1962,47.50626746618801,0.20550542604485925,0.004678314572116022,210.59062787942617,74.3044248631186,31.43726153251388,14930.930099764106
1963,46.73606477781891,0.22353727640137436,-0.008625166494502201,212.23430301434792,74.30439154444889,31.44177250291457,11580.019518454414
1964,46.972554013776524,0.2356411604596362,-0.01972296280550023,210.85112544425436,74.30435821829582,31.44628347010344,9658.285666644531
1965,47.803984791753365,0.3011106515079661,-0.03743536754029291,210.0154008161117,74.30432488465792,31.45079443408022,3451.757742007163
1966,47.543299015635164,0.24938636014255708,-0.011092252015894907,212.11109648545488,74.30429154353367,31.45530539484464,12120.107952052149
1967,48.40062280245264,0.15866956334556503,0.03344946986935582,213.0452869931544,74.3042581949216,31.459816352396423,14372.049144900073
1968,48.54316404593605,0.18086291186876688,0.021613195224344663,212.96748288572937,74.30422483882025,31.46432730673533,13206.604853044548
1969,47.86088146482109,0.19830227293280367,0.004918493702216906,212.14750000000004,74.3041914752281,31.46883825786109,11525.079391475754
1970,47.550491603906885,0.2023511678173803,0.0022983894208444045,213.84609313338598,74.3041581041437,31.47334920577346,12600.45862680272
1971,46.96418309005921,0.21423314125990822,0.00016111634168411475,215.56058413366662,74.30412472556556,31.477860150472143,11778.440306020604
1972,45.86720691144306,0.23640772973177093,-0.011276265606460611,215.99552337063852,74.30409133949213,31.482371091956903,10605.558503393782
1973,44.741522739363,0.3194808198617231,-0.04867195274428497,213.13319294551192,74.30405794592201,31.486882030227477,8341.944809912626
1974,42.35580668488483,0.38333167825697295,-0.09343796299709356,212.46255100697633,74.30402454485369,31.49139296528359,3774.359043511663
1975,43.78553025660702,0.40761322465454464,-0.11940329702913276,214.59686759673593,74.30399113628566,31.495903897125,4505.359597239826
1976,45.423228148210924,0.40317515930450376,-0.08877768740282745,214.48407056345445,74.30395772021643,31.500414825751427,3627.4355491732576
1977,44.06880282529219,0.4318511949332734,-0.10544564047637868,210.81060805475127,74.30392429664452,31.50492575116262,6893.308311929802
1978,47.20433537642182,0.3073892742246376,-0.05170138789224426,213.78120063191147,74.30389086556848,31.50943667335832,10252.158079771074
1979,47.6061407382367,0.2707542071449939,-0.027364641619016312,212.97422748191974,74.30385742698675,31.51394759233827,12006.435634040963
1980,48.01076915283138,0.1824648760815849,0.018198384588917975,210.95287613531656,74.30382398089789,31.518458508102185,12869.555367663814
1981,47.1092956880947,0.11471665313108365,0.050161155944505376,211.7988165680473,74.30379052730038,31.522969420649822,17167.20682564734
1982,44.807092920165886,0.13894810481365708,0.037412521708884296,212.93536071616634,74.30375706619274,31.527480329980943,14538.63799062108
1983,43.77741360040102,0.21313050051974672,-0.0010673882959989125,211.7127267946358,74.3037235975735,31.531991236095237,8416.559704050047
1984,43.55709786621432,0.20881632177106826,-0.006995211061483245,212.14229301039882,74.30369012144114,31.53650213899247,10560.86130118717
1985,45.61576342177516,0.1793796494657542,0.009901095574746476,210.41459566074954,74.30365663779418,31.541013038672403,10141.7851422742
1986,47.720937606882906,0.15977512897397925,0.026642141501955263,211.68039473684212,74.30362314663112,31.545523935134742,13578.181657967429
1987,46.97525354465335,0.2122976098571962,-0.0025723703751575192,212.4045520326272,74.30358964795047,31.55003482837924,13020.61376408083
1988,47.32372944713104,0.1649283861547322,0.017074619512632783,211.0153906866614,74.30355614175073,31.55454571840564,13278.302432754012
1989,47.17893030388715,0.20041770997001151,0.01169521942065762,211.35017100762954,74.30352262803044,31.559056605213677,12658.613768802548
1990,44.95888233439022,0.22123968926795162,-0.018550946501173213,212.47059597421386,74.30348910678805,31.56356748880308,7451.322176220322
1991,42.95193683823669,0.2706304923019836,-0.04583369768884963,212.4164365548981,74.30345557802211,31.56807836917361,4100.134395271619
1992,44.40664658971716,0.22793179052724064,-0.019654287568173893,212.38639652677276,74.30342204173108,31.572589246325,4790.108985686776
1993,46.94297354717854,0.18219571610593607,0.01286522892335238,213.75940047331054,74.30338849791349,31.57710012025698,9826.657769931224
1994,46.955957231528444,0.13846722884445495,0.04126298389980028,215.72669826224333,74.30335494656785,31.581610990969317,20720.87524909517
1995,46.04445893183134,0.13720190667184728,0.04052358730638733,213.9639521115643,74.30332138769265,31.58612185846171,12646.101607470817
1996,46.512332071742236,0.14908060651023494,0.02370232991758816,213.83024569701746,74.3032878212864,31.590632722733915,13651.588056821183
1997,46.70099214918946,0.11733350878711366,0.045736211735527735,213.29795060430905,74.30325424734761,31.595143583785703,15952.337750414576
1998,47.36549012685762,0.11625805242104287,0.051893811177891984,213.15278507619556,74.30322066587475,31.59965444161678,14361.122070708954
1999,46.09335758506379,0.20571777649375328,-0.0040171338468756815,210.81438149073222,74.30318707686635,31.6041652962269,11373.447784229187
2000,46.698543031034596,0.1754152271203741,0.01672754190278785,212.0634941501249,74.30315348032087,31.608676147615803,7015.426084346655
2001,36.534918773330304,0.04456821473418306,-0.15372865454296344,203.58578560168158,74.30311987623686,31.613186995783227,744.892041271461
2002,44.50198171177625,0.22851513168843643,-0.021710071744275364,208.97291611885356,74.3030862646128,31.61769784072891,0.0
2003,46.20480314308595,0.29739247494881066,-0.028992674485338543,214.67143983184448,74.30305264544718,31.622208682452595,0.0
2004,47.75130044986461,0.13374184255474805,0.05067669724790612,212.97094399158559,74.30301901873851,31.62671952095404,0.0
2005,47.42368483848642,0.1401422561055521,0.046770502316075685,211.2889239258967,74.30298538448527,31.63123035623296,0.0
2006,45.733463713591476,0.23783841876028677,-0.009050576530807734,209.75469961877212,74.30295174268596,31.635741188289103,0.0
2007,44.498529310894796,0.33596016235304005,-0.07989019799815157,208.1790829063198,74.3029180933391,31.64025201712222,0.0
2008,44.17001751608835,0.31184199167355364,-0.05830979805328019,208.07662986330183,74.30288443644315,31.64476284273203,0.0
2009,41.89307198020092,0.3975229829240911,-0.14241888885452725,207.76247373949587,74.30285077199665,31.649273665118315,0.0
2010,46.049331606683815,0.23034818543051724,0.01830748978285661,208.13596837944655,74.31031296099768,31.351580846071972,6756.3620839265695
2011,44.42400941406016,0.3044980241652057,-0.023304903373261125,208.38293101173983,74.31028003512695,31.356091882446787,2308.6174384083524
2012,45.76243075759559,0.2727522061757857,0.002873735335587978,208.91444766675454,74.31024710185731,31.360602915615228,971.360130336398
2013,46.844305949473686,0.22411889141279245,0.020386553705244864,208.43543068196814,74.31021416118728,31.365113945577026,3184.756088846114
2014,46.927017658699235,0.2717310665852675,0.003386825254433232,208.93997361477577,74.31018121311543,31.369624972331927,2422.7545694040537
2015,46.597608979284665,0.28845579935485544,-0.003446079725277204,208.40851007772358,74.31014825764026,31.37413599587965,3359.886414761061
2016,49.23009598948978,0.22529109690424695,0.03776287358111557,207.1742913645352,74.31011529476035,31.37864701621996,5335.626060478754
2017,48.897767587025434,0.25088042541072764,0.019617070155638523,207.18482413384268,74.31008232447421,31.38315803335257,7889.5595243822945
2018,48.168181786349855,0.26903343632515286,0.0027393836612825957,207.40838386501446,74.31004934678035,31.387669047277235,6774.315068999823
2019,48.90944383332105,0.20615872500025983,0.02579069253991878,206.57370570412343,74.31001636167733,31.39218005799367,6652.130192969975
2020,48.70933599553788,0.24200058712606579,0.019885003335617518,207.1439493804377,74.3099833691637,31.39669106550163,8955.736117327688
2021,49.77782351405824,0.23640384414146656,0.04214031356813119,207.79755005268711,74.30995036923798,31.40120206980085,2883.3811724732004
2022,47.64115868635576,0.31693590886497347,-0.00853086906909763,208.2990777338604,74.3099173618987,31.405713070891057,3051.765925185664
2023,46.54459972615073,0.3522292121030523,-0.04188871794122209,209.31893031221193,74.30988434714439,31.410224068772003,2010.3892829278493
2024,43.75452214172838,0.40911319333066837,-0.07129089395090468,208.23185351073639,74.3098513249736,31.414735063443416,3476.786643032747
2025,46.00122588810592,0.32347619941377637,-0.007437498871059228,211.63448366701797,74.30981829538483,31.41924605490503,4417.089397510904
2026,47.9359788981423,0.28304716653520456,0.0373804830583905,209.41396574440057,74.30978525837664,31.4237570431566,3175.434119820576
2027,48.022970290414705,0.2513675776971538,0.04067988961878567,208.58754607688272,74.30975221394758,31.428268028197845,2232.493663744052
2028,47.84896058787148,0.16911569476667504,0.03144101089188865,211.14344046364596,74.3097191620961,31.43277901002852,15396.66619020678
2029,47.41546358297396,0.20035401305142908,0.006396770503351866,210.6374407582939,74.3096861028208,31.43728998864833,17305.34244635657
2030,47.035901371504785,0.2118667094888386,0.0073794668587836365,210.75052659294371,74.30965303612022,31.44180096405705,13967.115667552926
2031,47.64118348238048,0.2342870671787314,-0.0025569760046377254,212.3248583849296,74.30961996199284,31.446311936254407,9415.799211204125
2032,47.3218997733316,0.25615275417190664,-0.016470886950728455,208.8694221403186,74.3095868804372,31.45082290524013,7237.633308353699
2033,47.26135960692778,0.18421289312350192,0.013321137807528497,212.23153876530216,74.30955379145186,31.455333871013966,15652.133622047208
2034,47.93256602991453,0.1691781781552716,0.034999332984087354,212.6383370609131,74.30952069503532,31.459844833575666,14943.642864172769
2035,48.036479928969214,0.17053441055186402,0.02441676833313408,212.3322801474461,74.30948759118611,31.46435579292493,14320.54046302816
2036,48.07899187820723,0.16736019408205705,0.025047730053274358,213.18204554429389,74.30945447990277,31.46886674906153,15401.315514270877
2037,47.08947196194997,0.22528045995786977,0.0013642598638085748,214.15194206714938,74.30942136118381,31.473377701985196,11637.708012691251
2038,45.59002116341057,0.26902089826491954,-0.024403125694240035,215.12518099249698,74.30938823502773,31.47788865169565,12125.536813057568
2039,45.184811353732236,0.2580304753327891,-0.017531040870837133,215.2070826750921,74.30935510143313,31.482399598192668,10588.025599790342
2040,45.307121314005265,0.258583669688542,-0.01922397796940102,215.63421052631574,74.30932196039846,31.486910541475947,11308.06561218184
2041,43.18842160588416,0.3678689620071981,-0.09313181226952079,213.3590520078999,74.30928881192229,31.491421481545256,6669.970107693161
2042,41.34977910634966,0.4728626320882077,-0.14815647389044023,212.8406998158378,74.30925565600313,31.49593241840032,2580.6409820065046
2043,44.88313689053319,0.39579016947353246,-0.11131494651455301,216.7783043707214,74.30922249263948,31.500443352040875,2345.4544577900315
2044,45.69863656506249,0.34475804436316443,-0.07723676062363606,214.69846072885147,74.30918932182993,31.50495428246667,5210.335291076399
2045,47.019479122991314,0.27484237943892087,-0.029546316691793806,215.10748155953627,74.30915614357292,31.50946520967744,5371.971486204187
2046,47.602004463664024,0.2646760399692656,-0.0250028958862189,214.5851861597159,74.30912295786702,31.513976133672937,10083.344444994476
2047,47.4168582845261,0.21957238668355142,-0.0006356677618943611,212.81832543443923,74.30908976471073,31.51848705445287,9940.68710921466
2048,47.84522973459749,0.1274577436919735,0.04699663482853011,213.54196264141018,74.30905656410258,31.522997972017,16069.48919974006
2049,46.71372621291471,0.1034319545489539,0.06277885694557431,214.02356503422857,74.30902335604112,31.527508886365062,17510.065933606013
2050,46.784335137044216,0.11806513404188461,0.057098652810789643,212.813470139437,74.30899014052481,31.53201979749679,16083.870697897002
2051,46.15336232992366,0.12418340898145307,0.04864444941597327,211.65144135843093,74.30895691755221,31.536530705411938,13525.59391359456
2052,45.79696124145623,0.1468283991206723,0.03566648602933881,211.64377795317014,74.30892368712182,31.54104161011024,12650.92469257063
2053,45.862981462196956,0.29082382574840193,-0.053869003033186126,214.3641861688141,74.30889044923215,31.54555251159142,9587.27599548791
2054,45.69438872668947,0.32890964934197753,-0.08320625141914775,217.60951880094666,74.30885720388176,31.55006340985524,6797.524239878127
2055,46.44397835326193,0.2650424962894131,-0.04083441915139376,215.20523271101757,74.30882395106914,31.554574304901436,6959.142527108619
2056,47.429601449560884,0.18334934589528445,0.019889402474344228,209.9287404680516,74.30879069079282,31.559085196729733,8949.718613581126
2057,46.82835556795267,0.17060196025996502,0.010427030629415685,215.59237343852723,74.30875742305128,31.563596085339874,11294.413892236687
2058,46.25698623544178,0.2057921544637853,-0.0026106832097177735,215.11635550880885,74.30872414784307,31.56810697073162,7447.158460209708
2059,46.17922002506119,0.23463343950012494,-0.003264187137493491,218.21339297460864,74.30869086516668,31.572617852904692,7089.527043791612
2060,46.83713850797006,0.18840759941074042,0.009878008109412688,215.79923744412304,74.30865757502067,31.577128731858835,11148.87102910808
2061,44.814385639021836,0.12136951464385227,0.050857316556863645,221.24822508545887,74.3086242774035,31.581639607593797,9154.019362688778
2062,44.11249120585515,0.18419968677094894,0.018957499818551812,220.05402918364663,74.3085909723137,31.586150480109296,9088.374063560588
2063,43.28916578948885,0.27137884798203166,-0.02598280418163229,212.37069645203678,74.3085576597498,31.590661349405096,3417.621244812305
2064,45.622597334494586,0.2061835055020189,0.006551339765846398,212.53227290653354,74.30852433971032,31.595172215480925,10118.447210080214
2065,46.74600118504535,0.14137436444981324,0.046792609409893965,212.8523190119564,74.30849101219374,31.59968307833653,11408.464932349156
2066,47.39935732563824,0.14372930179138682,0.03887398192013565,210.4678585513343,74.3084576771986,31.60419393797165,5844.999474274073
2067,48.221341398108024,0.1281255985899183,0.047384285245797325,210.8625673367495,74.30842433472341,31.60870479438604,12474.411327390584
2068,41.80882211121075,0.10379530047176365,-0.0584756888575712,204.0792690942553,74.30839098476665,31.61321564757941,0.0
2069,36.71706615024719,0.08140547653492664,-0.1882364255904415,203.67078622140414,74.30835762732684,31.617726497551505,0.0
2070,46.161546118013696,0.3622418824992082,-0.07647171722728895,211.12685684238204,74.30832426240252,31.622237344302096,0.0
2071,47.859368931013684,0.16755057266887644,0.03771147565422958,214.38982382329743,74.30829088999216,31.62674818783091,0.0
2072,47.63850140014193,0.13887494447184023,0.04663448372617981,212.1782945736434,74.30825751009431,31.63125902813768,0.0
2073,47.01928311307129,0.17377587715585818,0.028313867572517925,210.31816986589544,74.30822412270744,31.635769865222155,0.0
2074,44.73886089111552,0.3195528918311353,-0.071167567401728,209.38352384706357,74.3081907278301,31.64028069908405,0.0
2075,43.011882725804654,0.3806206723119247,-0.12792121965727835,209.21811727583489,74.30815732546073,31.644791529723147,0.0
2076,40.76705473678363,0.38323591811207,-0.15490081577299047,209.2213900932861,74.3081239155979,31.64930235713918,0.0
2077,47.526362075379446,0.2028539967869981,0.036557162925887926,207.42411067193675,74.31556943142056,31.351608991842085,7404.776001810977
2078,44.893476918342806,0.2874827164781515,-0.02466180955618616,209.1538562953197,74.31553675644744,31.356120033178076,440.2790255522386
2079,45.666363726642516,0.2655007198527965,-0.011780451703465922,209.53245382585752,74.31550407413174,31.36063107130814,3397.9253438394253
2080,47.12206394879422,0.2354974030853962,0.021758912692875974,209.81767810026383,74.31547138447205,31.36514210623204,778.2570713095639
2081,47.56898810986828,0.23300333157936823,0.020283115364087636,207.83638519299166,74.31543868746692,31.36965313794951,2115.6623015962164
2082,48.60169339381972,0.23241406986598245,0.03320350987653222,207.7160933175169,74.31540598311491,31.37416416646026,1909.5005732748973
2083,49.4838444136884,0.22070320847531166,0.04399672412066143,207.25125230688118,74.31537327141453,31.378675191764053,4005.602993458054
2084,50.03194686161906,0.2300236108355955,0.03935799081045997,208.32591226452388,74.31534055236436,31.38318621386061,7213.159197585668
2085,49.19861794391382,0.2493982313623223,0.017903219342462907,208.21658317954126,74.31530782596296,31.38769723274969,7792.602213748203
2086,49.2058558695337,0.2478866993814494,0.012616143294030985,207.42286918719543,74.31527509220882,31.39220824843101,4959.108340768255
2087,50.021726996015836,0.23318022773043134,0.02793630685548288,207.22768622280822,74.31524235110051,31.396719260904323,10761.651672393282
2088,48.962105025664634,0.27321614216285584,0.005552255286547324,206.96482676854174,74.3152096026366,31.40123027016935,4582.36943643753
2089,46.373538805714496,0.370091622484966,-0.0373047481317859,207.53783284998687,74.31517684681562,31.40574127622584,2523.117747710284
2090,46.697261755378754,0.35341764563009664,-0.03978435006862209,209.7465419575814,74.31514408363611,31.41025227907352,2168.6819802488976
2091,45.17882473400003,0.3872639570476224,-0.05559758476531033,209.7217391304348,74.3151113130966,31.414763278712147,3086.773014657034
2092,46.863553313837464,0.33745653650005625,-0.01111177297334803,210.4102226320643,74.31507853519565,31.419274275141444,6397.536512608404
2093,48.51821590272835,0.29946028694651844,0.02834167046845169,210.40806642941874,74.31504574993183,31.42378526836113,5386.698761552922
2094,46.88344220031993,0.31442769594315323,0.011754253310404032,209.92061611374407,74.31501295730364,31.42829625837098,6236.858103810675
2095,48.1351847059716,0.2310869472873503,0.0024974267418861468,210.11571879936812,74.31498015730962,31.43280724517072,4906.225594569317
2096,47.976240879166376,0.17793522395055097,0.017368024814006514,211.30844198603978,74.31494734994834,31.437318228760084,10260.650690756902
2097,47.508414750139494,0.15224069806954485,0.040417565342948804,211.20589396132092,74.31491453521832,31.4418292091388,12750.344543777375
2098,47.00661296112549,0.25423385899987466,-0.004734471314898243,211.27905752270635,74.3148817131181,31.446340186306617,4161.932555331349
2099,47.27079867632704,0.199729471710553,0.013178542538008532,212.78080568720384,74.31484888364623,31.45085116026328,12531.274457337351
2100,47.1211466659202,0.20042111447539365,0.012133760696302277,211.7010934000791,74.31481604680125,31.455362131008517,13755.879632195834
2101,46.80809578517314,0.22494086931607932,-0.010632316899747364,212.15194206714946,74.3147832025817,31.45987309854206,13562.250556133726
2102,47.8288395794981,0.18375825804791143,0.015295280504952838,211.91489922276367,74.31475035098613,31.46438406286367,11730.706583021718
2103,47.5714649676185,0.1748493008088197,0.02423696492283473,213.50645076355977,74.31471749201303,31.46889502397306,12141.599791850404
2104,46.597497558755926,0.2453283403106391,-0.002170106863069047,214.39270668773034,74.31468462566097,31.47340598186999,9182.588095795292
2105,45.18231533517775,0.29495216823023124,-0.037133123700288526,214.17640863612422,74.3146517519285,31.477916936554188,9070.333210801393
2106,44.301298943098004,0.3047040351310399,-0.043805256403674775,213.33364067439402,74.31461887081414,31.482427888025395,6772.964812200047
2107,44.744366549463095,0.2681960201935738,-0.02259174009798872,213.7619423608369,74.31458598231643,31.486938836283343,6016.704529274694
2108,45.763652909652194,0.25796332638648195,-0.02215856001543592,215.05638998682468,74.3145530864339,31.49144978132779,11335.882003570723
2109,46.437191498360754,0.2827557050954325,-0.02720468502794816,213.98605446651757,74.31452018316506,31.495960723158444,8448.022048246774
2110,46.35228492926007,0.3694282083425828,-0.051965291080674846,211.81882817643185,74.3144872725085,31.50047166177507,3902.0233873549873
2111,46.24098801614081,0.2993394160173276,-0.06067374949822244,214.12473684210525,74.31445435446273,31.504982597177403,9261.377737655408
2112,45.940461734620875,0.2888676293908544,-0.05091067316056647,216.1771985255398,74.31442142902628,31.509493529365177,8082.113007464579
2113,47.17161926581767,0.24969619469417076,-0.02104683906862667,215.61268254177077,74.31438849619767,31.51400445833813,8473.676545441172
2114,47.42626754147732,0.24177273885932854,-0.017398551923997505,213.03594470046082,74.31435555597544,31.518515384096013,11856.322717343666
2115,47.786334716299194,0.13489930500174457,0.04035401338894178,214.03604788843575,74.31432260835814,31.523026306638545,14313.245903529483
2116,47.84220108746123,0.10173937716113343,0.06834208440766773,215.02958190901916,74.31428965334428,31.527537225965503,16686.441770349964
2117,47.88007709628733,0.10773437871133015,0.06480161281599209,216.83975792658862,74.3142566909324,31.53204814207657,11335.106376190412
2118,47.03089386546939,0.14458413025880307,0.040081681834542277,214.42992374441224,74.31422372112104,31.536559054971523,13372.812079533003
2119,47.041331168966074,0.19685217925330997,-0.001134447556511113,211.7156011575901,74.31419074390872,31.54106996465011,8962.598793676894
2120,46.171636842387564,0.2652292042554259,-0.04425264429165118,212.64298868718754,74.31415775929395,31.545580871112044,10285.194771994167
2121,47.668739269360636,0.16995371442169627,0.020883780901286824,213.98723852124724,74.3141247672753,31.55009177435708,13105.72908728336
2122,48.04701206420286,0.12244626776474518,0.056216566494915576,219.84688239936855,74.31409176785127,31.55460267438496,19476.01839064549
2123,47.29880633948865,0.14533954791122633,0.03684572696666017,213.24398580255024,74.31405876102039,31.559113571195407,15263.171223490626
2124,46.13216141549542,0.21592268578384538,-0.013451363667798418,214.30749014454665,74.31402574678117,31.56362446478819,6566.06961445109
2125,47.2769340016496,0.22284704431214936,-0.016109826110370432,214.32912391475932,74.31399272513221,31.568135355163022,5471.545180229252
2126,47.468750469539486,0.1684317804408265,0.019573969275837388,219.40210526315795,74.31395969607196,31.572646242319664,7044.468637509129
2127,46.260144942469445,0.12511875784980475,0.04810771751158141,220.47059597421386,74.31392665959896,31.577157126257845,10335.614204774922
2128,42.909562943502046,0.10659532329297966,0.05864354664613616,228.73287761272508,74.31389361571175,31.581668006977303,8705.594329666728
2129,42.01950487505132,0.23488073505091442,-0.002340335228182763,223.9547487503289,74.31386056440887,31.58617888447779,6336.5433525284925
2130,41.871012596444096,0.3080716680069788,-0.03481956330269814,213.31865387143424,74.3138275056888,31.59068975875904,0.0
2131,44.33118776125905,0.27175026716809403,-0.02755031441803622,208.02815419023815,74.31379443955012,31.595200629820777,5052.566703019619
2132,46.654348310295646,0.16786837730681964,0.018350040446355027,211.27171199579558,74.31376136599133,31.599711497662764,12887.427432094912
2133,47.893320181276174,0.1231138897795468,0.05524591723734527,211.4694119194843,74.31372828501095,31.604222362284748,15770.94026981913
2134,48.688408374670885,0.22889087705591904,0.0028773113173016264,209.5168834581527,74.31369519660745,31.608733223686453,8548.773354381126
2135,48.437614370402535,0.2937753359849312,-0.02160432641780362,205.46658774006843,74.31366210077945,31.613244081867624,0.0
2136,38.536884932865625,0.1400405857652448,-0.1779003233975208,205.38825384312187,74.31362899752541,31.617754936828,0.0
2137,44.71649466340957,0.25356354936307746,-0.06811243888109814,205.8590198397058,74.31359588684386,31.622265788567336,0.0
2138,46.816434068373646,0.20935075962776775,-0.02963133133386696,205.51629006831325,74.31356276873333,31.62677663708535,0.0
2139,48.294264547181726,0.20242431329036287,0.0064676884832044965,209.1047168571805,74.31352964319234,31.6312874823818,0.0
2140,44.59512913076471,0.33111177521744206,-0.07238392088065992,210.67533832610704,74.31349651021942,31.635798324456424,0.0
2141,42.47772960940623,0.36519701201632054,-0.10999997303647384,208.49921177088814,74.31346336981305,31.640309163308963,0.0
2142,43.527556039397346,0.35082829294550144,-0.11263369286041976,209.3887867647059,74.31343022197179,31.644819998939155,0.0
2143,42.6680035578203,0.3711828409503368,-0.12027747714535203,209.7073971882802,74.31339706669414,31.64933083134676,0.0
2144,47.67700767867683,0.22264574830482975,0.05256397958342276,207.473350923483,74.32082590918458,31.35163692231003,4572.326840369052
2145,46.445540841678145,0.2568548832295315,0.00999883782246913,208.1188654353563,74.32079348511044,31.356147968569235,1010.6963242643986
2146,45.74343050972303,0.2754112369500995,-0.01640661502912988,209.18823374225045,74.32076105375018,31.360659011623,1837.760772761813
2147,48.096760172443986,0.2452218289277668,0.017212286439561197,209.8764178317068,74.32072861510227,31.365170051471047,470.62031088376295
2148,46.84832823208304,0.29289753351870146,-0.005785853933462441,208.44176548089592,74.32069616916532,31.369681088113104,1415.2213513952506
2149,49.169082076822164,0.21316309278165832,0.04768052849340766,207.15994729907771,74.3206637159379,31.37419212154892,1274.8550757610542
2150,49.93451709513455,0.21994455919513364,0.044482935530516285,208.26259562120816,74.32063125541853,31.37870315177824,5118.368551383397
2151,48.82168264823254,0.23020896267080912,0.022270731822831166,207.5464610517992,74.3205987876058,31.38321417880078,5926.500316300502
2152,48.71902266306052,0.1856897086187277,0.04063072725328334,207.64676420192438,74.32056631249827,31.387725202616316,8716.056670459155
2153,47.44631559270192,0.2499451833115182,0.007146292219685873,206.59939401923333,74.32053383009446,31.392236223224533,5263.269835181813
2154,51.26669396372929,0.21528708773850794,0.05544426407096268,208.46243079356717,74.32050134039297,31.396747240625213,3827.2394119848022
2155,50.537328763108555,0.2251933904265844,0.039009509130770094,207.37552687038996,74.3204688433923,31.40125825481807,1285.3462859591102
2156,46.66361410868329,0.3107149999342371,-0.00321367836923178,207.31593515223406,74.32043633909107,31.40576926580285,0.0
2157,43.97757822756688,0.43013296632252895,-0.09384406316821728,209.07706494533005,74.32040382748781,31.41028027357928,0.0
2158,46.333323134818215,0.3331797233004162,-0.012107335889131628,208.6225296442689,74.32037130858106,31.41479127814711,4278.868193498734
2159,43.79169493531537,0.3957232069677754,-0.07667110437347306,209.7529953917051,74.32033878236939,31.419302279506088,5356.420522733616
2160,47.61357214849449,0.32885822019379524,-0.02182098978394379,209.85484720758697,74.32030624885135,31.42381327765592,4051.821379644194
2161,46.94443689624592,0.2811905056363617,0.0003688584353287546,207.19112807687245,74.32027370802551,31.428324272596367,7225.702384618869
2162,46.86969474928912,0.2274190788374866,-0.002743221954719333,210.95208004212753,74.3202411598904,31.43283526432716,5070.001556397981
2163,47.83275515082204,0.25975556216831813,-0.011662440010628638,211.42062969305758,74.3202086044446,31.43734625284804,3448.5603675384536
2164,47.453281327280045,0.18507188985847722,0.03915876290774134,212.32060063224452,74.3201760416866,31.441857238158747,4308.405976039954
2165,48.34641835733634,0.20161512742045604,-0.0011868214123223319,212.21644052167056,74.32014347161503,31.44636822025901,6676.776347161313
2166,47.923170046101916,0.16189241312920716,0.03091104263749498,212.09123222748823,74.32011089422838,31.45087919914858,17328.09517670932
2167,47.68164138424319,0.23018061790968872,0.0006899331721176712,212.7763140561191,74.32007830952524,31.45539017482719,11659.518228952677
2168,47.12103441322276,0.26367806814263167,-0.02293520285239157,213.70997893628217,74.32004571750414,31.459901147294573,7621.206541251301
2169,47.4217595212067,0.18552599483302412,0.01584297964802478,212.56184955868787,74.32001311816363,31.46441211655048,12279.231742582191
2170,47.160189776220406,0.17599740927004628,0.027297103716567246,212.8638757240653,74.31998051150225,31.468923082594632,11941.161204581971
2171,46.202131504549776,0.2730314478934115,-0.02826289502715025,214.1940494997367,74.31994789751857,31.473434045426792,5817.26385593168
2172,45.12994799295025,0.2968103565078909,-0.0440519354079176,213.95471300684576,74.31991527621115,31.47794500504668,6257.081052413275
2173,43.89330702181511,0.33397259660046213,-0.056622495706671785,212.72418335089563,74.31988264757851,31.48245596145403,6131.584681759528
2174,44.67673222559928,0.30183073379836245,-0.046289499201354424,214.4175766346533,74.3198500116192,31.486966914648598,6115.840845150161
2175,45.24847357429722,0.28818995650886553,-0.037653016306569406,215.45501251482017,74.31981736833175,31.49147786463012,7426.788302009139
2176,47.013580296978674,0.25306508669320166,-0.020103258025346328,215.43957345971563,74.31978471771477,31.49598881139833,10113.815257423064
2177,48.524750314038194,0.1997359167213135,0.0032846121153052832,215.01606319947334,74.31975205976673,31.50049975495295,10996.338870784548
2178,47.63860619210764,0.22910074800397484,-0.005508780504515082,214.67070122352317,74.31971939448621,31.505010695293752,8202.252281055096
2179,46.34606165098395,0.2778616586095032,-0.047430630542495154,215.9666754478399,74.31968672187176,31.50952163242045,7181.173987145648
2180,46.46077273356664,0.26568682009835004,-0.0419111942451859,216.16195237468747,74.31965404192192,31.51403256633282,8808.97452462716
2181,47.78863253112561,0.17158897225978262,0.021800690787627895,215.4049499736703,74.31962135463525,31.51854349703056,11172.401699715218
2182,47.828467062816756,0.153610697711662,0.028868368486235814,215.1018287067491,74.31958866001025,31.52305442451342,16539.235183074998
2183,48.47028475618536,0.13634693799849448,0.049543940415308935,212.9878899565618,74.31955595804548,31.527565348781163,11290.35752792847
2184,48.86689837241706,0.11672928459745494,0.06424334080837113,217.62322274881512,74.3195232487395,31.53207626983349,11787.188203676238
2185,48.256103266903786,0.18023550198226168,0.009194752308959681,216.15724428083087,74.31949053209084,31.536587187670165,11751.594607382887
2186,47.58478373153535,0.21811758348758525,-0.013342999417601404,213.93763978423894,74.31945780809805,31.54109810229094,5628.198355317279
2187,48.63530463417567,0.1654163077661566,0.025154309212615068,215.34656849855372,74.31942507675966,31.54560901369553,9910.24911144581
2188,47.5901555916211,0.22322251763929307,0.00687291580588676,215.94201945832228,74.3193923380742,31.550119921883685,5814.6986897988
2189,47.90468555786486,0.16609862377141346,0.02497665947967676,216.10294504338682,74.31935959204021,31.554630826855146,11544.672897200173
2190,47.571404058434794,0.19757547989758534,0.0025292396197396324,216.02964426877472,74.31932683865628,31.55914172860965,10107.342398584648
2191,47.84285613158555,0.17228563756050838,0.014053788438693145,217.61868421052628,74.31929407792089,31.563652627146944,13332.254502056396
2192,47.64901196174986,0.15912115170066404,0.023336817354528923,217.3142857142857,74.3192613098326,31.56816352246676,11342.77643693497
2193,47.848449781663184,0.11297378113065466,0.0528407003742051,220.84367604522748,74.31922853438995,31.57267441456885,18954.805056934245
2194,46.99896203938562,0.132228428892017,0.042202488207765294,223.14629653992895,74.31919575159148,31.577185303452943,10905.00436139652
2195,44.53853735928084,0.10581141723617851,0.061431981063507356,228.57362608467,74.31916296143572,31.581696189118777,9689.779860286128
2196,41.56597898782559,0.15248712183311985,0.038327078538314435,224.30807682188896,74.31913016392117,31.586207071566108,8926.593725021272
2197,42.74725192606415,0.1767997399073884,0.004420143000873912,210.982384645721,74.31909735904645,31.590717950794662,6272.874448655891
2198,45.901549856311036,0.1647237632786731,0.002312541293936807,211.1980002631233,74.31906454681005,31.59522882680419,7767.503817362096
2199,46.265847400460125,0.1276358200921913,0.03563348258804794,210.81845668463262,74.3190317272105,31.599739699594423,18237.034177440004
2200,47.731411736854795,0.10960620849344599,0.0566024197031009,211.11746908708238,74.31899890024633,31.60425056916512,17719.798954670183
2201,48.81739383299569,0.1887278959709376,0.015318118036525136,209.34108527131792,74.31896606591609,31.608761435516005,7598.935802858553
2202,47.97525162904898,0.27150080218311434,-0.018627045507626873,206.25677453301773,74.31893322421828,31.61327229864682,778.8254343030909
2203,39.28508870344338,0.1947287162643898,-0.17960025744420313,203.8644491191165,74.31890037515149,31.61778315855731,396.4277873383628
2204,43.03971963612414,0.26215980532876415,-0.11677176832826576,206.26623718117276,74.31886751871419,31.622294015247228,0.0
2205,45.108706058884515,0.3440646369704585,-0.09651597809767104,205.1972145578768,74.31883465490498,31.626804868716302,0.0
2206,47.19297321918881,0.22907922115389,-0.035204490438900456,203.60557454641076,74.31880178372232,31.631315718964263,0.0
2207,46.86362443272276,0.2860871565458424,-0.051238069518335295,208.35571616294357,74.3187689051648,31.635826565990868,0.0
2208,44.17930053381099,0.37013592550367,-0.12282462575113066,207.2232154594453,74.31873601923094,31.64033740979585,0.0
2209,41.92177964404418,0.3848035490081219,-0.12952344588794348,208.74996715280517,74.31870312591924,31.64484825037897,0.0
2210,41.1189333937479,0.39058915328878174,-0.14920681322368995,209.7712633101092,74.3186702252282,31.649359087739963,0.0
2211,47.50563343171241,0.2048809608571231,0.04435874591370985,207.40949868073875,74.32608239423331,31.351664637474773,928.9974437208358
2212,45.56691563223074,0.26750842736624864,-0.010333384998987682,208.78391562294,74.32605022105965,31.356175688619263,1461.8000602349916
2213,45.41045467367653,0.24995374015078167,0.0020598880332874034,209.16504086475092,74.3260180406562,31.360686736558744,2144.1558524718694
2214,48.12047736331842,0.20938283216705797,0.03577758403209313,209.08836718543915,74.32598585302154,31.36519778129297,0.0
2215,49.05708723141164,0.24145982720735817,0.020689738020616393,208.605114010808,74.32595365815422,31.36970882282168,0.0
2216,49.56549387726435,0.20718466063554944,0.04489464578034352,207.8953197099539,74.32592145605282,31.3742198611446,567.2744580110041
2217,48.90505084943839,0.22980943404346652,0.03434763653663789,208.30019775873436,74.3258892467159,31.37873089626147,2131.282814094314
2218,48.53941791283683,0.2529401241762985,0.014284804250805597,207.15093593461643,74.32585703014205,31.383241928172037,1227.6969580784128
2219,48.30011168117455,0.17169738885798744,0.058504691734304566,207.0163459003427,74.32582480632982,31.387752956876028,6292.882789346004
2220,44.15317799812468,0.18958674395013253,0.034783266503469676,207.57169214549288,74.32579257527779,31.392263982373187,5902.892954297621
2221,44.483790297189586,0.2128165595052667,0.03883538377256778,208.72027418929608,74.32576033698452,31.396775004663255,4538.4492655486565
2222,50.92824594861228,0.24086685896078042,0.05056211768278669,207.98762343647138,74.3257280914486,31.401286023745957,1389.8591677149
2223,48.233561109432245,0.30405201117444847,0.0006476897268806469,208.36767224344624,74.32569583866857,31.405797039621035,1336.4945742153689
2224,44.02507549576963,0.351961417261189,-0.03868928748019423,207.84055299539176,74.32566357864299,31.410308052288222,3163.3674622587123
2225,47.70678174319766,0.23716895671591695,0.05441257546359046,210.40974967061925,74.32563131137044,31.41481906174728,8787.272043766809
2226,45.71966503433674,0.33520789716347993,-0.016585489327633266,211.1566328546964,74.32559903684951,31.419330067997933,8764.205739477604
2227,44.89882087502903,0.3893264075179134,-0.06343646803615245,208.0761929870815,74.32556675507875,31.42384107103989,1495.3615235762911
2228,47.31710978760671,0.24122362907699318,0.005334640592137899,207.25684931506856,74.32553446605668,31.428352070872936,4992.864795244625
2229,46.756683860462665,0.2869616375571641,-0.012658359715662664,208.3774878080929,74.32550216978193,31.432863067496783,8442.144039769582
2230,47.561809509671974,0.2806603862006956,-0.010893339610974277,212.78339920948622,74.325469866253,31.437374060911168,4737.434674882404
2231,48.06121803306722,0.21305258434749758,0.011349708691704954,212.45322793148887,74.32543755546851,31.44188505111585,7086.790240778432
2232,48.045247892052224,0.2734004982313954,0.0026962763799069393,213.3556082773165,74.325405237427,31.446396038110542,1610.259889190166
2233,48.68303839406799,0.23192021294568874,0.006261509903719574,213.67856672375171,74.32537291212702,31.450907021895,2885.90011989254
2234,47.985122280031625,0.220399614590885,-0.0050082869676867404,213.13833992094854,74.32534057956717,31.455418002468956,7831.255020983965
2235,47.825771775296225,0.21110821333880384,-0.0010663904517322664,213.2241969457608,74.32530823974595,31.459928979832146,8931.218226026105
2236,47.855614144543544,0.12218793776693711,0.05482093112955446,210.8980371492557,74.32527589266196,31.46443995398432,10276.735617641662
2237,46.45096210061613,0.1678862732406446,0.029545115982609588,212.285018430753,74.32524353831379,31.4689509249252,10938.597234860505
2238,45.69679076426878,0.2743062830320622,-0.03051509512346612,214.1073781291172,74.32521117669994,31.473461892654527,8918.313619883866
2239,44.57011177508295,0.31596259732615295,-0.051609268122164514,214.05042127435482,74.32517880781903,31.47797285717206,7024.244474912476
2240,42.70812690535768,0.4261160535236829,-0.08906547348439688,215.58029245158735,74.32514643166954,31.48248381847752,792.1185078245866
2241,41.84265402012107,0.4444595541575646,-0.10403456395298674,212.73434210526312,74.32511404825009,31.486994776570647,3384.7428093993835
2242,45.03936831790523,0.3394362708169411,-0.058029136913572865,213.3256089532587,74.32508165755921,31.49150573145119,6467.954644199537
2243,46.414102995924715,0.2711572329251825,-0.03372498600867542,214.71607213373696,74.32504925959547,31.496016683118885,7750.4975368148835
2244,47.95889481714568,0.2193456318073227,-0.01440726629303233,214.14884088514216,74.32501685435743,31.500527631573465,7531.235661561294
2245,47.63240689941981,0.23905007067839706,-0.010088633839000515,214.88909354032359,74.32498444184365,31.505038576814652,10799.128185382577
2246,47.424036756492896,0.2622145887566295,-0.022328561863687896,215.6976040021064,74.32495202205267,31.50954951884223,8058.688943900034
2247,46.49688498499804,0.275236342243464,-0.03821703662739199,216.25483489014596,74.32491959498303,31.514060457655912,6796.729253999019
2248,47.197549996214455,0.20106746631326858,-0.004795699502577244,215.17953108535298,74.32488716063334,31.51857139325545,11460.21788392998
2249,48.27206608539312,0.15578627111612744,0.03005245152123024,215.86103076518532,74.32485471900212,31.523082325640555,7945.773662845806
2250,48.47687638404815,0.15701031704500124,0.02929752422850586,213.76805683462692,74.32482227008789,31.52759325481101,9054.886087623128
2251,47.5886499591006,0.20398078326474928,0.0021290124224725075,214.5399079552925,74.32478981388927,31.5321041807665,8495.962401855117
2252,46.70894756025263,0.286664567639184,-0.0547516666557032,216.12763157894736,74.32475735040477,31.53661510350681,7725.403643590111
2253,46.717057356214305,0.2604847145123392,-0.030711719599313955,215.51744109516912,74.32472487963297,31.54112602303168,8118.661277036086
2254,46.956325954887475,0.23053457207843733,-0.0016231701581533645,214.89298407266025,74.32469240157238,31.545636939340824,5806.991139814577
2255,46.007232818317554,0.23605442361817855,-0.006735129205582546,214.99315429173242,74.32465991622159,31.550147852434,6977.873448913169
2256,45.581357381302205,0.2636333250973296,-0.03079984226106502,214.72323897300862,74.32462742357916,31.554658762310947,5097.52734888559
2257,46.77439699988143,0.22966069149917656,-0.03183667233414364,216.3408432147563,74.3245949236436,31.559169668971386,7122.637306001719
2258,47.5716919156709,0.18968662332371058,0.009328911955637854,217.70021047092877,74.32456241641347,31.56368057241507,7790.351780597386
2259,48.042132884683625,0.14737628712048792,0.03341081803223816,216.19010656492563,74.32452990188735,31.56819147264176,13884.905953553432
2260,47.38348557205995,0.12548354161418848,0.048379114153312225,217.3298277901932,74.32449738006378,31.57270236965117,19977.42976296666
2261,47.47729665246649,0.13954504236166768,0.03810875375787689,219.0240726124704,74.32446485094128,31.577213263443067,10413.636433304577
2262,44.485257860303726,0.13210083946556717,0.04141687497200146,221.8142256113594,74.32443231451842,31.58172415401716,6840.983340406308
2263,44.76758235961057,0.14993097056767274,0.02613990116488275,219.77381578947382,74.32439977079372,31.5862350413732,9496.272164187249
2264,44.17539990601187,0.1468604525865752,0.01767534062917473,213.63826429980287,74.32436721976578,31.59074592551093,13648.944607061218
2265,44.32721667746521,0.18176644855758628,-0.005155708872964234,210.7862214041547,74.32433466143311,31.5952568064301,5312.181255690537
2266,44.35801171175763,0.10797939340170205,0.04260944323889773,212.22045484422242,74.32430209579425,31.599767684130445,14390.20801178801
2267,46.75332971200082,0.10893437469359889,0.04828682735534327,211.71783741120768,74.3242695228478,31.6042785586117,16713.765972542915
2268,48.621155943971104,0.14912707409064213,0.027361563469066874,209.31852825229967,74.32423694259222,31.608789429873617,8294.879457874462
2269,47.53828401489747,0.2904195759853178,-0.047644906524419404,203.57835919011313,74.32420435502613,31.613300297915934,532.6176794599525
2270,43.976113915292515,0.3936152470563614,-0.12049519325113821,205.49191534113316,74.32417176014803,31.61781116273838,274.3193766709092
2271,36.701265961927405,0.16113207068187516,-0.2003255583014063,207.37495066438632,74.3241391579565,31.62232202434072,893.674955381342
2272,44.6209877027789,0.28406342599376433,-0.09420095517632064,202.83392458284064,74.32410654845003,31.626832882722685,0.0
2273,50.5798627684302,0.21581750214973486,-0.016052151529390227,202.59610833552463,74.32407393162721,31.631343737884,0.0
2274,46.477045944129124,0.325755952998131,-0.06823641934253681,206.03036676745106,74.32404130748657,31.63585458982442,0.0
2275,42.08673934582251,0.3894116632211854,-0.14486357474368664,207.78961209730448,74.32400867602662,31.64036543854369,0.0
2276,43.52571745111247,0.3460725157475585,-0.11939993997391342,208.097435897436,74.32397603724596,31.644876284041544,0.0
2277,42.98773146656467,0.3159876812543114,-0.08851307570026888,208.36902259590127,74.32394339114309,31.64938712631774,0.0
2278,44.72048984851209,0.25839052417066394,0.017110387190427342,208.5967550455086,74.3313388865104,31.35169213733526,374.29326323174223
2279,44.219638496644734,0.3305463953735782,-0.03976117442417868,208.84772577455504,74.33130696423864,31.35620319332707,1656.0406008678262
2280,44.962313998328526,0.2744518952055452,-0.0062649574883877545,210.01041392037968,74.33127503479345,31.360714246114338,2939.9878415981398
2281,50.34251776641475,0.1928118023729237,0.054706606274316956,208.20999868091278,74.33124309817345,31.3652252956968,2860.6167625854146
2282,49.491650675769314,0.19572851869144917,0.04625240223224523,208.71324983520105,74.33121115437719,31.36973634207419,1245.2945610329316
2283,49.06843311284756,0.20265726204065515,0.039892918101962715,209.09773146926935,74.33117920340322,31.37424738524625,4313.681285407771
2284,47.08739782715852,0.2918227745645282,-0.013610492595419032,207.73784745092874,74.33114724525021,31.378758425212716,2148.9857116227254
2285,47.123474066106006,0.2953462198946671,-0.011505099859117998,206.63142631162668,74.33111527991666,31.383269461973327,619.0747778093562
2286,46.67977264853064,0.1623922692453209,0.05515283816260348,207.81672152732057,74.33108330740119,31.387780495527824,1206.4337547028506
2287,44.35616226050597,0.2116796651958519,0.020448990338603985,207.07865612648226,74.33105132770237,31.392291525875937,3573.173753342822
2288,44.36443141164274,0.23032410218036592,0.03279974885165006,209.2512854317733,74.33101934081876,31.396802553017395,1321.9979206996563
2289,45.370842633430044,0.2614081580928901,0.009739352758033212,208.42222515159517,74.33098734674897,31.40131357695196,2413.848479212393
2290,47.01617229851571,0.2550764646277742,0.0171362852520391,208.88557869760095,74.33095534549156,31.405824597679363,5526.457044276644
2291,44.527954643106355,0.34413365147899105,-0.038819795097926955,209.58266368067453,74.33092333704514,31.41033561519933,5103.4502764286
2292,47.13892883288146,0.20491700828110015,0.061422195357455814,210.41475625823458,74.33089132140823,31.4148466295116,10576.508811373857
2293,46.79056883843371,0.22090649184766126,0.0527859899999991,210.56250823343441,74.33085929857944,31.41935764061592,10153.632267378269
2294,43.53408650141976,0.42948300636676856,-0.12009294889557115,209.96308990245186,74.33082726855737,31.42386864851203,4370.353862339039
2295,46.58575555068505,0.21765914588292304,0.010766408760222933,210.50836516927941,74.33079523134053,31.428379653199656,8518.027497557689
2296,46.05101306878331,0.2951970230594221,-0.021333638064267836,208.79277616662273,74.33076318692756,31.432890654678545,6154.630113252023
2297,46.982150412874496,0.2964746965910974,-0.016330636668465664,210.64444737188785,74.330731135317,31.43740165294843,1961.720488990767
2298,47.02420742735181,0.3242200081923924,-0.023517356005286368,213.11791831357058,74.33069907650744,31.441912648009065,3363.4356594173573
2299,47.20146195838711,0.29624769364859693,-0.019165847463166314,214.71678736010531,74.33066701049744,31.446423639860164,1605.0803639189014
2300,48.25067811610277,0.3277321963968951,-0.012527056029173004,214.49367588932807,74.33063493728558,31.45093462850149,336.59868141924125
2301,47.18434311355949,0.28608695305694803,-3.842990534475443e-05,212.73178764326178,74.33060285687043,31.45544561393276,1799.124798253703
2302,48.67832156248979,0.14715787297361574,0.045871653031581416,214.6952970623106,74.33057076925056,31.459956596153724,10386.795793547306
2303,47.61608703134047,0.11520673138079851,0.06443931069167212,213.74785817846313,74.33053867442456,31.464467575164136,11072.850828369568
2304,44.10251426555266,0.1401249032259556,0.04086016645736214,213.68884204979577,74.33050657239099,31.46897855096369,13317.359625195808
2305,45.36434089514294,0.26151015530624794,-0.01865449026452466,214.4762218416545,74.33047446314842,31.473489523552185,12212.821374323294
2306,43.656436016137455,0.31612798360139965,-0.04648556501568468,214.04647182727746,74.3304423466954,31.4780004929293,6144.494003258723
2307,43.47765149004744,0.345328730674762,-0.0664769054711451,212.8354630483467,74.33041022303054,31.482511459094813,5921.0366271079065
2308,44.11156535287164,0.3702020562027417,-0.0741107712083639,212.6242264647794,74.3303780921524,31.487022422048454,4116.100648689924
2309,45.67672720629446,0.29279836591882746,-0.041386873939967005,214.31156175928356,74.33034595405954,31.491533381789964,6352.747802729624
2310,46.150392271692105,0.29981527468728486,-0.049931884332423744,215.9109210526315,74.33031380875052,31.496044338319088,7210.244714165741
2311,47.05040257573799,0.2778379372680104,-0.04118195059855016,215.51046741277156,74.33028165622387,31.50055529163554,7719.26784588942
2312,47.74157252041068,0.22596345684968325,-0.023098558244742762,215.30920100039478,74.33024949647827,31.50506624173908,10871.790413156195
2313,48.13783529138626,0.25876936048377636,-0.011735783881784397,216.8783570300158,74.3302173295122,31.50957718862945,4728.120365113429
2314,46.89817351415387,0.26836414039191847,-0.03054082181595708,216.92991452991447,74.33018515532423,31.5140881323064,6380.09815491855
2315,45.96299452299765,0.3326307519413046,-0.06088833286913074,214.85150078988934,74.33015297391296,31.51859907276963,3197.803493035822
2316,45.23738845882779,0.3019293124749051,-0.05902450056111893,216.1660307854229,74.33012078527695,31.523110010018915,6493.298769800054
2317,46.25033679095973,0.27172662166720585,-0.04220843763177114,214.91535018430747,74.33008858941474,31.527620944053982,8124.82052444082
2318,46.584496198864635,0.2664747693699889,-0.02659014732462702,215.00381528746212,74.33005638632491,31.53213187487456,7009.849908934895
2319,47.31076287172985,0.2273480999932255,-0.010365909742417256,215.40100052659295,74.33002417600603,31.53664280248042,12161.20735324533
2320,47.31284136567293,0.21660134182309468,-0.005483768578468388,215.47625312458888,74.32999195845665,31.541153726871283,10207.550439305458
2321,45.206218751374415,0.29763545931476065,-0.04757250835351177,215.98051606108476,74.32995973367535,31.545664648046888,5821.078187460326
2322,41.049892032132725,0.41354703226805334,-0.11342922627168293,216.88375460768825,74.32992750166068,31.550175566006978,2174.0220516099857
2323,40.95161598867152,0.4704294541215887,-0.15763976167625549,218.13008558262013,74.32989526241118,31.554686480751293,783.2448662375567
2324,45.35851276267949,0.29258012023897234,-0.06581377835114632,215.7078622140415,74.3298630159255,31.55919739227957,4629.229623740815
2325,47.90956913589344,0.200337297148039,0.001145692326549843,217.2160526315789,74.32983076220209,31.56370830059156,6628.133519053519
2326,48.353736621575855,0.11936452756799508,0.05364272011589068,218.4007372301211,74.32979850123957,31.568219205686983,17201.510778451637
2327,47.76173870343559,0.1479938815379464,0.0300795678914102,215.94510991180735,74.3297662330365,31.572730107565608,10276.418824573648
2328,47.184913614361285,0.12120841485209667,0.03990945751958367,217.49611893171954,74.32973395759143,31.577241006227165,13384.088303576882
2329,41.80434284110907,0.14212869665980538,0.030615663025907045,215.44467833179849,74.32970167490294,31.58175190167138,13657.043713989411
2330,43.625337402039236,0.14215806786226573,0.018713948863762916,213.97723983686365,74.32966938496953,31.58626279389801,17285.69251934264
2331,43.598043628214505,0.0982555505406136,0.027793137208745506,212.28144736842108,74.32963708778985,31.59077368290679,16411.734317058585
2332,43.60367216665354,0.1228784158271064,0.004797995842870202,211.36174690870823,74.32960478336236,31.59528456869746,9118.813304529183
2333,43.33804295055654,0.1001055977075521,0.017105262458571736,211.0431522168136,74.32957247168568,31.599795451269777,9199.814669624917
2334,44.617139692190534,0.09458424592588324,0.044792101268578584,212.66386001841866,74.32954015275834,31.60430633062345,16118.462195314578
2335,48.507729381985556,0.11959120862758786,0.038472372414359184,211.0144736842106,74.3295078265789,31.608817206758246,11210.909380028785
2336,47.76722948147932,0.2236291750979285,-0.01127421771603785,206.81485864562788,74.32947549314598,31.613328079673902,5500.272053103838
2337,42.83466953839056,0.41446187092756315,-0.136668659916039,206.17291255752798,74.32944315245803,31.61783894937016,1801.9542501104129
2338,41.94735444373902,0.2788613014810951,-0.13174597341977667,208.3642941718196,74.32941080451367,31.622349815846757,1984.0509815938872
2339,37.56404710310487,0.10996255352979233,-0.17903285005308572,204.5565057229312,74.32937844931145,31.626860679103444,0.0
2340,49.42509913667898,0.24850334646277367,-0.020650179044152575,204.78096239810682,74.32934608684991,31.631371539139945,0.0
2341,48.28768445080796,0.21720150103853955,-0.02062856384091495,203.2232002101945,74.32931371712759,31.635882395956024,0.0
2342,41.77115478174858,0.385506372892124,-0.13576246027507882,207.54978980557019,74.32928134014307,31.6403932495514,0.0
2343,43.40617247852409,0.3693996321394552,-0.11512285372107929,208.40370955011852,74.32924895589488,31.644904099925817,0.0
2344,41.8791482537446,0.36965952041474626,-0.12923888937660813,207.42083826041267,74.3292165643816,31.64941494707904,0.0
2345,43.56039532989317,0.2551514722529381,0.01384815208414633,209.46867167919797,74.33659538595948,31.35171942189048,2395.587260439899
2346,43.78541860981817,0.3095660438104529,-0.030193243488722692,209.06259059164586,74.33656371459102,31.356230482691668,1899.0937737132767
2347,45.2946237840435,0.28091991858918086,-0.011080926520463358,209.72318840579715,74.33653203610555,31.36074154028876,2202.940442790417
2348,47.28836038285076,0.26846147231308626,0.010155639167761018,208.41035436701355,74.3365003505016,31.365252594681493,3646.403657502394
2349,47.67431297105522,0.2535829890456927,0.010451389062262112,208.52509550783824,74.3364686577778,31.36976364586961,1997.42087634958
2350,48.09999327860272,0.24301811381902258,0.019097915460050786,209.30648563142628,74.33643695793275,31.37427469385285,3415.166888368164
2351,46.60563862927235,0.25616284841428183,-0.012171817077627694,208.62747165831797,74.33640525096502,31.37878573863093,3851.2902647418673
2352,45.426854320396856,0.16676187866919523,0.06993265966956116,207.76519446275546,74.33637353687321,31.38329678020363,1696.4503791390307
2353,45.66328651262455,0.22987599362066113,-0.015126147630625015,207.0239789196311,74.33634181565591,31.387807818570646,1619.3729123087933
2354,45.21934783580358,0.21871686990339428,0.03208387483723228,207.76545814106788,74.3363100873117,31.392318853731737,5431.576916864032
2355,44.8305706020435,0.22141981382179912,0.04418883209629379,208.68313570487493,74.3362783518392,31.39682988568663,1784.442750574366
2356,45.148860122037995,0.27241532863900186,0.005316409718392492,207.9703401001846,74.33624660923698,31.401340914435075,2273.6721735894243
2357,45.79888198547156,0.24352179717788355,0.016523300987237633,207.84589041095896,74.33621485950363,31.405851939976788,4119.660574750663
2358,43.25035809743445,0.2746487901693208,0.004096906410187912,208.43216875412003,74.33618310263775,31.41036296231153,6614.708190094382
2359,45.09192799273125,0.2246336580138925,0.02641746564361325,209.6025032938077,74.3361513386379,31.414873981439044,8264.84142469382
2360,44.68475602248224,0.2549386002858226,-0.0050348179828424615,210.02121212121216,74.33611956750269,31.41938499735904,6347.528876162842
2361,43.95921170118581,0.24891598679035737,-0.003987217293788815,210.4470355731226,74.33608778923072,31.42389601007128,8074.900793808098
2362,46.01418239387561,0.27340180548159654,-0.020459227006403777,210.50817295017146,74.33605600382056,31.428407019575488,6492.0849091446125
2363,46.506231289367314,0.2609997382267205,0.002194993107459493,210.00514104930133,74.3360242112708,31.432918025871416,7270.497512584018
2364,44.794925374259,0.3617939158650472,-0.05123225462791896,208.87142668950068,74.33599241158,31.43742902895879,2237.752544658073
2365,45.744113531643826,0.34329825655531165,-0.027867788850335206,210.91840232006328,74.33596060474679,31.441940028837355,3632.949508532865
2366,43.54664001600372,0.3128770799584114,-0.041554491801381474,210.42439409905163,74.33592879076974,31.44645102550686,8600.816496253707
2367,45.84872516334519,0.34152019557190033,-0.0355799628640145,211.5583234480031,74.3358969696474,31.45096201896701,2389.2153021635286
2368,46.76826140619205,0.2368271964504686,0.010404677491532465,214.9861696522655,74.33586514137838,31.45547300921757,7241.646993804826
2369,47.627976083797925,0.14222792487710675,0.047216519084930055,213.858516664471,74.33583330596132,31.459983996258284,13115.360651862457
2370,46.89927456266756,0.1191527947643647,0.05997482093541343,214.33772218564846,74.3358014633947,31.464494980088883,12141.412833677416
2371,44.191275170379406,0.14174348792107386,0.037006538957273544,213.89961796864705,74.33576961367717,31.4690059607091,14026.799719587822
2372,41.8491651407583,0.17669374419442163,0.017246929774789827,214.37638230647704,74.3357377568073,31.47351693811868,14320.39420559354
2373,41.43115224145457,0.2871652491169902,-0.038738911046011626,213.41422924901173,74.33570589278366,31.47802791231737,6353.206570658229
2374,42.34118663127257,0.315793232387328,-0.05487567881882692,214.82716374654194,74.33567402160485,31.482538883304883,6205.867559801804
2375,43.417603349066006,0.38055550510822317,-0.07889639376889541,216.03029903833487,74.33564214326942,31.487049851080982,5565.925270158178
2376,45.35603003700237,0.2951529571207632,-0.040116271079695676,216.03725645076352,74.33561025777598,31.49156081564541,7050.136519821707
2377,46.82598922591234,0.25657512435057456,-0.03222450258044568,214.73565034228537,74.33557836512311,31.49607177699789,12731.741442379556
2378,47.744198132461854,0.24478154323819357,-0.029744020385150834,215.19421052631577,74.33554646530936,31.50058273513817,5853.577152102326
2379,47.711394980541236,0.23139203815629283,-0.0286922320758004,213.98195944166446,74.33551455833332,31.505093690065983,6696.8694739010825
2380,47.034118489407525,0.2918702627628433,-0.03465188288580628,215.12416063199473,74.3354826441936,31.509604641781085,3759.6446502723056
2381,46.30144965238523,0.3048473933281193,-0.045668976656892665,216.13985001973418,74.33545072288875,31.514115590283208,5479.144809458065
2382,45.70214236001186,0.3324264706843075,-0.05076587729557111,214.78633491311209,74.33541879441736,31.51862653557208,2474.1680279873613
2383,44.561915353266706,0.3551155146639824,-0.07803089310757776,214.79489540849886,74.33538685877797,31.52313747764744,1656.2557303315475
2384,44.270848959881526,0.33119128496955286,-0.08409311815408271,215.47775144813056,74.33535491596919,31.527648416509056,7967.005279584834
2385,44.358247498466,0.36118240536434804,-0.09328259273468849,215.97684515195363,74.3353229659896,31.532159352156643,5752.230751223478
2386,46.68857928720382,0.25201944387079567,-0.030711333572665263,214.85558188520275,74.33529100883777,31.536670284589945,6317.543626584443
2387,44.817717709036216,0.3749928915308431,-0.07283363856781142,214.46096115865708,74.33525904451227,31.541181213808706,4042.8644841053615
2388,42.712938069064684,0.4338238720170954,-0.10094274154354649,214.20669213542354,74.33522707301167,31.545692139812672,932.4224917258312
2389,43.10251496176541,0.3743120592935306,-0.10027814998159097,216.0169826224328,74.33519509433455,31.55020306260158,5139.937317063324
2390,42.451810304218036,0.4340286903837912,-0.12414088506519666,217.1090047393366,74.33516310847949,31.55471398217516,3280.079561855763
2391,45.24275764167219,0.3059963300950897,-0.06447270119685983,215.92251019602693,74.33513111544505,31.559224898533163,3117.273494196171
2392,47.44916195845638,0.2188720874213886,-0.010974046185977955,220.11238320831688,74.33509911522981,31.563735811675325,8261.432781188887
2393,47.09624743607104,0.22729831213557708,-0.021312306259878188,216.4894148586456,74.33506710783236,31.568246721601387,6997.034659371307
2394,46.93128402924879,0.18189652124408684,0.00913582625603396,216.80581502433893,74.33503509325125,31.57275762831109,8060.197818244864
2395,45.37034711383434,0.17396301425713948,0.015216081888830618,215.66785009861934,74.33500307148503,31.5772685318042,5916.764907181507
2396,40.681239073156185,0.12019983768508191,0.04094734997357725,216.89198789632943,74.33497104253233,31.58177943208041,16775.726894585132
2397,40.966782141941614,0.11074350114584645,0.043949058466133874,215.8872665088135,74.33493900639168,31.586290329139487,20693.141986404804
2398,41.45723336265661,0.1025293200831779,0.042785219895126375,213.66934210526324,74.33490696306166,31.590801222981185,15971.68987669316
2399,43.31140706296217,0.11311323198268303,0.022584357688082677,212.75361556665794,74.33487491254081,31.595312113605235,16918.138790347988
2400,41.990387724748096,0.13442549307276097,0.01317120765116781,211.90790685436133,74.33484285482773,31.599823001011355,12429.502499012748
2401,43.714868463063404,0.10609743487906213,0.045979908868351335,212.05837496713127,74.334810789921,31.604333885199317,14116.53663042664
2402,46.91902866705042,0.1910859815149335,0.00032298507180019776,209.1111695829497,74.33477871781915,31.60884476616885,7594.511737610717
2403,46.91836076343108,0.25052820727590847,-0.031074055238572477,208.34875772314976,74.33474663852078,31.613355643919704,6932.965415414857
2404,47.89427356760713,0.22129903887665311,0.008035987498605224,206.57910643889625,74.33471455202447,31.6178665184516,7738.249665456282
2405,44.972956768485915,0.3387848418271277,-0.08640149295763128,207.66106369008543,74.33468245832873,31.622377389764303,1851.9672894952569
2406,37.30618576263306,0.14387150532855217,-0.18224920445804413,206.36131914334516,74.33465035743217,31.626888257857544,394.9744174158784
2407,40.805137381884066,0.16986274376751562,-0.14205157669553434,206.00092032605843,74.33461824933335,31.631399122731064,0.0
2408,45.30707022024074,0.15674860575059418,-0.017657249332150154,205.14732965009213,74.33458613403081,31.63590998438461,0.0
2409,43.16073083339379,0.3050286267654631,-0.08357434209909015,205.49572986466958,74.33455401152315,31.640420842817925,0.0
2410,44.27609287687618,0.3339701679029739,-0.09799398365607623,206.9901393636603,74.33452188180893,31.644931698030742,0.0
2411,44.562453696434964,0.3186114135512329,-0.0608865239326776,207.87174770039417,74.33448974488668,31.64944255002281,0.0
2412,48.09644324174796,0.1836569726326145,0.05592596883643041,208.41431584497764,74.3418518925242,31.35174649113939,5122.927095448936
2413,45.50703910132176,0.2660629956570893,-0.005162942746546814,208.62577496372515,74.34182047206048,31.35625755671201,3575.933865217048
2414,44.88840907232192,0.2959906626008651,-0.031726044185552346,208.37678100263852,74.34178904453607,31.36076861908097,2836.037003337019
2415,46.92157501298842,0.24889880564702993,0.01986904145647069,209.72185605061955,74.34175760994962,31.365279678246026,5708.601733800081
2416,46.60046759517939,0.23536856269269207,0.010164122287508097,209.1014244262728,74.3417261682997,31.36979073420692,2957.2360970783657
2417,45.62896014046797,0.3359491561007483,-0.0467270872551298,209.08884787766934,74.34169471958492,31.37430178696337,2156.6689755702973
2418,46.752291337152506,0.2878656655473678,-0.013887393329662101,208.8600633078344,74.3416632638039,31.37881283651511,3083.16555056613
2419,47.15932048952553,0.2123761128749769,0.03515990218587132,207.9893238434164,74.34163180095523,31.383323882861905,2268.3218824198
2420,45.68934973252078,0.2696342619675169,-0.04517750415364843,207.4550850811239,74.34160033103753,31.38783492600348,4331.842337547916
2421,49.550843223116615,0.17483673353843193,0.05058635831609147,206.65193880242683,74.34156885404934,31.392345965939565,42.63120045184866
2422,50.59472039159084,0.20986639348622144,0.05895998906929127,208.56470122675117,74.34153736998935,31.39685700266991,454.72447734208566
2423,48.98168750047489,0.22665137546753408,0.03634097003418641,208.33742250362755,74.34150587885613,31.40136803619424,8775.729766767912
2424,45.260174286300014,0.23520119720646107,0.025628705332411014,209.67497691597424,74.34147438064824,31.40587906651231,7372.821775099034
2425,43.35519600298209,0.25893701540649894,0.01187204199950314,208.79029279873387,74.34144287536431,31.410390093623832,6204.067615954204
2426,44.0392761928826,0.2629814144120831,0.0005833651614672518,208.30486358244374,74.34141136300293,31.41490111752858,13224.755646648298
2427,42.84114872956237,0.2717556517518223,-0.016239621210506344,208.79145794885326,74.34137984356273,31.41941213822626,9260.484966817186
2428,41.74360497533777,0.2212514184451125,0.0032595933181057547,210.53574720210668,74.34134831704229,31.423923155716636,11826.227103489537
2429,43.782499623440536,0.22562072616982792,0.0028285319440079625,210.40426933719857,74.34131678344019,31.428434169999413,12379.533507434358
2430,44.84287627138908,0.21609349095962904,0.006385650946798837,211.21764318630676,74.34128524275503,31.432945181074363,9898.922310775237
2431,46.018481922378456,0.21018174536758313,0.022017779765360544,210.90802477269722,74.34125369498543,31.43745618894121,7752.490046989973
2432,46.189907248739146,0.14348825085227127,0.04144919685615569,211.10289855072463,74.34122214013,31.441967193599694,13255.68605052311
2433,44.621517248498044,0.11507273761974306,0.05800106892362112,212.21462450592887,74.3411905781873,31.44647819504957,13380.366649570546
2434,46.21514285252934,0.14211639332847661,0.03303334415888452,211.35397180872076,74.34115900915592,31.45098919329054,9133.294172054284
2435,46.80459131120949,0.17748403828049542,0.03833920412952643,215.72753623188402,74.34112743303446,31.455500188322368,13604.12937910418
2436,45.383840854587035,0.16755844845431078,0.03732819411137861,214.5162692662363,74.34109584982156,31.460011180144797,15864.836999775072
2437,45.06996575065217,0.1384377084167028,0.04607818984278325,212.81910408432137,74.34106425951578,31.464522168757554,14662.012183097786
2438,42.63748902608483,0.18135409578655062,0.01603632735136251,212.8176788301936,74.34103266211572,31.46903315416039,10453.170075412774
2439,41.47090329187921,0.1603666027962989,0.02959224695340613,213.15502039742066,74.34100105761995,31.473544136353038,10125.2692755381
2440,39.899767000094805,0.27174916049998776,-0.04069669928273385,213.18351764086358,74.3409694460271,31.478055115335227,6773.210014563422
2441,41.26316085812082,0.31527801500338276,-0.05888366142446365,216.61008027372014,74.34093782733575,31.482566091106705,6245.946372009534
2442,44.49404910944804,0.25725407083830126,-0.021429510651062127,215.0750889210907,74.3409062015445,31.48707706366721,8481.544048147434
2443,46.69370463552325,0.22017757334378632,-0.00450878974497446,214.80821376859288,74.3408745686519,31.491588033016487,11110.260600704492
2444,47.81981228744568,0.2616070783749374,-0.038194801253901005,213.93268344091692,74.34084292865657,31.49609899915428,10950.093083965805
2445,48.47995437390815,0.23623148412451114,-0.025079969407998552,214.67961037251547,74.34081128155711,31.500609962080325,5343.8979779985175
2446,45.61212910909895,0.319278815687715,-0.07523732825231981,215.4496113818996,74.3407796273521,31.505120921794347,5643.078778781034
2447,46.59113016907586,0.2672320187854315,-0.04355493476845873,216.08925750394937,74.34074796604014,31.50963187829609,6173.220201257876
2448,47.007299043231484,0.24040331598646647,-0.020583034900328187,216.24331445132393,74.3407162976198,31.514142831585318,5134.37147249769
2449,46.71610666200211,0.25817428294555667,-0.022221958632351914,216.77963645943098,74.3406846220897,31.518653781661744,4566.215200091258
2450,46.371058101952315,0.2434165997436263,-0.016885241583108848,216.58727440389936,74.34065293944838,31.523164728525124,9807.230916857994
2451,46.31828091817777,0.2393942287099233,-0.017642774771926238,216.40487162606976,74.34062124969446,31.527675672175192,10894.492610958385
2452,45.2581696405332,0.2780856046210019,-0.0541433392608195,216.33135860979462,74.34058955282653,31.53218661261168,8779.287120047944
2453,45.2695238536443,0.3033436743089416,-0.05884761065799677,216.04189723320158,74.34055784884318,31.536697549834336,7604.149780804777
2454,43.652520061964445,0.4083910849430215,-0.10561180327252154,215.74255599472997,74.34052613774297,31.541208483842915,4296.074857398378
2455,43.36850990392184,0.406656577335205,-0.12277577483862108,216.40060558188534,74.3404944195245,31.54571941463715,5175.38167817416
2456,44.48654172341806,0.35089320362546506,-0.085963583739042,217.17142857142855,74.34046269418639,31.55023034221676,6708.453077570936
2457,44.616745069277286,0.35659737698902516,-0.09919218312140295,218.05739863085842,74.34043096172714,31.554741266581505,6033.579675824424
2458,46.672130212061376,0.23566017420272928,-0.008151904510800275,215.3421087271292,74.34039922214542,31.55925218773112,7056.25078117775
2459,46.861199763284205,0.2047999576893758,0.0017680202569563838,216.94392523364485,74.34036747543978,31.563763105665352,12633.023750583485
2460,46.13446294311615,0.2530713332350011,-0.03342768700944615,215.78185887309112,74.3403357216088,31.568274020383928,10270.936583797664
2461,46.38178005360014,0.2564604887143199,-0.026915701672686244,215.87008029485327,74.34030396065107,31.572784931886616,7332.299779543825
2462,44.35259233010667,0.23792396529622586,-0.0022607948014486787,215.82846234860455,74.34027219256517,31.57729584017313,3139.573129801876
2463,40.557403862302365,0.1088667757110876,0.04930924937173618,217.90211814234976,74.34024041734968,31.58180674524322,17125.660292392175
2464,40.46836401410607,0.1094475161930851,0.04891060462265044,215.1086699118537,74.34020863500317,31.58631764709662,18840.605560409374
2465,40.48314298217737,0.10103820772880794,0.05341177850856045,215.49296145244057,74.34017684552425,31.59082854573309,16166.798362388388
2466,41.470677806232096,0.12139125125795976,0.03894174628942103,213.12340481515588,74.34014504891148,31.59533944115236,13741.642468092856
2467,46.22855950770841,0.15551823195128434,0.018686794600326368,212.95227452011574,74.34011324516345,31.59985033335417,14004.209794882136
2468,47.46965015828648,0.10317257369882633,0.0484134723125211,211.44664914586073,74.34008143427874,31.604361222338262,16105.648806401328
2469,49.01721534178152,0.12112843778957118,0.0359794279260139,210.8263213252696,74.34004961625591,31.60887210810439,12015.588722678014
2470,48.55171368804894,0.15244013525426683,0.035943365067692634,209.2613726005785,74.34001779109357,31.613382990652266,8278.317408539544
2471,45.7032516505091,0.29913219697636867,-0.059864916426288294,207.93120231518026,74.3399859587903,31.617893869981657,5345.429557168535
2472,46.19289242132118,0.3059583944277947,-0.04045960348415261,208.69738398843168,74.33995411934463,31.622404746092315,9410.520882528544
2473,46.012863432752525,0.30937205663596057,-0.0837404605874235,207.4239873750658,74.33992227275517,31.626915618983958,0.0
2474,34.24370598362815,0.037682025326894485,-0.1567716685378523,208.74572930354805,74.3398904190205,31.631426488656327,0.0
2475,32.53542313837895,0.03609472076333856,-0.18704049788549926,206.2809623981068,74.3398585581392,31.63593735510918,0.0
2476,38.98585502919317,0.16081581560103603,-0.10269748890876844,204.43508541392902,74.33982669010983,31.640448218342254,0.0
2477,46.6898732931747,0.25887738207733824,-0.04672477253385667,205.8993032733008,74.33979481493097,31.64495907835527,0.0
2478,48.790019022107565,0.19615527589780293,0.008019285495275471,206.16421246384434,74.33976293260119,31.64946993514801,0.0
2479,48.725491774899105,0.1891245921750057,0.04782235254338414,209.2477245745944,74.3471084061482,31.351773345080986,8325.405683048157
2480,48.85708329056592,0.18596369107354657,0.04644662942176423,208.85490040891705,74.3470772365906,31.356284415387083,11463.208443494916
2481,46.7351165250409,0.28714917700233034,-0.012046117676220509,209.27247561297128,74.34704606002869,31.360795482489976,3286.869491310736
2482,46.344834158213764,0.22941437231915957,0.021847770610686313,208.44736147757257,74.3470148764611,31.36530654638939,8631.841610506288
2483,45.6654785982509,0.2579509182021139,-0.008198679705467825,208.55982060414198,74.34698368588646,31.36981760708509,6086.870303103381
2484,45.751493357851224,0.29908596351965405,-0.02109936400374179,208.9754649782351,74.34695248830336,31.374328664576787,4265.805488141892
2485,47.916841490249304,0.25135579211472614,0.021140311767665322,209.13467880226884,74.34692128371046,31.378839718864228,4065.892574030517
2486,48.686614678300835,0.22501142467289031,0.023326167369684785,207.40218824149753,74.34689007210629,31.38335076994715,5079.643999086513
2487,48.41426621249577,0.19647189753527072,0.05527537994525468,207.33605800922882,74.34685885348958,31.38786181782531,5527.964918602851
2488,48.874048484249194,0.2383084462569883,0.021909514048062823,207.78233355306537,74.34682762785884,31.392372862498423,1452.0625664326255
2489,48.24508363179412,0.22491956235277402,0.04431417289869985,207.76364355391522,74.34679639521275,31.396883903966224,2488.1959917540103
2490,44.925836305722605,0.2536125020607866,0.000990226274355692,208.99051508365176,74.34676515554989,31.401394942228457,5379.276596646059
2491,45.83696936616929,0.21057897161194722,0.03062636943399995,209.9174795676247,74.34673390886887,31.405905977284878,6320.67123799619
2492,44.62203445481821,0.23209050348625002,0.007434029822501936,209.41646903820822,74.3467026551683,31.410417009135205,3925.230148393352
2493,43.85630063598657,0.23423313337238197,0.014512639693771845,209.52624637298877,74.3466713944468,31.414928037779195,9131.609236733388
2494,41.8561263700264,0.26833347829461196,-0.022105344026784164,210.29303981017677,74.346640126703,31.419439063216554,10825.391839842028
2495,41.708325616187736,0.1869999650810378,0.010158807307380434,209.52095966253623,74.34660885193547,31.423950085447046,12502.163326373306
2496,42.3187766337772,0.21911903201027372,0.004431294213559447,209.87844429795646,74.34657757014286,31.428461104470404,9889.909101849218
2497,43.19444229283511,0.18456374749742002,0.013172821848230204,209.7996573085541,74.34654628132373,31.43297212028637,12838.115986968993
2498,44.61984087510285,0.1645942962714597,0.033153109381438076,211.04916952280516,74.34651498547672,31.437483132894677,12829.564143491909
2499,46.76665635166072,0.12224898234163441,0.05960705514624076,211.51720047449578,74.34648368260045,31.441994142295076,13821.265986900122
2500,45.7599933731554,0.10999658520975124,0.06142923324978663,211.81745090286006,74.34645237269349,31.446505148487287,15074.31373003097
2501,46.97796152602687,0.10950981483181292,0.06168514479818947,213.96851534712152,74.34642105575449,31.45101615147106,15394.616914697544
2502,47.55805010139039,0.13534599217139467,0.04626460327855124,214.19736668861086,74.34638973178201,31.455527151246123,16057.757057499588
2503,42.766419008322146,0.10512670410634305,0.0624005823255333,214.63232004211073,74.3463584007747,31.46003814781224,18023.592400138077
2504,43.061915624810425,0.13220139801401928,0.05289390537673584,214.5845181674565,74.34632706273113,31.46454914116912,13569.321128296577
2505,45.28893699526066,0.18878386879409864,0.014807084834656514,213.5155344918377,74.34629571764994,31.46906013131653,7235.179569047013
2506,42.51789793483932,0.20271072771634302,-0.003144315032609256,213.88474710221277,74.34626436552972,31.473571118254192,13660.098221688744
2507,40.04430450394101,0.311416742023265,-0.057272672744968375,212.11393572181234,74.34623300636906,31.478082101981848,9087.026379964702
2508,40.94580300191387,0.3026062792629154,-0.03553567024353573,212.05018440463638,74.34620164016656,31.482593082499235,3598.508164606971
2509,43.223596605909634,0.24329466733727834,-0.016388086720103615,215.0940587537874,74.34617026692085,31.487104059806097,14554.884317129106
2510,47.38217702221738,0.2401309621583009,-0.01499286283346721,213.96613965744393,74.34613888663051,31.491615033902185,8629.956173919618
2511,48.7436547858878,0.2048173781317861,0.00130399657594242,213.34272918861956,74.34610749929419,31.49612600478722,9568.763606238404
2512,47.890307376718006,0.22195775499070816,-0.00846736090786825,215.49210110584517,74.34607610491041,31.500636972460956,10130.61421069721
2513,45.92153370640997,0.2961136649637624,-0.06484358845166162,215.1729857819905,74.34604470347784,31.505147936923112,7277.299392635397
2514,47.20473405329339,0.23281919493163866,-0.015245609996513363,216.72135896760597,74.34601329499505,31.50965889817345,5527.708906522727
2515,46.75996425811457,0.26025527504992607,-0.029513915859794126,216.16905859117836,74.34598187946065,31.51416985621172,5404.171814006622
2516,47.14791374770145,0.2698685560288464,-0.038263912773212984,216.5533175355451,74.34595045687323,31.518680811037623,5272.617694678655
2517,47.780963735029644,0.19230380664791863,0.005527446428721618,217.13930217248196,74.34591902723139,31.52319176265092,10013.059612950015
2518,45.66176574140714,0.3050993892467595,-0.05753563752564294,217.0545454545455,74.34588759053376,31.52770271105136,8284.257625619919
2519,44.56558466113836,0.3512704091045815,-0.08776120585252567,218.02463768115945,74.34585614677891,31.532213656238685,5511.405721912356
2520,44.792598524793966,0.33138614350014595,-0.0837192730542676,216.33706385780116,74.34582469596543,31.536724598212604,7128.057368029717
2521,43.181736214810456,0.4034292404494948,-0.13070677404450343,215.81516587677726,74.34579323809193,31.54123553697289,6415.726537480261
2522,42.99440155885163,0.40873231655455616,-0.11976880381635237,219.78545119705336,74.34576177315701,31.545746472519284,5968.04723037257
2523,42.74484814723937,0.4367979312160067,-0.12509660249326685,217.90731964191684,74.34573030115929,31.55025740485151,1314.4668281522136
2524,42.751767961103965,0.4278776846432908,-0.13795618067500254,217.41355263157897,74.34569882209733,31.554768333969317,5167.779404728033
2525,47.377683554161095,0.200867250186357,0.00817677557962058,217.67390446111332,74.34566733596971,31.559279259872437,12848.318658629085
2526,47.15030720893495,0.1715415269115935,0.01559188003515774,216.04457593688366,74.34563584277507,31.56379018256061,10947.069900994624
2527,45.938775682530284,0.28177106209945313,-0.054371104200498836,214.2456578947369,74.34560434251198,31.56830110203359,8948.87983257927
2528,46.57611655282148,0.2601627805566142,-0.03152879511159801,215.40770444386013,74.34557283517906,31.572812018291128,3333.5412782336325
2529,43.04432596230266,0.2009615344179226,-0.005094593867798212,216.19381578947372,74.34554132077486,31.577322931332933,10617.803856593328
2530,40.39920435614932,0.10203816630939257,0.05519753321387294,218.19700354842945,74.345509799298,31.58183384115877,18300.88367428241
2531,40.35288066799765,0.11301131968876874,0.053495054993259565,217.7977912174599,74.3454782707471,31.58634474776836,16128.68666699629
2532,43.412203954499375,0.09401834199678795,0.06094688215559423,215.92128777923787,74.34544673512072,31.59085565116148,18485.55378790146
2533,44.261961276991194,0.10716808815565752,0.05155017571203843,213.59847388501512,74.34541519241743,31.595366551337836,16336.843208962651
2534,47.28084028539313,0.10697212737017987,0.05246212928548651,213.9568761504076,74.34538364263587,31.59987744829718,13402.51656267702
2535,47.851830907652655,0.10126707433982551,0.053154716709003846,212.21776315789484,74.34535208577459,31.604388342039268,18077.630230135463
2536,49.71428461362584,0.13052760281402648,0.04119748403643725,210.0685436126826,74.3453205218322,31.60889923256383,10394.268996859306
2537,47.31489686440415,0.21257124557652804,0.014261220398590011,209.67179689555385,74.34528895080732,31.6134101198706,8540.385476113868
2538,47.65706129667415,0.17444141005278443,0.02455673614871819,209.67556900407845,74.34525737269848,31.617921003959324,9792.217061027104
2539,46.20114345531968,0.31634015615157524,-0.05438303743393444,208.57116548276775,74.34522578750432,31.62243188482976,6426.786824143364
2540,45.25523492110119,0.41892675400815726,-0.14035750329772298,210.4228391001184,74.34519419522339,31.62694276248163,514.7849007604923
2541,43.383093722254976,0.25920787542681656,-0.08015084181075258,208.86778055519008,74.3451625958543,31.63145363691469,0.0
2542,39.690137508875296,0.2202270881332482,-0.10531853585975581,208.8401736385161,74.34513098939563,31.63596450812868,0.0
2543,39.0389994035969,0.10291076946381188,-0.1287860619559166,207.088804104723,74.34509937584598,31.640475376123337,0.0
2544,38.495337038783056,0.10338198859297625,-0.1321536241193976,205.7084594132351,74.34506775520391,31.644986240898387,0.0
2545,37.66603008278612,0.08528633060448461,-0.16393540669469078,205.66285188108395,74.34503612746805,31.64949710245361,0.0
2546,48.81166141912104,0.18704450796335065,0.05311679621186845,209.08525801768516,74.35236492677512,31.35179998371426,7707.709037686595
2547,48.73998961715079,0.20295442316093285,0.03828400829187975,209.55111462867694,74.352334008125,31.35631105871589,10680.453938067862
2548,45.65095174820318,0.31474997348244255,-0.03142781816960228,209.2257255936676,74.35230308252697,31.360822130514748,2974.3142552168
2549,45.62456467889581,0.27321794835783136,-0.008566764918126189,209.10065963060697,74.35227214997964,31.365333199110573,5078.317581514544
2550,45.550024561865456,0.22510866512934016,0.009256665281347047,209.56688654353565,74.35224121048164,31.36984426450313,7742.023507632712
2551,46.343773221791736,0.22182749572624164,0.008875493625175037,211.10164798945294,74.35221026403161,31.3743553266921,8766.668609176513
2552,45.75000189100518,0.26791499559413223,-0.014385887184312487,209.13692125049474,74.35217931062822,31.378866385677277,9978.742931034012
2553,47.53857020293276,0.2577525539654005,0.004419653200260664,209.48166226912932,74.35214835027,31.383377441458364,7849.997610578776
2554,47.075662530102925,0.2546070499121096,0.003457981157477531,207.23387415908195,74.35211738295561,31.387888494035124,4531.2663391782935
2555,48.395576197570264,0.22073715310969313,0.0358030981432493,209.00131908719172,74.35208640868372,31.39239954340728,3928.211105062766
2556,47.364436655689666,0.18685024350839424,0.02954119757327393,207.8925042813858,74.35205542745291,31.396910589574563,10144.753021778704
2557,46.37286317679413,0.20383425396466598,0.00903527095288136,209.1248352227789,74.35202443926181,31.40142163253673,5821.108411938173
2558,45.22310044774163,0.1683985284852531,0.027128944763050424,208.20593276203047,74.35199344410906,31.405932672293503,8650.88410044929
2559,46.2404757905999,0.1515828502368481,0.050935714694191996,209.94291364535277,74.35196244199324,31.41044370884465,9547.099788618483
2560,44.057454629282546,0.22857137595857935,0.007475378739695553,209.50224215246647,74.351931432913,31.414954742189863,4415.936087275515
2561,42.55456874909968,0.22478655679276446,0.0007558716481876216,209.14592670709195,74.35190041686698,31.419465772328923,7508.783283954791
2562,41.817818953680465,0.2084554448810501,0.011190083154689216,209.38874242024775,74.35186939385376,31.42397679926153,9621.373395426806
2563,41.94515957316767,0.25809796497897364,-0.006475427679782077,211.04758766148163,74.351838363872,31.42848782298746,3993.922458928544
2564,42.48893370893821,0.19032603786537383,0.015549896945516775,209.21143459359763,74.35180732692032,31.43299884350644,9960.369054300878
2565,42.70891938529442,0.16631714813190843,0.032581329793028434,211.82729548149112,74.35177628299729,31.43750986081818,11809.858068384112
2566,45.02604276527849,0.16275525455869888,0.0386729878036446,211.9210006583278,74.35174523210156,31.44202087492246,6898.866839769164
2567,44.16568640765102,0.22481505828885595,-0.00474323857356872,213.73707066719302,74.35171417423176,31.446531885819,13336.432488342512
2568,45.360443039491166,0.11765616667970133,0.055956102864843905,215.79462167150004,74.35168310938651,31.451042893507545,14317.755752677538
2569,47.334589292449266,0.15244532463291724,0.03253469954581619,215.037041919325,74.3516520375644,31.45555389798783,11580.89084013107
2570,44.62870087316241,0.12252866438252095,0.05219542408395143,215.0448194041655,74.35162095876407,31.460064899259592,14855.467129631112
2571,40.818327999371306,0.1217134789181156,0.07378152169007411,215.92355344668508,74.35158987298412,31.464575897322568,9573.14749856744
2572,42.24760103379447,0.18203364594713856,0.04936788856382249,214.8573122529644,74.3515587802232,31.46908689217651,2439.709048376732
2573,41.12439350276284,0.27623605419729824,-0.043685579562114246,213.07878787878778,74.3515276804799,31.473597883821157,12352.839360635877
2574,41.45064621375495,0.27229452261047343,-0.030976709304693824,213.72055335968378,74.35149657375283,31.478108872256225,3850.222646740797
2575,41.49416403772101,0.21117436528164085,0.01066393946734253,213.55289158213674,74.35146546004059,31.48261985748148,4788.140179327906
2576,43.316504152869584,0.26067300006246064,-0.018948112248818153,213.47470355731227,74.35143433934184,31.48713083949664,5436.733681034285
2577,47.94233232709377,0.17117778070387948,0.019859095098432603,213.9340268633131,74.35140321165518,31.491641818301478,7996.930932977875
2578,47.406354791890415,0.23276705305614956,-0.015078582681698717,212.20708734027139,74.3513720769792,31.496152793895703,12014.111009858269
2579,48.27413428110396,0.1834588794548856,0.01792724572191222,216.0567777631406,74.35134093531254,31.500663766279068,12203.425484029787
2580,47.27906000041104,0.2444773843810058,-0.022007285704350753,215.30154129890667,74.35130978665379,31.5051747354513,5848.534208588988
2581,47.08291378656175,0.24962448435908055,-0.021549461803909424,216.09050191015683,74.35127863100158,31.50968570141216,5364.29611030554
2582,47.37537617141014,0.23865382200535748,-0.02205972791430524,216.8140882159316,74.35124746835449,31.51419666416137,5742.047424375724
2583,47.43927158724318,0.22994417804011263,-0.008573144236596346,217.44138566912534,74.3512162987112,31.51870762369869,7453.257872439422
2584,47.39623049168687,0.2153018299853169,-0.008094060199338893,217.20582038451417,74.35118512207023,31.523218580023823,7525.709701148341
2585,46.00164302237156,0.31482734282866864,-0.06164359683848192,217.28642951251646,74.35115393843027,31.527729533136565,6241.43697255065
2586,44.06568908933036,0.35815890603256323,-0.08378514697831355,217.9569793448231,74.35112274778987,31.53224048303661,6158.585523909412
2587,42.64491021017773,0.4717856762726805,-0.12324345888411212,217.66219062664558,74.3510915501477,31.53675142972371,2221.939607739157
2588,44.430919930213285,0.3485211344314929,-0.08082752663518165,217.5227751448131,74.35106034550232,31.54126237319762,6084.354231956948
2589,43.872452090284376,0.3763422576434961,-0.09826296282239605,218.17983149025804,74.35102913385236,31.545773313458074,6250.067951857232
2590,43.90090146187757,0.3996592005015723,-0.09136613232099236,216.64028966425278,74.35099791519643,31.5502842505048,961.412570395458
2591,44.24901925947867,0.3782666487383958,-0.1014413981424363,216.7894944707741,74.35096668953312,31.554795184337543,7650.7251807145985
2592,47.74065425776069,0.18340261572228284,0.01511130192378029,217.6652185360717,74.35093545686104,31.55930611495607,11316.498169461638
2593,46.374117090348655,0.1846407273398801,0.024622666879552658,216.9504012629917,74.3509042171788,31.56381704236008,12052.85600875704
2594,42.974575963760856,0.2983012579095234,-0.05500940411680877,214.5670876085241,74.35087297048501,31.568327966549354,2955.579525295604
2595,45.8542063895764,0.23053844151142955,-0.02142803145041736,215.60557821339302,74.3508417167783,31.57283888752361,6628.097211600491
2596,42.577470686682474,0.2506498060850322,-0.02632904064682738,214.89270668773045,74.35081045605723,31.5773498052826,10200.99490954865
2597,39.776549986351206,0.20645530367370463,-0.003003328670070562,215.18849545873377,74.35077918832043,31.581860719826047,9377.293120145763
2598,41.91075698725827,0.1141694326876029,0.052838121414924076,216.10301276147874,74.35074791356651,31.586371631153707,15200.830744462675
2599,44.734926551556605,0.12089493696765198,0.044763948357109756,213.6431578947369,74.35071663179404,31.590882539265323,17949.116736320655
2600,46.38063678025393,0.14426248089792584,0.03353151198247902,211.54926983291676,74.35068534300167,31.59539344416063,17310.30310889962
2601,47.40256697633472,0.11113566098709457,0.045997433527779026,211.7163531114328,74.35065404718796,31.59990434583938,16554.32950676071
2602,47.876703215260484,0.09572681805021548,0.05902584057356214,210.42751907392798,74.35062274435155,31.60441524430131,16155.886436947636
2603,50.68307878612027,0.14437014503776457,0.03468209293182571,210.18760689382972,74.35059143449102,31.608926139546156,8736.746435527828
2604,48.78442439733819,0.18866456805591691,0.02812608133432822,208.77723684210534,74.35056011760499,31.61343703157366,9306.18939007641
2605,45.63115130176403,0.3236633954305308,-0.056848843999556385,209.02065245987905,74.35052879369202,31.617947920383564,8070.93822195261
2606,46.453982111277504,0.3118548834627301,-0.045661668328136736,207.7735824233654,74.35049746275077,31.62245880597562,6354.735273308132
2607,45.53300733727812,0.37650587997263485,-0.10256061520318487,210.2003944773175,74.35046612477979,31.62696968834957,1363.829805023543
2608,45.48265997009468,0.39280681899007314,-0.11079308703212973,209.35673898750824,74.35043477977767,31.631480567505147,850.2938672897122
2609,48.381333075527216,0.26584006339400496,-0.03798364973211014,208.1747304759401,74.35040342774305,31.63599144344209,790.1803605365322
2610,47.4165514161302,0.2576228805167422,-0.042168398910557195,209.14109138724518,74.35037206867453,31.64050231616015,0.0
2611,41.15455045918345,0.15258186155753167,-0.11499368098138348,208.2378698224852,74.3503407025707,31.645013185659067,0.0
2612,37.61639659962532,0.13079626510750414,-0.18755169953358314,207.27675519326843,74.35030932943015,31.6495240519386,0.0
2613,48.581723725124114,0.1883601499183212,0.05788010349735736,210.04910242872234,74.35762145434857,31.351826407038214,10263.621199710236
2614,47.81292966305279,0.20661135499253663,0.0389902604072217,209.81292875989462,74.35759078660732,31.356337486697434,8856.6366564243
2615,44.333672092066,0.3293871656560495,-0.04575128686907247,209.87994722955156,74.35756011197452,31.36084856315431,3066.5372366936563
2616,45.014707616878646,0.3103444708860063,-0.026022391902832797,208.86147757255947,74.35752943044882,31.365359636408588,2726.3039949057656
2617,46.4529469427068,0.2251317521860627,0.017088283259737505,210.60994591742516,74.35749874202887,31.369870706460016,7238.665418797406
2618,47.62852434136776,0.13519655078323198,0.056784208388335776,211.1999472434714,74.35746804671331,31.37438177330832,16782.370729795966
2619,47.880795622560726,0.14389292220622096,0.05335013919255174,210.36662269129295,74.35743734450075,31.37889283695325,13803.161918317244
2620,47.02193613407995,0.20628168977211006,0.02257392392164877,210.2506265664161,74.35740663538982,31.38340389739454,7240.899021372551
2621,48.1086019443191,0.21206610833739137,0.027219142218865795,208.9392221489784,74.35737591937921,31.38791495463192,8878.129534013453
2622,47.809502723250326,0.1952291056974075,0.023651843345346046,208.48345854751562,74.35734519646752,31.392426008665147,8446.939078786416
2623,47.50022831579347,0.1641392081894747,0.04094021666718474,209.41287429099066,74.35731446665338,31.39693705949394,11002.882650052778
2624,48.05433459606778,0.18544377009473065,0.0314353841040154,210.49169522805175,74.3572837299354,31.401448107118046,5989.859914320284
2625,46.63452865902707,0.1567509133285908,0.040426457357203745,210.33487145682267,74.35725298631228,31.4059591515372,6529.215068227529
2626,46.69103211212661,0.15639591318862817,0.03910611395498164,211.7005932762031,74.35722223578259,31.41047019275113,11628.148617534767
2627,43.875254932360626,0.1906716834875547,0.021236445816782166,211.56451825490964,74.35719147834502,31.41498123075961,8417.739074217618
2628,43.4685524533597,0.2085273238911741,0.01078467528766052,212.2357048748353,74.35716071399814,31.419492265562354,9464.758430709868
2629,43.891510853979696,0.17932903064528624,0.029905246564962528,212.2582005005927,74.35712994274063,31.42400329715908,10375.453392875164
2630,44.85568853551279,0.18304356942432903,0.023679477112340034,212.1411811231215,74.35709916457112,31.428514325549568,9580.618351783967
2631,43.615516344753495,0.14649813316819082,0.0355857192266718,212.9173477458476,74.3570683794882,31.433025350733534,10191.05425938232
2632,43.4528936576272,0.1468759943214278,0.04022466065281619,213.34866860005258,74.35703758749057,31.43753637271072,11025.594673112631
2633,43.60943212321434,0.11468818605951879,0.0585051025060387,213.6041364774074,74.35700678857677,31.44204739148087,16261.215875391856
2634,42.78707241150958,0.11162803777416554,0.05861639473367256,214.11588661832562,74.35697598274551,31.446558407043725,16488.694348643825
2635,43.655196420989995,0.10186628817601404,0.0685616103759143,216.1509359346163,74.35694516999538,31.45106941939901,13976.70891352212
2636,44.29356408381424,0.10186769677297065,0.06580581876265519,215.27391304347825,74.35691435032501,31.45558042854647,18080.60844088101
2637,44.570746591869586,0.11395582901026272,0.059723308946856,214.2652173913044,74.35688352373307,31.460091434485854,14945.910403223908
2638,43.17211946191431,0.11312535486381935,0.05703845265607104,213.66130520764662,74.35685269021812,31.4646024372169,12522.27469864629
2639,43.71416378941876,0.1364597979850581,0.04792271648328517,215.02293396599438,74.35682184977885,31.469113436739335,7084.3397335060645
2640,41.518228440031635,0.15218899757794416,0.02678075822560517,213.99578392621865,74.35679100241383,31.473624433052905,9437.289601270835
2641,40.97754428539528,0.20308046562297194,0.008574186342032811,213.48353096179184,74.35676014812172,31.478135426157355,6189.855876518973
2642,43.38442750564824,0.2457187423434466,-0.009322832224586445,213.73003952569172,74.35672928690116,31.48264641605242,3184.094900239985
2643,43.631345300806764,0.26148794569112727,-0.021770946010848745,214.74940680200373,74.35669841875074,31.48715740273784,10065.15027718433
2644,47.52239667681425,0.26226042124280197,-0.01529946515517268,213.0167325428195,74.35666754366912,31.49166838621337,7467.953226755439
2645,49.06290076764033,0.13115473625405089,0.04982524765671634,215.835836627141,74.3566366616549,31.49617936647872,18848.39249720528
2646,48.6636856990166,0.17942312633087998,0.022865471334781565,216.46827277514484,74.35660577270673,31.50069034353365,13869.805589523978
2647,47.608542089303135,0.23563736975333194,-0.016619763067248973,216.50665261493882,74.35657487682319,31.50520131737789,10855.273533803367
2648,48.47811156407633,0.17908683306192422,0.023372921208438254,215.22381578947372,74.35654397400293,31.509712288011187,7839.131645669018
2649,47.414097455124434,0.22758295809284798,-0.004376755467995052,217.09940750493755,74.3565130642446,31.514223255433297,11504.157507995887
2650,47.23996770132766,0.25115132224873576,-0.017861605849082557,216.9572841133817,74.35648214754677,31.51873421964393,8748.608727618399
2651,47.88505658116303,0.20717214180716434,0.016192936923263984,217.46756329113936,74.3564512239081,31.52324518064285,7846.927025272833
2652,46.7535943383768,0.26229594464679545,-0.025964981651293174,217.1115060558188,74.35642029332718,31.52775613842978,6627.617797928255
2653,43.98541954118486,0.3975402310946378,-0.09649138635002821,216.14533965244868,74.35638935580268,31.53226709300447,5038.816208656708
2654,42.991234029425975,0.43857185095927426,-0.11334643901454095,215.94667544437132,74.35635841133316,31.536778044366656,3668.270369426949
2655,46.00423596648284,0.27129798556499296,-0.0411298658737812,216.20415953665918,74.3563274599173,31.54128899251608,8898.157552199593
2656,46.0996547160558,0.2628340174433539,-0.0271568586171778,217.51914221812922,74.35629650155369,31.5457999374525,9466.630807234273
2657,45.281589784429684,0.2709711593941539,-0.05145479607154,217.89975003289044,74.35626553624094,31.55031087917563,8592.288407478442
2658,44.49272070722239,0.37071770929461745,-0.09407049912518507,217.56013157894736,74.35623456397767,31.55482181768522,8187.630530513933
2659,43.72682458265501,0.3920308143540799,-0.08726247592285923,215.93089377385812,74.35620358476251,31.559332752981028,6165.225049312435
2660,45.47757901343692,0.33728688904299825,-0.054374293684492314,213.3098591549296,74.35617259859409,31.563843685062768,8798.592137759284
2661,44.74565743048581,0.28394229716825553,-0.04174201799788835,215.701290152712,74.35614160547101,31.568354613930204,6182.17424567446
2662,44.25979748562503,0.38266175344144254,-0.09274844259104005,216.11500000000007,74.35611060539188,31.572865539583063,1538.6433008994895
2663,41.05872573624739,0.3066772067076168,-0.06202695784726206,215.41342105263163,74.35607959835532,31.577376462021093,2941.3432864043966
2664,40.41171853966828,0.28165481900015954,-0.029414924109083824,215.15205371248032,74.35604858435998,31.581887381244048,3235.221362318304
2665,45.385530929485356,0.15326633717743646,0.03849952362350939,215.2183756746084,74.35601756340444,31.58639829725163,9944.3346354289
2666,46.97465625129791,0.12231817766996599,0.04629247895183573,214.3077530604186,74.3559865354873,31.590909210043623,13293.180721085844
2667,47.571539775468445,0.12902562399555906,0.036268416483619094,211.31565789473686,74.35595550060722,31.59542011961974,14170.84574643772
2668,48.41881588803817,0.10199834170776578,0.054405602426916104,211.3490789473685,74.35592445876279,31.59993102597974,15844.566085314957
2669,48.97912268697899,0.10420674824208455,0.05813770419502059,210.22315789473691,74.35589340995264,31.60444192912337,14397.000763664486
2670,50.359687049868455,0.14328363654848592,0.02739007286364764,209.91565789473688,74.35586235417533,31.60895282905035,8831.98981457002
2671,48.166641266954386,0.23933505295147608,-0.0032521200644689964,209.12248388369963,74.35583129142955,31.613463725760443,8283.775920306738
2672,46.12792753867456,0.2956511121208068,-0.03646597360121026,208.87652859960562,74.35580022171388,31.61797461925337,10978.447503206538
2673,46.43914210389739,0.335339488695434,-0.05766828707548672,209.56736842105258,74.35576914502691,31.6224855095289,1759.1569643396676
2674,47.5592155839008,0.35884728937482774,-0.05392020110247005,207.62004999342187,74.35573806136726,31.62699639658676,0.0
2675,46.593953200523615,0.3933650314608101,-0.08757779824041736,209.01828706749114,74.35570697073356,31.63150728042667,0.0
2676,46.40133556470334,0.2885075926241342,-0.04593689371131994,208.53006183396923,74.35567587312441,31.63601816104841,1637.2841314123666
2677,43.17981866320091,0.383224608099458,-0.1326614336517434,208.56137350348632,74.35564476853841,31.6405290384517,0.0
2678,43.82169348842607,0.3778452294704326,-0.12662483405641276,208.88376068376073,74.3556136569742,31.6450399126363,0.0
2679,43.1557440898225,0.38853628720155226,-0.14019404007326813,207.3491124260355,74.35558253843034,31.649550783601946,0.0
2680,48.02332884490896,0.21602857706704015,0.03750770610493632,209.99392819429778,74.36287798881219,31.35185261505188,2341.981595966884
2681,46.641854459637244,0.2393002082251933,0.02361267084153787,210.5083113456465,74.36284757198115,31.356363699330707,3970.182441379407
2682,45.00729761549666,0.26669769687863004,-0.010442530141851565,209.97599261311174,74.362817148315,31.36087478040765,8919.89605996117
2683,42.547870234087405,0.3808865927975438,-0.07034717697575947,209.7648145704105,74.36278671781228,31.365385858282423,3320.7060418919264
2684,47.26359951245515,0.19432091652545092,0.028485978371293817,211.4455145118734,74.36275628047174,31.369896932954788,7933.930446840748
2685,47.59124964706204,0.14832101402745576,0.04777449865418721,211.9949868073879,74.36272583629197,31.374408004424453,15980.72526191005
2686,48.035873823969695,0.1721248432419836,0.03654989834860304,210.08714568226767,74.36269538527164,31.37891907269117,9127.062108130984
2687,47.69113970332061,0.16511868595321158,0.04378758220521314,210.92044854881271,74.3626649274094,31.38343013775468,9351.93473894993
2688,48.47874035283739,0.14184560719544334,0.04925317604811305,209.77667853845148,74.36263446270387,31.387941199614723,12450.752525943108
2689,48.80593805130541,0.1832462107672172,0.030318040522619348,207.88660337552747,74.36260399115373,31.392452258271025,10515.011803468886
2690,48.22970191975875,0.17065723834979377,0.024500421660589796,210.36888595912998,74.36257351275762,31.39696331372334,6901.440629549578
2691,47.37177636780782,0.163780206527827,0.030717585783623116,210.06340627471667,74.36254302751416,31.401474365971392,11468.495368952585
2692,46.05524356538739,0.1408332770678573,0.042336805256122774,211.96508563899877,74.36251253542204,31.40598541501493,14097.5939761295
2693,45.343152436076984,0.14813744175493368,0.04995047945815025,211.29528078038487,74.36248203647985,31.410496460853697,10267.937496523327
2694,46.19242312281758,0.14919503316062574,0.05117098656695108,212.02031394275156,74.36245153068627,31.415007503487423,11404.198591060544
2695,43.3825908526417,0.1481058143014351,0.042082209872963044,211.6204851041392,74.36242101803995,31.41951854291585,19265.98618448956
2696,43.85710659611553,0.14736772280317917,0.04509980345279704,213.08715717299577,74.36239049853948,31.4240295791387,16871.729453785836
2697,46.29941016115362,0.12844340133001234,0.0530726552273221,211.41687541199732,74.36235997218358,31.42854061215573,12157.145164365367
2698,45.436858945761934,0.11623969687343372,0.06072129751543508,210.8049037701028,74.36232943897086,31.43305164196669,16350.365923239024
2699,43.081643098096265,0.13235156335470352,0.053236158145893824,212.34436387607118,74.36229889889994,31.437562668571303,14689.72712262979
2700,43.41048673495784,0.12305178651801836,0.06027087523194589,212.79158977063003,74.36226835196946,31.4420736919693,16458.03265363156
2701,44.94373836211859,0.10646111652284349,0.06601379360014441,213.90513833992085,74.36223779817811,31.446584712160448,15837.832810858605
2702,44.31295012406803,0.10766416604437992,0.06206153536278373,215.19601898233586,74.36220723752449,31.45109572914445,12661.634390884146
2703,42.71321313308993,0.13809543357505225,0.0427054330087789,214.38663327181646,74.36217667000724,31.455606742921063,13566.118834439145
2704,44.17347246899607,0.11376471771170825,0.059663776928197236,214.42569169960473,74.36214609562504,31.46011775349004,15819.493795770326
2705,44.1993694767084,0.1881562333665784,0.012664773441685154,212.6169455791277,74.36211551437646,31.464628760851102,12665.218193984358
2706,43.3926955357047,0.21878509778563857,0.0033445946359823967,211.59169413315757,74.3620849262602,31.469139765004005,10798.087306963367
2707,41.63669750859686,0.11193896312339871,0.05707338771476357,213.8040843214756,74.36205433127488,31.473650765948477,14071.41057490776
2708,41.35905723804748,0.13112860362104556,0.04268213652037064,215.2578392621871,74.36202372941912,31.47816176368425,9916.858892951615
2709,41.93509267017522,0.2369537081323851,-0.007187700402821494,214.94269529706236,74.3619931206916,31.48267275821108,7007.588693322784
2710,43.79434921155054,0.2555192353433069,-0.021734182814441335,215.72638651034123,74.3619625050909,31.487183749528697,7406.260766693482
2711,47.93064786773916,0.13515788823461578,0.04505304465545081,215.2206851119894,74.36193188261568,31.49169473763685,13412.450123110866
2712,48.890948657387725,0.1624723851503746,0.035509497160703986,215.49203003556846,74.36190125326459,31.496205722535272,12310.918689385891
2713,48.16144926250432,0.20884833804251526,0.011523554063385063,217.38716901593992,74.36187061703627,31.50071670422371,12568.678666079935
2714,47.667842434454556,0.30166032156832073,-0.03100965834391599,216.79301712779966,74.36183997392934,31.505227682701893,6632.504715645647
2715,48.12018355697826,0.274737547431053,-0.010735881291924019,214.93487145682272,74.36180932394242,31.509738657969564,7287.310214845283
2716,48.1236311322073,0.24638409120919447,0.006268027943639282,214.71215717299575,74.36177866707418,31.51424963002648,7734.688315636357
2717,47.669564053750996,0.2907802075686382,-0.016981127561279175,216.60830039525695,74.36174800332323,31.51876059887236,4264.105480875319
2718,47.222479409425645,0.25015716481555117,-0.017660004319704978,217.94915030957716,74.3617173326882,31.52327156450696,13518.221643171191
2719,47.28040909577861,0.2551151257461246,-0.012328402154208976,217.56956693431619,74.36168665516773,31.527782526930007,9948.139834894051
2720,47.91047301167875,0.21360219308893272,0.004753133163890961,217.54479673727138,74.36165597076045,31.53229348614125,8844.186418811765
2721,46.97414553238129,0.29182395316400983,-0.025057848764859506,215.3358768583081,74.36162527946503,31.536804442140436,7855.482679599078
2722,48.01880174728579,0.22679768842922843,0.00800547011844892,216.54324075292874,74.36159458128003,31.54131539492728,12158.268378339308
2723,47.02005211666845,0.26439534973213474,-0.02658995450513434,216.20708734027139,74.36156387620413,31.54582634450157,7511.906830680417
2724,47.5906931300237,0.1813195795762472,0.015052829109104656,217.4103475513428,74.36153316423596,31.550337290863,13995.37316773666
2725,45.53282532260436,0.2643957215695519,-0.03355129934118359,219.7732718894009,74.36150244537411,31.554848234011335,7618.051445948147
2726,43.82385689940762,0.4015431954630244,-0.08648913638235284,217.03765139547133,74.36147171961728,31.559359173946312,2527.170577787416
2727,46.88736010894213,0.38501687727431405,-0.07577082696727923,216.0242105263158,74.36144098696403,31.563870110667665,411.79447375719394
2728,46.78553748118486,0.36749654545412325,-0.08590056460592119,217.90218536071626,74.36141024741303,31.568381044175148,3576.62945422172
2729,46.617982992574085,0.35895999278464413,-0.0874412452940973,220.23475971033585,74.36137950096288,31.572891974468494,65.85657343856244
2730,42.28651353408772,0.23709414853806485,-0.010310772401516259,217.1560031595577,74.36134874761227,31.57740290154745,7001.021005966373
2731,41.07041918743291,0.1907211886364658,0.008276094221915184,215.63434210526316,74.36131798735971,31.58191382541176,11703.994679081869
2732,46.85628985740264,0.11205277267405843,0.056410329703856,214.2973684210527,74.36128722020395,31.58642474606114,13265.383158586506
2733,48.26794481454979,0.11675274984224701,0.05158336062519744,210.98525539757773,74.36125644614354,31.59093566349536,16665.235365848268
2734,48.15269373390999,0.17239714885053983,0.021691364191052834,208.9344391785151,74.36122566517713,31.59544657771416,15299.207110158972
2735,48.740096975550614,0.14357480346442777,0.04101376100350101,209.5675569004079,74.36119487730335,31.59995748871728,16321.885777129582
2736,48.7785327251191,0.14273074853639311,0.03791070262148134,209.1160373635049,74.36116408252083,31.60446839650445,14986.916708945571
2737,51.03697853537168,0.1412468445609879,0.023060599055855793,208.51453756084734,74.36113328082818,31.608979301075436,4546.752814009802
2738,49.26880971861733,0.1986600934627004,0.010501601757780992,208.55716353111433,74.36110247222405,31.613490202429944,4282.532278314358
2739,46.26710599359427,0.26109761875144494,-0.020239109677044415,209.25312458886984,74.361071656707,31.61800110056774,8970.191391327055
2740,47.59802659168399,0.24219666813587973,-0.013477954806448238,208.83844231022232,74.36104083427573,31.622511995488573,7381.727398140144
2741,47.57223045613472,0.3405431147610611,-0.03296695245370522,209.9432969346138,74.36101000492881,31.62702288719216,0.0
2742,47.03804221843789,0.35741964195408593,-0.06579854519643265,208.84142011834322,74.3609791686649,31.631533775678264,36.57912402724992
2743,44.30394824491126,0.35606711315896517,-0.10972497451677156,208.74687705456932,74.36094832548258,31.636044660946627,1171.1325539185418
2744,42.99774670505857,0.38076005674961005,-0.12960341475539028,208.58163399552686,74.36091747538052,31.64055554299698,618.4581720728529
2745,42.678581836463636,0.4000824809435756,-0.15136752136773385,209.6785949217208,74.3608866183573,31.64506642182908,0.0
2746,41.95134238249704,0.4495456526192072,-0.17716247922228265,208.72136752136748,74.36085575441156,31.64957729744265,0.0
2747,45.973052151235514,0.21229938265145293,0.01654782245414306,210.6578669482577,74.36813453010961,31.35187860775424,6556.219535111139
2748,45.134623527650426,0.280583800787905,-0.01693208469085373,209.20118733509233,74.36810436419019,31.35638969661476,3292.2366700970065
2749,46.014732053777756,0.19947808906432427,0.01161477120956162,211.67740232312568,74.36807419149194,31.36090078227381,11172.419613215645
2750,47.15020083691558,0.16425924601660968,0.039568863276703885,212.4292875989446,74.36804401201358,31.365411864731115,12608.625413014752
2751,47.52808894352991,0.13044008999975157,0.053369297711039126,212.85278986941034,74.3680138257538,31.36992294398644,12448.972768837652
2752,47.467926200783566,0.14829612227571187,0.04675434375571808,210.23255507189032,74.36798363271119,31.374434020039505,11713.100468418688
2753,48.22060439876076,0.15355434229957152,0.04570876260920966,211.2084377059987,74.36795343288445,31.378945092890035,9555.964777160829
2754,47.90332758988007,0.1572151361285969,0.04957269454472461,210.39533350909574,74.36792322627223,31.383456162537808,11767.84497509821
2755,47.882868807237045,0.25147041940656933,0.013345076367029477,208.57039282889536,74.36789301287315,31.38796722898253,5580.427391143841
2756,48.217077869248165,0.24096312375897236,0.00320057729300534,209.1325682627622,74.36786279268595,31.39247829222395,10805.128087692196
2757,47.4956389770442,0.1605531952766732,0.0483644855868635,209.285036255768,74.36783256570921,31.396989352261794,2911.417833536833
2758,44.82113288920794,0.16649860586400195,0.043399701139704656,209.7371617161715,74.36780233194162,31.401500409095824,4054.501935945301
2759,44.57160534285715,0.20871321064460271,0.016666563767346005,210.35786835509822,74.36777209138184,31.406011462725765,8931.272452656465
2760,42.554533267719194,0.15585047734615218,0.03702258802322034,210.38378378378374,74.3677418440285,31.410522513151356,12322.507943559003
2761,43.576556644614186,0.14447656874077133,0.04451865115725708,211.36340852130323,74.36771158988029,31.41503356037232,18211.462173557135
2762,45.78531270284868,0.18508008693103392,0.025634837206651526,211.84972317426835,74.36768132893586,31.41954460438844,16792.74337628434
2763,45.808461720615696,0.13475921936409507,0.05442712862909994,211.22584047462095,74.36765106119383,31.42405564519941,18042.03005891706
2764,44.26653476749111,0.12501428286986846,0.05592871488988774,211.8841133816743,74.36762078665289,31.42856668280499,13416.4363314923
2765,46.63121250182443,0.12500425118984115,0.058274428097193756,210.80239915634058,74.36759050531167,31.43307771720492,14348.911381278003
2766,46.85100108098751,0.15745939366448736,0.04409139973753852,211.19103493737637,74.36756021716884,31.43758874839893,12721.74454330445
2767,46.07921577001848,0.18011233710680347,0.02706959148563372,211.10613052076468,74.36752992222307,31.44209977638677,11659.449441789033
2768,46.321811402987095,0.14297071712594517,0.03653527778943787,211.27643026627996,74.36749962047296,31.446610801168173,12325.076840460297
2769,42.46248835882201,0.11052788825740534,0.05066990873630215,212.57438397680855,74.36746931191722,31.451121822742884,13365.605654435234
2770,43.846484788372024,0.1463072309662873,0.03743457562047952,212.48220406011075,74.36743899655445,31.455632841110628,13001.82927029843
2771,43.52364905964539,0.20969720628142954,0.0031629781579666084,215.27273925652517,74.36740867438333,31.46014385627116,10383.59003124804
2772,41.8996497501186,0.21722343346161746,-0.003573474129412212,214.50184453227928,74.3673783454025,31.46465486822422,9150.57121849694
2773,42.54171805724363,0.23274648404344966,-0.006980149562413966,212.4753493277089,74.36734800961062,31.469165876969537,10014.499805111296
2774,41.57443865707906,0.1898314598216751,0.012697800994629912,214.81501976284585,74.36731766700633,31.47367688250685,11770.59744327135
2775,41.21571790841109,0.1480755627620845,0.03982022411078698,216.08471673254283,74.36728731758829,31.478187884835904,8410.466520998307
2776,43.473875551425,0.11777385728044039,0.05349105098428077,215.11046664909048,74.36725696135514,31.48269888395645,11943.720779013369
2777,48.01597493624822,0.12285594975133157,0.05376830124056508,215.87524700302995,74.36722659830552,31.48720987986822,12864.877924034205
2778,48.7231660167589,0.14533575705591725,0.03734830989645826,216.03781291172595,74.3671962284381,31.491720872570944,11618.662062842404
2779,48.24274667233569,0.19511417208331366,0.014907499245821819,216.99934132525357,74.36716585175151,31.496231862064374,10991.610635063658
2780,46.991677919355745,0.2791475535969876,-0.038077690440466695,215.65928853754937,74.3671354682444,31.50074284834825,11163.350655121048
2781,46.539084562515505,0.36890225564751844,-0.06821607400777664,216.33447593935406,74.36710507791543,31.50525383142231,5874.960984636504
2782,45.21526101031088,0.4200970590835336,-0.1089106131352206,215.27427216440526,74.36707468076322,31.509764811286285,7077.330013148433
2783,46.47777846738382,0.3771305411289414,-0.07474789597925173,216.16484529295593,74.36704427678644,31.51427578793993,5516.574051617554
2784,47.970321937985794,0.33138077338725364,-0.022554739232136217,215.91785150078988,74.36701386598372,31.51878676138298,3012.381402656757
2785,46.28828739889665,0.30259366924537695,-0.043257352516045046,217.8733377221856,74.36698344835374,31.523297731615177,8935.563890842906
2786,45.53137990626927,0.34146751381224166,-0.07692200930189601,218.73653010143593,74.36695302389506,31.527808698636267,9303.457206153558
2787,47.48376184566857,0.29966980861655285,-0.031687048041755046,216.3074693716243,74.36692259260641,31.53231966244597,4070.9222037815225
2788,46.82912511077016,0.3473669865479254,-0.06382300838132435,216.85229067930487,74.36689215448638,31.53683062304404,7450.48249374133
2789,46.79249928956165,0.35171688397472034,-0.05184457915462886,214.86927330173776,74.36686170953367,31.541341580430245,6064.853029044826
2790,46.95636674755632,0.3246713784059783,-0.05607332901977344,215.74417379855174,74.36683125774685,31.54585253460428,2457.413422649093
2791,47.9962605970024,0.19237595215378253,0.01826487920092445,218.0329120589784,74.36680079912462,31.55036348556592,12727.221354501717
2792,47.492130694211994,0.1448239399912949,0.03958407221251239,219.26714944042138,74.3667703336656,31.55487443331487,16521.017094588446
2793,45.9627699848223,0.32918280051306614,-0.06977866327643127,218.46419167983154,74.36673986136842,31.559385377850912,6052.954384909879
2794,48.087045116101926,0.3498308121153555,-0.08291421918501825,216.83636124275935,74.36670938223173,31.56389631917377,12.007317679509631
2795,46.757453335154054,0.3252672219789759,-0.053567129899371894,216.53172722485522,74.36667889625419,31.568407257283187,8390.722597694066
2796,47.134248865546084,0.3316379453084844,-0.05201525471725394,219.58355263157898,74.3666484034344,31.572918192178896,3069.035945004465
2797,47.8918959229072,0.14900963518913826,0.04193774267880817,218.22725477287702,74.36661790377104,31.577429123860657,10041.839268523136
2798,46.92130755938138,0.1404871112062549,0.043858541619971526,218.09819665657508,74.3665873972627,31.5819400523282,15589.675000172085
2799,48.017517159935586,0.11053162839737149,0.057532484345033795,214.34416524141574,74.36655688390806,31.586450977581247,14008.404991034977
2800,48.711374095734804,0.12026490231714576,0.05554174011162291,209.87975266412323,74.36652636370574,31.590961899619572,18075.25809121885
2801,48.716911748579726,0.15304797609626294,0.03471412604189769,209.10806897459528,74.36649583665441,31.5954728184429,12308.588312146632
2802,48.60666041565981,0.17635951049978915,0.01329226731706657,208.24325746612297,74.36646530275266,31.599983734050983,13282.380830494309
2803,48.9679531822803,0.13640831074265047,0.038336301253865133,208.34842105263166,74.36643476199916,31.60449464644357,15176.119269373106
2804,50.87413408532057,0.13262679206484396,0.042506834895565816,210.16901408450713,74.36640421439252,31.609005555620385,9107.864558406898
2805,50.879288603655276,0.17457548123470681,0.023973766551700915,209.29184210526313,74.36637365993137,31.613516461581167,4643.024856845406
2806,47.66888991226287,0.290370992096562,-0.04614723975095193,209.6817524009998,74.36634309861437,31.61802736432567,5828.696035482146
2807,48.50907124550059,0.2844770047592284,-0.018226396517486573,211.61412971977373,74.36631253044017,31.62253826385364,3760.699346395888
2808,47.42947337208422,0.3525783251483568,-0.03270801933914071,212.15526315789467,74.36628195540737,31.62704916016481,1003.4501692853116
2809,47.697247426830685,0.31599115429085095,-0.04155420184821311,209.35534798052882,74.3662513735146,31.63156005325893,3300.174905452027
2810,45.05584417656671,0.3153922658365145,-0.06953696069724455,209.99052880820835,74.36622078476053,31.636070943135746,7105.358131638383
2811,43.70250598994477,0.35515994872796885,-0.09057303771608281,209.33482377695947,74.36619018914375,31.640581829794986,5659.32131330976
2812,42.16605826529056,0.41003392984842385,-0.1552093860304819,209.602419142782,74.36615958666293,31.6450927132364,163.09008918832205
2813,40.86011734271593,0.3653823165110527,-0.13482782178459454,209.30905744708815,74.36612897731669,31.649603593459734,0.0
2814,46.98806829081046,0.14781604919206795,0.04543358339868838,210.27059134107714,74.37339107818448,31.35190438514434,12270.848345371232
2815,45.13569624626371,0.22167843577046628,0.00121274732913829,210.56783124588003,74.37336116317796,31.356415478548588,8587.525540777293
2816,45.5750097018615,0.19558327597883784,0.014510158057642589,210.44828496042226,74.37333124144905,31.3609265687518,11641.430338205875
2817,46.68495155143182,0.15363192924308938,0.04380626071891752,209.64442979564933,74.37330131299638,31.36543765575369,14085.713021662448
2818,46.29202632665614,0.17601392510484648,0.033200259654176285,209.44044321329642,74.37327137781867,31.36994873955402,10054.759529173944
2819,47.72744009975448,0.20828557486335342,0.030381775933609655,209.30653465346538,74.37324143591457,31.3744598201525,8540.749749549166
2820,47.69520840971376,0.1949744001997668,0.021454003950556258,210.70567282321903,74.37321148728273,31.3789708975489,8977.672653218953
2821,48.755841660167576,0.20480569355693032,0.029228969263015343,210.3502638522428,74.37318153192186,31.38348197174296,7766.433403532676
2822,48.221458357715086,0.2578217781447685,0.012453696841273705,211.21147757255946,74.37315156983063,31.38799304273438,10450.772505013274
2823,49.580126944291564,0.2322596092343407,0.020652235695914664,209.08350923482843,74.37312160100767,31.39250411052292,8681.228612938789
2824,48.30959840903446,0.20819741401480227,0.02436296324195325,210.6343490304709,74.37309162545164,31.397015175108336,5157.8697392807535
2825,47.24534775943968,0.2139033738421166,0.025310536705524786,209.92010547132494,74.37306164316126,31.401526236490334,6388.413061492136
2826,45.8538928365928,0.16188378537528042,0.05140070530767203,209.2584091808468,74.37303165413518,31.40603729466868,13176.00832037191
2827,43.71133093066976,0.1642007023970828,0.03532848117038519,210.8756756756756,74.37300165837205,31.4105483496431,12430.342140347104
2828,42.29461620721585,0.21715382383532578,0.010151616322388238,211.22627062706263,74.37297165587054,31.415059401413345,9895.044266160408
2829,44.283451826003954,0.2085523003495216,0.027016818495185505,210.5837837837838,74.37294164662934,31.41957044997914,8914.194461712712
2830,43.76085912197313,0.14125130628320876,0.05054861414353873,211.3067792139277,74.37291163064708,31.424081495340225,16137.1021674553
2831,44.62954073465465,0.1499582529457626,0.048172463530269584,211.36026891642499,74.37288160792247,31.42859253749634,7736.869566931937
2832,43.74352858894399,0.16756743104946914,0.034640254501605044,210.13895847066573,74.37285157845413,31.43310357644724,7449.706681652129
2833,43.11018412838235,0.1793263250589018,0.025419565216030386,211.27738958470655,74.37282154224074,31.43761461219265,8425.483166464132
2834,44.276906216312476,0.30615854965497824,-0.05245568688364245,211.3191825972314,74.37279149928098,31.442125644732304,5872.951304929704
2835,45.087534012604806,0.21413717405509736,-0.025411414389640122,211.89836540996572,74.3727614495735,31.446636674065957,9067.683459818369
2836,42.79188278785,0.20222345242866213,-0.0057749937048782035,212.88254679673088,74.37273139311695,31.45114770019333,7083.259421238886
2837,44.78315913994201,0.18970860766020348,0.018039349203834362,214.3766644693474,74.37270132991,31.45565872311417,10077.644676181868
2838,44.22519698879121,0.18995639663693817,0.014200870653486745,215.3834695491696,74.37267125995135,31.460169742828235,12830.92596522313
2839,44.53059878064867,0.2197993332686239,0.0026447661618210364,214.89215557020435,74.37264118323961,31.464680759335234,9222.548230459231
2840,45.0796776462515,0.22928127711622312,-0.0015841479294193377,217.28127059443784,74.37261109977347,31.46919177263493,9232.81755925263
2841,45.0155437065955,0.23600566352001484,-0.0028044322829297035,216.56069592724393,74.37258100955155,31.473702782727063,9335.93918046312
2842,45.01793868419181,0.23246435005095994,-0.003243660255527523,215.66947701225132,74.37255091257258,31.478213789611363,8542.866107582002
2843,47.905282703211626,0.1661645051225703,0.05273919581322953,212.47211601845746,74.37252080883516,31.48272479328757,9703.7313472454
2844,48.8207669043512,0.15548681738190698,0.03831871983491669,215.55816098010806,74.37249069833797,31.487235793755428,12873.44694132486
2845,48.639520855119166,0.1438572839792888,0.03697875271117321,215.6017116524029,74.3724605810797,31.49174679101467,10455.45123163553
2846,47.78029430714945,0.2096403141373071,0.004502844542641389,216.43475971033575,74.37243045705895,31.496257785065048,10718.162810912898
2847,46.78293649117903,0.2921480706374076,-0.05051134235518505,216.3040442629429,74.37240032627442,31.500768775906295,8834.880939227849
2848,46.44659366232171,0.38765170522399334,-0.07325733447450693,213.11417270929468,74.37237018872477,31.50527976353816,5712.559621787921
2849,45.17480288331184,0.35778433079662736,-0.0817560934815436,216.72230272691345,74.37234004440863,31.50979074796037,9185.877201687708
2850,45.758417528380996,0.3490287215035237,-0.06195257111668254,216.62653141878542,74.37230989332465,31.51430172917268,8072.629307445906
2851,45.49928189711462,0.34458181117628295,-0.06729785519616313,217.75256916996048,74.37227973547154,31.518812707174817,5958.705919570997
2852,45.19344028064999,0.33987230395597623,-0.06676406957900018,216.57165458141063,74.3722495708479,31.523323681966527,5665.618354707969
2853,45.78793393179881,0.3260861944785582,-0.061161958250309414,217.70608375032927,74.37221939945239,31.527834653547565,8494.251665139887
2854,46.241093766595526,0.3333027762540005,-0.06218951982384946,216.19507051535527,74.37218922128372,31.53234562191765,8985.303861150993
2855,46.52294358511655,0.34349239030705264,-0.05511274721478404,216.82238314680708,74.37215903634049,31.53685658707653,1434.063519210628
2856,46.64655972463255,0.27101127923775165,-0.02967761719990826,218.74328240252905,74.37212884462137,31.54136754902396,3613.374528122384
2857,46.32168588714681,0.3300104684737774,-0.054838314155699494,215.34298880842658,74.37209864612501,31.545878507759667,8155.581281601247
2858,48.00154955978805,0.22294744309545386,0.021648722180761335,215.9826201448321,74.37206844085009,31.55038946328339,7189.00298225387
2859,47.58847411085892,0.22511037833325118,0.002769947375496667,215.65959689105523,74.37203822879522,31.55490041559488,9691.224365260066
2860,46.583413961859144,0.2676591205272373,-0.036141749638860125,216.7853851217908,74.37200800995906,31.55941136469387,8123.092372155344
2861,45.57021607621596,0.35753732692471435,-0.06253415966174092,216.02699144173803,74.3719777843403,31.563922310580107,6381.058115732319
2862,46.76825276643369,0.28439270024875013,-0.02837266065464936,216.34728804634028,74.37194755193755,31.568433253253332,11172.277582251718
2863,47.84845733062798,0.2254117948618771,0.0012770778889179479,216.80213270142187,74.3719173127495,31.57294419271329,9520.195026966549
2864,48.51002957452371,0.13628372338522834,0.049455348574883956,218.25500000000005,74.37188706677478,31.577455128959727,12480.5617033642
2865,48.43269509231076,0.12902615830126213,0.048599850888443596,217.02409479921005,74.37185681401202,31.58196606199236,12143.245159609676
2866,48.803371167891044,0.11048247715214035,0.05947574163993039,212.80094786729865,74.37182655445987,31.58647699181095,16063.812390943074
2867,48.87607680468031,0.09813702860531032,0.06281876849983768,210.10447368421066,74.37179628811701,31.590987918415244,20032.88995033151
2868,48.46062354268961,0.11508810917025153,0.04660111405673013,208.9470774091628,74.37176601498209,31.59549884180497,17276.404640061293
2869,49.282964651572414,0.1058255495636929,0.05298142054086248,208.71342105263162,74.37173573505373,31.60000976197988,15825.629912366969
2870,50.04665816666621,0.13481679711514044,0.03321061435644224,209.30101302460199,74.37170544833059,31.60452067893972,8135.735876012598
2871,51.51931541565167,0.14753971112811737,0.027329290520320487,209.0689836756187,74.37167515481133,31.60903159268421,6454.7330187116695
2872,51.45456565558684,0.19670680582183242,0.015864949812518535,210.45131578947365,74.37164485449458,31.61354250321312,5530.320158935816
2873,47.447898973451316,0.2733390807366536,-0.03517906236306774,211.14026315789468,74.371614547379,31.61805341052618,4244.111897561531
2874,46.59846490001973,0.37995125229598353,-0.0660727485213435,210.65548539857917,74.37158423346321,31.622564314623133,1444.2050210826435
2875,48.403759188674535,0.3469094125201975,-0.03243557373248609,211.71045364891512,74.37155391274587,31.627075215503723,0.0
2876,47.16982181840522,0.34766417202646616,-0.07014496574248652,208.20352353405204,74.37152358522565,31.631586113167685,4124.38163816272
2877,43.79138249899291,0.36666132323545336,-0.09876547596712938,209.38180383907434,74.37149325090115,31.63609700761477,4513.657104869978
2878,44.540270891135386,0.30439006643059807,-0.06611461701017197,210.760294698066,74.37146290977105,31.640607898844724,6922.10534161167
2879,41.54458564279292,0.41209314323634366,-0.15653564481547746,210.43116370808673,74.37143256183398,31.645118786857275,1031.3525061274236
2880,40.46331567815946,0.4371859014251902,-0.17829774636884324,209.2258913300881,74.3714022070886,31.64962967165218,0.0
2881,46.986720647136664,0.22909173615965592,0.022434970672171296,209.25056105610565,74.37864763298043,31.351929947221212,5484.115235059399
2882,46.28565409779129,0.19408546794041068,0.024857299740722316,210.91463253727412,74.37861796888815,31.356441045131245,13910.467682476266
2883,44.89677647814046,0.26208418015669155,-0.010552436485768452,210.43790418371393,74.37858829812986,31.36095213984065,9320.296887872812
2884,45.04672500145631,0.2595605689045752,-0.013825862924811836,210.03535153673658,74.37855862070421,31.365463231349164,11463.463701014069
2885,45.81348739226257,0.2032048607156793,0.025335018762404685,209.91490765171505,74.37852893660994,31.369974319656546,15940.953878093384
2886,46.33905238348552,0.20069062473720375,0.02169927813508712,209.76464379947237,74.37849924584565,31.37448540476249,14418.681698442308
2887,46.43954487704226,0.23604302683924072,0.012841691014620453,209.70870712401066,74.37846954841007,31.37899648666677,11379.721437583092
2888,48.15131829346266,0.24187661061648164,0.010713190981143254,209.83656509695302,74.3784398443019,31.38350756536913,3129.2291630718014
2889,48.975226993192095,0.23469075984265544,0.019557044114243912,208.86376237623756,74.3784101335198,31.388018640869287,7066.452056905153
2890,48.471170527380316,0.27245926146906496,-0.004184900320948261,209.2358527898694,74.37838041606241,31.39252971316699,2876.197519892786
2891,48.978140572259896,0.23764858068605346,0.025982495398018394,209.3499999999999,74.37835069192846,31.39704078226197,4709.05245801993
2892,49.29628841398285,0.21726742929429285,0.04014095309744968,210.11575477916938,74.3783209611166,31.40155184815397,12321.999546836918
2893,49.07590586463457,0.2172992041990333,0.046953327909936164,210.16081794195256,74.37829122362555,31.40606291084273,10841.097228597297
2894,48.324080053671736,0.20958720981399076,0.04261246157415354,211.00975609756097,74.37826147945395,31.410573970327995,9953.581681252568
2895,46.86846112972696,0.20777223557103444,0.03911860993931553,210.4463791056589,74.37823172860051,31.415085026609507,9443.125997643669
2896,45.45558123509296,0.20598565447538275,0.035847376342236115,209.97851021753462,74.37820197106386,31.419596079686997,11440.35695913194
2897,44.468873800835,0.18919518340778022,0.04040157858335011,208.92850547421187,74.37817220684272,31.42410712956018,13985.94072351632
2898,44.468980140527705,0.22960392304776442,0.013502793604030703,210.57031662269122,74.37814243593576,31.428618176228827,7828.069349607919
2899,44.15327571910171,0.2384016717713671,0.0030135596148686437,209.66442421844076,74.37811265834162,31.43312921969268,2803.4511232260165
2900,45.10082954587336,0.22493704654060748,0.011467172536523703,209.84485488126643,74.37808287405902,31.437640259951458,5630.830978289853
2901,46.09590255717735,0.28582596760276185,-0.02438189460812192,210.23005932762027,74.37805308308661,31.44215129700492,5054.41691012674
2902,46.288727889077265,0.26444177937590996,-0.012802493418963964,212.22963353546004,74.37802328542307,31.446662330852792,6414.703297050619
2903,45.302476826596376,0.29806257497421984,-0.04306577686418076,212.97798576324806,74.37799348106707,31.45117336149481,4581.46180631267
2904,46.730540766787506,0.2418126772354485,-0.007832146689534013,212.69377801212758,74.3779636700173,31.45568438893073,8510.378508847012
2905,46.760290517188274,0.22060295079590825,0.009744709485580486,213.59899815449504,74.3779338522724,31.460195413160275,11375.424362321271
2906,45.98659537693119,0.23992075806438393,-0.003602756150101905,216.0208278407592,74.3779040278311,31.46470643418321,9211.782866197584
2907,45.83090706905536,0.28014098413039207,-0.0331216196598515,216.5114624505929,74.37787419669202,31.46921745199924,7717.586819014229
2908,45.98951648184981,0.21865813560413563,-0.007220573494653571,217.66429512516467,74.37784435885386,31.473728466608137,8722.672097782808
2909,46.011207173723335,0.24273025028448172,-0.008694607666081317,215.78260869565216,74.37781451431526,31.47823947800962,8159.888005454217
2910,48.589978735856945,0.21368756157793875,0.022437745469522322,214.38637860624414,74.37778466307495,31.482750486203443,9397.370089688273
2911,49.02488681088994,0.14408604797926755,0.0455496384566533,215.36071193144366,74.37775480513154,31.48726149118934,14224.133145587462
2912,48.68411983139579,0.18990682153265173,0.017018191219914037,215.634036939314,74.37772494048373,31.491772492967044,12751.321048753123
2913,47.865511807385296,0.2822692547357191,-0.03475109027731012,217.23523206751054,74.37769506913018,31.496283491536307,8619.099718322113
2914,47.286896385052785,0.3013017401045956,-0.043304855842095064,215.68865435356201,74.3776651910696,31.500794486896872,3775.8216881442463
2915,46.08468965007116,0.3724319517909461,-0.08041056256188751,216.8229249011857,74.37763530630056,31.50530547904847,4833.462071242121
2916,45.301767170604364,0.3547394150248585,-0.05046297105243246,215.8235681369322,74.37760541482182,31.50981646799084,6912.5781226556
2917,45.69607885021872,0.366808810296003,-0.06174806105719754,217.70754841259392,74.37757551663202,31.514327453723727,6444.032522188389
2918,45.05403161154467,0.35649054223610177,-0.07350128834858191,219.61693442191202,74.37754561172983,31.518838436246888,5011.464430312792
2919,45.11795460521148,0.34846001272650695,-0.07634583453879464,219.3905941246213,74.37751570011393,31.52334941556004,4899.846229089781
2920,45.61576844953919,0.3416833743390634,-0.07226365448890743,218.52955892034237,74.37748578178295,31.527860391662934,8806.218327213162
2921,45.18314823737322,0.35713396305944833,-0.080179760563173,218.78685285206163,74.37745585673557,31.532371364555303,8555.431131308154
2922,44.62145675577487,0.36660197996066557,-0.08860287065644337,219.01105990783418,74.37742592497048,31.5368823342369,8024.901090984199
2923,45.89273274652751,0.3037939358455709,-0.05090988393215722,217.97233566065086,74.37739598648632,31.54139330070747,8334.856536950676
2924,47.34002309550129,0.21808143573982483,0.009313552722550437,217.87050454485583,74.37736604128176,31.545904263966744,7970.316696465647
2925,47.65003984294538,0.16623514465595382,0.033112692664342455,219.18683344305467,74.37733608935548,31.550415224014458,14965.394881730785
2926,46.636511866454576,0.29711403582658796,-0.025067486564538603,216.28893280632417,74.3773061307061,31.55492618085036,6112.281076065654
2927,46.47935966728773,0.2927215803766141,-0.03965486766163369,216.747465437788,74.37727616533236,31.559437134474194,10123.162300964314
2928,45.39415931850201,0.30647499995204713,-0.0616076571058585,216.86627140974971,74.37724619323285,31.56394808488569,10955.150496608734
2929,47.21029818138778,0.2521598177459631,-0.015102528895144508,215.70691244239634,74.37721621440627,31.56845903208462,16748.97251162874
2930,47.506795094921635,0.1786012318357368,0.017210720014000164,217.26202081412202,74.37718622885126,31.57296997607069,11682.238850896823
2931,48.27450906886259,0.12874706716307255,0.052314488009746266,217.68733543970518,74.37715623656652,31.577480916843676,16001.72315008794
2932,48.493611610167136,0.13250880600264534,0.04519576300067688,218.40486842105273,74.37712623755068,31.581991854403284,13501.093602799145
2933,48.6089942291825,0.12997138729692545,0.04521491408791819,215.74986835176412,74.3770962318024,31.58650278874929,17089.619049426557
2934,48.91821966771816,0.10453626975326256,0.05699397178645701,212.85879721015934,74.37706621932035,31.591013719881406,17048.404542157325
2935,48.91120303924175,0.10103203077633505,0.05492844583882889,211.35387045813584,74.3770362001032,31.595524647799387,17162.85285861604
2936,48.828364843396066,0.10491406154366648,0.05185417315466965,209.93986842105258,74.37700617414959,31.60003557250297,16553.250113374237
2937,49.09185701785236,0.12675548716125,0.04455307705642213,210.0192130543492,74.37697614145819,31.60454649399193,10944.225094723528
2938,50.826391449714514,0.16943011752606868,0.009065502732761193,210.91724773056168,74.37694610202765,31.609057412265976,5889.800644933172
2939,49.46948404420437,0.22822826617161238,-0.011120767963472096,209.63256180957384,74.37691605585664,31.61356832732484,2906.53359178274
2940,46.48271510890015,0.31447398740201155,-0.06316073229926944,210.54571766872772,74.37688600294379,31.618079239168285,2871.8076890360835
2941,47.125478244219174,0.3413023572651014,-0.056654019368792705,211.15090119721083,74.3768559432878,31.62259014779607,1883.957021861341
2942,47.21772548080539,0.3645395108894027,-0.050552715185759926,209.45624424266347,74.3768258768873,31.62710105320789,0.0
2943,44.97374383382632,0.33325968862955474,-0.07724796454187671,208.87026315789467,74.37679580374095,31.631611955403528,2899.802701165704
2944,42.49097341440338,0.4050265444118734,-0.13610710292588907,210.18681752400994,74.37676572384743,31.636122854382734,4809.395576966084
2945,42.006699652979876,0.39536718711360297,-0.129363167231177,209.87580581502428,74.37673563720533,31.640633750145216,2896.666262849516
2946,42.520707175545326,0.39481389820669677,-0.12434785309992334,210.68385738718587,74.37670554381339,31.645144642690735,2602.493393431829
2947,42.88675488188324,0.4219667754907135,-0.14740517605317735,209.4544976328248,74.3766754436702,31.649655532019032,0.0
2948,47.00283226840795,0.2566147438092115,0.004297885359264274,208.33504950495055,74.38390419444109,31.3519552939839,3671.772595896015
2949,46.245124923329854,0.23848376472919802,0.004337281125141438,208.90620052770458,74.38387478126437,31.35646639636176,10138.329106395238
2950,44.54142694971489,0.2574207426682395,-0.015296082058450632,209.97069306930706,74.38384536147802,31.36097749553941,11311.808738104146
2951,45.25819363646829,0.30062927037005976,-0.029920922858861627,208.80572786063092,74.3838159350807,31.3654885915166,6207.876721127372
2952,45.833710823255466,0.2414497424375591,0.0073024695203674625,210.7808580858086,74.38378650207116,31.36999968429305,9959.184614546555
2953,44.60646431231687,0.25595978186460683,-0.004969514535548958,209.7717491749175,74.38375706244804,31.374510773868508,10093.710797917
2954,43.42341772445841,0.21677785853959733,0.014375137741969767,210.61551655891282,74.38372761621002,31.379021860242705,16159.671355300348
2955,48.828187473023355,0.21268050775039604,0.03517434973216405,210.66231367893417,74.38369816335586,31.383532943415403,5882.01902346791
2956,49.379663904163586,0.19878409665808974,0.03865716511486069,210.16781002638524,74.3836687038842,31.388044023386318,3191.12946288028
2957,49.53028608009633,0.23512307322145998,0.025337709172906637,209.51213720316622,74.38363923779374,31.3925551001552,591.5443802477675
2958,48.56859153667988,0.21217521788161853,0.03185412559621842,209.94459833795017,74.38360976508316,31.397066173721758,1705.444648292591
2959,47.70850736656151,0.21496278053463963,0.022030920155895146,210.31956177402319,74.3835802857512,31.401577244085768,4102.274049578539
2960,48.80133926632766,0.22543495795318516,0.03664017017566653,210.3541749109616,74.38355079979648,31.40608831124696,10787.258624455306
2961,49.26899409015304,0.23428400734823973,0.04330129755851419,210.1253463517614,74.38352130721775,31.41059937520508,9835.77986518934
2962,45.987124161040924,0.22555707147928097,0.032203740820917336,209.76174142480204,74.38349180801366,31.415110435959846,8342.263063266533
2963,45.15042222268593,0.23518290134168998,0.029416598272616775,210.75751582278485,74.3834623021829,31.41962149351102,6961.374621462252
2964,44.24976623949475,0.2226053062343207,0.012096324535425142,213.54617414248017,74.3834327897242,31.42413254785831,12837.578548743912
2965,45.812229810205714,0.22734566503180606,0.022037450237108215,212.8028744725738,74.3834032706362,31.428643599001475,9842.089922878338
2966,44.76885843266449,0.2365171694810115,0.018089321644252195,210.53737640079098,74.38337374491759,31.433154646940277,1532.996299287518
2967,43.284927760645054,0.25046253321883566,-0.010275611230761645,210.31433847777336,74.3833442125671,31.437665691674415,3910.2796439792255
2968,45.8423645585445,0.29353197192389646,-0.04133414967454419,211.79090309822016,74.38331467358337,31.442176733203656,6982.226125758381
2969,45.53506258932772,0.23964131806746738,-0.006690820112222046,211.593066174532,74.3832851279651,31.44668777152773,7476.374175273661
2970,47.60995676813326,0.2013314957269853,0.016066557306569976,213.20646437994725,74.38325557571096,31.451198806646374,10106.75308287986
2971,47.54227568245424,0.23391585158449799,0.008004630429443963,214.78434988802533,74.38322601681969,31.45570983855934,10264.118694239996
2972,47.21128081914975,0.21639878355285208,0.008143055717403851,214.06656999736353,74.38319645128992,31.46022086726635,11130.610953112631
2973,45.183877909549416,0.20987342461036174,0.0027592290311680024,215.83162055335967,74.38316687912037,31.46473189276716,9879.681707439193
2974,46.265254048629636,0.24636371463289744,-0.015030291867168071,215.6509421531164,74.3831373003097,31.4692429150615,8717.655601009998
2975,45.474500195146355,0.26462253812268627,-0.024318524842526838,216.20168731874503,74.38310771485659,31.47375393414911,7492.133101837679
2976,44.11001228208726,0.2500415050286939,-0.019661776617122727,216.0318882593227,74.38307812275973,31.478264950029747,9873.002504696147
2977,46.78725732525707,0.23854963992408154,-0.005091398567830066,215.66490904297385,74.38304852401781,31.482775962703126,9916.866227175891
2978,47.148332770677676,0.23703883930147945,-0.007745395368539806,216.1992089650627,74.38301891862952,31.487286972169,8505.155059263681
2979,47.05655359143197,0.3523943771143074,-0.04620989933453009,214.15282172995785,74.38298930659352,31.49179797842712,4752.6819671838575
2980,46.27083101131622,0.36310114304970387,-0.07330888466646737,215.90184453227937,74.3829596879085,31.49630898147721,10928.128324933676
2981,46.36016243789164,0.34569695714755755,-0.06547319596720239,215.2080696202531,74.38293006257312,31.50081998131902,5938.2417257494935
2982,46.90623541288255,0.30180102305479756,-0.04543518565332692,217.69381837353367,74.38290043058609,31.50533097795228,8895.945778991223
2983,45.182984338915,0.3885306420365133,-0.0932519562019556,218.04363876071193,74.3828707919461,31.50984197137674,6216.624782566628
2984,45.070887805454575,0.37137941058541635,-0.07839314771586671,218.6507246376811,74.3828411466518,31.514352961592145,5955.0428639162055
2985,44.6253430505208,0.36291134401739494,-0.08382587632033933,219.7774555042848,74.38281149470187,31.518863948598227,7002.769519536992
2986,45.21430639352573,0.3683701775540465,-0.07819048401315414,218.7180500658762,74.38278183609499,31.52337493239474,5939.703352850455
2987,44.37976969189984,0.39354291983117623,-0.10609982454166836,218.82373104812137,74.38275217082986,31.527885912981407,7221.383570501881
2988,45.090496301084215,0.360685847427246,-0.07482417488448156,218.0412330391254,74.38272249890515,31.532396890357976,6649.192772735049
2989,45.96440311427258,0.35822090791845645,-0.05715550489203426,218.9285055957868,74.3826928203195,31.536907864524185,3996.0417761131057
2990,45.56735354239891,0.3410135030164968,-0.06273379881674554,218.5755499934133,74.38266313507167,31.541418835479803,7730.87654451344
2991,46.71032983733775,0.23200294445605485,-0.009664421230917482,218.34654377880193,74.38263344316023,31.54592980322453,11269.783680922998
2992,46.98042654387567,0.22198001384058744,-0.0023073291556278716,218.70069819523127,74.38260374458393,31.550440767758133,13286.486442326795
2993,46.14537605136294,0.32146718077468706,-0.049679793811168514,217.860416117988,74.38257403934142,31.55495172908036,7111.845649160305
2994,47.80528583784776,0.24720647558317094,0.0006823718922962143,216.60497892518444,74.38254432743138,31.55946268719091,7849.529878029235
2995,47.37516168035548,0.15357001936255146,0.02416788706204549,218.44062664560303,74.38251460885246,31.563973642089568,16327.4870182033
2996,48.38724105175514,0.1328833534700215,0.04578627151294033,219.71836734693886,74.3824848836034,31.568484593776063,16175.174754063792
2997,48.40855610966828,0.1236673013527504,0.05096555664835673,219.72630331753558,74.3824551516828,31.57299554225014,13563.404096382214
2998,48.339936915054665,0.12444646781615466,0.05538648139549271,218.71639236339703,74.38242541308938,31.57750648751155,13894.57741162146
2999,48.024059008080584,0.1477065427094571,0.03803065816748146,220.34347024749874,74.3823956678218,31.58201742956001,14419.368578933016
3000,45.399441262715456,0.31072521480833887,-0.04729056029046392,217.41989459815554,74.3823659158787,31.586528368395264,6249.307941844062
3001,48.01517381092764,0.16753788346491685,0.02676323345361772,213.32578947368432,74.3823361572588,31.59103930401708,16078.772156604678
3002,48.82407367765402,0.10814686521787627,0.05717216461044238,210.63112164296993,74.38230639196075,31.59555023642518,16212.15937171288
3003,48.56488938726748,0.12124204158211159,0.04006406938975413,210.9521115642677,74.38227661998323,31.600061165619323,15088.578472912475
3004,47.769529681818305,0.1979699320512162,0.0045492242595375825,210.21685319289,74.38224684132489,31.60457209159923,11621.924769140218
3005,51.30641989886712,0.19646650366240784,0.01957489073728268,209.49026315789473,74.38221705598443,31.60908301436466,3296.45630019563
3006,47.29703713316654,0.2823571731167513,-0.06460840878122522,209.80684660961154,74.38218726396047,31.613593933915336,3725.581402377517
3007,44.92470820507434,0.35399470720846005,-0.1157508302166074,209.71727404288902,74.38215746525174,31.618104850251022,1277.5712785916935
3008,46.46186183507967,0.3383380404480505,-0.06550819198525913,210.57077024358122,74.38212765985689,31.62261576337145,1418.9023429277372
3009,45.41263067249442,0.2950925177485523,-0.05610769128311393,210.56979344823048,74.38209784777456,31.62712667327638,591.0559902700361
3010,42.69815410624409,0.34865634306089566,-0.088162616670741,209.6003159557662,74.38206802900345,31.631637579965524,1878.4533182529192
3011,41.912457184352654,0.39502562343417363,-0.13880866341133255,209.8775,74.3820382035422,31.63614848343865,2504.963752858176
3012,40.12698928409952,0.42083810500800084,-0.17091069448606544,209.26803580832015,74.38200837138949,31.640659383695493,413.96333217611294
3013,40.89455032210236,0.4349792577706656,-0.16243304471565673,210.18247599000125,74.38197853254398,31.6451702807358,1818.6597747557037
3014,42.812994583507134,0.3922378726529525,-0.12842643873772042,209.65468667719853,74.38194868700437,31.649681174559294,0.0
3015,46.27622031569355,0.2674979299688986,-0.003091861094086665,210.23342140026426,74.38916076251006,31.35198042543145,4449.164284124619
3016,45.3297660764832,0.27914828579316464,-0.011511105934200398,209.39036303630368,74.38913160025024,31.35649153223919,7361.481456278654
3017,45.94941316110776,0.2647846824777223,-0.0054855968993170285,209.49445471349358,74.38910243143714,31.361002635847136,6726.212744288163
3018,46.77813865470569,0.2773014948622423,-0.007884966923735567,210.3550686378037,74.38907325606948,31.365513736255025,1716.096840495031
3019,47.431307730052815,0.2586673560419714,0.014530762812406414,210.8602902374671,74.38904407414596,31.3700248334626,1645.891292467736
3020,48.03047641474339,0.23929886728937716,0.025748549544642795,209.03918722786648,74.38901488566528,31.37453592746959,3759.068832607978
3021,45.204358352104535,0.2432126319254402,0.017672937478139805,209.2530676870299,74.38898569062619,31.37904701827574,8757.223883296067
3022,48.42277659441189,0.19788687341883984,0.05380510668644787,211.27181518151812,74.38895648902731,31.3835581058808,2743.0877910711133
3023,48.4240786228447,0.23081347128992194,0.025113418864108235,210.6314817258213,74.3889272808674,31.388069190284494,2753.512596863195
3024,47.329558656895045,0.2500407656030435,0.014938476556812266,211.06600660066007,74.38889806614519,31.392580271486565,2243.927606849441
3025,47.34471255409368,0.2091833746818966,0.035944789211574464,210.33891820580473,74.38886884485932,31.397091349486743,1646.724923845001
3026,47.65345880534657,0.2098073396412878,0.028534946982605693,209.9371617161716,74.38883961700849,31.40160242428478,8874.159850206644
3027,48.68315765170956,0.1802937174362881,0.05513117446770044,210.85344941300622,74.38881038259144,31.4061134958804,11937.253589275762
3028,48.14251517257259,0.1922153311541517,0.04307020779455613,209.43707124010558,74.38878114160687,31.410624564273377,10465.012925901725
3029,47.356617680087076,0.20777694261774948,0.02729185686885348,210.63720316622684,74.38875189405346,31.415135629463418,11319.785627959884
3030,47.15194897926423,0.20035939543475073,0.040915991069970445,210.96162974683537,74.38872263992991,31.419646691450268,10850.315303906327
3031,43.956948794985486,0.23035063923226892,0.02429467487518879,213.23430079155668,74.38869337923494,31.42415775023366,11617.450943626738
3032,44.62069435005145,0.21897770573001443,0.043712024483006866,212.3011476058567,74.38866411196723,31.42866880581335,4705.566444211428
3033,45.82258893577721,0.20969238977777738,0.06298276796360976,209.7401450230718,74.38863483812545,31.43317985818908,0.0
3034,42.988886859172496,0.2376764193769928,0.023010647670621404,211.0606140466464,74.38860555770837,31.43769090736057,3387.662286581442
3035,44.91178940791848,0.20355626192963347,0.0145734215255465,212.12030075187963,74.38857627071464,31.44220195332757,10068.489990859454
3036,44.04774990265218,0.1694126071323674,0.03479789226434925,214.7973649538866,74.38854697714298,31.44671299608983,8865.561070274007
3037,47.94062417381676,0.22755652911433247,0.002453380583606135,213.36822676334864,74.38851767699204,31.451224035647076,7300.735456951469
3038,46.64083058301742,0.25852572389966033,-0.0165465006128546,213.93619825995253,74.38848837026056,31.45573507199904,9223.891871935444
3039,46.261842634082534,0.22496487010596178,0.0004654249707945806,214.47271289216974,74.38845905694724,31.46024610514548,9344.69050047908
3040,44.26049318619381,0.22080574751943574,-0.004718503333802561,213.3475280158207,74.38842973705074,31.464757135086145,10441.071940496397
3041,44.67169721483325,0.23490672630212842,-0.011504204192822621,214.44653922214894,74.38840041056979,31.469268161820736,12642.1646890264
3042,45.652842835223595,0.14977490098658142,0.036086978416804465,214.7917161324364,74.38837107750307,31.473779185349027,9095.110760056818
3043,46.06922212718504,0.1982407518529759,0.011896835910188154,215.54652082235106,74.38834173784925,31.47829020567076,11189.354095568717
3044,46.971508534330795,0.25304281098761444,-0.02273967337502393,215.9903643083421,74.38831239160707,31.482801222785653,9241.870573208293
3045,46.85898083951182,0.2387912238354777,-0.011551350764307845,216.93521572766852,74.38828303877519,31.48731223669345,10093.214537591728
3046,48.332265444982895,0.1877729249452979,0.02562660245564357,214.95913524914326,74.3882536793523,31.49182324739391,11560.599944287102
3047,47.049369278403155,0.33799529161374753,-0.05415838628420357,214.57220026350458,74.38822431333713,31.49633425488678,6890.444827878759
3048,46.069977427497726,0.3919079529456538,-0.09225619077904688,217.48358602504942,74.38819494072833,31.50084525917177,5364.350195633266
3049,46.44645351733601,0.3449274092689028,-0.07021430951628208,216.34281949934123,74.38816556152462,31.50535626024863,2829.375047901121
3050,46.248648608290296,0.3917786284711745,-0.07609187369871923,217.38030582652263,74.38813617572467,31.509867258117104,4906.883635833008
3051,45.4686127936412,0.3955898623450773,-0.08456943093363911,218.05664602819132,74.38810678332719,31.514378252776957,5938.628042124986
3052,45.903113529636386,0.3652935163811411,-0.08025099223197169,218.8276679841898,74.38807738433084,31.518889244227893,7522.785743607572
3053,46.26964611045319,0.35077627033819697,-0.05775798249726639,218.83124752996977,74.38804797873436,31.52340023246967,2642.6790340999582
3054,45.60377986522139,0.39349877231827524,-0.07860416998818281,217.5492753623189,74.38801856653639,31.527911217502023,4036.076754864952
3055,46.066723742871844,0.36998055331237695,-0.06101474090448678,217.83954683177453,74.38798914773564,31.532422199324703,0.0
3056,46.564851640989346,0.35773692008954117,-0.04162580843393205,216.2941641417469,74.3879597223308,31.53693317793744,4174.998181333809
3057,45.468598410942555,0.38168163979984404,-0.09375025748179738,219.07553387819672,74.38793029032054,31.541444153339988,1604.9313661552842
3058,45.72228040199636,0.35913114577897504,-0.07096181020835123,218.55267316302346,74.38790085170359,31.54595512553209,2762.864986306395
3059,46.488110325684936,0.24708543855918103,-0.01107964763133812,217.2922874093606,74.3878714064786,31.55046609451347,8566.851736779423
3060,47.23491625104547,0.23955474458577405,-0.005250923280543379,216.23620803159986,74.38784195464426,31.554977060283896,9679.480169315077
3061,47.7111256903452,0.1922384830473033,0.027548549748036773,216.26426030825985,74.38781249619927,31.55948802284308,9852.1383959827
3062,47.19821766266073,0.1739411085262531,0.01449244564027821,217.90358271865128,74.38778303114229,31.563998982190768,16419.373405367154
3063,48.33960462686787,0.1438757511405429,0.03734248694909391,217.44854394518387,74.38775355947205,31.56850993832673,13221.835095272234
3064,48.56698008407635,0.1229110763002676,0.05256561269995375,217.9948684210527,74.38772408118717,31.57302089125068,14405.917271260709
3065,48.490818077582986,0.122524117007775,0.055353047534493896,218.97485518694063,74.3876945962864,31.577531840962383,15713.127292253004
3066,48.37966966476979,0.16002720722919878,0.031308601806361844,218.24828947368428,74.38766510476839,31.58204278746156,11237.5185369664
3067,48.733428636092746,0.12590839637290027,0.04729492415189363,218.52588591753383,74.38763560663185,31.58655373074796,12557.900935756164
3068,47.89012716120854,0.21142351907206805,-0.013842442268639045,214.18615060558182,74.3876061018754,31.591064670821325,10322.034905531076
3069,48.60763315945132,0.15399177416253718,0.020344655182847594,212.71552631578942,74.3875765904978,31.5955756076814,16665.448297429142
3070,49.11753382343602,0.1370366445897858,0.033437733422661375,210.79726171669293,74.38754707249767,31.600086541327933,11524.0110590979
3071,49.27807974375594,0.17307421737790807,0.009178239278201323,210.53751974723534,74.38751754787376,31.60459747176066,7177.470296996919
3072,52.109202385826315,0.1947486560942164,0.016198117828274673,209.93960526315786,74.38748801662467,31.60910839897932,3777.3074385136792
3073,48.31934598851351,0.26708821735280897,-0.04573801943755354,210.28584595128368,74.38745847874914,31.61361932298366,3950.2148774708394
3074,46.46692633397239,0.3343761270774232,-0.08274563174767807,209.7157894736842,74.38742893424582,31.61813024377342,1590.13673138351
3075,46.861684046149314,0.30048680089592783,-0.06906944997800335,211.80713533438646,74.38739938311343,31.622641161348355,2971.3357783634306
3076,45.97515420907764,0.27210340728984034,-0.049392773995502987,210.07671052631576,74.3873698253506,31.627152075708192,922.4475967131008
3077,41.50355427974869,0.3898421725661097,-0.13824451352616063,210.5042105263158,74.38734026095605,31.631662986852675,458.2541158873493
3078,42.595415037893716,0.3740232840485257,-0.1162683874929584,210.94132351006448,74.38731068992844,31.63617389478157,4297.305691739117
3079,41.3337958428816,0.39565735104769423,-0.14296919974066166,210.54407894736838,74.38728111226642,31.64068479949458,2410.5124235149847
3080,42.45126458469948,0.3812875077783083,-0.14212285435942246,210.2492437195844,74.38725152796873,31.645195700991497,1358.201897678313
3081,41.39769109525195,0.3908474146140279,-0.1505468785481419,210.03841599789504,74.387221937034,31.64970659927203,0.0
3082,46.36473822901852,0.2506380108236691,0.007819088210779788,210.41558784676363,74.39441733713103,31.35200534156292,5130.209275994245
3083,45.78227514974658,0.2219017652245106,0.014502816166005754,210.5329372937295,74.39438842578936,31.3565164527626,9212.250150686215
3084,46.55342973423163,0.2915089764605947,-0.014230520142962768,211.19963031423296,74.3943595079508,31.36102756076288,2938.599349594921
3085,44.96556449753863,0.33476769352148117,-0.04500539303136691,210.6090225563911,74.39433058361409,31.365538665563516,1243.405913330321
3086,45.93767503422577,0.3024120321586834,-0.02157826576719537,211.1676567656765,74.3943016527779,31.370049767164247,1470.6940494647502
3087,47.095939887730836,0.2620775793983321,0.011971431895597344,209.81851802932238,74.39427271544099,31.374560865564813,778.3633300748943
3088,47.40961967599526,0.28408712069821124,-0.006202561605181193,210.67049201952244,74.39424377160205,31.37907196076495,11519.370680016118
3089,48.31829934202377,0.21979394527044208,0.03242425403472108,211.2326072607261,74.39421482125982,31.3835830527644,4042.124108952282
3090,48.10971324816946,0.2295782277038088,0.021109853480418203,211.919097268048,74.39418586441299,31.38809414156289,1881.197634064937
3091,48.25732998725151,0.2363990513675364,0.017888224290169064,210.48580858085808,74.39415690106024,31.39260522716017,2467.1564919036177
3092,47.64087271394064,0.22080011683818881,0.032246134440540565,210.3007915567282,74.39412793120037,31.39711630955598,1380.3796809453254
3093,48.779801845089715,0.2120994434636164,0.026138738965720183,209.75963060686016,74.39409895483203,31.401627388750047,9038.377724617008
3094,48.574553775969676,0.2124642418922117,0.04253979399856083,211.05062623599207,74.39406997195395,31.40613846474213,7384.756885208469
3095,47.52357937539375,0.18893056562225038,0.040758329807209094,211.96069120168843,74.39404098256483,31.41064953753196,3237.1787799205617
3096,47.30114454384252,0.197964293804133,0.03602851738230307,211.08442158026645,74.39401198666339,31.415160607119272,9509.292498687064
3097,47.57692785664514,0.20456456381697014,0.036462290296320934,211.4488531505404,74.39398298424835,31.419671673503807,9110.075895901267
3098,47.72341339644825,0.2126287560843428,0.03216196165275687,211.4183256427158,74.39395397531842,31.4241827366853,7928.477636796978
3099,47.06362777230708,0.23928970973019578,0.05026092156564732,212.11133095897637,74.39392495987228,31.42869379666349,66.77492590107963
3100,46.25355625958417,0.2294049003522617,0.05372637381093021,212.42310231023097,74.39389593790868,31.43320485343814,938.7490371800664
3101,44.82061867171679,0.2680064681241688,0.014404173437200742,211.77689873417717,74.39386690942632,31.43771590700897,6401.77423361622
3102,45.47928386317208,0.23113434013858836,0.003842586446082333,212.96374423203687,74.39383787442388,31.442226957375716,8936.54676159445
3103,47.13881684077126,0.19744947186648393,0.020118992147446484,212.55939353988137,74.39380883290009,31.44673800453813,11906.440348634043
3104,47.325106140833256,0.22884682704208292,4.394857200530038e-05,213.5508239947264,74.39377978485366,31.45124904849594,10995.5137975897
3105,46.550812926658324,0.23835191465369404,-0.012478245480831351,212.01015831134563,74.3937507302833,31.455760089248887,11451.581824317282
3106,46.59789140509824,0.2493392380191299,-0.015338534582156735,211.74541858932105,74.3937216691877,31.46027112679673,10262.358581021905
3107,44.94794578208175,0.2681908032665679,-0.02921436291313596,212.29861568885957,74.39369260156558,31.464782161139198,9955.6088995299
3108,43.182231620688135,0.2681377218215169,-0.030388708155405973,212.313735829159,74.39366352741565,31.46929319227601,9355.022669279277
3109,45.92299368066677,0.2266110389855092,-0.009301678762412786,214.9770266701875,74.39363444673663,31.47380422020695,9327.759882543962
3110,46.63199116784446,0.25647448215416974,-0.021194428622734404,215.85524060646014,74.39360535952716,31.47831524493172,8334.632780959202
3111,48.02759484213619,0.19389248271698023,0.003943263854586651,217.54809341601788,74.39357626578598,31.482826266450072,11490.916821368732
3112,47.48814471955974,0.19983949735383089,0.016456433130816024,214.3192723437912,74.39354716551185,31.48733728476176,11104.34871045264
3113,48.767639459681035,0.12477988546013741,0.06037788375615182,215.63788557869765,74.39351805870339,31.491848299866504,16232.867610815623
3114,47.76768149269173,0.286879045200001,-0.0077731666878273755,216.10000000000008,74.39348894535938,31.49635931176407,9922.66154042521
3115,45.63536772897236,0.3914465279264066,-0.08067960606653135,215.84835309617918,74.39345982547844,31.500870320454176,2963.6552423139738
3116,47.44163008011069,0.3375799722468044,-0.027251897728957943,215.6906455862978,74.39343069905937,31.505381325936565,3857.112672755973
3117,47.39779768884982,0.3438072400998054,-0.027615303728667218,213.8909090909091,74.39340156610078,31.509892328210995,4868.168278814862
3118,47.45423688333861,0.3182343264910572,-0.026892089246034662,216.37724156118148,74.39337242660142,31.514403327277197,8648.205902592052
3119,48.39195695160082,0.3048250704171838,-0.0160374556814539,216.4411067193677,74.39334328055999,31.5189143231349,1989.3385356268925
3120,48.6606362829638,0.27953597566203164,-0.0067517409995219956,215.78734344100206,74.39331412797519,31.523425315783875,0.0
3121,46.70656979298817,0.3652729587128386,-0.05868311702056038,218.52305665349147,74.39328496884568,31.527936305223843,2389.501489738487
3122,46.467642358712645,0.3574878925113435,-0.049818399832584834,216.28673079457113,74.39325580317022,31.532447291454524,272.6913284901699
3123,46.92595691530044,0.2462146637618136,-0.015499582194255025,217.26706192358367,74.39322663094748,31.536958274475705,1177.996190737027
3124,43.38175504627473,0.4423349280968687,-0.11033275741522017,215.88742420247831,74.39319745217618,31.541469254287097,2088.228988032776
3125,46.09470280213067,0.2739757473227559,-0.01861375301946588,216.5297603371083,74.39316826685497,31.545980230888468,9258.174398857003
3126,47.04443634150201,0.2152897689526018,0.00834053543720646,215.92555994729918,74.3931390749826,31.55049120427952,12841.93824657492
3127,48.305555858874435,0.12036332443787122,0.06804277204892721,217.97353870458142,74.39310987655773,31.555002174460025,16839.830789430696
3128,48.42665978129149,0.10882433376717453,0.07305534265275576,218.97919957872568,74.39308067157911,31.55951314142972,18032.232652463244
3129,47.60760960791948,0.16338405236226186,0.022254648405786087,217.3629424924333,74.39305146004538,31.56402410518835,13505.915029403037
3130,48.61946686927683,0.1133021367402567,0.06495885953952157,218.99249110789103,74.39302224195528,31.56853506573564,17226.67294609896
3131,48.89063754726309,0.11490647032862267,0.06456563751196254,217.6558715113218,74.39299301730745,31.57304602307135,16456.933378494992
3132,48.7285637638947,0.10709139313748045,0.06387642297181205,218.03107307439112,74.39296378610065,31.57755697719521,16613.184320449676
3133,48.696939847784364,0.18141542059519375,0.025900584383587645,217.6553449183781,74.39293454833354,31.58206792810698,10985.581177925553
3134,48.372095330347605,0.18394416150319573,0.010727365074897539,219.62422646477938,74.3929053040048,31.586578875806385,10334.43323333128
3135,49.18684479837679,0.10902441335254519,0.04285706227831563,217.02501316482358,74.39287605311318,31.59108982029317,16097.067306812049
3136,49.06395591955133,0.1210362739917793,0.03364184725788519,215.44631578947366,74.39284679565733,31.595600761567088,13932.688895442048
3137,49.59339810404772,0.1349954097162211,0.022234847437892485,214.7106164383561,74.39281753163594,31.600111699627863,8180.330315779717
3138,48.98570665140884,0.1275000438540093,0.035407919425475096,212.22541145490453,74.39278826104773,31.60462263447525,13552.040814052642
3139,49.503355092064524,0.19648809225388025,0.0014445067417871008,210.60118499012506,74.39275898389138,31.60913356610901,6352.737696922575
3140,50.48694378247634,0.19773911603916045,-0.008514977880379268,210.69681411269082,74.39272970016556,31.61364449452885,2772.9840128668966
3141,46.38931700453851,0.2847960994747971,-0.04942946583363109,210.1495720868992,74.39270040986901,31.618155419734524,4064.672309268684
3142,49.014136254223715,0.22987847670371636,-0.013042187074657347,211.2473684210526,74.3926711130004,31.622666341725804,3101.683624332226
3143,45.40656206486499,0.3694870517733125,-0.10681559824508573,211.45079699644322,74.39264180955841,31.627177260502396,2986.721419821148
3144,42.28764514444213,0.3961426245925811,-0.13895115833369173,211.10368421052635,74.39261249954174,31.63168817606405,2849.997424802706
3145,42.67528473559245,0.3844750405757063,-0.12817390565225487,211.06200631911534,74.39258318294905,31.636199088410525,2507.1576250499675
3146,42.28666140455181,0.40548056127541393,-0.14905126887676956,209.59484006844804,74.39255385977908,31.640709997541546,1727.3332733504474
3147,42.615677499632724,0.40391473724856053,-0.15892697076168713,210.25697735650346,74.39252453003049,31.64522090345687,908.6346420376904
3148,41.226502620993436,0.4360040096643105,-0.1771953800366085,210.2038157894736,74.39249519370198,31.649731806156247,0.0
3149,46.23286045180848,0.2984222542821448,-0.024288861368076075,209.2801849405549,74.39967391824759,31.352030042377383,2315.2325216054564
3150,46.881041109033696,0.2575120524601146,0.0037979888596209725,209.53570957095718,74.39964525782537,31.35654115793104,5301.85672199645
3151,46.324027180807064,0.2948352892851629,-0.018546665082527555,210.9322414476292,74.39961659096264,31.3610522702857,2736.219298037376
3152,45.06240432736679,0.3062827114692683,-0.02712848990895094,210.1502638522429,74.39958791765815,31.365563379441127,2631.6769982852284
3153,47.02283473824251,0.2766156472079019,-0.004413503772631551,210.15318643620526,74.39955923791057,31.370074485397065,112.9269866440038
3154,48.766580344633475,0.22659406652646027,0.0396990412892779,209.75194822348433,74.39953055171871,31.37458558815323,714.9218088782761
3155,48.731657319965706,0.23940058156216917,0.03176384169785692,209.48983632523755,74.39950185908121,31.379096687709374,4053.31256055169
3156,48.63355010495908,0.23990065558361381,0.03070144656336893,210.69118035384204,74.39947315999689,31.383607784065244,1008.4443691705824
3157,48.88450012658049,0.2243288412354862,0.04170289854684641,210.27638522427438,74.3994444544644,31.38811887722057,1153.9900473073935
3158,45.544066475023754,0.21572230472485462,0.013441384775702787,209.64089709762527,74.3994157424825,31.39262996717509,1242.5364227621849
3159,48.73171149660778,0.1994629595317892,0.035860505421488956,209.34396835860244,74.39938702404989,31.397141053928536,0.0
3160,46.32222507495254,0.28883543243170096,-0.019945704824199287,210.59770569620244,74.39935829916531,31.401652137480664,8129.127352726746
3161,47.84325689848832,0.22708262181851113,0.038511823908527476,210.79686057248375,74.39932956782748,31.406163217831203,9233.17015685482
3162,45.10796139340896,0.22755156138148463,0.02781386460768493,210.50686015831133,74.3993008300351,31.410674294979888,7435.894535841239
3163,46.19598992401873,0.22532564818963383,0.035606409420409255,211.78949452289825,74.39927208578692,31.41518536892648,9452.619697661914
3164,47.23712260808864,0.19597259928578334,0.03351453282744417,211.49769159741453,74.3992433350817,31.41969643967069,10318.099379483994
3165,48.10748694439242,0.2073163535860133,0.03245862669785478,211.87570919646387,74.39921457791809,31.424207507212284,10067.724420545615
3166,46.225851918872635,0.2805995714045792,0.01691928684747866,211.88212025316454,74.39918581429485,31.42871857155098,198.30418261538216
3167,47.59621492175882,0.2647915928468364,0.02815963808906087,211.6479746668426,74.39915704421068,31.433229632686533,3173.303521018783
3168,46.525194264012676,0.2938287023611067,-0.01739635237019637,212.82165941168714,74.39912826766432,31.437740690618668,8664.11024680249
3169,46.270004196478034,0.229116735525516,-0.005216005079831897,211.7397440970848,74.39909948465447,31.442251745347143,13004.36726884092
3170,44.090126217523746,0.27187978236736543,-0.02916504892542062,214.18060686015824,74.39907069517987,31.44676279687169,9918.946764144375
3171,46.15023059939355,0.24958863890744518,-0.018349088649579164,213.599472643375,74.39904189923922,31.451273845192045,10543.181993354738
3172,45.777026407940646,0.26338704163192805,-0.026394555833372437,213.36596306068594,74.39901309683125,31.45578489030795,10860.109013672443
3173,46.700719803142086,0.2436655383640247,-0.01390803281629183,210.34019258672996,74.39898428795469,31.46029593221915,9453.569074113557
3174,46.05296726596836,0.22718243352817788,-0.010366197659229661,209.9926121372032,74.39895547260825,31.464806970925395,11241.084648822623
3175,44.021398087271805,0.2541057520026629,-0.024077435151968325,211.85844327176795,74.39892665079061,31.469318006426395,10272.235930450504
3176,45.23818588236338,0.2330714999429802,-0.007841603124039578,214.89767626089258,74.39889782250057,31.47382903872192,9878.020477587415
3177,47.250402914134476,0.22974116929283572,-0.005712072209208859,216.24060646011864,74.39886898773673,31.478340067811683,8268.626250739142
3178,46.8838378950277,0.2655482517765467,-0.023072328367609495,216.2419567510548,74.39884014649793,31.48285109369545,8651.977915049516
3179,47.12046745838631,0.22276487357581753,0.00020760847620697166,216.7638760711932,74.3988112987828,31.48736211637296,9624.011434094404
3180,48.88806901935147,0.1336904120694431,0.054446635816775515,215.34590034273663,74.39878244459011,31.49187313584394,16328.919981105128
3181,46.71924568795808,0.29110760969690586,-0.032152956942515076,215.72206832871657,74.39875358391852,31.49638415210815,9367.523723774704
3182,45.0810740904862,0.42547720374320364,-0.08193817287335473,215.18985507246376,74.39872471676676,31.500895165165304,376.1139344878493
3183,48.26361760061046,0.3490956489104277,-0.010321764125657319,213.75596572181942,74.3986958431336,31.50540617501516,5606.228366631085
3184,48.46263929814266,0.33658148536276716,-0.019064714347197673,214.71025573424734,74.39866696301767,31.509917181657457,2230.673629534348
3185,49.43262327495256,0.31089538578484865,0.01329525670868392,213.82581751054852,74.39863807641774,31.51442818509194,2051.192237452467
3186,50.28470293417866,0.29985363365563067,0.03189325491537893,214.18877618232125,74.39860918333251,31.51893918531835,0.0
3187,49.087391514002654,0.3262181267809659,-0.0031530182249457136,213.3460777851022,74.39858028376067,31.52345018233642,0.0
3188,46.902527415825574,0.2958585885693951,-0.015090245951830438,217.04269337198585,74.39855137770095,31.527961176145894,1019.113443263136
3189,46.20155531256265,0.32371371051151876,-0.028470225867182522,216.23306090166105,74.39852246515208,31.532472166746512,3298.7333889422584
3190,43.93588857561819,0.44922368152381104,-0.09551590815480726,215.8911125740619,74.39849354611275,31.536983154138024,1152.9853594497856
3191,43.922233813537595,0.4429397934355127,-0.09585156020004057,217.21238471673257,74.39846462058166,31.54149413832018,1470.8557552238394
3192,45.993877971611404,0.3317996359705684,-0.04776362783126512,215.74934175882055,74.39843568855753,31.54600511929269,6431.0656802410895
3193,47.0246201566443,0.2647773581866386,-0.024249499441083937,218.0972332015811,74.39840675003909,31.550516097055336,8074.364045384533
3194,48.05665526908306,0.13142741229071944,0.05833261627930641,217.43478260869568,74.398377805025,31.555027071607828,16371.075017206089
3195,48.354698421857506,0.11915646632807998,0.06588939736744649,217.19457252008968,74.39834885351404,31.55953804294992,18944.70571832092
3196,47.96647361241379,0.14513802761848474,0.03994649009958448,217.28641032393998,74.39831989550487,31.564049011081348,13866.143367472452
3197,48.38535614929554,0.13211761578024345,0.05259861336273473,216.4487753489598,74.39829093099618,31.568559976001858,13682.764879785424
3198,48.905985729055345,0.11216287519872417,0.06720703641575058,216.78023715415014,74.39826195998673,31.573070937711204,17492.199159081025
3199,48.762600839940774,0.10126382686415239,0.06355486450733948,216.15508162190613,74.3982329824752,31.577581896209125,16889.282576071524
3200,49.3047563052174,0.12955440718256478,0.040030493311213736,217.29881422924896,74.39820399846027,31.582092851495343,14624.041774492182
3201,48.76528508962608,0.14471269724196273,0.02741610526292425,219.0725477287689,74.39817500794071,31.586603803569613,13870.639116952878
3202,49.09120000736398,0.10741495348138341,0.04891416853035828,219.0567777631405,74.39814601091517,31.59111475243168,15970.917433940524
3203,48.92824679168248,0.11352457212400265,0.044133453778476134,217.39415481832538,74.39811700738241,31.595625698081285,12813.65374277016
3204,48.973704050193646,0.11399701068094022,0.03865620906052378,215.182189434857,74.39808799734105,31.600136640518176,10409.080317848156
3205,48.59640006741708,0.12634009653734526,0.033524014867272814,214.93141126908904,74.39805898078987,31.60464757974209,11133.962059858675
3206,48.39278316378326,0.21007999123542953,-0.007008706497799834,210.28338161706606,74.39802995772754,31.60915851575277,6684.136345615229
3207,46.084549504923054,0.31540534027769934,-0.06731857261196764,210.37495066438632,74.39800092815278,31.61366944854997,2453.6855312329862
3208,45.76180542255731,0.3134879152614103,-0.06090802022838365,210.20566534914363,74.39797189206428,31.618180378133403,977.5281050243462
3209,46.53577470130132,0.3360637366135019,-0.06760556255429287,208.15026315789473,74.39794284946073,31.62269130450285,1622.3678913181
3210,44.57495812054254,0.3668322637042964,-0.09733505300294949,210.0693968922834,74.39791380034089,31.62720222765801,1406.0523747518644
3211,43.26414528731544,0.35343430355467687,-0.12562146153822695,208.58349782866168,74.3978847447034,31.63171314759869,94.6175497577319
3212,44.68681204339173,0.3449349977683495,-0.09946258518516912,209.68360763660303,74.39785568254698,31.636224064324576,239.57351018110583
3213,44.507915268973825,0.33970261270118907,-0.09452844118968391,209.06814892777265,74.39782661387035,31.640734977835415,2781.4078517779662
3214,40.7315877579592,0.44944775575407464,-0.18212805169175894,209.3543120473996,74.39779753867218,31.645245888130997,1816.9251102513488
3215,40.85681764769111,0.4532831269155231,-0.1804736113806408,210.27285883436386,74.3977684569512,31.64975679521103,0.0
3216,46.38051733548219,0.2739129873560881,-0.006326449566703695,209.3291941875826,74.40493050580336,31.35205452787392,1416.059022326418
3217,46.117855783509796,0.2764850673156643,-0.008765122317387356,210.75356388595574,74.40490209630188,31.35656564774359,770.503543460199
3218,44.91668013178049,0.32003503253568555,-0.04292767257337453,210.30894201558573,74.40487368041626,31.36107676441469,1908.37681289186
3219,44.549581239936636,0.299236751722638,-0.032596786424131156,211.25359735973586,74.40484525814524,31.365587877886945,3370.9994560910745
3220,45.85179285454282,0.28090258049012423,-0.00781914172970052,209.76909882570254,74.40481682948759,31.37009898816012,1038.1135517036532
3221,47.77554337832982,0.2410852194746622,0.021711171698529836,210.44788918205793,74.40478839444202,31.37461009523393,1740.324452159187
3222,49.00315902216376,0.22715411166035077,0.052123453590541415,208.45516877637124,74.4047599530073,31.379121199108106,2328.2337008875124
3223,47.75304103755805,0.2221835525978173,0.02791105518576702,210.56424802110817,74.40473150518213,31.383632299782427,7414.269765525719
3224,48.35294661100266,0.2567940108558399,0.014401986658671043,209.98799472295514,74.40470305096525,31.38814339725661,2200.7362465794045
3225,46.99343866033934,0.282754693110645,-0.013951642643903061,210.4041457618167,74.40467459035541,31.39265449153037,1046.239045879579
3226,46.57041648960275,0.29063295609657896,-0.011905552170822368,210.656196383793,74.40464612335138,31.39716558260348,3471.962963659226
3227,45.3236205968545,0.2876365354099755,-0.02383965108263194,209.45243435809476,74.40461764995183,31.401676670475663,4890.894765568521
3228,47.112329385152485,0.2349991208628345,0.027248979384621355,211.07537953795375,74.4045891701555,31.406187755146675,9911.459848935368
3229,47.35583645058181,0.2209637328943726,0.04364047578123937,210.688654353562,74.40456068396118,31.410698836616238,9079.497227190905
3230,44.613224295264,0.19787910906031714,0.04587330244383947,211.0632259767687,74.4045321913676,31.415209914884105,9739.896290386478
3231,44.084722995274426,0.21169681781627614,0.036844587489474535,211.9736147757256,74.4045036923734,31.41972098995,9718.934635276926
3232,46.19847041144952,0.2059880612614006,0.03768088828978508,211.8195379537954,74.40447518697738,31.424232061813672,10451.248522972888
3233,46.855294020364084,0.261256546220798,0.01792674866880561,212.5065294815987,74.40444667517832,31.428743130474867,4545.856482569347
3234,45.32979458996704,0.29354426619036195,0.007545754914883415,212.1843251088534,74.40441815697487,31.43325419593332,2065.6466734942765
3235,46.16724251528413,0.24567112474620786,0.013903528172688511,213.55741595253792,74.4043896323658,31.437765258188755,7066.345913225165
3236,46.55788299642369,0.24419616739395122,-0.00783973539900225,212.81505404692857,74.4043611013498,31.442276317240925,9293.17220005263
3237,46.01600681823261,0.27990205066600454,-0.03405415586897475,213.99155227032745,74.40433256392566,31.446787373089588,7633.32995098125
3238,46.70345517049331,0.2795100646605237,-0.033014233537425365,213.35663413347405,74.4043040200921,31.451298425734468,9646.876530703948
3239,46.25294398227444,0.25711994396088084,-0.023088086574681522,211.90989445910293,74.40427546984783,31.45580947517529,9675.163467760936
3240,45.248595701802024,0.2765208904841305,-0.03020034151256811,213.03045083047718,74.40424691319157,31.460320521411827,9076.497128072113
3241,46.571072205037005,0.2612422541590956,-0.027596598828318247,211.44124636915768,74.40421835012208,31.464831564443795,10917.761262772574
3242,46.312394468539196,0.24670859006247203,-0.01692646659370949,211.8444180522566,74.40418978063806,31.469342604270945,9485.466076895404
3243,47.22168628692522,0.22991220019957767,-0.005966072876333423,214.9184804115552,74.40416120473824,31.47385364089301,10125.067622745664
3244,47.13282721245059,0.24965197875566086,-0.011971056250131456,215.78143949380438,74.40413262242137,31.478364674309734,7569.331269964961
3245,47.06047185683721,0.22800092939024014,0.0017428483701557803,215.50059327620306,74.40410403368615,31.482875704520865,8467.027095675174
3246,47.04129276738571,0.23134692592039238,-0.0062324298933467024,216.60956647779685,74.40407543853135,31.487386731526136,11362.395579384334
3247,48.69182078324284,0.1424026713055021,0.047846608569661726,214.94278934880035,74.40404683695566,31.491897755325287,10419.58075786152
3248,47.49664956183621,0.271807717186036,-0.008064122756975059,213.9000131908719,74.40401822895781,31.49640877591808,7848.997053716603
3249,46.304938477471666,0.4417969663914351,-0.07238705460195445,212.6352491431584,74.40398961453654,31.50091979330422,1097.5811903211209
3250,50.06957093938173,0.2909086494504458,0.007171333677907685,213.39011206328283,74.40396099369055,31.505430807483464,602.2055879854609
3251,50.92502658017395,0.22709019657275428,0.049959077303015666,213.16021080368907,74.40393236641857,31.50994181845557,0.0
3252,50.938331155434085,0.22983570690915808,0.053435616921949945,213.77381109208272,74.40390373271934,31.514452826220253,0.0
3253,51.074401692087186,0.2469520827764117,0.05682560549549838,214.58138003687128,74.40387509259162,31.51896383077728,0.0
3254,50.502795213867756,0.23362410791136437,0.04521472707522399,215.77078118824932,74.40384644603405,31.523474832126368,0.0
3255,49.52221123728677,0.18098335739963636,0.03628570297550626,216.4085044760401,74.40381779304542,31.52798583026728,0.0
3256,49.44711556748093,0.21890341887304313,0.0216529538879489,214.7252834168205,74.4037891336244,31.532496825199733,0.0
3257,50.12556846014886,0.2128769638457963,0.038236359446078845,215.39704913713612,74.40376046776976,31.53700781692349,0.0
3258,48.88214245474755,0.2479404761464556,0.03829412339452109,214.74541858932108,74.40373179548021,31.5415188054383,5659.68107381222
3259,48.13351028189725,0.13395701326771628,0.05689363894231123,218.08234519104084,74.40370311675443,31.546029790743876,15156.40210320698
3260,48.635772249013705,0.13032595824690515,0.057859609311744845,218.03555438504088,74.40367443159118,31.550540772839977,13195.061990999464
3261,48.03856453371564,0.15004030489268103,0.04072935980523332,216.96550362080322,74.4036457399892,31.555051751726342,16128.486761392316
3262,48.21898513569852,0.14271012690962737,0.04948724837877435,217.16774193548397,74.40361704194719,31.559562727402724,16007.237436749332
3263,48.37946800380705,0.12299502324262505,0.060514550201426,217.45359873451102,74.40358833746384,31.56407369986884,13526.505176545092
3264,47.9204677543085,0.1565302081590183,0.03330003373549009,217.3075605900948,74.40355962653791,31.56858466912446,10377.968846136511
3265,48.66445735768776,0.120115757889991,0.06184228458651974,218.4185770750988,74.4035309091681,31.573095635169302,13260.163298380145
3266,48.6977574804108,0.10921804475765245,0.060165108587916634,215.739038841343,74.40350218535313,31.577606598003147,15715.75397064199
3267,49.406659028693184,0.1008242744281652,0.05892898801523622,217.91358187327089,74.40347345509171,31.582117557625693,17187.284292310957
3268,49.41244116049113,0.12314962699436607,0.046343908619282066,219.8163265306122,74.40344471838256,31.586628514036697,14959.853542890636
3269,49.72966503387538,0.14577950205671894,0.033119568613371814,217.96863881934385,74.40341597522442,31.591139467235905,9297.183783272436
3270,50.4171486754536,0.10769841044743539,0.04644591954219483,215.76892692560898,74.403387225616,31.595650417223077,11086.826819887332
3271,49.54537633780662,0.10751373748529366,0.03655235812048164,216.61362139375575,74.403358469556,31.60016136399792,12862.644638520607
3272,49.674833974857826,0.11331216914180091,0.02102034606253414,215.60097419694577,74.40332970704313,31.60467230756021,9034.554669629912
3273,49.181317597691695,0.17777680334989385,0.01198448493668249,212.4708827404479,74.40330093807613,31.609183247909684,12019.621962988713
3274,46.70544799033557,0.2552187808731488,-0.023173076196403623,209.52020002631926,74.40327216265369,31.613694185046068,2547.061217463984
3275,47.983777286908186,0.27045127173290795,-0.025770718143187366,210.09221446449743,74.40324338077455,31.6182051189691,3226.048990021237
3276,48.80283749599527,0.2736913918596592,-0.02915220466009131,205.8487361769352,74.40321459243744,31.62271604967855,1067.8113961283764
3277,40.71964547861151,0.43002426404897764,-0.13661786775231016,208.06560400474243,74.40318579764097,31.62722697717415,290.79911232568634
3278,40.39714277983687,0.41027257564442265,-0.15356461504779811,209.7390789473684,74.403156996384,31.63173790145565,0.0
3279,44.29975446851352,0.3413232097105452,-0.09142443162638429,210.2222514812376,74.40312818866514,31.636248822522774,297.1894185282052
3280,42.5534124241442,0.3731752786431833,-0.112923532245288,209.80489409288245,74.40309937448315,31.640759740375287,1252.4548726381709
3281,40.2500752057363,0.4282784713900175,-0.17385824447048137,210.0388566912539,74.4030705538367,31.64527065501292,1241.1670682161011
3282,44.38124760666581,0.3636933169603228,-0.11647502407809997,209.97236842105258,74.40304172672452,31.64978156643541,1048.8506913849292
3283,46.30151728451091,0.28370591648392535,-0.011865559238954743,208.82600660066012,74.41018709974203,31.35207879805159,1328.9469528037876
3284,48.40620516082599,0.23566237340445015,0.040928934111362496,209.42235123367195,74.4101589411625,31.35658992219934,335.7591127225762
3285,46.940257459489104,0.2613996307618266,0.009923608815051393,210.09874587458742,74.41013077625524,31.361101043148903,2439.472450939604
3286,45.59057724981267,0.2952503149254212,-0.02259320069211752,210.44261213720313,74.41010260501899,31.36561216090004,3809.595809822912
3287,47.421900660014565,0.2539347911979461,0.032091361243677306,211.64464993394972,74.41007442745251,31.37012327545249,1254.21332878849
3288,46.16981491487583,0.2928117391448704,-0.00974154527878661,210.23540290620863,74.4100462435545,31.37463438680597,1667.2716896163092
3289,48.87601745782867,0.22992118153638885,0.05234022686444439,210.03880675818374,74.41001805332378,31.37914549496023,647.717117914355
3290,48.509377387003056,0.2508549043273976,0.02303526911713242,209.6095628054418,74.40998985675904,31.38365659991502,3283.497648748308
3291,45.18989448383976,0.32674380894897415,-0.0307299878440041,210.39004751847935,74.40996165385907,31.38816770167006,1735.390323449813
3292,46.3834477727489,0.26107159762394205,0.0008886167433106011,210.10522841299178,74.4099334446226,31.392678800225102,4565.883454437275
3293,44.24893473172693,0.3548712652208465,-0.05925449544996666,210.5585751978892,74.40990522904835,31.39718989557989,2866.48184473704
3294,47.197370667319795,0.20358528977715215,0.013407632551944503,210.42698706099813,74.4098770071351,31.401700987734152,5214.486987175599
3295,47.008424510106956,0.24219293172826545,0.03660848048667658,211.1570957095709,74.4098487788816,31.40621207668764,11249.736598027284
3296,48.04798213927583,0.2126485321082403,0.04856634068748872,210.83313547025458,74.40982054428656,31.410723162440085,10079.605974457052
3297,46.1336169793506,0.21225799642433807,0.041076886088545934,211.52587117212246,74.40979230334877,31.415234244991225,9470.423876875777
3298,43.19163314892087,0.26195869970122426,0.006012031869527966,212.63654353562004,74.40976405606693,31.4197453243408,6563.915832495286
3299,45.39243497848431,0.23166081705875263,0.02231097659761614,213.79086348032746,74.4097358024398,31.42425640048856,8593.506321354544
3300,47.60381177033245,0.21440448810423116,0.034935974229183375,212.71309853581323,74.40970754246614,31.42876747343423,9536.058767744616
3301,46.09248253432949,0.33198879060338027,-0.015987465995199145,212.35652059134114,74.40967927614469,31.43327854317756,1807.312234239742
3302,45.68928610509632,0.3147508391475529,-0.02215205743791203,213.63799472295517,74.40965100347417,31.43778960971829,5711.962111668761
3303,46.40849739384222,0.23309071963342368,-0.009246410914456129,212.7998416677662,74.40962272445336,31.442300673056156,9990.1192603385
3304,46.4637016413894,0.26811395648290987,-0.015037266117131671,212.85974402955534,74.40959443908093,31.44681173319091,8615.866026096208
3305,46.135994588761875,0.2329948895333859,-0.0038705355647216813,214.02320675105486,74.40956614735569,31.451322790122276,9729.965847860669
3306,45.89928924600318,0.27812741265472823,-0.03020028131883825,212.51180583036538,74.40953784927639,31.45583384384999,9445.433863021864
3307,45.105648423945134,0.24324521037673755,-0.012979297180243534,212.544267053701,74.4095095448417,31.46034489437381,8881.146290794253
3308,45.94168054756436,0.26759027500865495,-0.023015894316041945,212.000396039604,74.40948123405043,31.464855941693493,9902.818253411191
3309,46.274441975605235,0.281169882521068,-0.019290570346653563,213.80010548523197,74.40945291690127,31.46936698580874,2328.3751535827832
3310,46.40304299406018,0.2730905252366132,-0.027432807884053806,213.59319351009114,74.409424593393,31.47387802671931,6365.263443718477
3311,46.82308304511801,0.2446649549038803,-0.0109282377870931,216.07989452867506,74.40939626352433,31.47838906442494,9684.321157512544
3312,47.34770241974143,0.21126931635959637,0.002175327618851427,216.13707124010557,74.40936792729401,31.482900098925384,12258.405716584506
3313,48.12273271092885,0.19699116599830868,0.010225983783659574,215.99486166007907,74.40933958470079,31.48741113022036,9409.930570696231
3314,48.75085785783626,0.1265847599631289,0.05711335821994518,215.44330168776372,74.40931123574337,31.491922158309627,8719.686894675924
3315,48.5515577703281,0.14006722210301945,0.04810093971066968,214.50513833992105,74.40928288042055,31.49643318319293,12725.938917969006
3316,48.54073810523573,0.1544658159628202,0.04338789592374429,214.6522254411378,74.409254518731,31.50094420487,12744.370437808151
3317,50.093254265474584,0.24476313847248976,0.01885309806038827,211.73503822831532,74.40922615067348,31.50545522334057,2509.758115057955
3318,49.25419816617984,0.29268229912268323,0.008034124358491814,213.36382810440287,74.40919777624673,31.50996623860439,0.0
3319,49.63719529491891,0.29958382697282787,0.010869385588434286,213.01833531196417,74.4091693954495,31.514477250661216,0.0
3320,50.2905581858516,0.14992655145872377,0.05182314830211015,215.5258370682837,74.40914100828053,31.518988259510763,341.4769724979381
3321,50.58672277292817,0.17601017815386008,0.050849599664857595,214.8123928806856,74.4091126147385,31.523499265152804,176.42698845613256
3322,51.38717783316561,0.20662825333714616,0.05458819250052063,215.90989329469116,74.4090842148222,31.52801026758705,921.80326134628
3323,48.307773822595955,0.2243763864760629,0.007825857343053312,214.56730388925516,74.40905580853037,31.53252126681325,10003.81069950241
3324,48.017173562152585,0.2479566759187541,-0.0011515255934468817,215.14477670926104,74.40902739586168,31.537032262831165,10200.665082193986
3325,47.19842823738531,0.27543700020377904,-0.007078077181005254,214.96057489451482,74.40899897681491,31.54154325564052,7866.404601218981
3326,47.48590244204324,0.20666331354749107,0.005945586014460042,216.45488077987102,74.4089705513888,31.546054245241063,10709.706912213864
3327,48.44123229487149,0.17389037588742828,0.033950232762098874,217.3618984838497,74.40894211958208,31.550565231632515,9626.501966475696
3328,47.29567112918667,0.1914816312671719,0.01848753321356266,216.1848141312945,74.40891368139343,31.55507621481465,12901.379950421828
3329,48.186335731620794,0.12280832666325286,0.05799897952688856,216.13680052666223,74.40888523682165,31.5595871947872,15751.67249730597
3330,48.23493045584189,0.12755272606888676,0.06013936688160429,216.0131752305665,74.40885678586542,31.564098171549904,18415.8882744422
3331,47.38299162794313,0.16744184793512334,0.016392958402974896,216.77666578878063,74.4088283285235,31.568609145102503,12588.97297742264
3332,48.81614390333642,0.11527820984858289,0.06024967495923302,217.68006324943997,74.4087998647946,31.57312011544475,14446.75467253213
3333,48.27416760128311,0.13234151429973662,0.04736888916165651,215.81741536029506,74.40877139467747,31.57763108257637,13528.020022140528
3334,49.0311599705194,0.12456057167046052,0.04644853340868433,219.29607171104664,74.40874291817086,31.582142046497115,12464.967795677208
3335,50.0308588258531,0.12093502931268596,0.037682710352995946,219.15258030542384,74.40871443527342,31.58665300720672,13410.87241093656
3336,51.80538615300963,0.13368253345499964,0.001422878783003247,216.57464751614174,74.40868594598396,31.591163964704936,9473.31503820869
3337,50.21917961226336,0.10912351378853558,0.04328751446850229,215.4572745227123,74.40865745030119,31.595674918991516,15887.772108225794
3338,49.40682563276285,0.1159431440411175,0.04645949989261657,214.35401844532274,74.4086289482238,31.600185870066184,15578.511909980043
3339,50.000404730556966,0.13239163354365682,0.022064370914374465,215.53917050691243,74.40860043975056,31.6046968179287,15127.799745833032
3340,49.054385036710556,0.1452018738281901,0.030020431126434533,214.43801870636273,74.40857192488015,31.609207762578794,11680.795776390458
3341,47.35768910547108,0.2430089212706835,-0.011256966881396949,210.5948684210526,74.40854340361132,31.613718704016208,5464.487801353764
3342,46.91466262821857,0.3172155170662649,-0.05853027490527593,209.33890717577353,74.40851487594284,31.618229642240703,1206.4625095982628
3343,50.86009979440133,0.24545647446299795,-0.015509444847311501,207.23763157894734,74.40848634187337,31.622740577252,1786.5694473644996
3344,45.856337990995534,0.27771094917961886,-0.036264439893618515,209.73860942849618,74.40845780140167,31.62725150904985,1084.877156987814
3345,45.759373946078206,0.29921035878081503,-0.06430950085572255,209.3321484992101,74.40842925452644,31.631762437634013,1128.0288797180262
3346,47.37412089559874,0.2500879068530749,-0.03755761664339719,209.75049400605977,74.40840070124642,31.636273363004204,1605.64277701438
3347,43.41840555258945,0.3273908068048541,-0.09402642865496783,210.98014203051025,74.40837214156036,31.64078428516019,1617.8384655391897
3348,41.84565991723328,0.37546913678613236,-0.12960311813490694,210.40613077226678,74.40834357546693,31.645295204101696,0.0
3349,44.19636987418727,0.3404843719037471,-0.09604147760889122,210.30878485007887,74.40831500296487,31.64980611982848,50.96822634936265
3350,47.17490943261824,0.26354421915101817,0.013837620589687218,209.3388375165125,74.41544370000719,31.35210285290951,1335.6776512797846
3351,47.66793665121173,0.2573884117889496,0.02698728557101302,209.8959873284054,74.41541579235088,31.35661398129737,0.0
3352,45.90579725205286,0.3010093925487807,-0.01875944312920003,210.65468956406858,74.41538787842323,31.361125106487467,1002.9287476725287
3353,46.92910162880001,0.27246616582388616,0.00779972828753911,209.73914191419138,74.415359958223,31.365636228479516,2085.83848530483
3354,48.60194428500332,0.25827821830109626,0.02264499972240768,210.97728173292822,74.4153320317489,31.370147347273264,0.0
3355,45.66802138725186,0.30052012158423114,-0.021064386625416126,211.81230200633573,74.41530409899974,31.37465846286845,884.1711423389129
3356,48.898647927327715,0.24389421776003933,0.03633933164201312,211.9611829944547,74.41527615997427,31.37916957526481,685.3232778399301
3357,49.4257231572515,0.2402178342437194,0.03664873339195892,210.89531353135308,74.41524821467124,31.383680684462103,0.0
3358,43.79842594248021,0.29976791629168503,-0.022467324348534438,210.08746701846957,74.4152202630894,31.38819179046005,2334.8665229749568
3359,40.88896166884871,0.3516356100508057,-0.06785846264330098,211.2438605756535,74.4151923052275,31.392702893258395,1560.2810394227529
3360,45.53133547783906,0.27803137178010456,-0.02058150618569391,211.1154353562005,74.41516434108435,31.397213992856862,2515.3815108924205
3361,48.18890627333114,0.20774645684240306,0.0267334056287502,210.77013467124374,74.41513637065866,31.401725089255216,4155.989760247482
3362,46.99264197586072,0.23664990099955222,0.019968501576260803,211.31354702545843,74.41510839394918,31.40623618245319,12089.166627537928
3363,46.64000436914059,0.2085973712521643,0.04038202178351482,212.43300330033003,74.41508041095473,31.41074727245052,10247.187652351447
3364,44.477404244594794,0.24682761166946296,0.013142832925238886,212.19020591341075,74.41505242167398,31.41525835924693,8395.882549904127
3365,42.301805104198046,0.22156726233653365,0.012858759388046459,212.25174917491748,74.41502442610572,31.419769442842195,6306.452363928252
3366,42.62579346689507,0.2556676330621796,0.011239963695042009,212.41531353135315,74.41499642424874,31.424280523236025,8116.196753261519
3367,44.82830445321506,0.21476542843768928,0.03500220772757854,212.93654353562,74.41496841610176,31.428791600428163,11331.874657685152
3368,43.675338358899005,0.28137186101593736,0.005247533020698605,213.33465346534646,74.41494040166354,31.43330267441838,4729.228804202608
3369,45.053302383606876,0.33709294700128045,-0.036266372669872864,213.58588390501316,74.41491238093285,31.43781374520637,2183.897369162702
3370,45.99425172567131,0.27430571923236535,-0.027563018606753812,212.69834983498347,74.41488435390842,31.442324812791902,11150.597236366504
3371,44.894175962443974,0.2814235273445093,-0.021257709508178273,212.03389606963867,74.414856320589,31.446835877174728,8057.285692442102
3372,46.68405031171378,0.22542929992024852,0.010944765319049055,214.31581726960653,74.41482828097337,31.45134693835455,8012.228043633901
3373,45.633831017797455,0.23934355254924292,-0.012174642378693678,214.09203750165057,74.41480023506026,31.45585799633114,11283.641304875651
3374,46.28095592010696,0.24410811628554532,-0.01925474714618211,213.24990099009904,74.41477218284842,31.46036905110423,8665.212350695592
3375,47.17019738123087,0.24065352552383062,-0.012285750646748975,211.04815303430078,74.41474412433662,31.464880102673565,10462.147369493008
3376,47.136779036728655,0.2655537348659203,-0.014005857804992755,212.35034282700423,74.41471605952363,31.469391151038867,8140.881861746136
3377,47.377328735387586,0.2299406574003135,-0.008402146146596881,210.09754811494855,74.41468798840813,31.473902196199894,11288.75179232547
3378,47.83004662256522,0.19088040976240728,0.012725498815488701,213.47786561264823,74.41465991098893,31.478413238156385,12465.146669119002
3379,48.101668117853706,0.1522069068293125,0.03531047348747166,214.36611733684904,74.41463182726477,31.48292427690808,14140.56575941887
3380,48.16407337853344,0.19213437640302736,0.017456727276867985,215.4316774278562,74.4146037372344,31.487435312454718,13022.462263952018
3381,47.8770096468457,0.23893228662465557,-0.012244754143700753,214.8908970976253,74.41457564089653,31.491946344796045,8583.07041829699
3382,48.638278331441015,0.14289417775425284,0.039918477270675545,214.38404746209628,74.41454753824995,31.4964573739318,14874.669181303456
3383,47.98752788003957,0.19965510903332848,0.01103780380488177,212.72880685563612,74.41451942929342,31.500968399861723,8888.985720807119
3384,48.46028582123421,0.22182284521857706,0.052840779249042465,212.1652162447258,74.41449131402563,31.50547942258554,3290.342697353667
3385,51.051577773902466,0.25205765470119085,0.04798557932449162,213.36545814106788,74.4144631924454,31.50999044210302,0.0
3386,49.45160058407254,0.2890883360501519,0.0003049160913193143,213.7342122610416,74.41443506455143,31.5145014584139,1479.9980215955425
3387,50.16401658613838,0.22938510730591002,0.005827861493228901,212.63386034255606,74.41440693034247,31.519012471517904,1296.7469615628972
3388,49.36370334543911,0.27469702753384495,-0.017153247951462284,213.99525316455706,74.41437878981726,31.52352348141479,2103.070771514469
3389,48.25087437701412,0.23936913303501786,-0.0061630136343772636,214.7534589537489,74.41435064297458,31.5280344881043,4725.849571963454
3390,46.99145083490971,0.2371774961179735,-0.006725772594220286,215.7961766644694,74.41432248981313,31.532545491586152,10808.262103738938
3391,47.15449883716208,0.22771591940576577,-0.006527565311508563,214.15718050065882,74.4142943303317,31.53705649186012,13294.652396363064
3392,47.19529438271063,0.30737998227153446,-0.02772646204908098,216.03928806855646,74.414266164529,31.54156748892593,5138.405396835708
3393,46.3711800705613,0.31995859068124843,-0.05528366680111296,216.7758893280633,74.41423799240381,31.54607848278333,6938.385299654307
3394,47.63937246356233,0.2846797346660052,-0.02109071797298523,216.4591957811471,74.41420981395483,31.55058947343204,7453.601866732115
3395,47.60311202578189,0.16703321839817556,0.029500528121246043,214.95929390067195,74.41418162918082,31.555100460871845,15678.305616899364
3396,47.890293966819165,0.1427419979139946,0.050931528978321844,214.38887424202474,74.41415343808052,31.55961144510245,16309.96864055181
3397,48.529086129603215,0.14082699430189685,0.05222137865080103,216.84945953071443,74.41412524065271,31.56412242612361,15293.927584685278
3398,47.66908891304773,0.1559968676241424,0.032544778057281724,216.98273134721856,74.41409703689607,31.56863340393507,13510.134193987176
3399,48.1538837526245,0.1473397273806897,0.046696241346806874,216.9600790513834,74.41406882680937,31.57314437853658,13122.9683558451
3400,48.14863198065614,0.16020799810358596,0.032086789405217336,216.8723320158102,74.41404061039135,31.57765534992787,9987.672322097887
3401,48.92007008801581,0.1252175533459042,0.046364545632158936,218.62332015810276,74.41401238764077,31.58216631810868,8914.13221177795
3402,50.567897622881226,0.10477567510532008,0.04293391846044422,219.71437977350536,74.41398415855636,31.586677283078757,13471.00703700118
3403,51.85216022701979,0.12930706900369135,0.013503400969092355,217.51699604743084,74.41395592313684,31.59118824483785,10818.02764748348
3404,50.21179677907045,0.1363757371136966,0.036135493069468734,215.29335088874254,74.41392768138097,31.595699203385696,9867.77376459366
3405,48.75341909641502,0.12591599365793596,0.04593038801123115,214.8612648221343,74.41389943328747,31.600210158722035,14635.773187411169
3406,48.7193922644095,0.11311429949139876,0.04752442443186609,215.78683344305452,74.4138711788551,31.60472111084663,13030.772655367704
3407,48.32845338239131,0.14541520387186815,0.03823037328258756,216.36495388669297,74.4138429180826,31.609232059759204,15655.796706743047
3408,47.073170324233054,0.2416004012254668,-0.014548385809667556,213.0102699144173,74.41381465096867,31.613743005459494,8350.71592415262
3409,43.75939036934836,0.3794873350421084,-0.10130475013918383,210.64310163243806,74.41378637751208,31.61825394794727,419.6895341835483
3410,47.72516447953953,0.2805799485316619,-0.02588537071714216,208.84817787133272,74.41375809771155,31.62276488722225,0.0
3411,47.766417736028956,0.2555255457069743,-0.01816695055378014,209.99552631578942,74.41372981156587,31.6272758232842,0.0
3412,46.89763773283009,0.264953689189396,-0.021333351211145678,210.7619673855865,74.41370151907368,31.63178675613284,0.0
3413,46.06287876816986,0.2923651115131205,-0.0705447535890871,210.11231073074387,74.4136732202338,31.636297685767925,206.2345314048245
3414,43.885219566955676,0.3674172292647352,-0.11879529694906768,210.54163925799236,74.41364491504491,31.64080861218921,1844.3640096993288
3415,43.151178378803024,0.3970215669398097,-0.14323987319766393,210.42072688964967,74.41361660350579,31.645319535396425,718.9706685509275
3416,42.19746203596054,0.4085599384552978,-0.15158367719104518,211.72539473684213,74.41358828561515,31.649830455389317,0.0
3417,48.169604208051254,0.23322539603725792,0.04103966188020839,209.19091629257989,74.4207003065424,31.35212669244676,0.0
3418,47.4634749809551,0.27776463516790084,0.009189066025876047,209.42959048877142,74.42067264981061,31.356637825036795,0.0
3419,45.4399046455073,0.30584818346791987,-0.030819046249117944,210.08969616908848,74.4206449868638,31.361148954429453,1677.3282491384207
3420,45.26871873522383,0.3162858003891624,-0.027499273210395178,211.11778687442228,74.42061731770083,31.365660080624448,1138.1927596447088
3421,45.1476381780515,0.280272365592377,-0.01578206267643972,210.8106930693069,74.42058964232038,31.37017120362156,876.4882597732884
3422,45.86794877989704,0.28842100050291725,-0.004550689587986517,211.6063366336633,74.42056196072132,31.37468232342048,0.0
3423,48.498967254375756,0.24999157410536652,0.037584695895067466,211.66521337032628,74.42053427290233,31.379193440020973,0.0
3424,50.62916445615844,0.18289030999038855,0.0692339070969536,211.07498349834984,74.4205065788622,31.38370455342279,777.8188290897687
3425,42.75249883735669,0.23788209598364451,-0.0030449493196727444,210.63461030383093,74.42047887859975,31.38821566362566,2628.81307144702
3426,37.056810772956425,0.3763856759237957,-0.12497068011091132,211.34055482166448,74.42045117211372,31.39272677062932,1356.3252367876626
3427,41.9093160109109,0.34560675825818477,-0.07596152466940728,211.5836303630363,74.42042345940288,31.397237874433493,2765.7650837416168
3428,43.33779925476367,0.32492042112824354,-0.04926426180773185,212.1509110113546,74.42039574046598,31.401748975037947,2481.8209950126784
3429,43.23143513897507,0.2946391445400329,-0.02104364470077401,210.08086004484892,74.4203680153018,31.406260072442407,4053.187852230443
3430,45.46745430022972,0.2508136248334815,0.019662213644543968,211.32396039603958,74.42034028390913,31.410771166646622,8502.239278819285
3431,45.19725874415042,0.23914871408085792,0.019782869004299024,211.86952506596302,74.4203125462867,31.415282257650333,10329.616098696571
3432,43.56471895804333,0.226672073470076,0.029409560395456898,212.70095062054386,74.4202848024333,31.41979334545327,6585.099949994376
3433,44.002026301097644,0.22559157750638156,0.03325247470683874,212.05804749340368,74.42025705234767,31.42430443005516,6952.012111315245
3434,43.58587918699409,0.21930662954721558,0.03251231404658787,213.05742574257422,74.42022929602864,31.42881551145578,8960.929179855142
3435,42.5168062004103,0.26123702482111466,0.0016268444216917762,213.380870712401,74.42020153347491,31.433326589654843,2067.693095559664
3436,45.11773823505474,0.21626025145048774,0.027795971438116233,213.49189189189184,74.42017376468525,31.437837664652093,1578.0501122355156
3437,47.19421776479027,0.29071999368112716,0.00462071447114789,213.63430079155674,74.42014598965847,31.44234873644728,1646.6464590522862
3438,46.63932835858597,0.31733954066857956,-0.018358796310505816,214.11130182202277,74.42011820839329,31.44685980504013,6868.266133337399
3439,47.30337934906872,0.24272327052995613,0.008076884414559643,214.62523117569356,74.42009042088851,31.45137087043041,9923.916098972546
3440,48.18087042321822,0.2140669552780343,0.01157605164627114,213.2876730388926,74.42006262714288,31.45588193261782,12080.377123381688
3441,47.10629754242351,0.2651689043439072,-0.024578045557414833,212.71728232189966,74.42003482715512,31.46039299160214,10101.24530638006
3442,46.60569494528809,0.26700175543144694,-0.026637841439798828,212.73777191825974,74.42000702092405,31.464904047383094,9444.308611726412
3443,46.915801096893155,0.25061466154757134,-0.01872180555456477,210.82941952506596,74.41997920844842,31.469415099960425,12263.927552546473
3444,48.730481124175476,0.18743294415918424,0.019896415010508456,212.92559366754625,74.41995138972699,31.473926149333863,12269.347911394032
3445,48.27819356959101,0.1784194593440671,0.019111606554780395,212.54017680432773,74.4199235647585,31.47843719550316,14941.792545939416
3446,48.36078686347497,0.14759622283858947,0.03839459595306007,212.9284960422163,74.41989573354174,31.482948238468055,11832.177428818008
3447,48.43959651206331,0.18585218348972754,0.01982774432625976,213.83796967699405,74.41986789607546,31.487459278228297,11045.61167405254
3448,47.867771194020605,0.20437588362017456,0.01113295082971172,214.05223585278992,74.4198400523584,31.491970314783615,9950.277537349632
3449,48.34699720686712,0.19893579173147188,0.013665000473201516,213.23892405063293,74.41981220238937,31.496481348133774,9788.49383839016
3450,49.446559862073634,0.21935381531568376,0.012044661126099521,213.0536868487007,74.41978434616706,31.50099237827848,3574.598393226074
3451,48.510049407234035,0.30810886889646794,-0.0030983009534983636,213.7969676994068,74.4197564836903,31.50550340521749,4347.9336507489
3452,50.04712429809236,0.26565834269072447,0.030883861970235224,213.59709762532975,74.41972861495778,31.510014428950548,830.1520508275106
3453,49.57302792811704,0.2722504097510635,0.017646662518453916,212.78771906707084,74.41970073996832,31.514525449477404,1352.1804243505812
3454,49.0164084539631,0.34717181171329137,-0.0342882890588982,211.49413315754782,74.41967285872063,31.519036466797782,3030.289825045444
3455,48.5527044129035,0.33297675093263074,-0.021719085883252182,211.93314873417725,74.4196449712135,31.52354748091144,2982.1279209897607
3456,47.11678041984184,0.18349502635059764,0.019179908498121914,217.63831751054863,74.41961707744568,31.528058491818104,11684.592928978156
3457,47.17566589027032,0.22458826404844623,0.0005996963428493247,215.8582729070535,74.4195891774159,31.53256949951753,13220.266089501862
3458,48.08457472823324,0.2088053267404929,0.0005431348506040011,216.95599472990787,74.41956127112299,31.53708050400945,14097.296184218669
3459,48.008384786787126,0.22431782695798533,0.006822884014403628,213.76545814106808,74.4195333585656,31.541591505293624,10114.830476640256
3460,48.268337210604784,0.15598594578731398,0.042543381542893104,215.92055335968385,74.41950543974255,31.546102503369774,11299.131521910578
3461,48.61376186761766,0.11734325994763731,0.06355628331621808,215.74937376400788,74.4194775146526,31.55061349823765,16131.985120501353
3462,48.138672437794455,0.14036991731998305,0.04859177754599683,214.82213438735175,74.41944958329447,31.555124489896997,16256.049837973636
3463,46.58369727154911,0.23246489401939605,-0.004372942447975339,216.0804218852999,74.41942164566696,31.55963547834755,9382.165643501405
3464,48.05278360308393,0.15908226052540167,0.04082698070120969,214.90067184824133,74.41939370176875,31.56414646358905,10291.736975739048
3465,47.45874202121344,0.17290104689420696,0.025965438091712912,217.1549407114625,74.41936575159866,31.568657445621252,11615.96540483137
3466,47.9106914326228,0.14586116094041365,0.04295443469933762,216.65200789993418,74.41933779515544,31.573168424443896,10772.348774779744
3467,48.17509461573519,0.1410580682351239,0.04153615260494533,215.47430830039528,74.41930983243782,31.577679400056727,10941.197770446011
3468,48.326916936566164,0.14250233767717732,0.04162623693886898,218.96379196840027,74.41928186344452,31.582190372459465,7820.432229797317
3469,50.13313371754382,0.12399055788694044,0.03574182289298871,218.18460930293847,74.41925388817437,31.586701341651885,11861.983875019094
3470,51.22877282284587,0.1296604092940441,0.016985354178361795,217.78827404479574,74.41922590662607,31.591212307633707,7694.6002453309075
3471,49.04528805733598,0.1499202509014577,0.019033383589249265,215.76007905138334,74.41919791879836,31.59572327040468,10518.22579941919
3472,48.740916789698495,0.17064617386221598,0.040162184905644785,214.31889400921648,74.41916992469002,31.60023422996456,8981.800955029525
3473,48.64775518795024,0.19081430366885277,0.011799075987233962,215.10729331226958,74.41914192429978,31.60474518631307,10150.981827242957
3474,48.91035089882423,0.17871601050444136,0.022028247529047976,214.33759052007898,74.41911391762642,31.60925613944998,9124.829331115614
3475,47.94488725242891,0.1955221623419141,0.013191907653170491,214.3711163770405,74.41908590466866,31.613767089374992,11102.979890921695
3476,46.496259125416934,0.3096553107641521,-0.04065566638548386,209.8195231194835,74.41905788542525,31.61827803608789,4373.597112682515
3477,49.923374561196695,0.2642273624323016,-0.004534384567995807,209.96998420221166,74.41902985989495,31.622788979588396,1503.0801647592605
3478,54.20112084273519,0.1739664222100027,0.06542931613007605,209.40764163372862,74.41900182807649,31.62729991987627,0.0
3479,52.74218572120574,0.21097955626738585,0.02793245407944629,209.45754903251276,74.41897378996863,31.63181085695123,0.0
3480,44.934610731671505,0.30140194736197823,-0.08845939814649513,210.07521074815597,74.41894574557014,31.63632179081304,0.0
3481,42.77631544010666,0.3679648939926293,-0.12492890764211308,210.5758293838863,74.41891769487974,31.640832721461432,1896.4004481829456
3482,42.18767201070347,0.3941425541212292,-0.1484138475303543,211.40877354762222,74.41888963789614,31.64534364889617,1387.167764567189
3483,43.50548876533177,0.3824176856407612,-0.12070608547453208,210.84768299104792,74.41886157461816,31.649854573116983,0.0
3484,47.3214171933197,0.2622880875305608,0.021140574576690375,211.25231175693523,74.42595691929144,31.352150316662467,0.0
3485,46.53560039814399,0.30643189505255797,-0.015844115526483637,210.1262879788639,74.42592951348531,31.356661453416717,0.0
3486,46.745464171015726,0.26006486897022385,0.008559538865290636,210.38607845727114,74.42590210152059,31.36117258697397,1137.2968673806042
3487,45.10357644424704,0.2968332225480577,-0.013903637526851122,211.1803170409511,74.42587468339607,31.36568371733397,1567.2083849895907
3488,46.40418672417614,0.26438857753108974,0.004994122835438061,211.31700554528655,74.42584725911053,31.370194844496456,1317.655786507494
3489,47.96703105240029,0.24948618284096455,0.031961674787148425,210.83342140026417,74.42581982866272,31.374705968461157,0.0
3490,47.81088040531514,0.2453856820495965,0.03209575979905288,212.09116131589377,74.42579239205149,31.37921708922782,0.0
3491,51.46170825936495,0.18276986219520955,0.06744852416533127,211.77383152891468,74.42576494927553,31.38372820679619,1458.671092286968
3492,41.26587351252444,0.28261178871183423,-0.0638388038718528,210.09479799313442,74.42573750033371,31.388239321166,866.9284429694025
3493,37.06325551895858,0.4462669943934975,-0.15899925144679755,211.06929778247095,74.42571004522473,31.392750432336975,1338.7401684477177
3494,40.82981668704399,0.3265627905778513,-0.07796925344016631,212.3707568352926,74.42568258394743,31.39726154030889,1296.797280381418
3495,42.864759766554485,0.35503682111837037,-0.057204643252835814,210.92039603960393,74.42565511650056,31.40177264508145,1705.3245102351748
3496,44.512024780856656,0.3132528305988584,-0.006755019330167749,210.59292502639914,74.42562764288292,31.406283746654424,3381.876271150975
3497,41.797485961300524,0.3585135731263047,-0.05849266764034639,211.0279904937945,74.42560016309326,31.41079484502752,3308.45589181713
3498,45.368842505528725,0.2454189475419578,0.0364965615109733,211.4376237623762,74.42557267713039,31.415305940200515,7290.662683867436
3499,44.61125426955772,0.22390124816255944,0.03450487456160621,211.10337998415633,74.42554518499307,31.41981703217313,10866.48917014704
3500,44.45602322935623,0.22550330196781587,0.04692441195430481,212.12783641160948,74.42551768668007,31.42432812094509,9369.919677354035
3501,46.4494336228911,0.2030025669888949,0.045982031491898584,212.0076567656765,74.42549018219019,31.428839206516148,10521.736496936188
3502,44.46344324341775,0.22393734516941474,0.02465298027254527,212.5820147679324,74.42546267152217,31.433350288886064,7818.561766602782
3503,47.046618146649095,0.17249116700791686,0.040562275396162355,213.6315303430079,74.42543515467482,31.43786136805456,7587.526342475381
3504,47.99480105562305,0.2347291229082811,0.018192384803992552,212.03035902851107,74.4254076316469,31.44237244402137,8009.444144052528
3505,48.18410562070498,0.2573848595058618,0.00960537915204352,213.1440264026403,74.42538010243722,31.44688351678624,6975.224035112052
3506,47.42224366408709,0.2734266440364872,-0.01030254542057772,213.01635883905018,74.42535256704453,31.451394586348925,7175.599366051572
3507,48.708308024323806,0.23532361406111135,0.01346288519250252,211.6135374059902,74.42532502546756,31.455905652709145,9068.755505743258
3508,47.019305551477586,0.24382096181822918,-0.0202180919065455,214.92335092348284,74.42529747770516,31.46041671586666,9325.034833542531
3509,46.84662701093788,0.25507186210032073,-0.0210573971540166,213.11950929956473,74.42526992375605,31.464927775821188,11243.93788427318
3510,47.382827268182446,0.244333369672269,-0.01945693217285245,210.75092397043295,74.42524236361905,31.4694388325725,10735.360121710424
3511,47.84859787199079,0.22565660489346548,0.0008664967004762384,211.93592617007255,74.4252147972929,31.47394988612032,9324.957332096898
3512,48.94261579829401,0.17551636184895777,0.03506428036650865,212.8753133658795,74.42518722477637,31.47846093646437,10396.179379346231
3513,48.366018280850476,0.14366157355110976,0.052150864324526265,213.31302742616037,74.42515964606824,31.482971983604426,10778.284076285305
3514,48.299397555848316,0.14099913647606319,0.05091823767066682,212.06649076517152,74.4251320611673,31.487483027540208,13136.992882418495
3515,48.44457953358974,0.15269166545838073,0.04471176193297611,212.60369393139842,74.42510447007227,31.491994068271467,11577.579830801847
3516,48.593095236846096,0.2419620108404798,-0.006698671814037043,210.66745811898164,74.425076872782,31.49650510579794,9175.542662205453
3517,49.216329502740976,0.2277903288498348,0.009029191100765195,211.7542518127884,74.42504926929519,31.501016140119376,7668.580564853072
3518,47.556364427519824,0.3286965046169559,-0.02918747025410236,211.53665611814355,74.42502165961065,31.5055271712355,5964.8570115902585
3519,46.804107147555435,0.3867963908402593,-0.058055480664562155,211.7824538258576,74.42499404372714,31.51003819914607,4329.9336183274
3520,47.29394132393545,0.31608257801345657,-0.037523811969806,212.84179301252485,74.42496642164342,31.51454922385083,7761.594815078552
3521,47.947465049605576,0.2866507913754417,-0.021388085574555384,212.60448548812678,74.42493879335828,31.519060245349507,9516.961716955033
3522,47.79609453413396,0.2909828577060508,-0.024084597810162738,212.6827049828632,74.42491115887044,31.52357126364184,7507.036677071405
3523,47.607260875402794,0.23810274946140972,0.0038582554134427194,213.22241265655913,74.42488351817875,31.528082278727585,7570.494990904841
3524,47.71796727117937,0.24547492632329831,0.010972745760976201,212.7937804717355,74.42485587128188,31.53259329060648,7858.609558135594
3525,47.7552424403046,0.24780137852013515,0.003006593275637952,213.61595253790384,74.42482821817867,31.537104299278266,9137.856447478627
3526,48.220121775238,0.23593685753191332,0.0009576551858053381,213.04588002636788,74.42480055886789,31.54161530474269,8560.955808296454
3527,48.02591853052615,0.16220660956007565,0.043143849077095626,215.11827531645588,74.42477289334823,31.5461263069995,11713.016643804976
3528,48.360825909158876,0.11896745468231194,0.06367256638971296,215.02755438365193,74.42474522161854,31.550637306048426,15482.050172085244
3529,48.31527966532219,0.13310431944946793,0.05736068457671485,214.83884569772033,74.42471754367754,31.555148301889204,16732.678058321042
3530,48.104746450217405,0.19755718093036811,0.028120150839624432,215.07549407114618,74.42468985952402,31.5596592945216,7686.94940944104
3531,47.81677784071195,0.1651923682847266,0.0344883879138284,215.80514172709286,74.42466216915673,31.564170283945323,8816.956603386307
3532,47.61837360871985,0.16874281818914555,0.031029746432344272,216.4251812788398,74.42463447257445,31.568681270160152,7724.485784283152
3533,47.882898193139226,0.1469430807582812,0.03853764452701574,218.58622052430502,74.42460676977592,31.57319225316581,12646.439300878355
3534,46.674056702164506,0.22632091797462725,-0.0013185425496263566,216.88861059847082,74.42457906075991,31.577703232962048,9444.610360531597
3535,47.322393261125725,0.18956882624677604,0.021601040738140207,216.62870309414086,74.42455134552519,31.5822142095486,10132.676524747549
3536,49.11631733751186,0.16015383763821542,0.028836375035356892,217.1365911485774,74.42452362407053,31.58672518292521,11504.604640735972
3537,49.52639513161075,0.13548266406179368,0.04067131485994509,217.84761152783256,74.42449589639467,31.59123615309162,13673.951611179822
3538,49.62514569336365,0.14017817364996335,0.04071268279101896,216.82055335968377,74.4244681624964,31.59574712004759,12140.327388842808
3539,48.61049648739436,0.24004466669017913,-0.0026977516959251404,215.1211323238972,74.42444042237447,31.60025808379285,7733.153211555599
3540,48.94526774046246,0.21220374588844715,0.01405299352875745,215.39696969696965,74.42441267602763,31.604769044327156,11147.440739598476
3541,49.40394223913498,0.20661851431439554,0.02169019260391487,215.09980250164577,74.42438492345465,31.609280001650223,7516.832473815797
3542,47.09876259456128,0.2436613048926417,-0.00919014799842987,214.18906455862978,74.4243571646543,31.61379095576181,4976.190878473679
3543,47.45423802555732,0.3103547422501999,-0.03745081624993479,212.94466403162048,74.42432939962531,31.61830190666167,1086.4214670443764
3544,48.35362339619223,0.29070937683087045,-0.04897919681572284,210.90730743910467,74.42430162836648,31.62281285434954,3495.4359352859824
3545,49.796030930497786,0.259534764112522,-0.02572517356492523,210.299841980511,74.42427385087655,31.627323798825163,3515.1982613081987
3546,48.52146774596787,0.28819452565280457,-0.04645075289863886,209.74690545167238,74.42424606715426,31.631834740088276,2112.778898406916
3547,47.61021749267844,0.27750462829817313,-0.05790150850543526,209.09876218066896,74.42421827719839,31.636345678138625,476.7533060991627
3548,46.280710825399616,0.3137222548884268,-0.07548355624871494,210.0377880184332,74.4241904810077,31.64085661297597,527.7675810258748
3549,46.089671642325534,0.34067262825875205,-0.0952557025336899,210.90848037924684,74.42416267858096,31.64536754460004,0.0
3550,42.371877529347316,0.4107634860065956,-0.15630266597191536,209.75962552742618,74.42413486991688,31.649878473010588,0.0
3551,46.67202595039095,0.2756441158672674,0.009207552178689786,212.14674415532954,74.43121353819782,31.35217372555572,884.6094526583743
3552,45.17783756674149,0.30450985602826636,-0.013314524012119808,211.67969368893577,74.43118638331862,31.356684866436243,1002.3825825484428
3553,46.86856268274676,0.23935418665368557,0.027364650421933704,211.62729554762848,74.4311592223372,31.361196004120146,4042.294907428831
3554,44.6214414698745,0.32216509609931626,-0.029500668075839544,212.8277410832232,74.43113205525238,31.365707138607178,1439.3529391881043
3555,44.70828875255219,0.28400155893560763,-0.022593874699748173,210.7287978863937,74.43110488206294,31.370218269897084,2913.154444222341
3556,48.16849443400532,0.22913483126540238,0.034635045552000816,210.41400264200792,74.43107770276765,31.3747293979896,1003.6710377024696
3557,44.74247088349924,0.29464343058899706,-0.001000060696088616,212.46832101372758,74.43105051736534,31.37924052288444,1084.7383682487684
3558,44.32033038842008,0.2527314310240553,0.007192202499426809,211.8800528401585,74.43102332585478,31.383751644581395,1190.415415383435
3559,38.77858160716437,0.3749736626670258,-0.09186797070544649,210.7264686468646,74.43099612823478,31.38826276308017,0.0
3560,39.09642747177582,0.40686127581926623,-0.11245401539037364,211.95827832057032,74.4309689245041,31.392773878380503,2320.401368047488
3561,41.32381189225346,0.31138480785513317,-0.04573980392426273,212.01478547854782,74.43094171466157,31.397284990482152,3052.2684854924346
3562,41.55363987060365,0.37612023787046767,-0.06353099662519097,210.79183727380797,74.43091449870595,31.401796099384843,1105.305730922604
3563,44.108390022000805,0.35538038375925535,-0.04015600695378508,210.29292128895926,74.43088727663604,31.40630720508832,329.0301758222657
3564,43.382398872500005,0.386168388831733,-0.06688500542749483,210.55089662447253,74.43086004845064,31.41081830759232,3850.479216223399
3565,44.912911376792465,0.33907660071451073,-0.03004957225903046,211.59150283678582,74.43083281414853,31.415329406896603,6627.583098808482
3566,45.12396119447333,0.26317326467347074,0.03123589921322496,212.02491760052732,74.43080557372849,31.419840503000884,8770.392180396517
3567,45.78738215178101,0.21511245511913726,0.040966337473529894,212.2560686015831,74.43077832718934,31.424351595904906,8937.63764135974
3568,46.97380910478814,0.19780275035274428,0.04637142500310147,213.64607260726078,74.43075107452982,31.428862685608404,10093.480533947764
3569,44.982257449560414,0.21416525317403107,0.03554632196733436,212.5746534653465,74.43072381574878,31.43337377211116,8802.03132030927
3570,46.39899587186684,0.22478659853058064,-0.0014186953067005907,213.55608402695196,74.43069655084496,31.437884855412864,12411.951633599549
3571,46.3650182638025,0.2519959632007115,-0.01928496427003549,213.19144441510434,74.43066927981715,31.44239593551329,10658.888846143353
3572,47.29736722562774,0.2127091085164257,0.0007558339275597302,212.09663366336636,74.43064200266416,31.44690701241216,11260.86664252268
3573,46.95514474998814,0.24935371036175752,-0.010036358516038818,212.9672866376468,74.43061471938475,31.45141808610924,7070.847654080269
3574,46.31371070424161,0.27754089652235747,-0.0173046448907652,212.50099009900987,74.43058742997773,31.45592915660422,5144.357316014307
3575,46.078309867658234,0.2753829153577286,-0.03312324644508304,213.76964662447264,74.43056013444189,31.46044022389689,9562.143603931623
3576,47.87991283668692,0.2456337779230027,-0.017277850827554148,212.04921493600744,74.43053283277598,31.464951287986977,8846.373738498993
3577,48.55588713030757,0.21468741753918522,0.003225389421109277,212.2356124604013,74.4305055249788,31.46946234887421,9035.338793832683
3578,49.02998423506073,0.21228192794001557,0.02144658306920707,210.97003695881725,74.43047821104918,31.473973406558358,10584.053127066358
3579,49.765972763269154,0.21357360797378647,0.026622889910539887,209.52031662269133,74.43045089098581,31.478484461039123,9320.029540691768
3580,49.14256703688747,0.20510463002428986,0.020560871531903974,212.41549017020722,74.43042356478756,31.482995512316275,10118.721066031932
3581,49.563770692283974,0.19204354882858055,0.029344590866376193,213.2590051457977,74.43039623245319,31.48750656038954,12278.72299900293
3582,48.42332463374641,0.22240911766593807,0.0034756373838443944,213.71605589243353,74.43036889398145,31.49201760525869,10800.841093510538
3583,47.44629422370107,0.26892136822501084,-0.014443078350721221,213.0415622113736,74.43034154937115,31.496528646923437,9979.780381259818
3584,47.93132972800134,0.2566777328757121,-0.010967811239296889,212.5847066578774,74.43031419862106,31.501039685383507,12036.954175797964
3585,45.95833545921111,0.35049254430413984,-0.04162037340637821,212.7195250659631,74.43028684173001,31.505550720638688,4966.198498903537
3586,47.454080541198294,0.3310334266231873,-0.030211338260782917,212.13973108357504,74.4302594786967,31.510061752688696,6023.913080883066
3587,48.07598700370866,0.25559704086090757,0.013146889962756599,213.68226763348713,74.43023210951995,31.51457278153326,8276.726512366306
3588,47.53173926998025,0.2561096927791964,-0.009572227881752392,212.80722573839668,74.43020473419855,31.51908380717215,10173.011779968583
3589,46.98090343744762,0.3086789563461175,-0.04436735315746745,211.8374884579872,74.43017735273126,31.52359482960509,10549.316939380806
3590,47.14521366889991,0.2900193513267531,-0.01732128607893928,212.45112781954896,74.43014996511691,31.52810584883185,7927.260015549564
3591,48.09212852993149,0.28486728538463574,0.030564815912992475,211.5712590639421,74.4301225713542,31.53261686485211,4028.697594610567
3592,47.17424145240347,0.3232118275538665,-0.003674316624197403,213.48200395517478,74.43009517144196,31.53712787766567,4202.535765040255
3593,46.83160064935575,0.3280889401644349,-0.031776021704131574,213.3857707509881,74.43006776537895,31.54163888727225,4388.040906906389
3594,45.39561514973503,0.37453315305333884,-0.06877781511288997,214.98114700065912,74.43004035316399,31.54614989367161,5496.951012272187
3595,45.38590426967573,0.33216409054407875,-0.05748770913792909,215.48457685209593,74.4300129347958,31.55066089686348,8276.194363467986
3596,46.66873274235731,0.24497291435870408,-0.011977083755117296,212.03506921555697,74.42998551027316,31.555171896847583,9882.777764830367
3597,47.9821225088267,0.19520382240640846,0.026885972213857953,211.1214116407689,74.42995807959488,31.559682893623688,12026.12381235768
3598,45.019428411391125,0.3936478191972408,-0.0942927514497844,216.8741931234356,74.42993064275973,31.56419388719153,4462.523545532003
3599,47.46721899529235,0.18436825854947533,0.022689473916918335,216.56794838030015,74.42990319976646,31.568704877550857,9876.98277255644
3600,47.072556510322634,0.17887153409663434,0.0049445545275271004,216.60442454569386,74.42987575061386,31.57321586470141,14325.70110780906
3601,47.130121652946364,0.20082419602634102,0.015340220195117207,218.1548293582817,74.4298482953007,31.577726848642925,13146.571421662213
3602,47.74118283105139,0.2014405094240036,0.02589805901577626,215.6415019762845,74.4298208338258,31.582237829375163,8756.968313572537
3603,49.02281414338958,0.14439616445385584,0.0414086481201255,218.205800922874,74.42979336618787,31.586748806897837,10852.36534404644
3604,48.278955416991835,0.18711698451628367,0.018528247886619522,217.35222778803052,74.4297658923857,31.591259781210702,12307.735418985458
3605,49.0793111757254,0.21258678569374528,0.006462289132136902,214.307023323231,74.4297384124181,31.595770752313527,7145.633901294712
3606,50.23916258895257,0.20161454862620964,0.021177771894714648,212.4542819499341,74.42971092628382,31.600281720206024,7627.562004352192
3607,49.7960712364585,0.20437675384172332,0.03006408306162027,213.14756258234516,74.42968343398161,31.604792684887947,3498.7454475214063
3608,49.40733675960081,0.16405394780071264,0.05120036550422028,214.99051383399205,74.42965593551027,31.609303646359045,3085.383737154473
3609,47.893670430422944,0.29499762676300156,-0.02528988981329983,213.1088274044795,74.42962843086856,31.61381460461903,3929.684907507538
3610,48.851929460710885,0.2660371092050121,-0.015063281635418365,214.67443391258558,74.42960092005525,31.6183255596677,3319.7329390972086
3611,48.30251425828063,0.2869051981665537,-0.021644220068754036,212.41620553359675,74.42957340306913,31.62283651150477,2322.1370744698347
3612,47.78484394153918,0.3009601895752752,-0.043933617383948874,209.61632653061218,74.42954587990893,31.627347460129972,2464.013019570158
3613,44.05358755657315,0.3747852821650991,-0.11230732198111237,210.76864295125162,74.42951835057345,31.63185840554308,3117.3664799334174
3614,48.10246040430098,0.299502111342668,-0.060660670506209886,211.08464981569247,74.42949081506148,31.636369347743805,4552.741684381707
3615,49.4252914755774,0.24166447989131626,-0.03044329176192491,210.96734693877548,74.42946327337175,31.640880286731907,3268.628320777196
3616,42.7032091398578,0.42267002738589826,-0.1562860306631909,210.63774032130632,74.42943572550304,31.645391222507136,0.0
3617,43.147612880039574,0.38834683452624996,-0.13632025939847817,209.84741072605095,74.42940817145413,31.649902155069228,0.0
3618,47.791537817039256,0.25402324641540674,0.027726270470813365,212.4036200290659,74.4364701632052,31.352196919125664,46.98869028238844
3619,46.60784861505553,0.3178600127618499,-0.02068022483400214,211.40100449378798,74.43644325925413,31.356708064094494,1118.3778616385346
3620,46.14030932003569,0.3118162183196378,-0.020428843931002458,212.3803170409511,74.43641634925723,31.36121920586709,1253.6314487027817
3621,43.67267158712288,0.3503613778876191,-0.04873077828892061,214.11756935270807,74.4363894332133,31.3657303444432,0.0
3622,42.463230043821696,0.3021944418627314,-0.019048525079519638,212.5824306472919,74.43636251112115,31.37024147982256,54.86043925059491
3623,43.41958834017425,0.26678669811057887,-0.022512192946101076,212.05966996699658,74.4363355829796,31.374752612004908,1421.3470740724747
3624,43.73354674575506,0.2785453379619928,-0.0053773443168381625,211.7502972651605,74.43630864878743,31.37926374098999,1.8843386999699936
3625,40.309525596564576,0.23620903666272075,-0.009446916073926908,212.653815685239,74.43628170854348,31.383774866777543,339.11481892455544
3626,36.949419076746814,0.46249774990517073,-0.16222220575056961,210.66001849161268,74.4362547622465,31.388285989367297,1085.0436017540403
3627,37.27336095353269,0.4150496886709104,-0.12008032537589716,211.44198019801976,74.43622780989536,31.39279710875902,1007.7488293738068
3628,39.36342414427969,0.34201843210397315,-0.06550739023205705,212.85910290237462,74.43620085148876,31.3973082249524,1329.218712886866
3629,42.33894388312047,0.340323351576779,-0.037755693285139016,211.48370497427098,74.43617388702562,31.40181933794724,67.09426715403765
3630,45.842094522761364,0.27203519507706564,0.0029730761984396296,210.88806758183736,74.43614691650465,31.40633044774323,714.5229690161068
3631,46.42541092100596,0.2619117890475525,0.010923549599674584,211.7729372937294,74.43611993992471,31.41084155434013,3253.150424242279
3632,46.56516468050438,0.26506771148093144,0.004241606298695512,210.75640348560864,74.4360929572846,31.415352657737703,7527.968334660718
3633,46.2038147319181,0.291517085045803,-0.001721108825030441,211.25257595772786,74.43606596858308,31.419863757935648,5334.459696787609
3634,47.859593539702956,0.21811304207679988,0.045236802029722245,211.9630314232902,74.43603897381897,31.424374854933728,6585.052907874453
3635,48.68443816797203,0.21490478708105257,0.048069683538391264,211.49088988645366,74.43601197299105,31.428885948731672,11793.36053415633
3636,45.62724294690846,0.2554096091974339,0.0025763582847026048,213.99973576430176,74.43598496609815,31.43339703932924,13193.265783982475
3637,46.50099963605363,0.24637711149297234,-0.01386238347752195,213.49260628465805,74.43595795313905,31.43790812672616,17329.278420572642
3638,47.20061086303764,0.25913625158876197,-0.015220329552538608,213.63287128712872,74.43593093411258,31.44241921092216,14330.609897722989
3639,47.2319677214301,0.2147742607442213,0.006479227984987868,214.45725593667547,74.43590390901748,31.446930291917013,12113.682364446551
3640,47.74726129199738,0.22043598582199786,-0.008737369896765991,213.53707124010558,74.4358768778526,31.45144136971043,10356.963118601656
3641,47.23223127063367,0.24550322246054004,-0.01801935974525734,213.3581518151815,74.43584984061673,31.45595244430216,9314.534849298469
3642,47.77840311637229,0.24483860484063905,-0.010059508573701281,213.4143894389439,74.43582279730866,31.460463515691963,8069.468146754668
3643,48.61712031078245,0.2092007853774088,0.01015920291434156,214.2148040638607,74.43579574792714,31.464974583879552,6992.600126512624
3644,49.2835070652639,0.19194084157959015,0.024716853128087343,212.98403693931405,74.43576869247104,31.469485648864687,11065.707308881178
3645,49.336951592416554,0.21467281306663943,0.02017513021030766,212.9280717962255,74.43574163093913,31.473996710647096,9646.76175435182
3646,49.927840695977096,0.2206467155707379,0.03470182873219384,212.0491824894515,74.43571456333017,31.47850776922654,12566.929774132892
3647,50.51244849051982,0.2059055084420528,0.041296017994153535,211.02823218997366,74.43568748964302,31.483018824602738,12836.700089599426
3648,50.138263678175385,0.22464299581591646,0.02257934876139055,212.55016479894533,74.43566040987642,31.487529876775447,10848.866528702916
3649,49.64057692544796,0.23919182014684587,0.018846007398912613,212.19184588995915,74.43563332402915,31.492040925744394,10923.817017524472
3650,48.60042050298816,0.2630384500501016,0.004402327809050577,214.00356200527702,74.43560623210007,31.496551971509337,7896.154547124822
3651,48.55142016508312,0.24879626712546157,0.008478326266764157,212.74366754617418,74.43557913408796,31.501063014070017,8825.315715688444
3652,47.83907067636259,0.20409350582367092,0.02440265836455215,214.66394199077132,74.43555202999156,31.50557405342616,9476.38411616025
3653,47.51629107059106,0.24543415968386775,-0.01210544214606327,213.74221635883916,74.43552491980968,31.51008508957753,13150.164267873171
3654,47.28177160968342,0.26539241703045247,-0.009927295655796907,213.14248021108187,74.43549780354115,31.514596122523848,9727.910247278713
3655,47.28217783977458,0.2352571465036723,0.0036475193430060924,212.64477848101268,74.43547068118471,31.519107152264866,9743.631124621652
3656,47.33889583401823,0.2950576605753054,-0.0335810504461281,213.0696294342609,74.43544355273922,31.523618178800323,7467.5492252941
3657,47.677921961112744,0.21654612445384444,0.021027650265515917,213.5224785761372,74.43541641820337,31.528129202129964,11041.836285917248
3658,47.970392724582496,0.2501417338045716,0.021641588663667354,212.95778920986672,74.43538927757606,31.532640222253526,8210.578271939428
3659,45.93066731815128,0.3649639263480729,-0.05516452488262888,213.98207932533927,74.43536213085603,31.53715123917076,4308.029671606883
3660,43.883465831803456,0.34573796268094664,-0.06889379947737502,213.40007904096956,74.43533497804205,31.541662252881416,1577.5660967857189
3661,47.95283369966403,0.322384495909665,-0.008667573207725217,212.46653491436092,74.43530781913293,31.546173263385214,5662.884944405108
3662,45.72166064290473,0.37423050327163915,-0.057030553939866606,214.66394414438145,74.43528065412744,31.55068427068192,3985.483178275327
3663,46.77016907630455,0.304284670053155,-0.030658733380077286,214.5426499670401,74.43525348302441,31.555195274771243,6709.313411317504
3664,46.54268936818325,0.2900817412283808,-0.030476446810666368,215.44482531311792,74.4352263058226,31.55970627565296,8650.485865667659
3665,47.45321191886941,0.3086623762552227,-0.024384406397988168,216.7340888127552,74.43519912252079,31.5642172733268,6867.396576066003
3666,47.99476362784972,0.2367301346200828,0.004101178702827372,216.17732366512848,74.43517193311777,31.56872826779251,7821.047655249024
3667,47.426206530955845,0.1885846557263893,0.015448731767677828,218.37178642056682,74.43514473761235,31.573239259049824,13378.345603279951
3668,48.238202534847105,0.17313873475255503,0.06533755505198897,217.33865014500392,74.4351175360033,31.577750247098496,14402.120761395126
3669,48.34657916220979,0.17744001723212652,0.043014983217932234,216.23072868625638,74.4350903282894,31.58226123193826,11469.96296085315
3670,48.806046129136924,0.1628857048123181,0.045219318852072456,215.17960205560672,74.43506311446944,31.586772213568874,8833.726152767613
3671,48.13445441151899,0.16600370335956482,0.030586396701616152,217.54496308016869,74.43503589454221,31.59128319199007,9244.557082777605
3672,48.93465529370376,0.18476871837196518,0.033356879548989846,215.33614219881503,74.4350086685065,31.595794167201586,7648.551626533884
3673,48.03403103894074,0.2780112758448338,-0.01675873488309247,212.65783926218708,74.43498143636108,31.600305139203176,3046.638697434765
3674,46.443870313873624,0.345466150602538,-0.0517544487217439,215.2290980908492,74.43495419810472,31.604816107994584,255.6705084620877
3675,48.14359073890516,0.2406920075505879,0.01355286837550938,214.53847167325432,74.43492695373624,31.60932707357554,2213.339204400909
3676,48.846809029454924,0.2536611804564494,0.010795947519918747,213.62567478604348,74.43489970325442,31.613838035945797,1288.8999904833902
3677,47.965990599837966,0.28378557207107297,-0.017505526149900766,214.4945981554678,74.434872446658,31.618348995105094,1478.8559188030313
3678,47.414660371181846,0.30302831218316384,-0.031264181393991466,214.603162055336,74.43484518394582,31.622859951053208,2510.579341004085
3679,44.061280578399234,0.39603745037291194,-0.10721782329394125,212.54756258234522,74.4348179151166,31.627370903789828,2406.6384373768424
3680,44.8027515548354,0.33381328999947774,-0.07521862931130083,210.79088754279695,74.43479064016918,31.631881853314734,2519.70720941447
3681,46.16626909606326,0.3216267877400008,-0.07605301871683492,211.05507246376808,74.43476335910232,31.636392799627664,2849.0639360440946
3682,47.67906792028879,0.29412128184659647,-0.06545643411152594,210.83148734177212,74.4347360719148,31.64090374272835,2078.360425308538
3683,43.81129072319534,0.4001838825884777,-0.14514573204072403,211.15060002637475,74.43470877860535,31.645414682616558,0.0
3684,44.06940082577299,0.3684211200104775,-0.10552655860935217,210.08598893863572,74.43468147917282,31.64992561929202,0.0
3685,45.67714345361955,0.307077855718612,-0.009056952125700988,211.20488771466313,74.44172679425724,31.35221989737142,0.0
3686,46.03392050679402,0.3058546201068624,-0.005732775264304428,211.66115811739817,74.44170014123547,31.356731046390603,2854.714385934634
3687,44.0257342491015,0.3379074521967692,-0.04102116844279973,211.74431818181816,74.44167348222427,31.361242192213943,2532.9555571871915
3688,44.69418140554029,0.2952249756502483,-0.0020867595848479796,211.3093791281373,74.44164681722242,31.365753334841163,0.0
3689,46.70644442486873,0.2447487759404224,0.03308963082505975,209.98772925188013,74.44162014622877,31.370264474272023,0.0
3690,44.11948783512872,0.28363728142169786,0.006098295296197045,213.64910891089104,74.44159346924215,31.374775610506244,677.6263008277809
3691,43.6168394758516,0.26605178912742466,-0.005891135108220046,213.64761024557689,74.44156678626133,31.37928674354357,2281.589385327871
3692,39.84018139320398,0.3231871654169841,-0.0665420342823125,212.44673267326726,74.44154009728517,31.383797873383752,1124.427098878551
3693,37.85461872822832,0.35437195606740435,-0.07593781094274189,212.35592548553305,74.44151340231242,31.388309000026524,0.0
3694,37.32581097895364,0.3423349627860234,-0.08350168522223447,212.58964196062888,74.44148670134196,31.392820123471623,1007.9027064885656
3695,39.73139868824021,0.3340221927136434,-0.04822747409840109,212.03131193024174,74.44145999437256,31.3973312437188,928.0719910974558
3696,42.105397305118785,0.34164926425655595,-0.05132517617843517,211.98944312483502,74.44143328140306,31.401842360767755,2002.3948496298635
3697,46.79173151789537,0.2794938864337161,-0.0008685193306398436,211.09922050469015,74.44140656243226,31.406353474618285,1334.9818914143827
3698,46.60747994444872,0.24536775892078913,0.008523259862915465,212.43153307804045,74.44137983745897,31.410864585270097,1847.346344289075
3699,46.7808106490824,0.33441014228880117,0.002991451344817677,211.8611037760761,74.44135310648204,31.415375692722947,1830.6299633295048
3700,45.15420731311536,0.3033180960357746,-0.0044421464028401225,211.8028801691109,74.44132636950022,31.419886796976567,1981.432868000192
3701,43.204641680677774,0.2697505467746654,-0.01668776242698192,211.44444444444449,74.44129962651235,31.42439789803069,2577.978471717749
3702,49.081313720554974,0.22621008487965655,0.028815484089121143,211.73731501057082,74.44127287751724,31.42890899588507,8927.502498590571
3703,46.71966092469681,0.2681284430363925,-0.003118586851863676,213.7226846346941,74.44124612251372,31.433420090539443,12560.430751113834
3704,45.44505826000794,0.2892235567154252,-0.020621638859033245,214.37161716171616,74.44121936150056,31.43793118199354,13859.916177832403
3705,47.15456396067736,0.23768717222892988,-0.002379548743051919,214.86519672564037,74.44119259447659,31.44244227024712,15908.62952967343
3706,47.66088987583182,0.2456804474785526,0.0017210760187835574,214.24161605492478,74.44116582144063,31.44695335529991,10632.028032896873
3707,47.67148144835271,0.2138170007655479,0.022219051347730934,215.15786694825775,74.44113904239147,31.451464437151657,11513.18730065012
3708,48.137852819619994,0.16070668231028915,0.04299355794635726,214.60345737661663,74.44111225732794,31.45597551580209,12319.966036621789
3709,48.363847387412214,0.1842465217475191,0.031572314654303296,214.92183786638506,74.44108546624884,31.46048659125098,7992.218313289601
3710,47.90723174149232,0.21954553525984724,0.009876806222855243,214.36733078242514,74.44105866915294,31.464997663498053,15084.640129315883
3711,47.21466936317328,0.26589866903470016,-0.02490810212670543,213.74059902361793,74.44103186603911,31.46950873254303,10962.85956420362
3712,49.096742901816185,0.25453939576016443,0.005463814047259792,213.6092060142443,74.44100505690612,31.47401979838568,10239.49745695585
3713,50.219772343017574,0.2255093173285214,0.029376153330901836,212.74271012006864,74.44097824175277,31.478530861025725,10698.4676844165
3714,50.651059334360916,0.21503012608875766,0.03824809663009756,211.7078221870466,74.4409514205779,31.483041920462927,13673.04343512766
3715,51.21624723341212,0.21246169162444112,0.03402019422177508,212.01187961985218,74.44092459338027,31.487552976697003,11277.742656862762
3716,50.083962308473446,0.2371312022344579,0.016985234809424984,212.54321150547577,74.44089776015875,31.492064029727725,11469.202602850017
3717,49.77840479643538,0.23731695224254057,0.018400570925319916,213.05699208443272,74.44087092091208,31.496575079554813,10138.232444517533
3718,48.97914072639711,0.24938381361791628,0.021534950804112586,212.5784960422164,74.44084407563908,31.50108612617801,6069.973308343298
3719,47.99738640411347,0.24149510622734613,-0.003301718564206665,213.6840369393141,74.44081722433857,31.505597169597053,11784.82051359407
3720,47.58767109736282,0.2609929301897068,-0.015375357768230038,213.5927440633246,74.44079036700934,31.5101082098117,12858.380864917466
3721,46.979351017030375,0.2742843831742484,-0.009885241675007157,213.6898416886544,74.44076350365022,31.514619246821688,8696.473429995503
3722,46.8591664761622,0.24024666886884377,0.0002943474069591028,213.27343441001986,74.44073663425998,31.519130280626754,10044.766909130109
3723,47.325766798631854,0.25656473593442114,-0.005588770281018767,213.25875691335273,74.44070975883743,31.52364131122665,8487.532328082661
3724,47.28360699960082,0.23060101874035016,0.00539492848796521,213.80026350461137,74.44068287738139,31.528152338621105,9072.378650407049
3725,45.79064158797129,0.3957263354066835,-0.09353733891781106,213.3168995518059,74.44065598989067,31.532663362809867,1806.6404501302409
3726,47.785951671412,0.3213291948841806,-0.0430375004949126,213.49334212261041,74.44062909636402,31.53717438379268,3505.531001441574
3727,47.087114465203754,0.3408510360264239,-0.015892221639808014,212.96597652644064,74.44060219680028,31.54168540156929,3485.5308984870776
3728,46.96767681368817,0.3385834997960577,-0.02746673512275768,212.8200765070571,74.44057529119823,31.54619641613944,4866.590001375203
3729,46.974403481788,0.3515374252197034,-0.03682209988976302,214.81065400843877,74.44054837955669,31.550707427502857,5217.420357273572
3730,46.6921771600923,0.3674828862846965,-0.045889455699961654,214.13394858272898,74.44052146187445,31.55521843565931,5507.49787778912
3731,45.29132994005407,0.36471605200365154,-0.05309717382572466,214.89558338826632,74.44049453815032,31.55972944060852,5196.748400228789
3732,46.713614702142394,0.34806664323544284,-0.0381500593728264,215.6909690177983,74.44046760838307,31.564240442350236,2762.181449000255
3733,46.02325419813843,0.3062295391316822,-0.03069652140754605,217.5629531970995,74.44044067257153,31.568751440884203,8627.268071186729
3734,46.974794060055345,0.17108694937027982,0.023699180509920727,217.0831466596389,74.44041373071447,31.573262436210168,12564.444618616531
3735,48.01044348479236,0.2056623923239845,0.06377840325748295,217.21964403427816,74.44038678281073,31.577773428327863,11732.597442432832
3736,48.9564509514794,0.17961647860267213,0.06636809617335311,214.44644974311686,74.44035982885906,31.58228441723705,3319.136483893586
3737,48.193776962738546,0.16954638452176757,0.061780899019645834,215.01054296257246,74.44033286885828,31.586795402937447,4963.589575328035
3738,47.767916783813746,0.17376838219451107,0.03470578586343203,218.06560400474245,74.4403059028072,31.591306385428823,11482.851513904508
3739,47.986132571236496,0.17851358003390083,0.017400213052559666,214.41879778539425,74.4402789307046,31.5958173647109,11461.67946651541
3740,47.90418703398817,0.21988690505725153,0.0017276481103017229,216.33438735177867,74.44025195254925,31.60032834078343,9154.403283208992
3741,47.21738792833599,0.26978576329351295,-0.011731457124748589,214.94637681159423,74.44022496833998,31.60483931364617,6225.052796662433
3742,49.403031578850396,0.20894422182736805,0.03864930030151056,215.99907712590638,74.44019797807559,31.609350283298845,4130.583202107248
3743,51.096185620419014,0.19044796096899613,0.0527307749444025,215.53741765480893,74.44017098175483,31.6138612497412,0.0
3744,47.06429718147584,0.2740814918351903,-0.012577925274667414,215.07998418764004,74.44014397937654,31.618372212972982,765.4694215899322
3745,48.82803550877869,0.25140049955093086,0.007924188603117695,215.18563899868258,74.44011697093951,31.62288317299396,2566.9585467316447
3746,47.546333174450595,0.2685355282096627,-0.03405144975666193,215.5351778656127,74.44008995644252,31.627394129803832,3937.39621370027
3747,44.24533082292888,0.3764384929939129,-0.08967754522039642,214.1940711462451,74.44006293588434,31.631905083402383,2679.814605240494
3748,44.165227984086236,0.37159933798877137,-0.08475086861184203,211.41627109704638,74.44003590926383,31.636416033789327,2922.5959486768866
3749,43.094921144920285,0.36341060187607005,-0.10033562792254355,211.2498352879167,74.44000887657968,31.640926980964423,1963.1661350505533
3750,41.816799467177894,0.4630322338880936,-0.16475231010856903,210.9768115942029,74.43998183783077,31.64543792492742,0.0
3751,43.248299218827256,0.4003625009354496,-0.13488269235127037,210.34194228488596,74.43995479301584,31.649948865678063,0.0
3752,47.37128038524752,0.28585860783027023,0.018086714872249315,210.0398679867986,74.44698343129751,31.35224266029213,85.02052580540493
3753,47.87531467169792,0.26972390312459066,0.025614912769078076,210.92896752046468,74.44695702920625,31.35675381332372,2546.1667212263505
3754,45.67200094466068,0.26694383657835424,0.019462831257903507,210.5175600739371,74.44693062118192,31.361264963159837,2194.429122666693
3755,46.75777914825364,0.2769020650348213,0.02910564308527696,210.6344782034345,74.44690420722338,31.36577610980021,46.81747398760441
3756,47.20247532901309,0.24298987938064415,0.04829968030859195,212.1702999075175,74.44687778732943,31.370287253244605,0.0
3757,40.658209577804506,0.3707456212040792,-0.07022144262423685,212.52496697490085,74.44685136149889,31.37479839349273,0.0
3758,40.81954583445897,0.2899690176606342,-0.01804156288509302,214.07517505615004,74.4468249297306,31.379309530544337,754.3502272402179
3759,39.334464840747394,0.27932042002738255,-0.009759998879970373,212.99564241383865,74.4467984920234,31.383820664399178,1790.5714045821203
3760,40.0204607768983,0.3145603581604082,-0.036301569730077234,211.83923381770143,74.44677204837609,31.38833179505698,1054.014865509938
3761,41.442443259098134,0.2904307025390811,-0.02429305524447707,212.1192394031427,74.4467455987875,31.39284292251749,2313.170613888617
3762,41.783278678371,0.31230948805057634,-0.02839602044434097,210.93790461091294,74.44671914325646,31.397354046780432,500.5626096648047
3763,45.66995798499076,0.2529203355404323,0.027006139363174694,212.19712173224187,74.44669268178183,31.401865167845568,445.6959505422747
3764,47.63821146393582,0.23343584777118054,0.05073009464405411,211.38829435856783,74.44666621436235,31.406376285712625,2512.79367259263
3765,46.235021359893075,0.24636998353184628,0.03313818187981809,210.95246897280163,74.44663974099694,31.41088740038135,832.9887080920787
3766,43.771735260995534,0.4127575748349034,-0.062035645564656086,211.6704515447584,74.44661326168435,31.41539851185148,0.0
3767,45.22509998859013,0.28951359959768097,0.012643049676201697,212.34447674418612,74.44658677642343,31.41990962012277,912.115370893367
3768,45.87536302022597,0.25458728524536745,-0.021853166227838016,211.3102127097372,74.446560285213,31.42442072519493,5150.210310097446
3769,48.62537602005684,0.22723735487082738,0.018403482979557066,212.61387054161167,74.44653378805187,31.428931827067725,11502.712111688188
3770,48.03547806160157,0.2785456927411289,0.003934587833252945,213.31740163717993,74.44650728493887,31.43344292574088,12904.504677093237
3771,46.92745116834194,0.2974446341483784,0.0013774889705280473,213.0844215802665,74.44648077587286,31.43795402121416,2689.326103922747
3772,45.74705510458618,0.3039998806683316,-0.03174857351975505,214.4060726072607,74.4464542608526,31.44246511348728,9717.88252532268
3773,47.77442377401189,0.2620142186982278,-0.0027236736195583597,214.97227722772283,74.44642773987697,31.44697620256,7643.839918831965
3774,47.62603117133353,0.26092105729440374,-0.007848156244892462,215.02627409559017,74.44640121294472,31.451487288432045,4343.8488116598855
3775,47.21001820164755,0.24576648973186957,-0.011159539228941247,215.15339933993403,74.44637468005472,31.455998371103163,6411.674980408564
3776,47.340937843346566,0.26288134485465864,-0.01811045171929972,214.8879207920792,74.44634814120576,31.460509450573102,10006.67906045868
3777,47.395023328400015,0.23318272562742412,-0.0008767232046449615,215.4089768976898,74.44632159639671,31.4650205268416,10611.548505080938
3778,47.606697474127984,0.24809420409292235,-0.009202467209647654,213.57124010554097,74.44629504562633,31.4695315999084,10435.557760468824
3779,48.05014875210536,0.24106649134169159,-0.009669715605225495,213.6305438225978,74.44626848889345,31.47404266977323,10112.328731018182
3780,49.56452879910808,0.22914973203903663,0.011925215675018204,212.97215991555623,74.44624192619692,31.478553736435845,10565.722650100231
3781,49.43081538513066,0.2308032965677543,0.008966717079167309,213.41398416886548,74.44621535753552,31.483064799895985,9336.762348007289
3782,49.228581558124034,0.25814662150880796,0.000980102786093129,212.9630606860159,74.44618878290808,31.48757586015339,10957.564222842477
3783,49.487600799827185,0.23239262482015557,0.02250654391505961,213.15780445969133,74.44616220231343,31.492086917207804,13197.328805197229
3784,47.601107343001345,0.2988758672163131,-0.009162871900697063,213.2790237467019,74.44613561575038,31.49659797105896,3894.123241763808
3785,47.91338745443846,0.25663940184180273,0.001680104905510117,213.60651199578177,74.44610902321773,31.50110902170661,7081.504323605127
3786,46.87372535115113,0.30440995173555563,-0.03256956443957069,213.38383438818573,74.44608242471432,31.505620069150496,7545.0313172197475
3787,45.35717505912473,0.3450140473138687,-0.05748620913531785,212.68257316108625,74.44605582023894,31.51013111339036,7218.294053572975
3788,44.47866634478298,0.3523954846739433,-0.06359396953148391,214.50349650349654,74.4460292097904,31.514642154425925,6919.176104843731
3789,46.358386907673165,0.253629326589815,-0.01158148341031751,212.8459306160138,74.44600259336757,31.51915319225697,11854.825439142422
3790,46.88187341552114,0.26208861167571307,-0.008050093985071876,212.76992084432715,74.4459759709692,31.52366422688321,6998.481433876224
3791,47.03059957946599,0.25982718164737084,-0.0001838439828022374,213.64161392405055,74.44594934259412,31.528175258304387,7977.561366112721
3792,45.39741605636809,0.40273148736881537,-0.06732115072904929,213.4373350923482,74.44592270824114,31.532686286520253,147.42837092879836
3793,47.58195315662578,0.3246511137778377,-0.03449249877932989,213.74525316455694,74.4458960679091,31.53719731153055,4531.063728002752
3794,46.09790872403088,0.3592372210751996,-0.03751906071467809,213.59783755274256,74.44586942159678,31.541708333335027,37.763115605350286
3795,46.93269092837815,0.3452075484202598,-0.018249319011810983,213.8789556962025,74.44584276930303,31.546219351933416,1430.839712523347
3796,48.869000610443045,0.2806312805599767,0.007208487069719338,214.37143987341773,74.4458161110266,31.550730367325457,4052.5926887776586
3797,47.53259152323308,0.2796302020690011,-0.0002956971467569598,213.5759134678802,74.44578944676637,31.555241379510903,2828.914325501994
3798,43.76572008063292,0.3946783238783802,-0.09260017576771895,213.8906909282701,74.44576277652112,31.559752388489496,1632.3759021979808
3799,44.23200489077533,0.36882814929405167,-0.06352811315537704,214.15994198312225,74.44573610028965,31.564263394260973,4717.799361763751
3800,44.068494559217,0.36285887976114367,-0.06769206184497181,215.80872660163462,74.44570941807076,31.568774396825077,5193.198012631177
3801,45.78217633754352,0.24262182644618058,-0.014869398708629945,215.60508966244723,74.44568272986331,31.573285396181557,8795.618516272754
3802,46.83519878632872,0.21726074529047082,0.009373324560827064,216.96576244403477,74.44565603566605,31.57779639233016,9070.86490172472
3803,48.79178840628395,0.2197381941800981,0.03918421379467262,212.1998418138676,74.44562933547782,31.582307385270617,3450.146934146514
3804,48.19496293995651,0.19846074259319035,0.0353720515741751,216.61898483849708,74.44560262929743,31.58681837500268,10881.81980570373
3805,46.794955719184365,0.25956956120218455,-0.016623701254130614,219.27618922124125,74.4455759171237,31.59132936152609,10494.185383637116
3806,46.114277302792004,0.26416864743786334,-0.016011868367288025,216.56380174004752,74.4455491989554,31.59584034484059,13536.746783970542
3807,47.74332227775599,0.26485292077116096,-0.010123842379578248,215.1424430096192,74.44552247479136,31.60035132494592,6358.788201082479
3808,46.32493630798395,0.3116222622285953,-0.04271439645459092,216.61167479246276,74.44549574463038,31.604862301841838,2035.573360328862
3809,46.278239423308314,0.32439009686492465,-0.04889075996607328,214.05177865612646,74.44546900847125,31.60937327552808,427.5879738275003
3810,47.51967144215182,0.24052357586398385,-0.01295406346932745,214.63947819212015,74.44544226631281,31.61388424600438,0.0
3811,48.18177713675585,0.2927305706289089,-0.020907471238826227,214.61760442746083,74.44541551815385,31.61839521327049,450.808040385344
3812,47.97222927441901,0.23733495867526067,0.003424863015971098,215.32819499341247,74.44538876399317,31.622906177326158,6429.66299815914
3813,46.94894522694226,0.2756707070782524,-0.014594013326749453,215.42418248945148,74.44536200382956,31.62741713817112,3487.8262072239363
3814,45.974475225398,0.3005208589507646,-0.03521633526316117,215.4843173431734,74.44533523766188,31.631928095805137,4928.767594371561
3815,44.77975891978249,0.31158408787441594,-0.04210066391438889,214.5248516809492,74.44530846548889,31.63643905022793,2593.5612325991
3816,46.16358556758106,0.2649648627817633,-0.018425351063710387,213.54440052700917,74.44528168730939,31.64095000143925,3472.4331367391155
3817,41.53580507084158,0.46303104289585884,-0.17084567676957765,212.22007111813517,74.44525490312218,31.64546094943886,0.0
3818,44.181867206233065,0.3941491326872377,-0.13804872081656194,209.20947992100065,74.4452281129261,31.649971894226496,0.0
3819,48.261438173977524,0.2261079309206511,0.07843984972783179,212.4364838070059,74.45224007426968,31.35226520788694,0.0
3820,48.77829273488705,0.24784276854831852,0.058774958880968856,210.43731008059183,74.45221392311008,31.35677636489298,0.0
3821,45.57876099279938,0.24044235585362597,0.024142402428319172,211.3230240549828,74.4521877660738,31.36128751870392,183.8424494422773
3822,44.15589653511229,0.3189016091800075,-0.03796089322509915,212.0380449141347,74.45216160315972,31.3657986693195,0.0
3823,46.54155795582078,0.1954744361203139,0.0706133983686989,212.17631509384083,74.45213543436662,31.370309816739454,0.0
3824,43.64508848750297,0.27509107733188515,0.0254734423837926,212.98903421852287,74.45210925969337,31.37482096096351,0.0
3825,46.71212448422474,0.27736226612991294,0.013171946706600143,212.61969596827493,74.45208307913879,31.379332101991427,0.0
3826,41.448810135338896,0.31539602333665984,-0.009805378438789286,213.46862201083363,74.45205689270175,31.383843239822944,0.0
3827,38.84357056871599,0.2965307138515041,-0.03875533378321034,213.37265521796567,74.45203070038103,31.38835437445781,0.0
3828,41.42704802462484,0.30934862089659754,-0.032267484192030384,213.19603698811093,74.4520045021755,31.39286550589574,344.82442685090206
3829,42.42079992028539,0.32682989298760684,-0.030666927464837405,213.11520676443385,74.45197829808401,31.39737663413648,0.0
3830,41.97581429627744,0.3504384541169885,-0.039004984279291666,213.18295904887717,74.45195208810537,31.40188775917979,0.0
3831,43.92272187469092,0.25991952467441776,0.018250892818601348,212.97503302509904,74.45192587223845,31.406398881025385,302.1640134686316
3832,41.525945746770184,0.32542483707055,-0.02740014452086568,211.786393659181,74.45189965048202,31.410909999673027,0.0
3833,40.10968591888949,0.431198755343521,-0.11887314968380182,212.66168693812804,74.45187342283498,31.41542111512245,0.0
3834,42.557771212271426,0.42825889727514954,-0.09643572137781661,211.63041754756878,74.45184718929613,31.4199322273734,0.0
3835,48.62067340966735,0.2521610940173516,0.031247376555915807,211.6274587458747,74.45182094986433,31.424443336425597,1726.806898844393
3836,48.55957145304598,0.22823898814794988,0.020305096154680468,212.8578030102984,74.45179470453837,31.42895444227878,568.720622191819
3837,47.82775548977031,0.27045795800591926,0.011899065204324846,213.25663366336636,74.45176845331711,31.43346554493273,1149.334892296934
3838,45.902781828178,0.33005035384632486,-0.023908021883337523,213.7113810404014,74.4517421961994,31.437976644387152,0.0
3839,45.875549297574324,0.3112478949475709,-0.011947483774762818,214.04346677236092,74.45171593318402,31.4424877406418,0.0
3840,45.281752098863244,0.32464978328503896,-0.027396032451404685,214.3678373382625,74.45168966426986,31.446998833696416,279.9001098775545
3841,47.44076027140201,0.2436448608073762,-0.002560352241945122,214.1299009900991,74.45166338945573,31.451509923550745,471.3901844677317
3842,46.98682149564754,0.2593562277751749,-0.018857765762194407,214.21636963696375,74.45163710874044,31.456021010204505,906.8228144276328
3843,46.92963562884421,0.26343949448230536,-0.018341092019349064,214.6776619606809,74.45161082212284,31.460532093657463,736.3159687766899
3844,46.574689992373294,0.28567145832100993,-0.026852827423415323,214.22228088701164,74.45158452960176,31.46504317390936,1320.1394358350842
3845,48.49456501850357,0.2127522608895931,0.010659695709882696,214.69015571390872,74.45155823117601,31.46955425095992,857.7770688489064
3846,47.587031899168345,0.26122081296453636,-0.008838410816726709,212.75735973597367,74.45153192684445,31.47406532480889,459.65134965162144
3847,48.21495306206726,0.24749196108224072,-0.006412262387360556,213.7334212261042,74.45150561660591,31.47857639545602,842.7224966007095
3848,49.35583200772299,0.23899388317963252,0.004013696768927889,213.99366754617418,74.45147930045917,31.48308746290105,908.9006217321124
3849,48.44748154153879,0.23497810960532325,0.012732116970608545,212.85245253164558,74.45145297840311,31.48759852714372,1922.1476040262896
3850,48.27922898321772,0.2634263250441914,-0.004246298945132353,213.01649076517154,74.45142665043653,31.49210958818377,1463.1883494852127
3851,45.62917958863705,0.3793503995870046,-0.07605794265976178,212.6165721071382,74.45140031655828,31.496620646020947,287.1404696749494
3852,45.268087355298874,0.4022238058509559,-0.08316765628057857,212.89259796806965,74.45137397676716,31.501131700654977,0.0
3853,44.86875514942608,0.4067661010579477,-0.08890021360027985,212.94484760522494,74.451347631062,31.50564275208562,0.0
3854,44.34307684220611,0.42491879089954404,-0.09866312491942889,213.857896820161,74.45132127944166,31.51015380031262,0.0
3855,43.750180680365474,0.40224931265328107,-0.0877261048044113,214.4761213720317,74.45129492190493,31.51466484533571,0.0
3856,43.62537652553111,0.4205557790279062,-0.10164856437645498,212.45217047103847,74.45126855845064,31.51917588715463,723.6976743394589
3857,47.09918440832193,0.23421686152666482,0.0011116192288889214,213.4766490765171,74.4512421890776,31.523686925769127,773.6678908653768
3858,47.61817722802612,0.2402842981182806,0.008379013141536551,213.46373945147675,74.45121581378471,31.52819796117895,2155.0753924746664
3859,46.7700865754024,0.29128453104950597,-0.017182955682208,213.70672823218985,74.4511894325707,31.532708993383824,0.0
3860,47.69099561125792,0.30294743853203654,-0.01260868583838059,213.7051687763713,74.45116304543446,31.537220022383508,902.226039746496
3861,46.90336049613062,0.3153851068241367,-0.010677111893790718,213.84445910290233,74.45113665237476,31.541731048177745,0.0
3862,47.331409901977835,0.3209287572425431,-0.008876042733700882,214.28098628691978,74.45111025339048,31.54624207076628,166.07461024739845
3863,50.944813642017415,0.2204748819577623,0.04365343975104884,212.45780590717297,74.45108384848038,31.550753090148827,672.1264623160481
3864,48.87093418810944,0.2365427973882825,0.030072654072151508,213.88134475939356,74.45105743764333,31.55526410632517,1635.5487913214215
3865,46.187299781096925,0.323228585037541,-0.027237666500419,214.6936058009229,74.45103102087815,31.559775119295026,1380.1856789874512
3866,43.375031559835215,0.37613034909182996,-0.07128638184934506,214.47923533289386,74.45100459818362,31.56428612905814,1121.3663766593424
3867,43.74895438588664,0.39421805770045537,-0.09517550352054942,217.7346077785102,74.45097816955862,31.568797135614265,101.55284202674363
3868,46.64335129641268,0.2401317281968942,0.005323250901004261,217.49756097560973,74.45095173500191,31.57330813896314,3884.459008207968
3869,45.10328453927489,0.2957263308399023,-0.04796887961383499,217.9935398813447,74.45092529451237,31.57781913910451,3459.5312126635367
3870,45.91590344056966,0.2756704144580616,-0.024569881666855083,217.8565400843882,74.45089884808878,31.582330136038127,2024.735180030651
3871,46.81460806790774,0.2326572846749298,0.0049498292478262545,218.10573500329593,74.45087239572997,31.5868411297637,2726.9968467104686
3872,46.98971755243776,0.18804933107688082,0.02863678885767485,218.37079984187636,74.45084593743476,31.59135212028101,3001.228875669852
3873,46.83274250032039,0.18322459111005654,0.023083504006496506,217.5318391562294,74.45081947320196,31.59586310758979,4457.453784021321
3874,45.94865222890515,0.2885832881337007,-0.025696089056303346,215.20237154150198,74.4507930030304,31.600374091689787,913.9222772009036
3875,46.448173836154766,0.28366959886270277,-0.027865358504001986,217.27708937516476,74.4507665269189,31.60488507258073,964.3172924984076
3876,48.94864185309092,0.2222289035852744,0.02115753200042688,215.1776021080369,74.45074004486627,31.60939605026238,0.0
3877,47.75794400792994,0.32827779583723377,-0.05267639988628057,215.29015680590325,74.4507135568713,31.61390702473446,0.0
3878,48.595400569130334,0.28260815017905894,-0.005610588721904691,214.97166952167603,74.45068706293287,31.61841799599673,1254.151168288766
3879,48.040357231309336,0.24789702732947688,0.001222191170148895,214.94804852320675,74.45066056304974,31.62292896404895,2568.625294012405
3880,44.99609750496772,0.35927484747492194,-0.06493079208648796,215.68437705998682,74.45063405722075,31.62743992889084,1183.2834077542632
3881,43.296936632527,0.4067511512515505,-0.11213203420854599,215.29167764024228,74.45060754544471,31.63195089052213,770.0641259119107
3882,42.85884161241612,0.39290225256632816,-0.08681634038743206,216.60600078957754,74.45058102772046,31.6364618489426,520.4553734647515
3883,46.808238785687216,0.290605892058599,-0.02484743764200366,213.52948920484462,74.45055450404676,31.64097280415198,1121.1251802192223
3884,45.53986529513769,0.31582491240442095,-0.05539298225205012,210.9034382821762,74.45052797442247,31.64548375615001,65.46648576489939
3885,45.010861748301956,0.34833212281242754,-0.09531819019395196,210.69055460413654,74.4505014388464,31.649994704936454,0.0
